id_transaccion,id_usuario,fecha,intentos_fallidos,categoria,monto,pais_emision,pais_pago,uso_vpn_proxy,paso_3d_secure,dispositivo_nuevo,mismo_envio_facturacion,es_fraude
sdv-id-YJKltK,abfb9abf-eb34-4953-b32a-f4e8e9d1c994,1970-01-01,0,Tech,1141.37,ESP,GBR,0,0,0,0,0
sdv-id-odvAPY,d1ed43ba-65c6-4e05-aebf-af4c813592e7,1970-01-01,2,Retail,1765.19,ESP,DEU,1,0,1,1,0
sdv-id-fuYbZc,33304e33-deb0-4e7d-a99f-db02bcdd0b48,1970-01-01,0,Retail,8.18,ESP,RUS,1,1,1,1,0
sdv-id-ygFmYc,55e7cbb3-da10-464f-823b-efcb6195b4ec,1970-01-01,0,Travel,761.68,ESP,PRT,1,0,0,0,1
sdv-id-aunvLB,836392b7-d9a3-442a-83c2-8870adde98b6,1970-01-01,3,Retail,2080.67,ESP,JPN,1,0,0,0,0
sdv-id-DQiXfl,3990d711-9ace-4bb2-bcf8-0f7f380f52f3,1970-01-01,0,Gaming,1434.2,ESP,NGA,1,0,1,1,1
sdv-id-awZCWh,037825da-d399-456c-9c2b-498f054da360,1970-01-01,0,Tech,600.99,ESP,ITA,1,1,0,0,1
sdv-id-HkqHId,6fd8440a-5283-489c-831f-37eb2c981221,1970-01-01,0,Tech,941.18,ESP,JPN,1,0,0,0,1
sdv-id-oAiOqs,7afac8ce-dc4f-47fe-be61-8f4bebb511e6,1970-01-01,0,Gaming,526.23,ESP,JPN,0,0,0,0,1
sdv-id-HBsuPl,1f873b46-c0a0-473a-a3d7-e6a119b814fc,1970-01-01,0,Retail,1365.14,ESP,ARE,1,0,1,1,0
sdv-id-JzjJTm,043d72db-1bcb-404c-a1d8-b96a62ada157,1970-01-01,0,Gaming,1331.47,ESP,GBR,0,1,0,1,1
sdv-id-SjJdiR,00d4af59-7427-4ca3-a87d-06ca6f4cc69a,1970-01-01,2,Retail,1561.66,ESP,FRA,1,1,1,0,1
sdv-id-BBKhvs,a9d51bcf-f067-4d81-990d-e23b73901c46,1970-01-01,0,Travel,2257.78,ESP,CHN,0,1,1,0,0
sdv-id-PaiNmo,cb2c4e21-1dce-4e8c-b714-bab76ef59d48,1970-01-01,0,Retail,138.53,ESP,IND,1,0,1,0,1
sdv-id-vEYLAK,ff4daa0c-2d74-4f85-b038-389555a8e46d,1970-01-01,0,Gaming,1506.13,ESP,PRT,1,0,0,1,0
sdv-id-hNGViO,695ae210-973c-4616-b945-cfd4678ea95f,1970-01-01,0,Tech,237.86,ESP,DEU,0,1,1,1,0
sdv-id-NVwokV,e6b0aca0-26fd-4253-9247-15af7ee6990b,1970-01-01,4,Gaming,1130.6,ESP,IND,1,1,1,0,1
sdv-id-GjOKnm,e56fd112-8e51-4e43-84e3-abdcb62a0255,1970-01-01,0,Gaming,384.29,ESP,DEU,1,0,0,1,0
sdv-id-mflOvq,fdecc58d-73fe-41a3-bed0-24cbb6f37bd4,1970-01-01,0,Retail,1991.27,ESP,USA,1,0,1,1,0
sdv-id-vRCdgN,262edf5e-0f4f-4d2b-b039-d524089742f0,1970-01-01,3,Gaming,2266.4,ESP,RUS,0,1,1,1,1
sdv-id-rsDYUU,4f4cea72-e493-4415-aa4b-f5dc0a599c13,1970-01-01,0,Gaming,1320.27,ESP,VNM,0,0,1,0,1
sdv-id-nktert,7a8104de-b205-47bb-bb16-f75776f186ab,1970-01-01,0,Travel,918.35,ESP,CHN,0,0,0,1,0
sdv-id-swutaC,0e5bf328-2b7a-423e-a71d-c051b1c80969,1970-01-01,1,Travel,48.46,ESP,IND,0,1,1,1,0
sdv-id-hSWnhA,0118d2a5-43ef-4542-a512-6fe3410f71df,1970-01-01,0,Tech,799.05,ESP,BRA,1,0,1,1,1
sdv-id-BvWlOU,9a9eb406-d591-41ce-b18f-2155865b0427,1970-01-01,4,Travel,1485.42,ESP,DEU,0,0,1,1,0
sdv-id-baVHHB,2099d180-8762-4997-a49f-7d888989c5ab,1970-01-01,0,Gaming,1157.19,ESP,PRT,0,1,0,1,0
sdv-id-qWuNiC,7590a2f6-b095-4247-af51-f151687862c4,1970-01-01,0,Retail,433.3,ESP,JPN,1,0,0,1,1
sdv-id-wLmJUV,fc2bedfc-23ec-4390-9514-b88acf8eeaf3,1970-01-01,0,Food,2425.7,ESP,FRA,0,1,0,0,1
sdv-id-sTaNan,e6453b43-d07e-42a1-8906-a4e2460cec89,1970-01-01,0,Travel,845.82,ESP,DEU,0,0,1,0,1
sdv-id-HQMZDj,38b042da-c52a-4570-9ab8-4c1b85243095,1970-01-01,0,Gaming,2338.49,ESP,NGA,1,0,0,0,1
sdv-id-BhxcVg,d98d214f-c2ab-4876-b71b-d82d635589f4,1970-01-01,0,Travel,1251.37,ESP,CHN,0,0,1,0,1
sdv-id-WKQfTY,14bac9b7-ba9f-45d6-972a-30629e666d60,1970-01-01,5,Retail,437.43,ESP,NGA,1,1,0,0,1
sdv-id-khWduW,0e213ce5-668e-410e-8d86-2412ae8cc97b,1970-01-01,0,Tech,1464.54,ESP,PRT,1,1,0,1,0
sdv-id-pJLEwH,4ffca6b1-99b4-49d4-89a2-14aef7e8f8e5,1970-01-01,0,Gaming,1561.89,ESP,ESP,0,1,0,1,0
sdv-id-SVGALi,1027fbf7-3877-40f0-9d99-d4c5cc96bf43,1970-01-01,0,Gaming,1033.18,ESP,USA,1,0,0,1,1
sdv-id-ThPEtX,894a05e4-30b1-47ef-b10c-0c003fa7f104,1970-01-01,5,Travel,2326.87,ESP,VNM,1,1,0,1,1
sdv-id-xgRswO,4eef48d8-b090-4f13-a432-9c84c3cd8b60,1970-01-01,0,Travel,1963.0,ESP,BGD,0,1,0,1,0
sdv-id-AiHqzx,242bba10-c7d0-40d1-8b5f-df7039185b72,1970-01-01,1,Tech,2169.3,ESP,IND,1,1,0,0,0
sdv-id-Qwqbhh,6c944bca-e8c0-4c02-b200-fc98b963c2fc,1970-01-01,1,Gaming,251.03,ESP,ITA,1,1,1,1,0
sdv-id-OtbuVd,ffb1c192-15e5-4e78-863e-9bb3f37296a2,1970-01-01,0,Travel,1673.68,ESP,ESP,0,0,0,0,1
sdv-id-YqjWVF,8ffe38c9-d2d8-4eb3-9a14-0609f287b989,1970-01-01,4,Retail,650.9,ESP,BRA,0,1,0,0,1
sdv-id-uoxiPs,14c62aba-89c2-4ba5-a48d-f4c0c330ec14,1970-01-01,0,Retail,507.27,ESP,ESP,1,1,0,1,0
sdv-id-DVdXbM,fbc1085b-216b-4833-bbf2-82a9be09f835,1970-01-01,2,Food,2246.29,ESP,PRT,1,0,1,0,1
sdv-id-TAxosY,f8ef0017-bf89-444e-9097-ce4674b0b243,1970-01-01,1,Retail,1592.1,ESP,JPN,0,0,0,1,0
sdv-id-Ymoyxh,3d9ffe59-9bc0-4a93-92cd-adefb9d276f4,1970-01-01,3,Tech,2067.43,ESP,ESP,1,1,0,0,1
sdv-id-GzgLNE,90208d23-86ff-46f2-a970-1e00520fc3e7,1970-01-01,0,Travel,1061.51,ESP,IND,1,1,0,1,0
sdv-id-cFgdmP,05e6d708-0874-488e-94a3-e5aedb9f658f,1970-01-01,0,Retail,858.88,ESP,ESP,0,1,1,0,0
sdv-id-jypzvR,07ba9437-f24f-4dc4-8094-7fb553850d92,1970-01-01,0,Tech,1682.19,ESP,VNM,1,1,1,1,1
sdv-id-TGoXHT,0abdbcd1-782c-4fec-9e5d-78a1c5bdb495,1970-01-01,0,Food,1703.52,ESP,USA,1,0,1,1,1
sdv-id-aSojOX,75f321cb-c59d-44aa-b5ed-7ce82ddf2675,1970-01-01,0,Food,926.62,ESP,JPN,0,1,1,0,1
sdv-id-eXljTr,53effcdf-ea7e-49ac-ae37-2e39af396095,1970-01-01,0,Food,861.9,ESP,ESP,1,0,1,0,1
sdv-id-MUtGkt,c4d598f7-e14f-4093-8b6a-d0c7a2356dd4,1970-01-01,1,Food,1018.69,ESP,NGA,1,1,1,0,0
sdv-id-XIYyrK,6c521d13-b719-4b68-a775-ee42a89e22f2,1970-01-01,0,Food,2424.83,ESP,ITA,1,0,1,0,1
sdv-id-DKmXYM,e6766b0a-3b9a-4daf-a321-d75368dd66fd,1970-01-01,1,Retail,1569.4,ESP,ESP,0,0,0,0,1
sdv-id-jDnwAn,5a7284a2-25ba-4795-a2a8-76d76d58bf63,1970-01-01,0,Tech,599.08,ESP,NGA,0,0,0,0,1
sdv-id-vdVSYs,225b74ad-f519-4b52-b718-31f3d527189b,1970-01-01,0,Retail,2384.47,ESP,BGD,1,1,0,0,1
sdv-id-iMdVwq,7a52cd11-cb32-42ab-b5e9-fa216fef2a24,1970-01-01,0,Retail,199.35,ESP,ESP,1,0,1,0,0
sdv-id-pZysrE,c3edfa0e-9d62-4006-898a-52e0c50e6599,1970-01-01,0,Food,2485.68,ESP,DEU,1,1,1,0,0
sdv-id-qOnPoi,b1f02ea8-242f-4829-be07-832abadc4599,1970-01-01,1,Travel,607.89,ESP,VNM,0,0,1,1,0
sdv-id-daJdhc,7f2487bc-8c10-4bc1-b36b-8385522fb6b0,1970-01-01,0,Food,414.65,ESP,NGA,1,1,0,1,1
sdv-id-DHwiHS,c5ba136f-594e-461a-9d15-c12994256e90,1970-01-01,0,Retail,334.26,ESP,FRA,0,0,0,1,1
sdv-id-yeutic,f2f4f240-f69e-463d-b9ef-20ea120e5c83,1970-01-01,0,Tech,1824.4,ESP,NGA,1,0,0,1,1
sdv-id-METOOI,a9b29770-2aaa-4394-9adc-8fe3cad67b77,1970-01-01,1,Gaming,1568.75,ESP,RUS,0,1,1,0,1
sdv-id-LvQScy,64ac70a3-e84c-4940-b83f-136dd7684211,1970-01-01,1,Food,174.06,ESP,JPN,0,1,1,1,0
sdv-id-xwQsAL,0977c513-752a-4d25-b190-1b7ec6b469ef,1970-01-01,2,Travel,1553.3,ESP,VNM,0,0,0,0,1
sdv-id-OiPwQy,4ceed038-37bc-479a-921a-81d89063cfb7,1970-01-01,0,Retail,1612.88,ESP,JPN,1,0,0,0,1
sdv-id-ouDkwv,41dbc918-9729-4a48-b9b1-2bdf38f14931,1970-01-01,0,Retail,360.91,ESP,VNM,1,0,0,1,0
sdv-id-YoNGFS,b69f75c5-c82b-41be-a1eb-64e6fd498e20,1970-01-01,5,Tech,1333.89,ESP,BRA,1,1,0,0,1
sdv-id-HFzLgZ,a48687d4-cb29-4e19-9694-a5279720b88f,1970-01-01,0,Retail,2228.09,ESP,ESP,0,1,1,1,0
sdv-id-wcfdRI,889fe107-443b-4d0f-bdbc-3093a8284442,1970-01-01,1,Tech,1851.16,ESP,ARE,0,1,0,0,1
sdv-id-RWzgus,5892e71a-ab87-4ea4-854f-87ad7750bfbb,1970-01-01,5,Tech,1916.63,ESP,FRA,0,0,0,1,0
sdv-id-htszcr,ce92b021-8173-4a2a-83b5-b2bd1eec4d0d,1970-01-01,0,Gaming,204.76,ESP,CHN,1,0,0,0,1
sdv-id-SQXGtC,bd37414a-4784-459f-a86e-dac1f82e98dc,1970-01-01,4,Food,928.18,ESP,ESP,0,1,0,0,1
sdv-id-BEhnrB,418b6aa2-7016-46ad-9c25-3a40ba7696f5,1970-01-01,0,Travel,1883.17,ESP,VNM,1,1,0,0,1
sdv-id-GZbMuQ,806a29ad-f6b2-4778-be50-8d4d293a60be,1970-01-01,2,Gaming,262.58,ESP,UKR,0,1,0,1,1
sdv-id-IfmhgG,836392b7-d9a3-442a-83c2-8870adde98b6,1970-01-01,0,Food,1931.55,ESP,JPN,1,1,0,1,0
sdv-id-KkEpkV,47d34d63-8d5c-45f9-a379-742aabcd21c3,1970-01-01,0,Gaming,1008.24,ESP,ESP,0,1,1,0,1
sdv-id-fFRejx,1eb74b56-53ff-43a2-8a19-35014169b9fc,1970-01-01,0,Retail,1069.1,ESP,FRA,1,0,0,1,0
sdv-id-rMQXTm,a43fdaf0-8a80-46fe-8fa5-0e3241374168,1970-01-01,0,Gaming,1349.82,ESP,RUS,1,0,0,0,0
sdv-id-akTueC,d1ed43ba-65c6-4e05-aebf-af4c813592e7,1970-01-01,0,Gaming,2134.3,ESP,GBR,1,0,1,0,1
sdv-id-QRsqZd,fde91c42-002c-4c22-b4de-5f7070f81dba,1970-01-01,0,Tech,1541.2,ESP,ARE,1,0,0,0,0
sdv-id-HWLxwz,20f41f0b-2401-4b6a-84f1-4a20bd7cff65,1970-01-01,0,Gaming,1382.19,ESP,ARE,0,1,0,1,0
sdv-id-hRhEjU,135769cb-bc03-4aa7-912e-1621a266530e,1970-01-01,0,Tech,1909.72,ESP,ARE,0,0,1,1,0
sdv-id-NqEabK,309bcc9a-0a52-41cf-b5a9-c71f35c0690e,1970-01-01,0,Retail,2224.25,ESP,USA,1,1,1,1,0
sdv-id-oIDYyZ,0a524e33-3a08-47d8-9666-7ba856bebe18,1970-01-01,0,Retail,2359.96,ESP,PRT,1,1,0,1,0
sdv-id-bNYEAV,6f25222d-dd6f-4420-9237-7609f47bc25b,1970-01-01,0,Retail,582.21,ESP,ESP,1,0,0,1,0
sdv-id-bhgZbt,27f31b78-51f9-4d77-ad85-0a6d75422851,1970-01-01,0,Retail,418.02,ESP,BRA,1,1,1,0,1
sdv-id-XpYDoD,275b7c2c-12be-46cb-b637-8db328542b64,1970-01-01,5,Food,795.01,ESP,IND,1,1,1,0,1
sdv-id-Wfxakv,8da0365b-f898-47b9-805c-acec877409a9,1970-01-01,4,Travel,2218.74,ESP,ESP,0,1,1,0,0
sdv-id-IyyYLm,40f96050-2efc-4709-b576-6872d5cb20a3,1970-01-01,0,Gaming,2410.76,ESP,BGD,1,0,0,0,1
sdv-id-kvAyXW,f08d312e-7a73-4f35-ac55-40f0cc9cf41c,1970-01-01,0,Retail,2462.58,ESP,IND,1,1,0,1,0
sdv-id-vhKMBr,5f5e9c52-ef15-427d-aa21-ee30fcd77150,1970-01-01,0,Tech,23.25,ESP,NGA,0,0,0,0,1
sdv-id-wykMtg,160a3a13-30df-450c-89e0-8b89ca3e3238,1970-01-01,0,Travel,947.32,ESP,ITA,1,0,0,1,1
sdv-id-viMmlW,005476f5-082d-4c63-8c12-b1b49872643b,1970-01-01,0,Food,1350.5,ESP,GBR,0,1,0,0,0
sdv-id-rGVLWS,9fa4a627-d306-48be-8548-867bad5cba24,1970-01-01,0,Retail,468.91,ESP,RUS,1,1,0,1,0
sdv-id-LMBLwy,ee58d695-e15a-48f3-87c6-2bd3caf27c2a,1970-01-01,1,Tech,1749.99,ESP,PRT,0,0,0,1,0
sdv-id-NJBCcb,ae22fa57-aae5-4054-ad3e-9fa290ba2411,1970-01-01,0,Gaming,2257.49,ESP,FRA,0,1,0,0,0
sdv-id-DFjCUI,c87d01c2-92e8-48b1-9e00-3828d5935e79,1970-01-01,0,Retail,2321.16,ESP,FRA,0,1,0,0,1
sdv-id-PmXvTF,ba2c43ec-43f8-4fcf-8997-0b27dbdcfb3d,1970-01-01,4,Gaming,1327.56,ESP,UKR,0,0,0,0,0
sdv-id-SzYlrj,b02e1da7-dff6-4376-a24e-ae6510435959,1970-01-01,0,Tech,1837.52,ESP,GBR,1,1,0,1,1
sdv-id-joOAqI,f3e62704-4408-4b43-9eea-d5def5b5777f,1970-01-01,0,Retail,2472.08,ESP,PRT,1,1,1,0,1
sdv-id-nfCbZj,b12067d8-1c6b-4e50-980c-d898aaf76d3b,1970-01-01,0,Gaming,2443.72,ESP,IND,0,0,1,0,1
sdv-id-OweYro,4bfaa29e-032d-496d-a537-68573749af64,1970-01-01,0,Retail,1807.28,ESP,RUS,1,1,0,0,1
sdv-id-lOQONL,ae4ed89f-d659-469f-8eca-d2663f29d615,1970-01-01,0,Travel,824.4,ESP,NGA,1,1,0,0,0
sdv-id-dpnynZ,34dbda6b-dd9e-4b6d-a751-82a4f48138b5,1970-01-01,0,Gaming,1364.19,ESP,VNM,0,1,0,1,0
sdv-id-ynmRaA,23648766-a43a-4bdd-8ce2-85dbdb30e078,1970-01-01,1,Tech,1561.25,ESP,RUS,1,0,1,1,0
sdv-id-cjNonV,63be441d-bd5a-4c9e-a77e-b0aaa247541d,1970-01-01,5,Food,1909.67,ESP,FRA,0,1,0,0,1
sdv-id-IhThRG,5cacd5a6-85fa-4950-a36b-a8a3e50ef872,1970-01-01,0,Travel,667.79,ESP,CHN,0,1,0,1,0
sdv-id-CsHdzY,cc16ab4e-97b0-48b0-8626-67fccedcf5bf,1970-01-01,2,Food,1012.31,ESP,BRA,1,0,1,0,0
sdv-id-yRTKRD,4019a1f6-0cd1-4081-8d85-e013b20004fa,1970-01-01,0,Food,858.39,ESP,DEU,1,1,0,1,1
sdv-id-ryRuWt,2481216b-988f-426b-a62b-7ae4c2aabe0c,1970-01-01,0,Tech,459.84,ESP,CHN,0,0,0,1,0
sdv-id-jrhNwk,6a4fd3ab-13c1-446e-a843-0b6dc98e502e,1970-01-01,0,Gaming,67.39,ESP,FRA,0,1,1,0,0
sdv-id-nEnkRD,a923895d-0842-4e20-a726-f5b4417511f4,1970-01-01,1,Tech,1522.87,ESP,BGD,1,1,1,0,1
sdv-id-YMiosh,f387e1bd-2d59-42c6-934a-5a2fa7cf705c,1970-01-01,0,Food,2313.7,ESP,DEU,1,0,0,0,1
sdv-id-WeLFJz,dcb9d394-e8ac-44c4-b6b9-824010416cbc,1970-01-01,0,Travel,1336.41,ESP,FRA,1,0,0,0,1
sdv-id-vCKfIi,535830aa-928b-4e4d-83c5-0ab302a48d6e,1970-01-01,1,Travel,2342.54,ESP,BRA,1,1,1,0,1
sdv-id-CilQqc,94ab24e9-6794-4589-b7ef-ef05d8fd2048,1970-01-01,0,Food,989.95,ESP,IND,0,0,1,0,1
sdv-id-XtvEof,b526b22d-3f6c-41f7-8a05-37f02c2cd22b,1970-01-01,3,Travel,1082.74,ESP,ITA,1,1,1,1,1
sdv-id-izRVGD,192703a7-df2e-47e7-84fc-bb8424aefbea,1970-01-01,3,Tech,1983.1,ESP,DEU,0,1,1,1,0
sdv-id-gSSxLd,504867ba-bf7b-439b-8f9a-ea4b8acd4e10,1970-01-01,0,Food,221.92,ESP,ESP,1,1,0,0,1
sdv-id-XrRIdD,aab9278d-92df-4f99-be7b-178dfb0e7c28,1970-01-01,0,Travel,1268.15,ESP,UKR,0,1,0,1,0
sdv-id-cGcKGk,1bbbefac-7988-4901-a182-74339522eda1,1970-01-01,4,Tech,1840.23,ESP,ESP,1,0,1,1,1
sdv-id-hGeSms,c44ba50d-cb6c-4a6e-bb95-8291f3dd69d1,1970-01-01,0,Retail,1706.96,ESP,BRA,1,0,0,0,1
sdv-id-jwNQVg,82330e6e-b89c-46e9-9d39-b50542696d14,1970-01-01,3,Gaming,673.69,ESP,IND,1,1,1,0,1
sdv-id-xiUrCG,84681060-743e-4fef-86a6-1b3dc86e0b55,1970-01-01,0,Retail,1338.7,ESP,IND,0,0,0,1,1
sdv-id-JZclqy,4a02d7c1-9859-4f42-974a-2447ab73860c,1970-01-01,4,Gaming,1218.52,ESP,RUS,1,0,1,1,1
sdv-id-lIAsFq,9c88f367-c46e-40a4-9086-b124c7422b51,1970-01-01,5,Food,1078.24,ESP,ESP,1,0,0,0,1
sdv-id-EHemys,4cc7cda2-1f2f-487d-ad11-3faf0e3f4912,1970-01-01,0,Food,2257.06,ESP,UKR,1,0,1,0,1
sdv-id-rQOKLi,f3f233b7-42d4-431c-91c6-80ca57a6e460,1970-01-01,0,Gaming,2109.18,ESP,JPN,1,0,0,1,0
sdv-id-sxLoEK,b0c5b8f2-5ab4-45ac-969c-16ba30e5f5eb,1970-01-01,0,Travel,403.7,ESP,DEU,0,1,1,0,1
sdv-id-WwVInw,e5c482ff-5e5a-40c1-92a4-73f94c9e903a,1970-01-01,3,Retail,2478.53,ESP,JPN,1,1,0,0,1
sdv-id-YgHYoW,aebfaef7-c940-438d-b673-99cd7aa38b4e,1970-01-01,2,Travel,1027.04,ESP,ARE,1,0,0,1,0
sdv-id-FkDsto,7e7b7dac-bea6-4b61-af92-54fd12e184ce,1970-01-01,4,Gaming,144.34,ESP,USA,0,0,1,0,1
sdv-id-gmCeki,607c2248-cf1a-419d-9e59-893023de6993,1970-01-01,3,Food,1772.54,ESP,FRA,1,1,1,0,0
sdv-id-ZBRCoW,c6ee1f6a-02d6-4d31-9c28-bbd8d7d6eda6,1970-01-01,1,Travel,1098.24,ESP,ARE,1,0,1,0,1
sdv-id-Lwawzj,14dd5061-5557-46f8-a67e-ddcedf8f4197,1970-01-01,0,Food,594.9,ESP,JPN,1,1,1,0,0
sdv-id-crbmiM,5892e71a-ab87-4ea4-854f-87ad7750bfbb,1970-01-01,3,Tech,387.46,ESP,UKR,0,1,0,1,0
sdv-id-ladgeo,0d41de26-91c9-4644-b2e6-3a676e971b5a,1970-01-01,0,Retail,1051.81,ESP,PRT,1,0,1,0,1
sdv-id-seYuTH,14296c07-f26b-4776-913e-4de2e0c53cb8,1970-01-01,0,Food,2388.72,ESP,FRA,0,1,0,0,1
sdv-id-wzXjvm,a525c6d1-71d8-47b8-b16c-e5583e364321,1970-01-01,2,Retail,1903.14,ESP,ITA,0,1,1,1,0
sdv-id-xtkoXP,107aad8b-821a-4ae4-a684-8d4a6b253e7b,1970-01-01,0,Retail,908.78,ESP,CHN,1,1,0,0,1
sdv-id-kxbwej,6694940d-ddc5-4146-80ba-e133babf9447,1970-01-01,0,Travel,706.77,ESP,RUS,0,1,0,1,0
sdv-id-CjbZIc,9cbf4d7d-e70c-4280-afa9-7de7619987c0,1970-01-01,0,Gaming,765.19,ESP,GBR,1,0,0,0,1
sdv-id-SdXylw,88cd565c-17c2-4048-8d2a-ac5b59d5d1bd,1970-01-01,4,Travel,447.4,ESP,DEU,1,1,0,1,0
sdv-id-iXCaJy,924d4a86-efed-4e52-b9f7-3374e92af09b,1970-01-01,3,Retail,1872.41,ESP,DEU,0,0,0,0,1
sdv-id-ditDbS,24ea2f78-24fa-450e-ac70-d93aa260f227,1970-01-01,0,Gaming,2021.02,ESP,ESP,0,0,0,0,1
sdv-id-JGnOWt,252b473a-d2cd-4683-8c56-4c15e507b981,1970-01-01,0,Food,1806.04,ESP,FRA,0,0,0,1,0
sdv-id-NgkCXE,c5ba136f-594e-461a-9d15-c12994256e90,1970-01-01,0,Travel,2021.52,ESP,ARE,1,1,0,0,0
sdv-id-byDkzo,269bded7-1c47-4b1c-b28d-acb1270116e4,1970-01-01,0,Gaming,1544.07,ESP,FRA,1,1,0,0,1
sdv-id-yVcBhC,b59c9c87-f839-44c9-9eff-689a545a8a02,1970-01-01,4,Gaming,14.82,ESP,IND,0,1,1,1,1
sdv-id-SlbJWW,8f940a73-9c2e-4760-8dde-dd24c57dfa49,1970-01-01,0,Travel,1934.17,ESP,NGA,1,1,0,1,0
sdv-id-IQNYxS,d83940c9-7e86-47f8-93cf-44fe17c03e28,1970-01-01,0,Food,929.62,ESP,PRT,0,1,1,1,1
sdv-id-cuClUk,60b97459-09e2-456e-b0a3-be304d06b31c,1970-01-01,5,Food,1451.68,ESP,USA,1,0,0,1,0
sdv-id-dRfFcT,27d26d0c-dc7a-45e6-85d9-c4d3866e8085,1970-01-01,1,Travel,1406.25,ESP,RUS,1,0,0,0,1
sdv-id-TecekM,c0d9863f-66bc-46f0-bd9e-d3fc5266cd86,1970-01-01,2,Travel,1394.06,ESP,ITA,0,1,0,0,1
sdv-id-LQQPeL,6a8f7654-1552-47c7-8b96-13466498da39,1970-01-01,0,Food,2190.53,ESP,VNM,1,1,0,1,0
sdv-id-bUFibK,87b31442-3a6f-466b-ba8c-178b4e90b61e,1970-01-01,0,Gaming,122.07,ESP,USA,0,0,0,0,0
sdv-id-jPUmUn,15183e2c-3cca-4de2-b5c1-accc137d97fc,1970-01-01,0,Travel,946.25,ESP,PRT,1,0,0,1,0
sdv-id-uTyDaG,50b1d09f-39b9-4307-8643-75ed20f091a1,1970-01-01,3,Retail,959.13,ESP,USA,0,1,1,1,0
sdv-id-uLfHhm,94e74f26-29b0-4b37-8271-0779d864465a,1970-01-01,0,Food,1126.17,ESP,GBR,0,1,0,1,0
sdv-id-KdjgFT,a68f75ac-7491-4018-adc8-4e80a90bdc3a,1970-01-01,0,Tech,305.65,ESP,JPN,0,1,1,0,1
sdv-id-qewJbQ,61935990-abdd-4a8f-a4b0-5c89f10bce9c,1970-01-01,0,Travel,73.39,ESP,ESP,0,0,0,0,0
sdv-id-SPKfoG,f12c2046-1cdb-46cb-a9c3-d3719f688611,1970-01-01,0,Tech,1001.15,ESP,DEU,0,0,0,1,1
sdv-id-trcqqs,1ab554d2-e904-4d0e-9df5-47e3a918aef5,1970-01-01,1,Travel,1734.1,ESP,NGA,0,1,1,0,0
sdv-id-okwzlA,d8c024a9-a99e-4f9b-b68e-af5851ddaa9d,1970-01-01,0,Travel,2106.76,ESP,RUS,1,1,0,0,1
sdv-id-MrVgSu,3e447305-eb55-420d-81d2-31cb66bd5d42,1970-01-01,1,Food,878.67,ESP,IND,0,0,0,1,1
sdv-id-SAQRxK,7c20ecf5-8c4d-43b5-ad81-7b6b6ce1edee,1970-01-01,0,Tech,1617.58,ESP,BGD,0,1,0,1,0
sdv-id-AGvyxu,31ab2c49-ec81-4e3e-a66a-786114941dbd,1970-01-01,0,Retail,1327.53,ESP,FRA,0,1,0,1,0
sdv-id-BEGLIK,1fac6d85-c433-44f0-9683-541bd1801014,1970-01-01,0,Travel,344.5,ESP,ITA,0,1,0,1,1
sdv-id-KIKsTA,8c490e4c-c780-4892-aa93-f2c4094183bf,1970-01-01,0,Travel,530.06,ESP,NGA,1,0,0,0,1
sdv-id-OrATqy,b0ee1d54-78b6-4685-8f16-1581612981b0,1970-01-01,0,Food,2159.11,ESP,VNM,0,0,1,0,1
sdv-id-yTkFme,054da197-5273-460c-97a0-3c178620a10a,1970-01-01,0,Tech,1688.45,ESP,ARE,0,1,1,0,1
sdv-id-BItseG,371132b7-81ea-41da-8496-a8834a7a677b,1970-01-01,3,Food,2352.68,ESP,USA,1,1,0,0,0
sdv-id-QlKFGb,3338efe5-21d4-4860-aae2-d4fab8888244,1970-01-01,0,Gaming,2007.81,ESP,CHN,1,0,1,0,0
sdv-id-zvyIZo,4019a1f6-0cd1-4081-8d85-e013b20004fa,1970-01-01,2,Tech,1379.77,ESP,UKR,1,0,1,0,0
sdv-id-DQWQhw,5f642a53-17cb-485d-bbaa-574fe0e3c5ce,1970-01-01,0,Tech,607.75,ESP,FRA,0,1,1,0,1
sdv-id-MbndNm,bbbbfd67-30a4-44b0-be3c-7c84176350f5,1970-01-01,0,Food,762.9,ESP,BGD,1,1,0,1,0
sdv-id-AGJHMo,4404fe9a-32fe-4dea-aba5-71369144a442,1970-01-01,1,Travel,1298.0,ESP,JPN,1,1,1,0,0
sdv-id-cbVPLN,5176a9d1-9a36-44d6-ae9c-e8ff084a3c4b,1970-01-01,4,Retail,82.61,ESP,UKR,1,1,1,0,1
sdv-id-iLEauX,b6397107-c8a0-4691-ad8c-24b2d58f5a8a,1970-01-01,0,Travel,982.01,ESP,CHN,0,1,0,1,0
sdv-id-GreGyK,af36b8cc-1308-4974-ac95-b3ac0beb7c34,1970-01-01,4,Gaming,627.04,ESP,GBR,0,0,1,1,0
sdv-id-lWjZqR,cbcb3293-9651-4240-8610-3d842672a20c,1970-01-01,5,Travel,1341.56,ESP,JPN,1,1,0,1,0
sdv-id-VTwhXJ,31d83f78-6843-4031-bf36-fe7fc1ab5f4c,1970-01-01,0,Retail,276.17,ESP,BRA,0,0,1,1,0
sdv-id-etEkFh,5893ef12-ab3f-4d22-9d5e-6aee0240f59a,1970-01-01,2,Gaming,2123.2,ESP,ESP,0,1,1,0,1
sdv-id-PLMwPI,8e44f2f8-3de8-44cd-ae15-c527fe2a0cbc,1970-01-01,0,Travel,2474.41,ESP,IND,1,0,0,0,1
sdv-id-IUOlVE,eef474a3-fb31-455f-a8e9-209e24705fcc,1970-01-01,0,Travel,147.22,ESP,DEU,0,1,1,1,0
sdv-id-elXrxq,b3bcc2da-bec6-4834-8982-211e54292824,1970-01-01,0,Gaming,401.83,ESP,VNM,0,1,0,1,0
sdv-id-KBecea,1b96ee81-9ddb-4fea-9bd7-871c976b1a33,1970-01-01,0,Gaming,1438.52,ESP,GBR,1,0,0,0,1
sdv-id-zpCTaK,cc8fe6ce-b69f-427c-bae4-5d7ca1b1087e,1970-01-01,0,Retail,996.06,ESP,BRA,0,0,1,1,1
sdv-id-aVBVRZ,d8bca7d6-466a-4107-8f7d-82c7ff0df117,1970-01-01,0,Retail,2059.77,ESP,UKR,1,1,1,1,0
sdv-id-SQyCpA,3730dfba-6494-4d5c-9a29-6905ee22a70b,1970-01-01,0,Gaming,2200.52,ESP,IND,1,1,0,0,1
sdv-id-RarxXx,d815c81b-ca43-47c5-852a-5c273d9156b6,1970-01-01,0,Travel,2247.07,ESP,NGA,1,0,1,1,0
sdv-id-nVvelM,b3e6922d-a504-4925-bffc-ff637bf3f8f5,1970-01-01,0,Gaming,2414.84,ESP,JPN,0,1,1,1,1
sdv-id-ZKaOed,2b0238ae-67de-4fca-a2b8-9e20ef0f3c04,1970-01-01,0,Tech,1602.64,ESP,JPN,0,1,1,1,0
sdv-id-VOPowb,fcce96f6-250a-4578-bbe9-4499dbc080fd,1970-01-01,3,Food,2275.57,ESP,VNM,0,1,0,0,1
sdv-id-CTGSOu,d96688c9-8623-481e-8224-da50bd10f69f,1970-01-01,1,Gaming,19.27,ESP,PRT,0,1,0,1,0
sdv-id-fOXxSi,bab4eb77-959f-4841-ad19-312dde3b5a64,1970-01-01,2,Travel,53.34,ESP,VNM,1,1,0,1,0
sdv-id-TYDeMb,cf7dcb43-1679-442f-bf4c-96d671f2ce8f,1970-01-01,0,Food,1344.08,ESP,ESP,1,0,1,1,1
sdv-id-NIszyg,d28faf65-2f06-4e12-a46d-2e33380a402d,1970-01-01,0,Tech,1381.69,ESP,BRA,0,1,1,1,0
sdv-id-jGNwWJ,9a0bd63d-69f8-41b0-b90c-9f84b184071c,1970-01-01,0,Gaming,1170.76,ESP,CHN,1,1,1,1,0
sdv-id-rxLvvW,d80213ba-af6c-4278-a633-1cc6cbeed3e3,1970-01-01,0,Food,242.36,ESP,FRA,0,0,0,0,1
sdv-id-CnuahN,cc80543a-fb1f-45e8-ac9e-7b8763a6b06f,1970-01-01,2,Retail,101.99,ESP,FRA,1,1,1,0,1
sdv-id-adOMZL,16b52fab-bb25-467d-8d21-4444795b325e,1970-01-01,0,Travel,1324.0,ESP,ESP,1,1,0,1,1
sdv-id-ylPIHo,6be13e78-568a-420d-8843-280a07aca3fe,1970-01-01,5,Food,282.36,ESP,CHN,1,0,1,1,0
sdv-id-UPrNDq,00c99370-22d6-40a2-a41f-0d38ca803df8,1970-01-01,0,Retail,498.45,ESP,BRA,0,0,1,0,0
sdv-id-RzvHaF,31f436ea-cc8a-4d69-89b4-db808a32484a,1970-01-01,1,Gaming,1884.96,ESP,ESP,1,1,0,0,1
sdv-id-GBIhXP,9d482c49-f53f-42d3-8df6-720520ff622c,1970-01-01,0,Gaming,334.23,ESP,FRA,0,1,0,0,0
sdv-id-xVCcGi,d767a6da-231b-4c86-a97c-0ea5341c2d10,1970-01-01,0,Food,1204.46,ESP,VNM,0,0,1,0,1
sdv-id-hZXSpc,cfd86194-9f24-44ca-bf5c-381594516729,1970-01-01,0,Tech,1377.15,ESP,ESP,0,1,0,0,0
sdv-id-XeQWpW,982cd08d-49f8-4d9d-9fef-b72a4570b7fe,1970-01-01,3,Food,2134.25,ESP,JPN,1,1,0,0,1
sdv-id-yEduJK,e9c7eb29-d9ad-49e0-b16a-8466dd0a4a6e,1970-01-01,0,Food,526.12,ESP,USA,0,1,0,1,0
sdv-id-wyjYsU,c0a5c337-4a34-41e7-a546-80ad810775f3,1970-01-01,0,Retail,2056.93,ESP,RUS,0,0,1,1,1
sdv-id-zCFJha,b81f9c64-1cc1-4f92-af77-e12497a35a49,1970-01-01,0,Travel,865.97,ESP,VNM,1,1,1,0,1
sdv-id-xJdbUZ,75f321cb-c59d-44aa-b5ed-7ce82ddf2675,1970-01-01,0,Retail,1605.47,ESP,ARE,1,1,1,1,0
sdv-id-IwsWAB,04aac1b7-5ca0-4428-822c-4d326c645c15,1970-01-01,0,Gaming,712.27,ESP,GBR,1,1,1,1,0
sdv-id-PazFYT,349eb0da-7e50-4ec4-81db-9a6210a437d5,1970-01-01,5,Tech,1397.12,ESP,ARE,0,1,0,0,1
sdv-id-cQEKaE,61050668-0e49-4743-9978-6dc15f54d82d,1970-01-01,0,Travel,1133.79,ESP,NGA,1,0,1,0,0
sdv-id-xEIKoT,25074181-8d1f-4540-b4ef-f5453e652603,1970-01-01,0,Gaming,2173.45,ESP,BRA,0,1,1,0,1
sdv-id-KtLOFf,64ac70a3-e84c-4940-b83f-136dd7684211,1970-01-01,5,Food,1704.18,ESP,JPN,0,1,1,0,1
sdv-id-nlpulx,029e435d-b0b6-45da-a8c1-8df945ca17af,1970-01-01,0,Tech,2239.45,ESP,BGD,0,0,0,1,0
sdv-id-VncqHH,e4cb277f-bc95-4041-8cdf-b034e9a84c51,1970-01-01,0,Food,1745.39,ESP,USA,1,0,0,0,1
sdv-id-JeEOtu,dc406c3b-2e50-478b-945f-d39a376788ab,1970-01-01,2,Travel,2366.89,ESP,UKR,1,0,0,0,1
sdv-id-zMufhC,9f690cde-7eaa-4a91-9def-d401792cad76,1970-01-01,0,Gaming,2191.57,ESP,GBR,0,1,0,0,0
sdv-id-zthJZS,031831eb-a720-42b4-902f-236d44270572,1970-01-01,2,Tech,1126.13,ESP,BGD,0,0,1,0,1
sdv-id-CbayZW,692c6843-e682-4710-98bd-19da0dd2c843,1970-01-01,0,Gaming,953.73,ESP,VNM,1,1,0,0,0
sdv-id-DHvGyM,945b3711-0a85-4722-b0c9-5ec44f2fcfd6,1970-01-01,0,Retail,1049.79,ESP,USA,1,1,0,1,0
sdv-id-qKGgSZ,2c9de90a-b805-4e3c-8312-5b58e2a868e7,1970-01-01,0,Gaming,1814.44,ESP,DEU,0,0,1,1,0
sdv-id-DxPhlR,3f0cbf7d-c99b-4782-9ea6-c0a0285f6c82,1970-01-01,0,Travel,624.05,ESP,ESP,0,0,0,0,1
sdv-id-HARsVq,72dadc21-9b7c-4539-8ad7-d77c9bf41cc6,1970-01-01,1,Retail,1348.08,ESP,FRA,1,1,1,0,1
sdv-id-YlQsxd,327375bf-5373-4f4d-9da4-9cb92fdc9992,1970-01-01,0,Retail,893.1,ESP,BRA,0,1,1,1,1
sdv-id-gEBVfB,27d54ab0-86d6-4946-9397-abdfaa399b2c,1970-01-01,0,Gaming,1781.4,ESP,VNM,0,1,0,0,0
sdv-id-HvNLHs,df69a560-9baa-4785-b8f2-17f0b8314c26,1970-01-01,0,Retail,1799.14,ESP,BGD,0,0,1,0,1
sdv-id-VZXFbf,b27c1721-89d4-4ce2-8f50-b59873bd980f,1970-01-01,0,Travel,2064.48,ESP,DEU,0,0,0,0,1
sdv-id-qxIuJr,19419569-35b4-4941-842f-c231ed976c7e,1970-01-01,0,Tech,1032.17,ESP,DEU,0,1,0,1,1
sdv-id-PsaumR,7f5085e7-058c-4d44-b2a0-2b53565a4a42,1970-01-01,0,Travel,902.93,ESP,NGA,1,1,1,1,0
sdv-id-xzDFvQ,47440006-f10e-40ea-8764-f8c75e01ea7d,1970-01-01,1,Tech,311.12,ESP,FRA,0,1,0,1,0
sdv-id-DXYdiM,a6b595be-6288-45b8-a79a-52b22c3a11e7,1970-01-01,0,Food,1282.66,ESP,VNM,0,1,1,0,1
sdv-id-iEUjEO,1138b544-d8c7-4cbe-8d1b-30400f8f2932,1970-01-01,0,Gaming,1756.68,ESP,JPN,1,1,0,1,0
sdv-id-wHqexe,245bd570-a8d2-4fe2-a672-2dfa634d2c50,1970-01-01,0,Retail,2020.33,ESP,ITA,0,0,0,1,0
sdv-id-uYvwCq,c4ecea32-9038-4f81-ae3d-c742bef8004b,1970-01-01,2,Tech,2385.13,ESP,CHN,0,0,1,1,0
sdv-id-tKJTnG,e61d9cde-1747-4387-bd23-d47995492a82,1970-01-01,5,Tech,1758.29,ESP,BRA,0,0,0,0,1
sdv-id-IHZZSt,25e591c8-2fff-4405-ae83-766e4639e799,1970-01-01,0,Retail,616.14,ESP,RUS,0,1,1,1,1
sdv-id-sYJumq,9191b363-4e2d-4645-adc7-cac7fd72b050,1970-01-01,0,Tech,942.45,ESP,GBR,1,0,0,0,1
sdv-id-hdddnm,eea00af9-6283-450f-9fdd-c20aebee30cf,1970-01-01,0,Food,1405.09,ESP,UKR,0,1,0,0,1
sdv-id-NHORNn,5d124a22-33d9-414f-bdca-f0893a768ae2,1970-01-01,3,Tech,2443.0,ESP,RUS,0,1,1,1,0
sdv-id-ytfYfd,41f74651-a033-4dad-8fdf-de19cfd835fc,1970-01-01,1,Travel,2059.55,ESP,BGD,0,1,0,1,0
sdv-id-BMGjHb,0d1d5dbc-7500-46ea-b657-e50a469b4fde,1970-01-01,0,Tech,655.27,ESP,CHN,0,0,1,1,0
sdv-id-JIatTP,e3acd21a-7387-4600-b739-1bee46e09e7d,1970-01-01,0,Travel,1228.81,ESP,NGA,1,0,0,1,0
sdv-id-DuzfVq,e827a1b9-d4a0-4e53-ad3e-e1dc81392443,1970-01-01,0,Tech,1983.82,ESP,DEU,1,1,1,1,0
sdv-id-NxlGWo,c14988c8-7804-47be-8cfa-0607003402c6,1970-01-01,0,Gaming,1664.63,ESP,ARE,1,0,0,1,0
sdv-id-UnvYqX,90ce77e9-7513-43b9-87de-96ea2b0fbe44,1970-01-01,0,Travel,23.14,ESP,RUS,1,0,0,1,1
sdv-id-uObYfX,32ebd689-9be5-48c7-81f6-31d4a39231a7,1970-01-01,0,Travel,691.46,ESP,CHN,1,1,0,1,0
sdv-id-oBhOhr,501ba851-5ee6-4495-b400-29c3ea11905b,1970-01-01,1,Travel,2423.71,ESP,NGA,0,1,1,0,1
sdv-id-gyPsok,7279101c-93f3-403d-9d96-232d63d5e750,1970-01-01,0,Tech,111.07,ESP,ARE,1,0,1,1,0
sdv-id-ZwvAnl,60a75fb5-bf0a-4f68-998b-64161f846af3,1970-01-01,0,Retail,1566.92,ESP,IND,0,0,0,1,0
sdv-id-NqDtPg,727716ec-59fe-4bbc-b1a3-fad2b0946d2a,1970-01-01,0,Food,1883.54,ESP,USA,0,0,0,1,0
sdv-id-FAIrIV,8fa8ae34-3233-4053-9242-ba54a6f9c0e1,1970-01-01,0,Gaming,1817.04,ESP,ESP,1,1,1,0,1
sdv-id-AqumJh,86379f04-d9ee-4dc9-87cf-eca822b9f24c,1970-01-01,3,Retail,2042.91,ESP,ITA,0,0,0,1,0
sdv-id-qrsBEh,cb2c4e21-1dce-4e8c-b714-bab76ef59d48,1970-01-01,1,Food,660.68,ESP,FRA,1,0,1,0,1
sdv-id-OBwfQs,d5f0fb6a-4596-4a75-b4df-b83ff659f188,1970-01-01,1,Food,489.88,ESP,JPN,1,0,1,1,0
sdv-id-ImewZD,135769cb-bc03-4aa7-912e-1621a266530e,1970-01-01,5,Tech,52.43,ESP,GBR,1,0,0,0,1
sdv-id-xxckCI,a2491260-107e-428c-a940-53afd488edff,1970-01-01,0,Food,900.7,ESP,BRA,1,0,0,1,1
sdv-id-jpyumv,5a995017-deb0-4c83-9c94-25d82bba86f4,1970-01-01,0,Retail,797.07,ESP,ARE,0,1,1,0,0
sdv-id-JfYeGv,4864d025-fe41-4620-85b4-a13e60cd8424,1970-01-01,0,Gaming,537.37,ESP,BGD,0,0,1,1,1
sdv-id-eNpiGW,a4f954fc-c449-41b6-8fef-7811e124c3f2,1970-01-01,5,Retail,605.4,ESP,USA,1,0,1,1,1
sdv-id-dgKjtA,48a0d015-6862-49e7-8768-95c2f85c24c3,1970-01-01,0,Gaming,728.18,ESP,ARE,1,1,0,1,0
sdv-id-YkmgOT,27b8f178-0ef6-465e-918b-a376d76abc03,1970-01-01,3,Travel,1558.56,ESP,BGD,0,1,1,0,1
sdv-id-MUzSKj,338f0430-a2b6-4ddc-b7bc-e0ef72c1e68e,1970-01-01,0,Food,816.41,ESP,FRA,0,0,0,1,0
sdv-id-qBIVwg,461de017-1ee9-4d3b-902f-4f5c55e39295,1970-01-01,0,Food,819.31,ESP,CHN,1,0,0,0,1
sdv-id-OIkLJW,3c299c68-2138-4e3c-9c69-9e1f458cf41d,1970-01-01,4,Gaming,1605.16,ESP,PRT,1,1,0,0,1
sdv-id-Oxegtb,0e1e5ebd-ff99-4e31-9006-e0eb63a84422,1970-01-01,1,Gaming,2307.42,ESP,PRT,0,0,0,1,0
sdv-id-IwQblS,35f2e254-3e14-4f6a-abcb-b347e9b758ee,1970-01-01,0,Retail,2008.59,ESP,BRA,1,0,1,0,1
sdv-id-qwPccf,fe8544e1-c1b6-4800-a564-2b969624ba9d,1970-01-01,0,Tech,981.9,ESP,BRA,0,1,1,1,0
sdv-id-xRtVnm,60363d28-2e27-483f-a220-134e79763bb0,1970-01-01,0,Travel,2229.99,ESP,ITA,1,1,1,0,0
sdv-id-RTCwZN,c329732b-5114-4ac7-9588-e38e8dbff478,1970-01-01,4,Gaming,8.91,ESP,DEU,0,1,0,0,0
sdv-id-RgprXK,9c0f37d5-75a2-49b1-bdf5-516b3891b7f7,1970-01-01,0,Retail,319.18,ESP,FRA,0,1,0,1,1
sdv-id-CNVNRO,7ffcb3fe-2359-4443-bae6-1863a5448d55,1970-01-01,0,Gaming,1530.21,ESP,IND,1,1,0,1,1
sdv-id-FTGdoA,d4e4085e-d39c-4bfc-b853-6a36923fd0d7,1970-01-01,1,Travel,18.43,ESP,UKR,1,0,0,0,1
sdv-id-CGBWsK,cc445778-f86e-42d6-9456-a858df63bcb2,1970-01-01,0,Tech,2230.67,ESP,ESP,1,0,0,0,0
sdv-id-xgARRD,20d705c7-e9e2-4867-a68a-4d9bc771f56c,1970-01-01,0,Tech,650.97,ESP,IND,0,1,1,1,0
sdv-id-zPIaBE,4aaa7f99-4a34-441e-8c78-947b5b21c9f0,1970-01-01,5,Food,395.85,ESP,CHN,0,1,0,1,0
sdv-id-LRvarG,21da5db1-5ef3-41c2-abd7-d3f1650ad9aa,1970-01-01,1,Tech,628.18,ESP,RUS,1,1,1,0,1
sdv-id-uMHZpo,d033dd5e-798f-4e3f-afd1-422eeb428215,1970-01-01,0,Tech,1727.62,ESP,CHN,0,1,1,1,0
sdv-id-mPXPkv,4c80d6c6-11b1-44fc-8f65-4132a9f42e23,1970-01-01,0,Retail,1973.65,ESP,RUS,1,0,0,1,0
sdv-id-NbsdkA,6193ab08-09d7-4a75-ad8a-09973b17172b,1970-01-01,0,Travel,1243.68,ESP,VNM,1,1,0,1,0
sdv-id-qiEBwb,6cf4d2fd-d37f-4059-b1d7-64ba1712df48,1970-01-01,0,Travel,1417.8,ESP,JPN,1,0,1,0,1
sdv-id-ttBkVy,49861a4a-0025-43ed-a2ca-9f04609eee72,1970-01-01,1,Tech,1148.26,ESP,IND,1,1,1,0,1
sdv-id-RAQniF,107053c4-7ddf-4c34-b232-83b281072c9f,1970-01-01,1,Gaming,79.97,ESP,USA,0,0,1,0,1
sdv-id-XvtPcF,f5321352-b544-48e4-9f2d-a344a3596667,1970-01-01,0,Tech,1473.86,ESP,UKR,0,1,0,0,0
sdv-id-BTxzRa,d240ef02-a968-4fc1-ba5c-865db8344070,1970-01-01,0,Tech,1579.42,ESP,JPN,0,0,1,1,1
sdv-id-NtUNVJ,832920b7-c143-4426-b72f-871a45ee432d,1970-01-01,0,Food,271.87,ESP,FRA,0,0,0,1,0
sdv-id-mwrxlD,a874d557-cd0e-4708-acbf-81d4b1720b65,1970-01-01,0,Food,1711.99,ESP,CHN,0,1,0,1,1
sdv-id-LexOch,7a8d03aa-782a-45e0-88ca-765192f5df7b,1970-01-01,2,Travel,1090.04,ESP,NGA,1,1,0,1,0
sdv-id-GlQuTy,8381863c-fb0c-485d-a886-68a4e0f99296,1970-01-01,4,Travel,2219.06,ESP,UKR,1,1,0,1,0
sdv-id-CiZXBq,a5ca5367-b598-455f-b9d2-3cfd692981b1,1970-01-01,0,Gaming,739.17,ESP,ITA,1,1,1,1,1
sdv-id-xacXSs,7ffcb3fe-2359-4443-bae6-1863a5448d55,1970-01-01,2,Travel,1080.7,ESP,IND,1,0,0,1,0
sdv-id-JLpslD,eaecf4e0-e819-49ce-8dd7-cac28a1055c5,1970-01-01,0,Gaming,1485.49,ESP,UKR,0,0,1,1,0
sdv-id-EaTkhT,b798e034-04cd-47c6-8a12-1024a5a2d5ac,1970-01-01,1,Retail,1559.15,ESP,CHN,0,0,1,0,1
sdv-id-dIdHhh,00b02a82-7054-4f5f-950f-5effdc5136e4,1970-01-01,1,Retail,2470.99,ESP,ITA,0,0,1,1,1
sdv-id-ZycPLu,58fae8c7-1d10-46f6-a91d-ecb251a3d21b,1970-01-01,0,Tech,973.69,ESP,VNM,0,0,0,0,1
sdv-id-sJifOh,2c9de90a-b805-4e3c-8312-5b58e2a868e7,1970-01-01,0,Retail,146.26,ESP,BGD,0,0,0,1,0
sdv-id-XwZjaZ,372f9fb6-041b-4c79-8014-680432de3097,1970-01-01,0,Food,2103.8,ESP,RUS,1,0,1,0,1
sdv-id-ANBIEf,7a03d8a0-9f5b-4ced-9765-e2bb52ce32e8,1970-01-01,5,Retail,1329.33,ESP,BRA,0,0,0,0,1
sdv-id-IdeymE,6c8c5d0e-3eb3-46fd-b291-bc95b8bf9cae,1970-01-01,0,Food,617.57,ESP,BGD,0,0,1,0,0
sdv-id-OErcQI,38b042da-c52a-4570-9ab8-4c1b85243095,1970-01-01,0,Tech,1751.15,ESP,VNM,1,0,0,0,1
sdv-id-gfowUH,f5651938-017c-4f67-909d-612c2359da56,1970-01-01,2,Retail,2159.69,ESP,CHN,1,0,0,0,1
sdv-id-QPQBIA,23841977-02a9-4064-9351-1e950c3edd5c,1970-01-01,1,Food,2379.77,ESP,BRA,0,0,0,1,0
sdv-id-pmnnhA,a22966c4-ca39-465a-991f-210234aaf8d4,1970-01-01,0,Travel,1949.11,ESP,VNM,1,1,0,1,1
sdv-id-SUCVft,9e719a56-187e-4ca4-ba0f-01a487bb1f6d,1970-01-01,0,Gaming,1892.06,ESP,UKR,1,1,1,1,1
sdv-id-nKseZO,c1cfd878-000c-44a5-8f51-a203a2d999ba,1970-01-01,3,Tech,312.28,ESP,ITA,1,1,0,1,0
sdv-id-oFzPMi,ceefd2c9-7e2b-43ce-adf9-8b8d8ddd6a3e,1970-01-01,0,Gaming,1562.12,ESP,GBR,0,1,0,1,0
sdv-id-MhOxFI,b588489e-effb-4197-8d73-a782967197ec,1970-01-01,0,Retail,92.94,ESP,DEU,0,1,0,1,0
sdv-id-xovcvZ,c997f2fa-997d-4d9a-9d55-4b7d3bad3a0d,1970-01-01,2,Travel,308.31,ESP,NGA,1,1,1,1,0
sdv-id-STSUId,fcc1c48c-7303-40ca-a992-6bade6335f58,1970-01-01,0,Gaming,1519.11,ESP,BGD,0,1,1,1,0
sdv-id-ozIIIv,c0bf3b37-623d-4905-8c3e-b36ddc75f4cc,1970-01-01,0,Travel,1228.12,ESP,BGD,1,1,0,0,1
sdv-id-xAscOv,a9f7c6d1-c647-4ae2-8490-9370e430fb91,1970-01-01,0,Food,1655.39,ESP,USA,1,0,0,0,1
sdv-id-VlQkar,a68fc907-7edc-4ce1-b0d9-12733e6d9f97,1970-01-01,1,Travel,423.51,ESP,ITA,1,0,1,0,1
sdv-id-nBKatj,cc501bea-de6d-4e25-a575-dbd145f3e8a4,1970-01-01,0,Retail,1150.79,ESP,FRA,1,0,1,1,0
sdv-id-agNqtQ,cf3eb0d7-450c-4845-b95d-b36ffa8a47d6,1970-01-01,0,Retail,437.45,ESP,VNM,0,0,0,1,1
sdv-id-RKTCqY,af838c06-caa5-422a-aed7-149f00fbbb90,1970-01-01,0,Retail,2432.3,ESP,PRT,1,1,1,0,1
sdv-id-gMRPDZ,09502a6c-0abe-41af-a664-780332f9130d,1970-01-01,1,Tech,1264.56,ESP,GBR,0,0,0,0,1
sdv-id-PTEBdl,0f5f9707-a008-4c20-8272-88e6ff39a117,1970-01-01,0,Gaming,2405.32,ESP,ARE,0,1,1,0,1
sdv-id-bpleUU,f3abbd8b-b2f2-4eb7-95ff-01293b0b4957,1970-01-01,0,Gaming,1238.45,ESP,BRA,0,0,1,0,0
sdv-id-SZCFTv,cfd86194-9f24-44ca-bf5c-381594516729,1970-01-01,0,Food,350.9,ESP,DEU,0,0,1,1,0
sdv-id-yKijoM,87a8cadf-eca7-4d15-8c8a-e9ca930cc62d,1970-01-01,0,Food,1351.09,ESP,NGA,1,1,0,0,0
sdv-id-pTkgfY,f09d07f1-eac4-460c-9e4a-9260efd52c09,1970-01-01,0,Gaming,1285.66,ESP,FRA,0,1,1,1,0
sdv-id-cAFxBU,e0ad01a0-936b-4322-a533-f1c5d23eb130,1970-01-01,0,Travel,2205.93,ESP,BRA,1,1,0,0,1
sdv-id-INLcsL,0bfa8cd5-7fa7-4708-be72-79cecd7f65f6,1970-01-01,0,Gaming,1690.82,ESP,JPN,0,1,0,0,1
sdv-id-gAwMKd,d1b2dd0f-64bf-4bff-8003-6851a0b68808,1970-01-01,0,Retail,2276.96,ESP,ITA,1,0,0,0,1
sdv-id-uMJmgy,e8f26d63-84be-47ed-9491-b51de6a7a6b0,1970-01-01,1,Retail,985.65,ESP,GBR,1,0,1,1,0
sdv-id-JFVWxZ,75eb89c2-3f5c-42f3-bacb-43a3d2c7bffb,1970-01-01,3,Retail,1944.34,ESP,RUS,1,0,1,1,0
sdv-id-BPYrYD,5274ee11-b61d-4906-a570-35db3fead90a,1970-01-01,1,Tech,1815.47,ESP,IND,1,1,0,0,1
sdv-id-XaWQjD,8bd959db-4776-4cba-9c41-c9cf1fce1d86,1970-01-01,0,Travel,266.93,ESP,NGA,1,1,0,1,0
sdv-id-HNzMQg,3513a238-d91b-4a04-bcca-ba381e30614f,1970-01-01,0,Retail,1858.05,ESP,UKR,1,1,1,0,1
sdv-id-RNLgyD,9a49192f-7732-494b-a6cb-b2871432f972,1970-01-01,0,Gaming,2185.86,ESP,IND,1,0,0,1,0
sdv-id-DVJGTY,e05f8184-c115-4e8e-9586-768274dfb5ce,1970-01-01,1,Gaming,1128.42,ESP,UKR,0,0,0,1,1
sdv-id-csqkVF,27e7a6bd-c2a4-4fd8-aef5-4ceebc243f9f,1970-01-01,2,Travel,1123.29,ESP,ITA,0,1,1,0,0
sdv-id-JLNyDz,677c8f55-0321-4d27-b238-9612be3842e3,1970-01-01,1,Food,93.92,ESP,DEU,0,1,0,0,1
sdv-id-oBrbWW,7aacb531-430d-47b8-aa68-934dec4f16ec,1970-01-01,0,Retail,77.21,ESP,RUS,0,0,0,0,0
sdv-id-cOHfsn,2c9c763b-e454-4286-9dd9-76469d892032,1970-01-01,0,Tech,1246.75,ESP,ESP,1,0,1,0,1
sdv-id-rKoOid,87d01cf2-95e8-4a39-8411-3459aa7927f8,1970-01-01,0,Retail,2480.93,ESP,ITA,0,1,0,1,0
sdv-id-sowbfT,b172ec53-032e-4730-80c9-c3ed8ef90060,1970-01-01,0,Retail,291.52,ESP,VNM,1,1,0,0,0
sdv-id-anhell,98182703-fc80-4953-b2fb-122f7e34be79,1970-01-01,0,Food,1394.01,ESP,NGA,0,1,0,1,0
sdv-id-okKyrK,1c36036f-beba-4619-9b6f-b706e04e6585,1970-01-01,0,Tech,126.69,ESP,BGD,1,1,0,1,0
sdv-id-xJEdEG,4f418193-e328-4c3a-801c-bac1c5b56b89,1970-01-01,0,Food,327.27,ESP,BGD,1,0,0,1,0
sdv-id-PCUUog,433fca8a-f72a-4b7a-aa78-b0884c9b9009,1970-01-01,2,Food,839.24,ESP,FRA,1,1,1,0,1
sdv-id-IdAKjw,d8253010-3911-4943-910b-f4dc0de4faf4,1970-01-01,0,Food,2450.49,ESP,USA,0,1,1,0,0
sdv-id-zCyoGt,e55b93ad-8976-4471-9d7f-57d1e45def26,1970-01-01,0,Tech,116.7,ESP,DEU,0,1,1,1,0
sdv-id-xVuFgR,74ed53ce-ef0e-4fd3-b398-39aa7e95b992,1970-01-01,0,Retail,2385.63,ESP,RUS,0,1,0,0,0
sdv-id-cYCLSV,72984bb6-4efa-4dc3-8bae-4fc1d18ad3ca,1970-01-01,0,Gaming,1070.08,ESP,BGD,0,0,0,1,0
sdv-id-wTLaUe,aac5e8a3-2567-4f2a-9227-b7accdca6bef,1970-01-01,0,Retail,552.81,ESP,JPN,1,1,1,1,0
sdv-id-cZMYyK,6f6afbe1-6dec-4f06-bc45-0b7c7f6d19a8,1970-01-01,0,Travel,657.58,ESP,NGA,1,1,0,1,1
sdv-id-suqINL,982cd08d-49f8-4d9d-9fef-b72a4570b7fe,1970-01-01,3,Retail,1844.75,ESP,ITA,1,1,1,0,1
sdv-id-VrbIWW,a68fc907-7edc-4ce1-b0d9-12733e6d9f97,1970-01-01,0,Travel,1751.4,ESP,FRA,1,0,0,1,1
sdv-id-QVOuaF,e104bf7a-b931-4771-96f8-9d9707957c4a,1970-01-01,0,Food,135.87,ESP,RUS,0,1,0,0,0
sdv-id-JTFmoa,5c780e70-7603-4584-88b1-ef8c12a59eaf,1970-01-01,2,Gaming,498.01,ESP,ARE,1,1,1,1,0
sdv-id-CCEfGF,76876c62-4c61-445e-ba7e-5d9405d1fb63,1970-01-01,0,Food,2053.53,ESP,PRT,1,0,1,0,1
sdv-id-BVNFzk,a2f077e3-3040-4cc4-ac21-f1edf4a985b0,1970-01-01,0,Tech,2021.16,ESP,BRA,0,0,0,1,1
sdv-id-SDQsML,a984af6c-6822-42cd-8e10-d0458c2506c4,1970-01-01,0,Tech,1947.28,ESP,UKR,0,1,1,0,1
sdv-id-WTYhoA,e7718e1b-d1df-4ff0-b5f3-2c8e83fc7a2b,1970-01-01,0,Tech,840.7,ESP,ARE,0,1,0,0,1
sdv-id-vROUDX,b18848f9-4811-4cd7-9adf-a294f66fdb7a,1970-01-01,0,Tech,1414.68,ESP,CHN,0,0,0,1,0
sdv-id-gtVruJ,44a8ddc2-ddf1-4e0b-865e-23c798656bba,1970-01-01,0,Gaming,1049.03,ESP,BRA,1,1,1,0,1
sdv-id-VwbQWC,5c508720-f982-44e0-8603-156a15eacbcf,1970-01-01,3,Tech,950.52,ESP,DEU,1,1,0,0,1
sdv-id-nIkmZb,ba52dbf2-f551-4cd0-b278-0c3be412b716,1970-01-01,0,Retail,676.58,ESP,BRA,1,0,1,0,1
sdv-id-DSMiev,d7f3b054-e266-416f-a3e4-92f3911cdbb8,1970-01-01,1,Gaming,727.87,ESP,JPN,0,1,0,0,0
sdv-id-mFViYY,63fe0717-f6a8-48cc-ba11-df76d6e75f73,1970-01-01,0,Tech,1080.7,ESP,UKR,1,0,1,1,0
sdv-id-dAqlCO,9239b3a0-65d5-4310-84eb-b4a9a4e565b7,1970-01-01,1,Tech,1270.71,ESP,ESP,0,1,0,0,1
sdv-id-sCODgl,af376fbe-2cd3-4317-8874-a1c508fe3f40,1970-01-01,0,Gaming,2035.33,ESP,USA,1,0,0,0,1
sdv-id-bIejXF,510588a9-694a-48b3-a693-2d9532a3a8fb,1970-01-01,0,Retail,2331.2,ESP,CHN,1,0,1,1,1
sdv-id-uttvZz,400b2ed1-109e-49c3-b035-a81d1793d050,1970-01-01,0,Tech,863.42,ESP,JPN,1,1,1,1,0
sdv-id-XWyGes,161d5c87-53c9-4e59-8f89-e3b2d847dc53,1970-01-01,0,Tech,118.93,ESP,PRT,1,1,1,1,0
sdv-id-eDoWBY,51f88167-796c-49ad-ab35-a9b90bfc8c45,1970-01-01,0,Travel,1038.64,ESP,VNM,1,0,1,1,0
sdv-id-oNNpCT,d0a4a31a-fc00-43e7-8c91-ef0e644d852c,1970-01-01,1,Retail,547.51,ESP,ARE,0,1,1,0,0
sdv-id-GpAlnZ,af376fbe-2cd3-4317-8874-a1c508fe3f40,1970-01-01,0,Travel,1974.08,ESP,USA,0,1,1,1,0
sdv-id-gRBNEN,2d28a2a8-2bae-4fc7-ae52-b671bba8a7e5,1970-01-01,5,Retail,1966.16,ESP,ITA,1,1,0,0,1
sdv-id-EqrAqX,b04dee79-4ff6-408a-9135-6bfe6193dc3d,1970-01-01,0,Tech,138.13,ESP,ITA,1,0,0,1,0
sdv-id-uEpDHI,f48f854e-5562-44f4-a2f5-b1a93e4f22ba,1970-01-01,0,Tech,847.08,ESP,USA,1,1,1,0,1
sdv-id-yhmSfP,b22ed234-404c-46f1-acc2-e20fc3a02289,1970-01-01,0,Food,2246.92,ESP,UKR,1,1,0,0,1
sdv-id-sbWjsZ,63300ee1-0aaa-4c51-9cd9-7b172f51270f,1970-01-01,1,Tech,1319.31,ESP,BRA,1,0,0,0,1
sdv-id-EFDUeK,04221bf2-74fa-4bdd-b1e4-c27a1cab87e2,1970-01-01,0,Travel,859.41,ESP,IND,1,1,1,1,0
sdv-id-YYUvDN,420fbeef-9def-4ab9-a54c-a6cadc70ce22,1970-01-01,0,Retail,1438.2,ESP,ESP,1,1,0,0,1
sdv-id-hOVQeT,ec4f9838-3b1f-4a0d-9267-e2789bd7b9be,1970-01-01,0,Food,343.31,ESP,RUS,0,0,0,0,0
sdv-id-AZoqfK,71a67925-1094-4b53-a6d5-1dc14ff90831,1970-01-01,0,Retail,799.62,ESP,USA,1,1,1,1,0
sdv-id-ceOSsf,ceefd2c9-7e2b-43ce-adf9-8b8d8ddd6a3e,1970-01-01,0,Travel,2475.39,ESP,NGA,1,1,0,0,1
sdv-id-tyUNLQ,74cd4a41-5e07-4fb2-9919-be9116a26e58,1970-01-01,0,Tech,2346.75,ESP,UKR,1,0,0,0,1
sdv-id-ScbpHG,7e45fee4-6ea8-4b32-a38d-9fb071c487bc,1970-01-01,0,Food,617.1,ESP,ARE,0,1,1,1,0
sdv-id-uLEHQi,8c2aa0b1-8982-4bf8-a4e2-89c098be5ff0,1970-01-01,0,Tech,1693.35,ESP,USA,1,0,0,1,0
sdv-id-rYqaoj,561e16d1-6105-416b-ab0e-664e9c3eb2d5,1970-01-01,0,Food,868.24,ESP,ESP,0,1,1,1,1
sdv-id-FijNWX,d2524487-6b70-4287-a9fe-ba149adda7c8,1970-01-01,0,Travel,1111.93,ESP,DEU,1,0,0,1,0
sdv-id-OxvGpB,967bdaf2-897c-4965-b3f8-5398d4d92be8,1970-01-01,2,Travel,1525.35,ESP,UKR,1,0,0,1,1
sdv-id-tCqfQT,9d755e6c-ab84-478c-96e1-1e55e6a4443c,1970-01-01,0,Food,205.16,ESP,JPN,0,1,0,1,0
sdv-id-PQjzBx,4ab047e0-a856-4d84-9727-d487ef8df74d,1970-01-01,0,Food,391.61,ESP,UKR,1,1,0,1,1
sdv-id-ZeDQQJ,87cebaaa-f713-4245-b34b-fa59a52523e3,1970-01-01,0,Food,2326.9,ESP,ITA,1,1,1,0,1
sdv-id-ULeoyZ,0476fc34-9dc5-4ddb-8aad-970f34010fe9,1970-01-01,0,Gaming,2018.16,ESP,ESP,0,1,0,1,1
sdv-id-heTlqA,8574fe6d-6662-4715-990a-74f178652552,1970-01-01,0,Retail,863.29,ESP,USA,1,0,1,0,1
sdv-id-vmpJdu,ea725584-5e6e-487a-a939-f79018177e4a,1970-01-01,0,Tech,2245.61,ESP,ITA,1,0,0,0,1
sdv-id-wpGPSG,ee4401c9-71af-45ff-9bbd-cdb6f117bec0,1970-01-01,0,Food,1661.9,ESP,GBR,1,1,0,1,0
sdv-id-VVLYzR,a3c05d75-b3b6-4eb4-abf0-1ba6ed1d3817,1970-01-01,5,Food,707.22,ESP,DEU,1,0,0,1,0
sdv-id-XUZNQY,c971d849-e3fb-4c48-9cf1-16dcc4b03ad1,1970-01-01,3,Tech,1634.38,ESP,USA,0,0,1,1,0
sdv-id-aqhLBX,7273b748-f5cb-4af8-acea-934f263d979a,1970-01-01,0,Food,2312.53,ESP,ESP,0,1,0,1,1
sdv-id-UpJKhN,25db5946-a091-45b4-9293-8e6eff4d0930,1970-01-01,1,Travel,1570.61,ESP,JPN,1,0,1,0,1
sdv-id-baGvVe,3e59034b-c1da-4b7d-adb2-094bbce7e298,1970-01-01,0,Retail,938.53,ESP,NGA,1,1,1,1,0
sdv-id-zblMdj,0791e8ca-bfc5-4a33-aecd-8622f82066f8,1970-01-01,0,Retail,1969.5,ESP,BGD,1,1,1,1,1
sdv-id-alRDPh,fd0a5f40-113e-4dde-9ce2-0449011cb53c,1970-01-01,0,Gaming,1439.49,ESP,FRA,1,1,0,1,0
sdv-id-dmDMcc,00501cd8-8bff-45b3-8f6a-5979ab55db54,1970-01-01,1,Tech,1134.18,ESP,BGD,1,1,0,1,1
sdv-id-bqUjeJ,1a64f27d-0bcf-40fc-a3a1-af9777852ddb,1970-01-01,0,Tech,1506.36,ESP,USA,1,1,0,1,0
sdv-id-OiNZSK,48c08d33-46f4-4ccb-b835-de289fd60efb,1970-01-01,0,Retail,1986.0,ESP,PRT,0,0,0,1,0
sdv-id-ngtHzw,8a3c3b5e-801e-41da-85b1-ed25f1533ae8,1970-01-01,0,Food,2286.08,ESP,JPN,1,0,0,0,0
sdv-id-MCFIiJ,efc87fc9-fd8e-4c60-b0bb-79d9d9b00417,1970-01-01,0,Travel,993.7,ESP,PRT,0,1,1,0,1
sdv-id-mfrPjU,378ce7b7-2f14-4369-b22f-deb897cabad1,1970-01-01,1,Retail,451.85,ESP,DEU,0,0,0,0,1
sdv-id-BKDKeN,c8271dd9-8da1-4439-80fc-21fd8ffbcc0f,1970-01-01,0,Retail,2309.91,ESP,FRA,0,0,0,1,1
sdv-id-BZViuu,e8780458-ab48-406d-ae8a-457fc712cf67,1970-01-01,0,Gaming,1391.38,ESP,UKR,1,1,1,0,0
sdv-id-HCDDqf,1dc06c56-5fa2-4598-a30e-8584e09187e7,1970-01-01,0,Gaming,2425.24,ESP,IND,0,1,1,0,1
sdv-id-RkaJzG,a1cacff1-d9e0-4aa9-b599-b3df889b2b65,1970-01-01,0,Tech,531.62,ESP,IND,1,1,1,0,1
sdv-id-dJnxUa,3665de1b-b2e3-4ad9-a4e0-4880afd13c73,1970-01-01,0,Travel,2260.69,ESP,ITA,1,1,0,1,0
sdv-id-MDNEFB,ded89c47-bb88-454e-bf96-8d71818270d2,1970-01-01,0,Travel,1917.52,ESP,VNM,0,0,1,0,1
sdv-id-vAuLjs,a9274d42-288a-4e51-974d-930e0e0f6619,1970-01-01,0,Tech,783.38,ESP,IND,0,1,0,1,0
sdv-id-wLQVUm,06c4f4a2-218a-47c0-9447-c810238aa954,1970-01-01,2,Retail,1825.4,ESP,CHN,1,0,0,0,0
sdv-id-qcbxGJ,ba266e87-432f-474f-91b7-2a5c10dd6f06,1970-01-01,1,Tech,2333.25,ESP,JPN,0,0,1,1,1
sdv-id-hnylmw,9f88be6e-a0cc-4aff-8e7e-9ac831b4709c,1970-01-01,0,Food,2182.58,ESP,ARE,0,0,1,1,0
sdv-id-AEPCYu,719d722f-2dc4-4065-98fb-d54243b76bf2,1970-01-01,0,Gaming,1723.84,ESP,UKR,1,0,0,0,1
sdv-id-reoCwe,5bcc7bfb-40e6-4eed-a414-f2c5d9743ff0,1970-01-01,1,Travel,465.66,ESP,RUS,1,0,1,1,1
sdv-id-KwPSrZ,7d9c03c7-73de-4a56-95ee-f366bc76b752,1970-01-01,0,Food,1353.13,ESP,VNM,0,0,1,1,1
sdv-id-mLVlSL,e9c7eb29-d9ad-49e0-b16a-8466dd0a4a6e,1970-01-01,0,Tech,1079.05,ESP,VNM,0,1,1,1,0
sdv-id-ZfNspF,d8302225-0885-4bcf-b57e-cb8e4cf83b40,1970-01-01,0,Travel,2404.24,ESP,ITA,1,1,0,1,0
sdv-id-eNbecr,07a76739-609e-4d33-ad92-abbf65c51c9a,1970-01-01,0,Food,1124.71,ESP,ITA,0,1,0,1,0
sdv-id-NMTasH,9c7faca6-2e67-4784-b02b-7014adab2c2f,1970-01-01,3,Food,2493.24,ESP,JPN,1,1,0,0,0
sdv-id-rjrcjw,afc8d769-026e-4d11-8251-d2f020a89260,1970-01-01,5,Tech,5.3,ESP,ITA,0,1,1,1,0
sdv-id-YXuDnf,f8db37f6-c3bc-4ca7-a906-567dd28b829a,1970-01-01,0,Retail,15.26,ESP,IND,1,0,1,1,0
sdv-id-PAudHi,7a4a902f-21d6-4b0f-b1ac-040d6c1cc405,1970-01-01,5,Food,72.73,ESP,CHN,1,1,0,0,1
sdv-id-ETQGVL,7a5d7c82-86c5-447c-851a-00393803dcee,1970-01-01,1,Gaming,1868.91,ESP,RUS,1,0,0,1,1
sdv-id-onoIhd,42650798-4b80-4fa6-bab1-fa122d5737a0,1970-01-01,0,Tech,2205.37,ESP,NGA,1,1,1,0,1
sdv-id-cwbGOe,8e6a0b5e-dd0f-43e8-b4a9-b142990e3a80,1970-01-01,1,Food,1411.3,ESP,JPN,0,0,0,1,0
sdv-id-cMxEsJ,8768a84f-a76a-4de6-8e9e-1a11fcbb4e59,1970-01-01,0,Travel,1302.67,ESP,IND,0,0,1,1,0
sdv-id-KIOjgr,387ae2d2-b4ce-43c1-8333-fe5aec6808bc,1970-01-01,5,Tech,104.74,ESP,GBR,0,0,0,0,1
sdv-id-GAKsSH,ae92d5ea-6964-45b4-868c-1237ac1796a6,1970-01-01,0,Travel,1271.74,ESP,FRA,0,1,0,0,1
sdv-id-xnBEjb,fc1b3217-83eb-4e95-9891-0c365dc57345,1970-01-01,2,Retail,1007.22,ESP,BGD,1,0,0,1,0
sdv-id-SEEVxi,86379f04-d9ee-4dc9-87cf-eca822b9f24c,1970-01-01,0,Food,2377.26,ESP,BRA,1,0,1,0,0
sdv-id-xsfvLt,a4bbf962-606e-4e1c-8f15-84494f40c22f,1970-01-01,0,Food,592.66,ESP,PRT,0,0,1,0,1
sdv-id-LBVrpS,9381ebb3-a7f2-407e-b821-947c43a7320c,1970-01-01,0,Tech,1031.32,ESP,CHN,1,1,0,1,0
sdv-id-YFjJaT,c651a34f-5a0f-4cdb-a75a-c9d60b9f97a5,1970-01-01,2,Tech,656.28,ESP,FRA,1,1,1,1,0
sdv-id-ytnRaK,4cca3dda-7cbb-4627-9929-c7c73709d7d3,1970-01-01,5,Tech,1223.24,ESP,UKR,1,1,1,0,1
sdv-id-XpOoVn,c524a1be-a6bb-451c-85d8-acf312a7186c,1970-01-01,1,Gaming,1062.07,ESP,BGD,0,1,1,0,0
sdv-id-GdexNV,2e057f79-1cf8-403f-802b-1bf4b8ff615c,1970-01-01,0,Tech,1389.93,ESP,NGA,1,1,0,1,0
sdv-id-PUtLoP,8366c189-cd8d-4f75-9df4-4d3ef26f9b19,1970-01-01,0,Food,1011.94,ESP,UKR,1,1,0,1,0
sdv-id-HxTyOI,6828e25c-9307-436e-aeec-de56dd94b1cc,1970-01-01,0,Gaming,492.13,ESP,CHN,0,0,1,0,1
sdv-id-XuCxzd,14cb0564-0743-4c3b-9d20-c3bfd342af08,1970-01-01,0,Gaming,2029.96,ESP,ITA,0,1,0,0,0
sdv-id-ZzreMj,72fcc072-544c-4132-9af9-7493e8e46b31,1970-01-01,0,Travel,2274.25,ESP,JPN,1,0,1,1,0
sdv-id-JJCLhk,55545bb9-7622-459a-9d20-525ebbdcdd1f,1970-01-01,0,Gaming,2059.64,ESP,ITA,1,0,0,0,1
sdv-id-VpJktB,ee926321-245f-4d94-aac1-4fd1eb74e721,1970-01-01,0,Retail,1957.7,ESP,BRA,1,1,0,1,1
sdv-id-JMCDeE,a3bdd4d6-0a01-48b6-8ab6-3e0f3cfbc642,1970-01-01,0,Food,660.05,ESP,DEU,0,0,1,0,1
sdv-id-hEvhct,372f9fb6-041b-4c79-8014-680432de3097,1970-01-01,0,Food,1691.12,ESP,USA,1,0,0,1,0
sdv-id-vjuivz,7f37c8f7-5dfe-477c-9ea0-f4f1d8355a00,1970-01-01,0,Retail,25.32,ESP,USA,1,1,1,1,0
sdv-id-ImEUPz,924d4a86-efed-4e52-b9f7-3374e92af09b,1970-01-01,0,Food,1316.13,ESP,NGA,0,1,1,1,0
sdv-id-JVazai,0af875b2-43fe-4d09-9407-3daa68db3370,1970-01-01,0,Gaming,2275.65,ESP,NGA,1,0,1,0,1
sdv-id-fufFOp,710fc415-8f7c-4071-afef-2c5dd7021edd,1970-01-01,0,Retail,254.19,ESP,DEU,0,0,0,0,0
sdv-id-MBsqsj,773fbb30-107d-4224-893a-55d2e3a71aee,1970-01-01,0,Food,110.17,ESP,PRT,0,1,0,1,1
sdv-id-kEeJoM,6fc1aaeb-340c-48c9-9b96-4db13c7686e5,1970-01-01,0,Gaming,990.27,ESP,ESP,0,0,0,1,1
sdv-id-lMUbQI,cca8f708-df77-41cc-85d1-cfbdd2ec8e7a,1970-01-01,0,Tech,2059.32,ESP,ARE,1,1,0,0,1
sdv-id-etcMdg,043d72db-1bcb-404c-a1d8-b96a62ada157,1970-01-01,0,Retail,1098.03,ESP,CHN,0,1,1,0,0
sdv-id-GzUyjV,683c510e-d2ef-493b-a9d6-bb7e361db014,1970-01-01,1,Travel,1728.96,ESP,ARE,0,1,1,0,1
sdv-id-xPcKnE,d498ede9-d286-46ac-ac42-6e1a88ad3de9,1970-01-01,0,Food,88.93,ESP,GBR,1,1,1,1,0
sdv-id-pOrXOF,ee426792-ce2c-46df-8051-01e5a7b85447,1970-01-01,0,Tech,894.93,ESP,PRT,0,1,1,1,0
sdv-id-IyllFx,ff4c2889-d794-40de-871d-a96db543e8c5,1970-01-01,2,Food,794.43,ESP,RUS,1,1,0,1,0
sdv-id-UISlYI,043d72db-1bcb-404c-a1d8-b96a62ada157,1970-01-01,1,Retail,1450.39,ESP,UKR,0,0,0,1,1
sdv-id-rWqLWA,9ef8b5a9-b792-4f65-a7f7-aba406174c62,1970-01-01,0,Retail,83.85,ESP,CHN,1,0,0,1,0
sdv-id-XASNyx,a71a0595-97ff-4ccc-9c05-fa819e082083,1970-01-01,0,Food,1993.4,ESP,UKR,0,0,0,0,1
sdv-id-FhZlWm,c68da4b2-f613-4da0-96f4-01e5c1e9c4fa,1970-01-01,0,Gaming,632.41,ESP,PRT,0,1,0,1,0
sdv-id-PGXUzl,1c3892e8-f2cf-4d63-80ab-4b7f2e968660,1970-01-01,3,Retail,965.42,ESP,VNM,1,1,0,0,0
sdv-id-yDAzrs,6c5b07b6-f127-47bd-b862-32528c45b36c,1970-01-01,0,Retail,559.55,ESP,DEU,0,0,0,1,1
sdv-id-pnfJkn,5d822e3a-6c6d-482b-a9e0-8370abf7a5d0,1970-01-01,0,Travel,57.46,ESP,VNM,0,0,0,1,1
sdv-id-dalzjp,727c1301-f2a9-40fe-85d9-b1ba2e528b8b,1970-01-01,2,Food,111.85,ESP,NGA,0,0,0,0,0
sdv-id-HWNAUG,cbd725f2-ec66-455e-9309-c42a762e0da3,1970-01-01,0,Gaming,1747.99,ESP,UKR,0,1,0,1,0
sdv-id-CBZtCS,1422373f-8622-48d1-a683-e10796c044d0,1970-01-01,0,Gaming,2052.77,ESP,PRT,0,1,1,1,0
sdv-id-PSPMOR,0f0d6fae-b447-4f55-ad45-b4e7d0fd2034,1970-01-01,0,Tech,499.28,ESP,ARE,0,0,0,0,1
sdv-id-OtrFoH,84c2f2c4-efb0-4e3b-acb5-0ab92c23b779,1970-01-01,0,Travel,255.3,ESP,FRA,1,0,1,1,0
sdv-id-Trwrdj,86a6d4ba-753e-4ae7-969e-c677c81b5f7d,1970-01-01,0,Food,1515.24,ESP,VNM,0,0,1,0,1
sdv-id-yVLJri,24a0aaad-b436-48fb-b21e-afabf64909e8,1970-01-01,4,Retail,796.27,ESP,ITA,0,0,1,1,0
sdv-id-lcVAhF,6e3a0ba8-ac8d-4c7d-b2a6-e468d02b1243,1970-01-01,4,Travel,1737.88,ESP,ESP,1,1,0,0,0
sdv-id-CrddAG,ed46d087-c77a-4ed5-aadf-f94193c29f31,1970-01-01,0,Food,1092.41,ESP,PRT,0,0,0,1,1
sdv-id-akjOiM,c4829b71-ae84-481c-ae0f-b5b38bae591e,1970-01-01,1,Travel,1824.32,ESP,BGD,1,1,1,1,0
sdv-id-HkLtfC,de78c603-8ca3-4793-8d97-bade647a96e9,1970-01-01,0,Travel,1554.85,ESP,GBR,0,0,0,1,1
sdv-id-vdeWBe,7394988f-847f-49b4-a64d-1bcb702753a1,1970-01-01,0,Gaming,551.01,ESP,UKR,0,1,1,1,0
sdv-id-mZxZaw,25b85a8e-2fa0-4dbd-811e-6a9de6aa2fe6,1970-01-01,0,Gaming,2462.22,ESP,FRA,0,0,0,0,1
sdv-id-paeffT,199ae3da-aae3-4bc0-8a19-54ec4a3fcfda,1970-01-01,0,Tech,334.71,ESP,UKR,0,0,1,1,0
sdv-id-xQdzxh,d98f5e83-cf5b-494d-92cc-48539cef5ef4,1970-01-01,0,Food,1068.43,ESP,ITA,0,1,1,1,1
sdv-id-MpFBxz,c3933447-f3dc-40bf-8486-0bee8bef4a76,1970-01-01,0,Retail,1204.86,ESP,IND,0,1,0,1,0
sdv-id-ldytpd,0c06df90-aa1c-4023-b164-423549a2afde,1970-01-01,0,Travel,1633.72,ESP,PRT,0,1,1,1,0
sdv-id-JJnxYb,fcce3ef8-a41b-44c2-8ecc-b0ab7d5338ca,1970-01-01,0,Food,2226.77,ESP,NGA,1,1,1,0,1
sdv-id-jdqtQR,730ad7de-27af-4ff9-87f8-9f6211a1e557,1970-01-01,0,Gaming,2346.21,ESP,PRT,0,1,0,1,0
sdv-id-JmfhiV,fe034a0e-74cd-473b-816b-44e19d4a305f,1970-01-01,0,Retail,963.35,ESP,DEU,0,0,0,0,0
sdv-id-fbOeRU,345512f7-01f7-47ec-8e06-30cd996d5c50,1970-01-01,0,Food,882.52,ESP,CHN,0,1,1,0,1
sdv-id-dcHkhT,c2045288-3bde-4b66-b01c-3f0c9b43324c,1970-01-01,0,Food,455.74,ESP,UKR,1,0,0,1,0
sdv-id-SCAfTC,30b69f93-c438-4125-a54d-befee1dd8d91,1970-01-01,0,Tech,101.01,ESP,FRA,0,0,0,1,0
sdv-id-XYSouB,92004957-b161-4d16-a9a0-02a45acd1e90,1970-01-01,4,Travel,2127.95,ESP,USA,1,0,1,0,0
sdv-id-fOpzIs,8c57a277-01d9-49b4-8bf8-f29e3b30ee97,1970-01-01,0,Tech,1552.31,ESP,ESP,1,0,0,0,1
sdv-id-hNKLqZ,295c1b59-3807-4a8e-be3b-eb35e1ebef9c,1970-01-01,4,Gaming,1257.23,ESP,BRA,0,0,0,0,0
sdv-id-nJVRPR,a99c37b3-a419-4fe4-85db-19d7cfbf3d39,1970-01-01,0,Gaming,1252.43,ESP,ITA,1,1,1,0,0
sdv-id-kKpleE,6f082598-e1b4-47ef-9f8a-4862ff68ef1a,1970-01-01,0,Tech,1404.54,ESP,UKR,0,1,1,0,1
sdv-id-wArAPo,712b8f43-0040-45e1-bcc1-425173833649,1970-01-01,0,Gaming,996.04,ESP,VNM,1,1,1,1,0
sdv-id-VMKSvM,73c7fd75-1bb9-4499-b6ee-a1cf8becc264,1970-01-01,0,Retail,768.76,ESP,RUS,0,1,1,0,1
sdv-id-ocZJdH,0ef473a2-900d-4f16-80e0-32006197337c,1970-01-01,0,Retail,612.5,ESP,GBR,0,1,0,0,1
sdv-id-ztvHnA,87cef9a2-9b75-459c-bf09-338c422aaaa7,1970-01-01,0,Travel,390.47,ESP,NGA,0,1,0,1,0
sdv-id-luHomV,66db005e-9488-4285-ac88-d2576831429e,1970-01-01,0,Retail,338.1,ESP,BGD,0,1,1,1,0
sdv-id-iaIDDT,38dd71fd-4b29-4ee5-9807-6bffbcae99f6,1970-01-01,0,Retail,1771.21,ESP,RUS,0,1,0,1,1
sdv-id-kvllpC,35b30874-591c-428f-b754-c5ec60a78c20,1970-01-01,0,Tech,478.16,ESP,ESP,1,0,0,0,0
sdv-id-hAtBVU,ceb7803e-c3fc-4c0e-95c2-c94db3fdc2b8,1970-01-01,0,Tech,1282.73,ESP,JPN,1,0,1,0,1
sdv-id-lLxvva,7500d6ef-0453-4b6d-be9d-21c3c5e98866,1970-01-01,0,Travel,663.38,ESP,GBR,1,1,0,0,1
sdv-id-xQOKuM,430b1057-42fb-4cf1-9c05-dceef49c66f4,1970-01-01,1,Gaming,2201.87,ESP,RUS,1,0,1,0,1
sdv-id-YdZulD,3150c323-8782-4633-a01d-9aeb52060f1c,1970-01-01,0,Food,2241.61,ESP,PRT,1,1,0,1,0
sdv-id-wdHRvj,6cbdd931-2f90-4058-b9ca-28265af56a23,1970-01-01,0,Travel,1490.39,ESP,IND,0,1,1,1,1
sdv-id-jssUoW,81f7f3fb-19e4-4c6a-89c2-3e69d82c7565,1970-01-01,0,Food,51.75,ESP,JPN,0,0,0,1,1
sdv-id-vCycQy,19a6f80e-f08c-46c2-b6ff-3521c2250530,1970-01-01,0,Retail,1559.16,ESP,JPN,1,1,0,0,1
sdv-id-ldTPww,399b29fc-5f5c-44f9-9d73-1175e207dbb6,1970-01-01,1,Travel,661.47,ESP,UKR,0,1,1,1,0
sdv-id-IuzLSL,6e3a0ba8-ac8d-4c7d-b2a6-e468d02b1243,1970-01-01,0,Tech,2257.71,ESP,JPN,0,0,1,0,1
sdv-id-AOEYqb,a3506764-37af-463b-82ac-1c61c9eaa5b9,1970-01-01,0,Gaming,721.76,ESP,PRT,1,1,1,1,0
sdv-id-ygAoyN,a7d4cf50-f791-41e5-83f9-cd6b797ebe87,1970-01-01,0,Gaming,757.01,ESP,UKR,1,1,1,0,1
sdv-id-pUSUpR,bec094b8-b02d-45b4-bccc-d4b3055c1cac,1970-01-01,0,Tech,513.12,ESP,USA,0,0,1,1,0
sdv-id-pNlWmn,9e009ef4-5bab-4aec-bcfc-206b6bc515b3,1970-01-01,0,Travel,86.55,ESP,ESP,1,0,1,0,1
sdv-id-aIoHVl,9452f39a-9c7d-4944-89f4-f37c96cb832e,1970-01-01,2,Gaming,689.2,ESP,RUS,1,1,1,1,0
sdv-id-GNbAhD,671fa59b-8730-430c-af6c-9f3664f92ef3,1970-01-01,0,Tech,680.36,ESP,FRA,0,0,1,0,0
sdv-id-bINcZS,0143d636-fd54-425b-899d-6cd2e7232e8a,1970-01-01,0,Tech,306.29,ESP,VNM,1,1,0,1,1
sdv-id-jhJvct,9ad75b94-6634-43e9-9317-d8c91060573a,1970-01-01,0,Retail,694.15,ESP,NGA,1,1,0,1,0
sdv-id-kmaxGT,809c109e-37d0-4024-943f-b0866e4ffb1c,1970-01-01,1,Food,2476.23,ESP,JPN,1,1,0,0,1
sdv-id-eIqYgU,a3ad0476-286f-456a-8207-eff89528688e,1970-01-01,0,Travel,705.28,ESP,BGD,1,0,1,1,0
sdv-id-xwJUgW,7d05121c-ceee-4d65-9904-8ca79291e493,1970-01-01,0,Gaming,1847.02,ESP,RUS,1,0,0,0,1
sdv-id-tSlhRj,cbfae8d6-b4ed-4d1d-82f1-287bbf2dcfcb,1970-01-01,2,Food,66.52,ESP,BRA,1,1,0,1,0
sdv-id-kcoXsh,3a5b6ac5-de70-4b72-b8f5-8a261924c644,1970-01-01,0,Retail,1027.64,ESP,ITA,1,0,1,1,0
sdv-id-PZFipq,eb078653-af87-4674-adc1-e2f75de470f7,1970-01-01,0,Tech,1427.34,ESP,ARE,1,1,0,1,1
sdv-id-iqjYTm,2a38746e-528f-4346-9569-064107c4d918,1970-01-01,0,Travel,2460.19,ESP,BGD,0,1,1,1,1
sdv-id-LmYOdQ,81b85934-af37-4cf9-af2b-5e3109db40a9,1970-01-01,0,Travel,1298.41,ESP,ARE,0,1,1,1,0
sdv-id-noOpmK,9145aa38-7722-4c2c-b6b9-ca355430c8c3,1970-01-01,0,Food,2404.95,ESP,NGA,0,1,1,0,1
sdv-id-cqBIij,61dc1d58-1ca8-4afb-99cb-1e018a40b5cd,1970-01-01,4,Gaming,1845.86,ESP,FRA,1,0,0,0,0
sdv-id-yZVNJA,4c66d04f-64b1-4c49-8c0c-f61e9cc10bd8,1970-01-01,4,Food,674.27,ESP,UKR,0,0,0,1,0
sdv-id-YehZgV,15183e2c-3cca-4de2-b5c1-accc137d97fc,1970-01-01,0,Food,1930.41,ESP,USA,0,1,0,0,1
sdv-id-fXttDy,34b55b86-48a8-4587-a2c9-f4fcf686cfa7,1970-01-01,0,Food,1746.18,ESP,PRT,1,1,0,0,1
sdv-id-MdjNEv,e08596db-1d87-4966-8710-d430f071d879,1970-01-01,0,Travel,964.83,ESP,PRT,0,0,1,1,0
sdv-id-IJusIY,225b74ad-f519-4b52-b718-31f3d527189b,1970-01-01,0,Retail,744.39,ESP,RUS,0,0,0,0,1
sdv-id-NpcnXd,6ea28b15-d0a7-43b9-a7ea-ae636f850440,1970-01-01,1,Tech,843.71,ESP,RUS,0,0,0,1,0
sdv-id-QNfEGj,b3b5ab5c-9fb8-44b8-81e3-91497f309761,1970-01-01,0,Travel,1312.81,ESP,FRA,0,0,1,1,0
sdv-id-DEQPRr,00b02a82-7054-4f5f-950f-5effdc5136e4,1970-01-01,4,Tech,1439.25,ESP,ARE,0,1,1,0,1
sdv-id-KMQmjE,2ba95b90-9654-45e4-ba65-860330b6857a,1970-01-01,0,Retail,2434.3,ESP,GBR,0,0,1,1,0
sdv-id-ElQpLx,77b5520f-b02e-41d7-87e7-5b710a9d484c,1970-01-01,5,Retail,1720.14,ESP,BRA,1,0,0,1,0
sdv-id-njvemR,5c69ee49-712c-4126-b222-504f02bb6d94,1970-01-01,0,Tech,1200.04,ESP,BGD,0,1,0,0,1
sdv-id-OHQWcC,dc32f8a0-6a75-40e2-8e52-309da46a07c2,1970-01-01,0,Gaming,397.55,ESP,RUS,1,1,0,1,0
sdv-id-aYyuJl,3e59034b-c1da-4b7d-adb2-094bbce7e298,1970-01-01,2,Tech,2378.17,ESP,BGD,1,0,0,0,0
sdv-id-sMCpEd,ab16b1fd-14ca-428c-9336-eb2833ba1e1b,1970-01-01,0,Food,31.58,ESP,BGD,0,1,1,0,1
sdv-id-nEjdkh,95935df6-c6c2-46af-8aff-e799617d7629,1970-01-01,0,Gaming,2428.69,ESP,IND,1,0,1,0,1
sdv-id-KDDDKH,8ed8a80d-84cf-4e39-bf31-c29f82bbad84,1970-01-01,1,Travel,602.17,ESP,NGA,0,0,0,0,1
sdv-id-GzQzmL,a9d500dd-2140-4672-a3b9-7f36c0793f64,1970-01-01,0,Retail,1374.15,ESP,DEU,1,0,1,0,0
sdv-id-pfmVPs,62186d10-3ef3-45be-abee-4c80a7698b2d,1970-01-01,1,Gaming,1122.04,ESP,CHN,0,0,1,1,1
sdv-id-rShnXV,559a8f54-c559-4d0f-abff-c53f0e50f355,1970-01-01,0,Travel,567.1,ESP,USA,0,0,1,0,1
sdv-id-ZadnlK,81f7f3fb-19e4-4c6a-89c2-3e69d82c7565,1970-01-01,5,Gaming,1676.11,ESP,DEU,1,0,0,0,1
sdv-id-GLWAse,2f542dc6-9a24-4eb8-a295-b0414bfaf1db,1970-01-01,0,Travel,1981.91,ESP,BGD,1,1,1,1,0
sdv-id-rddjTu,9a2363fe-6901-488c-bd8a-3090353a044d,1970-01-01,0,Tech,1211.28,ESP,FRA,1,0,1,1,0
sdv-id-mNbMyv,62534b28-e479-49dd-ba68-e69f2c8b2151,1970-01-01,1,Gaming,1088.31,ESP,DEU,1,1,0,1,0
sdv-id-jwlEED,ca5e151b-23d3-4d4c-bd5f-f093c16f9bcc,1970-01-01,0,Food,325.45,ESP,GBR,0,0,1,0,0
sdv-id-edUhVT,2e0ef4aa-e65e-4ac3-b2b6-f533c5cc0fb0,1970-01-01,4,Retail,243.52,ESP,IND,0,1,0,1,0
sdv-id-dBDJGk,dabf984e-53ff-4461-aa1f-1b61265cb9d9,1970-01-01,0,Tech,1860.68,ESP,GBR,0,0,1,1,0
sdv-id-VVhMyP,ca23792c-ac55-4173-a2a7-3ff5e498d1a8,1970-01-01,0,Tech,501.92,ESP,BGD,0,0,1,0,1
sdv-id-pFdVzd,2947fd26-274a-47a7-8b61-8d75aa964dfb,1970-01-01,0,Retail,2006.13,ESP,RUS,0,0,0,1,0
sdv-id-mMhnPE,b4d713fb-d5b7-4c6e-9c13-1f79114e16d5,1970-01-01,4,Gaming,1030.1,ESP,CHN,0,1,1,0,1
sdv-id-RgOKYf,e2fef46e-6a06-4108-934f-86eff0719a6a,1970-01-01,1,Tech,2030.05,ESP,NGA,1,0,0,1,0
sdv-id-hxaLtE,4d3485c5-c5c1-4eb4-b27b-3d901a16342c,1970-01-01,5,Gaming,1410.98,ESP,GBR,1,0,0,0,1
sdv-id-pRdwKV,c3c49506-1e8e-46ed-8748-03793ea7f419,1970-01-01,0,Food,1799.91,ESP,USA,1,0,0,0,0
sdv-id-wseylB,df42eabd-604f-4c8d-961a-9968230a37e5,1970-01-01,4,Retail,610.61,ESP,IND,0,1,1,1,1
sdv-id-miArMV,42cc32f8-23c0-490e-a341-0b6f7603ccca,1970-01-01,0,Food,148.15,ESP,BRA,0,1,0,0,1
sdv-id-ZaDysD,fd508f47-652a-476a-b319-23cb15eb89a8,1970-01-01,1,Food,1563.01,ESP,ITA,1,1,0,0,1
sdv-id-FyfnsO,635d8150-d8dc-43a5-b09a-8327891d47fe,1970-01-01,4,Gaming,1628.09,ESP,BRA,1,1,0,0,1
sdv-id-aVDwpL,6f619f65-9ae7-43fd-a3cb-56b8d400f069,1970-01-01,0,Travel,2299.99,ESP,RUS,0,0,1,0,1
sdv-id-WHJXxZ,6fd8440a-5283-489c-831f-37eb2c981221,1970-01-01,0,Retail,141.02,ESP,IND,0,1,0,1,0
sdv-id-fhUnvI,9d11421a-894b-40af-861c-52c2186d5e1c,1970-01-01,0,Retail,102.84,ESP,USA,0,1,1,1,1
sdv-id-tktmaY,bd9ab6d9-7d36-45b9-b0d1-701b1ecfcd89,1970-01-01,0,Retail,601.54,ESP,GBR,1,1,1,1,0
sdv-id-PjlHUn,4187222b-257d-4e52-9a51-65ca3c7c1d85,1970-01-01,0,Gaming,665.63,ESP,FRA,1,1,1,1,0
sdv-id-seFUnx,5ba0c3e0-33a0-4aa7-b91e-5fcd85ece729,1970-01-01,0,Retail,423.74,ESP,GBR,1,0,0,1,0
sdv-id-uOTmZr,683a755e-f23e-4b0b-8209-5583e03f7c17,1970-01-01,5,Travel,919.72,ESP,VNM,1,0,1,1,0
sdv-id-bHiycO,97154633-9d4e-4b71-ab2e-c80e4c255823,1970-01-01,0,Tech,366.77,ESP,UKR,0,1,1,1,0
sdv-id-VaUuXf,a4c487d5-5b46-4364-816d-ea2630890e76,1970-01-01,5,Food,478.91,ESP,CHN,1,1,1,1,1
sdv-id-PuTsbk,afd0d2f7-e352-4444-af04-af36567c5d44,1970-01-01,0,Travel,961.99,ESP,FRA,0,0,1,1,0
sdv-id-XKjYGu,a9d500dd-2140-4672-a3b9-7f36c0793f64,1970-01-01,0,Food,499.61,ESP,RUS,0,1,0,0,1
sdv-id-Gxisat,8eed7ac9-76f3-46e1-ba33-3fa4fed1aaf9,1970-01-01,0,Travel,235.14,ESP,ITA,1,1,1,1,0
sdv-id-qJrJVw,48376b93-dde4-4e4f-83a3-01d05046f4a1,1970-01-01,0,Food,1357.72,ESP,UKR,1,0,1,1,0
sdv-id-Mccwbe,17f13397-2905-4e7d-abf2-3fc073939a80,1970-01-01,0,Retail,1405.02,ESP,ESP,0,0,1,1,1
sdv-id-ohpSbn,7ddc44f5-deaf-4631-908a-bb5c018c0313,1970-01-01,5,Retail,1943.81,ESP,NGA,0,0,1,0,1
sdv-id-URybgC,6f110436-b3c2-4ec5-be66-c4fa35edff38,1970-01-01,5,Gaming,340.61,ESP,VNM,0,1,0,1,0
sdv-id-GRfIrs,08cd3d26-6d60-4651-818e-dbdfb4c0b8de,1970-01-01,0,Tech,2448.54,ESP,ITA,0,1,0,0,1
sdv-id-evMbCP,262edf5e-0f4f-4d2b-b039-d524089742f0,1970-01-01,4,Gaming,851.04,ESP,DEU,0,1,1,0,0
sdv-id-eJxpDB,e3f9899a-62ba-4966-b388-cf1bd0f383cd,1970-01-01,0,Tech,329.38,ESP,GBR,0,1,1,1,1
sdv-id-TQCOmq,a05ff5e6-c534-4e41-b6d6-dc3938227b0d,1970-01-01,0,Food,1614.19,ESP,IND,1,0,0,1,1
sdv-id-iFTmdx,bab2b77d-fa74-4cc8-a43a-fb7ac40d4874,1970-01-01,0,Travel,344.41,ESP,BRA,1,1,1,0,1
sdv-id-gtylZL,4830effe-dd8a-4f0a-9278-f380b3510ddc,1970-01-01,1,Tech,1549.67,ESP,ITA,0,0,1,1,0
sdv-id-OqjMxc,aa8fd309-32d9-4235-839c-ee9fdfbe5c01,1970-01-01,0,Travel,2138.26,ESP,BRA,1,0,1,0,1
sdv-id-tLVAHR,ac0798c7-d657-4ecb-9529-885a0444c6f1,1970-01-01,2,Travel,1056.78,ESP,PRT,1,1,0,0,1
sdv-id-xzjvDQ,8a02711e-02f3-44d0-aeb8-c6eb700affff,1970-01-01,5,Tech,1311.96,ESP,USA,0,0,0,0,1
sdv-id-aeuwLE,08e5ed83-f8d4-466f-999a-20f181dcd57c,1970-01-01,3,Food,2390.5,ESP,ITA,1,0,0,1,0
sdv-id-vmSyJI,372f9fb6-041b-4c79-8014-680432de3097,1970-01-01,0,Tech,550.57,ESP,DEU,1,0,0,0,1
sdv-id-zBUSPH,3506e337-683d-41a9-814b-069c45ce5149,1970-01-01,3,Tech,373.73,ESP,ARE,1,1,1,1,1
sdv-id-JAxHdV,ac1cfcfc-f1c0-46ba-95ff-7d9dbd5a0760,1970-01-01,0,Food,784.48,ESP,UKR,1,1,0,0,1
sdv-id-JmRpmz,934fa5c8-8ac0-48d3-a0d0-2f5a24d6281f,1970-01-01,0,Retail,2126.53,ESP,JPN,0,1,0,0,1
sdv-id-tPVQRL,73b9c2ac-0134-476b-8ed9-fa95a26e865b,1970-01-01,0,Food,368.94,ESP,ESP,1,0,0,1,0
sdv-id-cdoZjQ,107aad8b-821a-4ae4-a684-8d4a6b253e7b,1970-01-01,0,Retail,1843.51,ESP,JPN,1,0,1,1,0
sdv-id-KAVQKU,e827a1b9-d4a0-4e53-ad3e-e1dc81392443,1970-01-01,1,Food,1645.2,ESP,NGA,0,0,0,1,0
sdv-id-RJeBWC,cad04982-ceb2-4a32-b189-727f6a8d8a70,1970-01-01,1,Travel,644.89,ESP,FRA,0,1,0,1,0
sdv-id-heGmKE,dc7639e5-8a79-4c75-ae20-6e6f7e460b4e,1970-01-01,0,Tech,1636.65,ESP,DEU,0,1,0,1,0
sdv-id-gOHIWh,e5d06bcf-596d-48dc-b94b-5576f8876d7d,1970-01-01,0,Gaming,1007.94,ESP,ARE,1,1,1,0,1
sdv-id-dZTaOn,6f25222d-dd6f-4420-9237-7609f47bc25b,1970-01-01,0,Gaming,992.8,ESP,FRA,1,1,0,0,0
sdv-id-FIftnK,ec7ef0ab-e1a2-4ffa-b7ed-70cff111be9e,1970-01-01,1,Gaming,1661.97,ESP,USA,0,0,1,0,1
sdv-id-zSLWvr,eac80da1-de9f-4f5b-b2d3-545861ea2f30,1970-01-01,0,Gaming,182.3,ESP,UKR,1,1,0,1,0
sdv-id-VFjeCp,0c8b2089-a94c-4612-9e9b-e593525706d0,1970-01-01,0,Travel,1949.4,ESP,USA,0,0,0,1,0
sdv-id-wmtQpZ,c9ce44bd-7c3f-4add-9a38-5db590eeb067,1970-01-01,1,Travel,465.9,ESP,ESP,0,1,0,1,0
sdv-id-molUmd,df865633-ab7a-4b66-b4ac-c7e2fa575cea,1970-01-01,3,Gaming,812.58,ESP,ARE,0,1,0,1,0
sdv-id-srUkWv,0ba40fdb-105f-4f51-b0af-70d24e3e4f5f,1970-01-01,0,Food,2147.31,ESP,FRA,0,1,1,0,1
sdv-id-EcxFzY,e5228d31-0d9a-4fce-9d7c-f46d3836613c,1970-01-01,0,Retail,1482.39,ESP,BRA,1,1,0,0,1
sdv-id-nZTQLy,2099d180-8762-4997-a49f-7d888989c5ab,1970-01-01,0,Tech,1643.5,ESP,UKR,0,1,0,0,1
sdv-id-djKffX,6522e8b9-8aad-4665-af30-141d3505c563,1970-01-01,0,Food,100.24,ESP,ARE,1,0,0,0,1
sdv-id-LmiQCt,c8cd015b-5dc8-48f0-8c8d-f318b7609e4c,1970-01-01,5,Tech,1756.07,ESP,BRA,0,0,0,0,1
sdv-id-HOuNoW,e921f231-72ea-4e11-b32d-e5305ade80d4,1970-01-01,0,Food,147.5,ESP,FRA,1,0,0,1,0
sdv-id-KhoEnP,55f3ad50-e2fb-4984-bab2-7bcea39c3bd5,1970-01-01,1,Gaming,681.54,ESP,NGA,0,0,0,1,0
sdv-id-ySnIBv,9b34c649-26f8-43c6-9886-8d4d493bafc4,1970-01-01,1,Travel,2425.45,ESP,ARE,1,1,1,0,1
sdv-id-NNkDYo,72d980c1-5a36-43df-9532-94885dd4797b,1970-01-01,0,Tech,1621.06,ESP,NGA,0,1,1,1,0
sdv-id-Wknhtr,a984af6c-6822-42cd-8e10-d0458c2506c4,1970-01-01,0,Food,926.25,ESP,BGD,1,1,0,1,0
sdv-id-tHCvLL,2213cdad-661d-4354-aa55-e9af537574b0,1970-01-01,1,Gaming,2234.35,ESP,NGA,0,1,0,0,1
sdv-id-dTvnPn,c10750bc-e6d3-4572-abf9-58614827c440,1970-01-01,3,Food,855.16,ESP,FRA,0,0,0,0,1
sdv-id-FrNBqb,27d6b2e2-9e59-4f5d-91f1-df713a84be76,1970-01-01,0,Tech,1763.23,ESP,IND,1,0,1,0,1
sdv-id-YSgWro,afca225a-fc7c-4c3e-99dc-e8191841d873,1970-01-01,5,Gaming,1884.64,ESP,FRA,1,0,0,0,1
sdv-id-siIEQW,ea74bb87-24f4-4c35-bec5-9e551b98d67e,1970-01-01,5,Food,378.93,ESP,ARE,1,1,0,0,1
sdv-id-vsMcMa,19d9d0b5-a962-4996-abbe-3b5a4d15f7d8,1970-01-01,0,Travel,1946.05,ESP,UKR,1,1,1,0,1
sdv-id-weElLp,44bd604f-b550-4e2b-8bde-7d883867f62d,1970-01-01,0,Retail,1148.11,ESP,GBR,0,0,0,0,1
sdv-id-dKHnFb,84b871bb-3005-48d2-8de0-51a669ca97d2,1970-01-01,0,Travel,466.56,ESP,ITA,1,0,1,1,0
sdv-id-qDkkUy,f7c12030-7c0e-4e33-910c-798391237a9d,1970-01-01,0,Retail,146.37,ESP,VNM,0,0,1,1,0
sdv-id-CQUxBt,89c70e18-9eb8-4096-9ccd-3552b1e0e9ad,1970-01-01,3,Gaming,1028.31,ESP,PRT,1,1,1,1,0
sdv-id-cHitLk,033ac4d6-d408-4391-a1af-0e8ed13757e1,1970-01-01,0,Retail,1100.58,ESP,ITA,0,1,1,0,0
sdv-id-hJTknH,7f6bf62c-a1c1-4b96-baab-d9f2850b7073,1970-01-01,1,Tech,433.05,ESP,PRT,1,0,0,0,1
sdv-id-tmdFIo,2403b9a9-7b2a-4997-a63a-80fd8ca0a958,1970-01-01,1,Food,1324.03,ESP,ESP,0,0,0,1,0
sdv-id-SdOMQS,e835f080-d951-4f98-a79f-2f429256d707,1970-01-01,5,Tech,1776.28,ESP,JPN,0,0,0,0,1
sdv-id-UgqbIc,7062dff6-0591-47e1-8086-08612fa83aa4,1970-01-01,0,Retail,2087.93,ESP,FRA,1,0,1,1,0
sdv-id-ZCSTGB,d32ab0f6-0cc7-454d-9fcb-995b371400c3,1970-01-01,5,Food,253.27,ESP,UKR,0,1,1,1,0
sdv-id-WrXOWj,7e59a0d1-3c51-48b0-8ff4-c2d6e0d65081,1970-01-01,3,Gaming,2026.88,ESP,BRA,0,0,1,0,0
sdv-id-ExTyJx,9be950c7-147d-4bfc-9eef-0d1e38c5ef5e,1970-01-01,2,Retail,2297.88,ESP,UKR,0,1,0,1,0
sdv-id-DzZEtt,4051dbda-d617-42cb-aabf-1a086b6de0da,1970-01-01,3,Gaming,1710.84,ESP,DEU,1,1,0,1,1
sdv-id-djmHxY,75f8e3a8-7d97-4c0f-bd56-09c4a4461663,1970-01-01,0,Food,1170.52,ESP,JPN,1,0,0,1,0
sdv-id-IyhYYQ,2c6cdb5a-ac36-4cb9-8273-be68e6c51969,1970-01-01,0,Tech,1392.54,ESP,VNM,0,1,0,1,0
sdv-id-IuLojj,4c34f9de-531b-4e76-b25f-875a047c1fe5,1970-01-01,0,Gaming,913.5,ESP,NGA,1,1,1,0,1
sdv-id-QnykGr,2323f3de-92f0-428e-892b-3dc3a937dfd6,1970-01-01,4,Travel,128.76,ESP,BGD,0,1,0,1,0
sdv-id-EIuuKA,f2e5cecf-9b6c-4494-a0e0-b67321b6eb84,1970-01-01,0,Food,39.19,ESP,FRA,1,1,1,0,1
sdv-id-BTaMuE,dc5cd673-c9ed-46a6-9490-5f79aa4946f4,1970-01-01,0,Gaming,146.24,ESP,USA,0,0,1,0,0
sdv-id-agWYDA,3dfa45fa-1da6-40f0-8a53-d7c4f68fa05b,1970-01-01,0,Gaming,382.83,ESP,FRA,1,1,0,0,1
sdv-id-VGgCOH,ac783741-696b-4093-8fb3-61e9cf33671c,1970-01-01,0,Travel,2087.43,ESP,PRT,0,1,0,0,1
sdv-id-AtHulZ,f413db19-bade-4d5d-afff-15ccb2dc6c34,1970-01-01,0,Food,2156.92,ESP,FRA,0,0,1,0,1
sdv-id-yCSSmH,aabb6cac-48d7-4165-8c98-7a1b59afb1d1,1970-01-01,0,Travel,1565.45,ESP,FRA,1,1,0,0,1
sdv-id-wHAYxO,5256e276-fba7-4385-a98a-fcb03ef527fe,1970-01-01,0,Gaming,1293.04,ESP,ESP,1,0,0,0,0
sdv-id-dehJpR,499441c5-ad8f-4932-aeb6-87c3b8a6ebf6,1970-01-01,1,Travel,2406.47,ESP,NGA,1,1,1,0,1
sdv-id-CmHkTn,d0154898-9187-49a0-b866-3c7ca92dcf4f,1970-01-01,0,Tech,2264.54,ESP,IND,1,1,0,0,0
sdv-id-HLeEfv,ffd8ca90-cc12-444b-bdcc-5163cf3b5aa8,1970-01-01,0,Tech,1023.15,ESP,PRT,1,0,1,0,0
sdv-id-lJKMBA,12d15585-b68e-47fa-bf17-5534cc4d5819,1970-01-01,0,Travel,726.6,ESP,FRA,1,0,1,1,0
sdv-id-wpUudC,1825068b-1199-4084-a30b-54900d536045,1970-01-01,4,Food,1729.63,ESP,DEU,0,1,0,1,0
sdv-id-eRtJCV,0e213ce5-668e-410e-8d86-2412ae8cc97b,1970-01-01,0,Retail,1949.75,ESP,RUS,0,1,1,1,0
sdv-id-tTmmCq,853d8090-2041-47ed-a13f-8740bd740fe0,1970-01-01,0,Retail,2105.83,ESP,FRA,1,0,1,0,1
sdv-id-QPSaYZ,1149544e-2bc1-43fb-a906-5b41b9be1d00,1970-01-01,5,Travel,463.79,ESP,JPN,1,0,1,0,1
sdv-id-HafATP,72fcc072-544c-4132-9af9-7493e8e46b31,1970-01-01,0,Food,307.58,ESP,FRA,0,1,0,1,0
sdv-id-NeikXw,d83940c9-7e86-47f8-93cf-44fe17c03e28,1970-01-01,1,Food,1394.1,ESP,JPN,1,1,0,1,1
sdv-id-NroGZz,1d7b8363-0db2-4722-a3bf-1f71a901bdb8,1970-01-01,0,Food,1732.62,ESP,JPN,0,0,0,0,1
sdv-id-WmEbwn,5628c13e-ea9b-45eb-b1fc-8f26466d19a5,1970-01-01,1,Tech,1391.0,ESP,PRT,1,0,0,0,1
sdv-id-pVlRCO,897e2ce5-4fe3-4b6d-befc-5196512b4c10,1970-01-01,0,Retail,1579.35,ESP,ITA,1,1,0,0,1
sdv-id-mneRUA,c7de01a9-2976-4b0f-81e0-cfaf52ca9ced,1970-01-01,0,Tech,1418.39,ESP,ITA,0,0,1,0,1
sdv-id-giXiwj,5ab68220-1c24-4102-99e5-e402fe2895ad,1970-01-01,0,Food,1373.2,ESP,BGD,0,1,0,0,1
sdv-id-bwhnJJ,65108b6f-aedb-4272-8ef2-6cacca32c1eb,1970-01-01,1,Travel,351.1,ESP,CHN,0,1,0,0,0
sdv-id-HsoVXE,a8deeb1c-281e-4259-a3d2-1a338d3bc1df,1970-01-01,0,Gaming,667.37,ESP,PRT,1,1,0,1,0
sdv-id-phWGWp,84e69ef9-a629-4bb2-9352-e5785e13ab9c,1970-01-01,3,Gaming,1768.41,ESP,PRT,0,1,1,0,0
sdv-id-hYpudw,3653e588-afd5-4fe7-a5c6-2548b169fded,1970-01-01,0,Retail,1944.7,ESP,FRA,1,0,0,1,0
sdv-id-KLHbyE,bdf71fc7-f5a7-423e-9e8e-36b58e9a6a6a,1970-01-01,0,Travel,85.57,ESP,USA,1,1,0,0,1
sdv-id-frVCLR,4cc7cda2-1f2f-487d-ad11-3faf0e3f4912,1970-01-01,1,Gaming,1423.56,ESP,JPN,0,1,1,0,1
sdv-id-gacDxx,297e86fe-3f8b-415e-b6a3-54091c20d86b,1970-01-01,4,Retail,473.48,ESP,ESP,0,0,1,0,1
sdv-id-cqtYGB,25f979cd-a101-4d68-b81a-ee5aad79b370,1970-01-01,0,Retail,1398.81,ESP,ARE,0,0,1,1,0
sdv-id-bZoGoG,8bef2ae1-f873-49cc-9213-74ecd9f56388,1970-01-01,0,Retail,1266.85,ESP,UKR,0,0,1,1,0
sdv-id-pubfkc,25f934bf-9bb9-4155-9275-eb9414aeaf5c,1970-01-01,0,Gaming,259.65,ESP,FRA,0,0,1,1,0
sdv-id-wCmwbz,3f55f644-f278-4488-a5be-290abd4fb6fc,1970-01-01,0,Travel,681.37,ESP,FRA,0,0,1,1,0
sdv-id-ZYPTTA,b60c498a-61d9-44fe-baf3-f3983deaa9c7,1970-01-01,1,Travel,232.9,ESP,CHN,0,0,0,1,0
sdv-id-kELjCA,f53ba020-be2d-48c8-9fe3-f82439d3a9cf,1970-01-01,0,Food,1180.94,ESP,RUS,0,1,0,0,1
sdv-id-pKMuoz,282a09a1-961c-4ea6-bb0a-71edd6c8cdd4,1970-01-01,0,Gaming,242.49,ESP,UKR,1,1,0,1,0
sdv-id-zyTiPL,6669f679-2d78-404b-9f93-55acec8566f0,1970-01-01,0,Food,2402.16,ESP,ESP,0,0,0,0,1
sdv-id-OOQEDC,67cbfc39-f54f-4b92-8442-906f2e16f0b6,1970-01-01,2,Gaming,2380.46,ESP,RUS,0,0,1,0,1
sdv-id-rXTXlV,2869b5ee-df18-4065-9f58-64d511655b1e,1970-01-01,0,Travel,593.5,ESP,BRA,0,1,1,1,0
sdv-id-sSllKN,51d05ef3-a918-43fc-a772-fe9f999bc859,1970-01-01,5,Retail,264.63,ESP,IND,1,0,1,0,1
sdv-id-vUMACC,1ad4ac13-5040-49fa-890d-58e579c9f246,1970-01-01,1,Tech,2360.42,ESP,USA,0,1,0,0,1
sdv-id-JxJkre,9860f848-a74b-4973-b949-54dbfb2cef68,1970-01-01,0,Tech,1937.8,ESP,ESP,1,1,1,1,1
sdv-id-CKNqKn,efc87fc9-fd8e-4c60-b0bb-79d9d9b00417,1970-01-01,0,Retail,326.98,ESP,ITA,1,0,0,0,1
sdv-id-TvGTnI,c1de6d58-518e-48fd-a252-439052a3069d,1970-01-01,1,Travel,1294.5,ESP,NGA,0,1,1,1,1
sdv-id-wsRtkn,ab28efa9-959e-477e-ae52-635d2bc4a319,1970-01-01,3,Gaming,2492.31,ESP,ITA,0,0,0,1,0
sdv-id-EUQcea,442a584a-6f8c-415f-a344-f207f0a19255,1970-01-01,1,Travel,630.64,ESP,GBR,0,0,1,1,0
sdv-id-dbnWZl,db885d27-b761-4545-a43d-0405d3c8a4d6,1970-01-01,0,Tech,2027.08,ESP,BRA,1,0,1,0,1
sdv-id-yTKXvz,1af9469a-d559-47c2-aabb-8747d88e6b86,1970-01-01,0,Food,1020.28,ESP,USA,1,1,0,0,1
sdv-id-KgqnWH,b4c313eb-7e22-4d5c-a362-53032ae72b5d,1970-01-01,0,Travel,1037.98,ESP,DEU,1,1,0,0,1
sdv-id-zqMTby,c60e35b6-6864-4e6b-b400-c7a10de825b2,1970-01-01,0,Food,773.25,ESP,JPN,1,0,0,0,1
sdv-id-HPBtmv,9fff8f80-2e01-42a2-8189-18c699a28e9a,1970-01-01,0,Food,1443.31,ESP,CHN,0,0,0,0,1
sdv-id-BgLNwL,11cfc46b-c037-4059-97f4-680169a2e466,1970-01-01,3,Tech,306.69,ESP,GBR,0,1,1,1,0
sdv-id-QajUUV,ea4d7ed8-d04a-402a-a8db-2a2c3d8a0701,1970-01-01,0,Retail,903.3,ESP,BGD,1,0,1,1,1
sdv-id-trSkxV,d8e7012f-3968-4c81-bb70-c3b8a81fdec3,1970-01-01,0,Food,2147.97,ESP,DEU,1,0,0,1,0
sdv-id-yDnHlq,c363f61f-9400-4191-91d0-6bcd195efd72,1970-01-01,0,Retail,1493.71,ESP,FRA,0,0,0,1,0
sdv-id-AwMhQP,b2288b79-5e5f-47a9-a07a-93ea640ac369,1970-01-01,0,Travel,692.7,ESP,USA,0,1,1,1,0
sdv-id-ktzPka,f1cf851b-ad02-44a0-880c-28ad0c11f642,1970-01-01,1,Gaming,1640.93,ESP,IND,0,1,1,1,1
sdv-id-FgnVis,fe7c7d6e-a8cc-4515-b862-abcfdb3437bb,1970-01-01,5,Gaming,385.21,ESP,BRA,1,1,0,0,1
sdv-id-uyhEfi,125d5ccd-a8f5-414f-a373-55f3037825ba,1970-01-01,5,Tech,455.63,ESP,NGA,0,1,1,1,0
sdv-id-twgULJ,db4862c2-d5ff-4a1f-b70b-9a290a530df9,1970-01-01,1,Travel,1863.54,ESP,JPN,1,0,1,0,1
sdv-id-ZVxBLG,16f0c19c-a894-411e-abb5-58e1cb9a6ed5,1970-01-01,4,Retail,450.9,ESP,ITA,0,1,0,1,1
sdv-id-wwQWwj,58eba462-1976-439a-907a-61a99d8feee1,1970-01-01,0,Retail,1144.73,ESP,BRA,1,0,1,0,1
sdv-id-gicCwu,3c299c68-2138-4e3c-9c69-9e1f458cf41d,1970-01-01,0,Food,1117.47,ESP,VNM,1,1,1,1,1
sdv-id-SXeORm,7a99bd76-54ed-4b70-8eb0-c86629c3d598,1970-01-01,0,Gaming,483.64,ESP,ESP,0,0,0,0,0
sdv-id-simOrH,3b108cba-bfcb-4a55-82dc-286e060cfba5,1970-01-01,0,Gaming,1051.73,ESP,BGD,1,0,0,0,0
sdv-id-EgWKRp,01667221-3063-4e7f-81ff-81d1689d1205,1970-01-01,0,Travel,1413.09,ESP,VNM,0,1,1,1,1
sdv-id-PSgoAU,acdf286c-04d4-45cb-b204-11c9e8f2b844,1970-01-01,0,Retail,198.21,ESP,DEU,1,0,1,0,1
sdv-id-YbPNgf,6ee2f9bf-8ad3-43b1-977d-d689a98d61ec,1970-01-01,4,Travel,1478.75,ESP,FRA,0,1,1,1,0
sdv-id-bvRoXN,1af4cf72-da62-4059-a791-63f402088c91,1970-01-01,0,Travel,1037.17,ESP,ITA,1,0,1,0,0
sdv-id-Mxrymh,70c23600-2554-4c1a-9f88-dda37134ae6e,1970-01-01,0,Tech,1337.15,ESP,NGA,0,1,0,1,1
sdv-id-TNderJ,19eef9d6-fdfa-4cb1-82d4-93eb2a7b65de,1970-01-01,2,Gaming,1555.14,ESP,VNM,1,1,1,0,1
sdv-id-hFYKtA,22460ac9-4a7e-4bc2-9b6f-1c33bbb4c0ce,1970-01-01,1,Travel,1587.31,ESP,CHN,0,1,1,1,1
sdv-id-bNYxBc,a0157233-baf9-4557-b642-35139ba143ac,1970-01-01,0,Travel,2066.08,ESP,PRT,0,0,0,1,0
sdv-id-ylxbhT,4c6f9a45-8192-4f8f-9fed-7603fadc9704,1970-01-01,0,Food,1519.74,ESP,ARE,0,1,1,0,1
sdv-id-GRNFiU,ac00cd5e-922d-4ba6-b5d5-b1199c09f0fe,1970-01-01,0,Gaming,932.77,ESP,RUS,1,0,1,0,0
sdv-id-UYbTJY,a22966c4-ca39-465a-991f-210234aaf8d4,1970-01-01,0,Food,2370.54,ESP,FRA,1,0,0,0,1
sdv-id-SScOaw,e32a2082-3d4a-4183-8e14-586856bdebf5,1970-01-01,0,Retail,99.99,ESP,BRA,1,1,0,1,0
sdv-id-iirlJn,06905ba5-17e0-4df5-97df-85b33429c8cf,1970-01-01,0,Food,256.66,ESP,NGA,0,0,0,0,0
sdv-id-bFplVT,564e7d79-582a-444f-906c-0d9240d65c8b,1970-01-01,0,Tech,1259.44,ESP,RUS,1,1,0,1,0
sdv-id-AmbeJh,40d2e1be-e0ef-4416-9305-405880e2ee40,1970-01-01,1,Tech,2285.84,ESP,IND,1,1,1,1,1
sdv-id-bttdzk,1c392667-9355-4e00-a188-966e12acccff,1970-01-01,0,Travel,2052.7,ESP,NGA,1,0,1,0,1
sdv-id-IPLqoV,ecfbc936-2012-4ebb-bc9b-519ad3a81c4f,1970-01-01,4,Travel,1293.48,ESP,RUS,1,1,0,1,1
sdv-id-zjanqq,688b4cfb-7081-45fd-8648-bbe8f84ce7a9,1970-01-01,0,Travel,1604.17,ESP,PRT,1,0,1,1,0
sdv-id-cjBUqX,d9f9b008-4dd5-4c39-b53a-531b100af3a9,1970-01-01,4,Retail,1102.52,ESP,FRA,0,0,0,0,1
sdv-id-jPFdAH,ab28efa9-959e-477e-ae52-635d2bc4a319,1970-01-01,0,Gaming,1141.17,ESP,GBR,0,1,1,0,1
sdv-id-IFuJNu,d6e18109-d7e1-44e6-b76b-9723a9902071,1970-01-01,0,Gaming,1411.49,ESP,GBR,0,1,1,1,1
sdv-id-jxpNUE,fc0145e1-4ce2-4fa2-81ae-7eb14d457ea5,1970-01-01,0,Tech,1176.54,ESP,NGA,1,1,1,1,0
sdv-id-pwrAXK,a2a5ef39-c163-4f1b-9f32-f343a562f0a0,1970-01-01,0,Food,61.39,ESP,USA,0,1,1,0,1
sdv-id-hKIUsL,4793acb1-2afc-487e-9ff4-9019ac4a7701,1970-01-01,0,Retail,1631.36,ESP,BGD,0,0,0,1,0
sdv-id-dvcEdn,b23bbe88-d478-45dc-9c5b-b4ceb79ccfc9,1970-01-01,0,Tech,216.23,ESP,CHN,0,0,0,1,0
sdv-id-ZFsLrB,19a1a2d1-da00-4c08-997b-d7bb9a58131a,1970-01-01,1,Tech,689.58,ESP,ESP,0,0,0,1,1
sdv-id-pyHvkx,d8e7012f-3968-4c81-bb70-c3b8a81fdec3,1970-01-01,0,Tech,551.77,ESP,BGD,1,1,1,0,1
sdv-id-gaecsE,ba2c43ec-43f8-4fcf-8997-0b27dbdcfb3d,1970-01-01,1,Food,640.05,ESP,GBR,0,1,0,1,0
sdv-id-CUcPaj,7d05121c-ceee-4d65-9904-8ca79291e493,1970-01-01,0,Tech,162.87,ESP,VNM,1,0,0,1,0
sdv-id-jmhmpI,7092d401-4367-4d58-8b6c-03c8721e5419,1970-01-01,0,Travel,1020.48,ESP,JPN,0,0,0,1,0
sdv-id-rgRORj,1ad4ac13-5040-49fa-890d-58e579c9f246,1970-01-01,0,Tech,1371.36,ESP,FRA,0,1,0,1,0
sdv-id-kKFPHJ,054da197-5273-460c-97a0-3c178620a10a,1970-01-01,0,Travel,2435.5,ESP,RUS,0,0,0,0,1
sdv-id-LLIwAB,75dc037d-4b71-481f-a3ac-64e5d1aaab53,1970-01-01,0,Retail,307.57,ESP,DEU,1,0,1,1,0
sdv-id-nFmuwp,2fe938e4-427b-4ffb-9ca1-adcc9cdf0664,1970-01-01,0,Gaming,623.19,ESP,JPN,0,1,1,0,1
sdv-id-ErYLJt,9de562c3-06e3-48f5-8b34-3a6f463ba894,1970-01-01,0,Travel,330.8,ESP,JPN,1,1,1,1,0
sdv-id-behEDk,ce58de20-8f77-43e0-9982-aa44557368cf,1970-01-01,0,Food,495.23,ESP,BRA,0,0,1,1,0
sdv-id-lUjEGx,98ae4334-6c12-4ce8-ae34-0454cac5b68c,1970-01-01,0,Gaming,2045.24,ESP,ESP,1,0,0,1,1
sdv-id-qkFzXY,c2cffc0f-54a6-409a-a0fd-e1804d1af053,1970-01-01,0,Travel,2022.41,ESP,ESP,1,0,1,0,1
sdv-id-JemFMI,22b76d0e-76fe-4b48-89d3-3a59944caad6,1970-01-01,0,Gaming,564.23,ESP,JPN,1,1,1,1,0
sdv-id-prOvFu,2ef17a90-8bbb-4f3f-b60e-36aaa0d980ba,1970-01-01,0,Food,2186.62,ESP,NGA,1,1,0,0,1
sdv-id-oMdZZU,436d977b-6431-4bbe-8e44-c9dc81b61c87,1970-01-01,0,Travel,993.48,ESP,JPN,1,1,1,1,0
sdv-id-ZCJfhG,8c44d60f-8efe-49c3-93b9-1ea14211c052,1970-01-01,0,Tech,218.74,ESP,BGD,0,0,0,1,0
sdv-id-SeCmjF,e2459327-7122-4f95-a11b-2f5a9f14256f,1970-01-01,2,Travel,1513.53,ESP,FRA,0,1,1,0,0
sdv-id-cSglGV,c0676073-e9c0-40f0-8571-f9ab41589d90,1970-01-01,0,Travel,1318.66,ESP,DEU,0,1,0,0,0
sdv-id-ipRwCZ,a9b29770-2aaa-4394-9adc-8fe3cad67b77,1970-01-01,2,Tech,747.13,ESP,ITA,1,1,0,1,1
sdv-id-FRnhOA,c01b07c4-0ce3-46ea-b575-dd690b6189c4,1970-01-01,5,Gaming,2443.4,ESP,ESP,0,0,0,1,1
sdv-id-sQNYFh,5f5e9c52-ef15-427d-aa21-ee30fcd77150,1970-01-01,0,Retail,1649.22,ESP,IND,0,1,0,1,0
sdv-id-thoyUX,20323ec5-2f4c-4a5e-869c-4218ecb55c92,1970-01-01,0,Tech,553.46,ESP,ARE,1,1,0,1,0
sdv-id-DBlGNd,3918d757-1b62-4489-b94e-52be346b544c,1970-01-01,0,Gaming,81.89,ESP,JPN,1,1,1,0,0
sdv-id-INJqTp,f681db3f-1cc4-4c62-b80b-d4cb18b666f8,1970-01-01,3,Gaming,793.8,ESP,VNM,1,1,0,1,0
sdv-id-pAQNNi,77489b6b-97f3-471d-9ef7-5904b1d94480,1970-01-01,0,Food,2077.49,ESP,PRT,0,1,0,0,1
sdv-id-RWlEhQ,ce972144-4d17-494c-9288-cbf5a6bd63a4,1970-01-01,2,Gaming,171.0,ESP,VNM,0,1,1,1,0
sdv-id-fUbmaC,7ffab493-285e-4d0a-bfac-431716e827b0,1970-01-01,0,Food,77.65,ESP,ARE,0,1,1,1,0
sdv-id-xAFkZm,b67e2215-809f-4b4f-96dd-12af4906c7ee,1970-01-01,1,Travel,244.02,ESP,GBR,1,1,0,0,0
sdv-id-PWBEKv,a30c1e0e-69cd-4159-a53d-fc49f7410b94,1970-01-01,0,Tech,1705.44,ESP,BRA,0,1,0,0,1
sdv-id-iftavL,300c0f07-c38b-4bdd-b7da-bc6860ca5ead,1970-01-01,0,Gaming,1543.51,ESP,FRA,0,1,1,1,0
sdv-id-ZfGtCL,14898025-548b-4ce3-881f-ec82ca9acf77,1970-01-01,1,Gaming,197.64,ESP,BGD,1,0,0,0,1
sdv-id-WvcDxw,c9d91a56-a28b-4e14-8507-32a850924b7f,1970-01-01,0,Travel,752.42,ESP,CHN,0,0,0,1,1
sdv-id-wJAkCE,ef609bc6-f0f1-4a53-b5e8-bbd4eb1feef5,1970-01-01,1,Travel,870.54,ESP,JPN,1,0,0,0,1
sdv-id-CbFmlp,11cfc46b-c037-4059-97f4-680169a2e466,1970-01-01,0,Food,1645.47,ESP,IND,1,0,1,0,1
sdv-id-STtURn,87e3c955-1e49-46e1-a754-251d04fe52e3,1970-01-01,0,Gaming,1551.37,ESP,JPN,1,1,1,0,1
sdv-id-vBSlIJ,bd768a7d-c849-4cca-834a-0aab71a5e9e3,1970-01-01,0,Tech,79.04,ESP,ESP,0,1,0,1,0
sdv-id-nLvnqN,1d7b8363-0db2-4722-a3bf-1f71a901bdb8,1970-01-01,0,Tech,2379.78,ESP,ARE,0,1,1,1,0
sdv-id-KTtnJi,f8bc60bb-9677-4d4c-9a83-7f9e5a3ede12,1970-01-01,5,Retail,1394.78,ESP,ITA,1,0,0,0,1
sdv-id-xcOtQt,ee0f65a8-2a13-4c1f-8cd0-15c1ad5900dd,1970-01-01,0,Food,1477.33,ESP,FRA,0,0,0,1,0
sdv-id-TlHyCP,4f844346-a165-437d-96ad-3649289a2abc,1970-01-01,1,Travel,2428.7,ESP,ARE,1,1,1,1,0
sdv-id-kXrmJN,119bd998-f1c3-420d-b7e9-1ea49c0723c4,1970-01-01,1,Travel,1640.55,ESP,ARE,1,1,1,0,1
sdv-id-sgkCmS,bdcac10f-f9e9-4f93-a0ee-5e8ab3e6f4c6,1970-01-01,0,Travel,41.05,ESP,NGA,1,1,1,1,0
sdv-id-xWjJiN,074b927e-54e2-4fa6-869c-cc0ac8844f88,1970-01-01,4,Food,2237.57,ESP,UKR,0,0,1,1,0
sdv-id-VQzOfK,72c22a16-79eb-4168-9045-56e5bee3eb79,1970-01-01,0,Retail,1169.79,ESP,CHN,0,0,0,1,1
sdv-id-XnAytD,c3ad6ffd-b447-4e70-ae4a-e0717da5b648,1970-01-01,0,Gaming,1709.66,ESP,UKR,1,0,0,1,0
sdv-id-rtpROU,8fe5bfbe-d66e-48bc-975c-a92da65a158b,1970-01-01,0,Gaming,1113.59,ESP,UKR,1,1,0,0,0
sdv-id-VJGSKb,66c14dca-8255-4a61-9a3b-031932f57510,1970-01-01,0,Gaming,1143.05,ESP,DEU,0,1,0,1,1
sdv-id-SrwDlB,afd0d2f7-e352-4444-af04-af36567c5d44,1970-01-01,0,Food,1840.53,ESP,ESP,0,0,1,0,1
sdv-id-QsdHMs,71f34593-a737-419b-a1e0-9bf146748ee4,1970-01-01,0,Retail,1469.78,ESP,JPN,0,1,0,0,1
sdv-id-xdHWWF,9daeceaa-b306-4396-ba12-2631715463ee,1970-01-01,2,Retail,941.13,ESP,RUS,1,0,1,0,0
sdv-id-WPrdAI,960b9746-9b51-4232-bca7-644d47b76d17,1970-01-01,0,Gaming,66.79,ESP,UKR,1,1,0,1,0
sdv-id-wuIxfj,3f0bdbda-ef9e-43f4-9d8e-ddbcb45c25af,1970-01-01,0,Gaming,1891.42,ESP,VNM,0,0,0,0,1
sdv-id-hylSyD,4258828b-a23e-489b-8367-70b21a3a1233,1970-01-01,4,Travel,681.68,ESP,FRA,0,0,0,0,1
sdv-id-dztCTb,d32ab0f6-0cc7-454d-9fcb-995b371400c3,1970-01-01,0,Travel,562.18,ESP,UKR,0,1,0,0,1
sdv-id-kNjGzT,c4829b71-ae84-481c-ae0f-b5b38bae591e,1970-01-01,1,Food,1557.29,ESP,JPN,0,0,0,0,1
sdv-id-OYfveL,fcce96f6-250a-4578-bbe9-4499dbc080fd,1970-01-01,0,Gaming,453.31,ESP,FRA,0,0,0,1,0
sdv-id-EpQOxX,8be27516-342c-4348-b63d-75f189bab9c8,1970-01-01,0,Retail,1133.21,ESP,GBR,0,0,0,0,1
sdv-id-BfiEzG,92dba951-f7b8-495a-ba09-9c804d167503,1970-01-01,1,Food,454.42,ESP,BRA,1,0,1,1,1
sdv-id-jhYrjN,2812859a-1337-439e-8d4f-5d272c7f0b79,1970-01-01,0,Retail,1177.75,ESP,UKR,0,0,1,0,1
sdv-id-Cptxba,a43fdaf0-8a80-46fe-8fa5-0e3241374168,1970-01-01,4,Tech,254.23,ESP,ITA,0,0,0,1,0
sdv-id-RZimJF,d9750f00-d5ab-48ae-9112-fbc03d8f95f4,1970-01-01,2,Gaming,161.54,ESP,JPN,1,1,1,1,0
sdv-id-jxMlfQ,7ed99a6b-6c37-46c2-8d08-367ef3d5f737,1970-01-01,0,Gaming,2225.89,ESP,ITA,0,0,1,0,1
sdv-id-fOKvbR,c55fa445-f09e-4302-b525-a4d983f023fd,1970-01-01,0,Gaming,2265.25,ESP,GBR,0,0,0,0,0
sdv-id-KJHGTO,6044abd0-8630-4789-99ab-d41c75acb371,1970-01-01,0,Food,2202.31,ESP,FRA,0,0,0,1,1
sdv-id-cRdBPL,c8f5d39e-c3ad-4a08-a64e-448e1a8777b0,1970-01-01,0,Food,1854.6,ESP,FRA,1,1,0,1,1
sdv-id-gYCgOl,df3ad6e8-f693-4800-859f-5497abd68d74,1970-01-01,1,Retail,852.39,ESP,ESP,0,0,1,0,1
sdv-id-PrmpUO,510588a9-694a-48b3-a693-2d9532a3a8fb,1970-01-01,5,Food,290.91,ESP,UKR,0,1,0,0,0
sdv-id-TmPNFE,8cb98201-a8d7-45bf-a564-ee98fc3e9ed1,1970-01-01,0,Travel,2338.43,ESP,FRA,0,0,0,1,1
sdv-id-qrKDvi,28e0fd9e-4f7d-4715-8ba5-5e2f19bda5ca,1970-01-01,0,Food,2275.21,ESP,UKR,0,1,1,1,1
sdv-id-YyHICY,920479ce-dba0-489e-b593-8f5ab40bc353,1970-01-01,4,Gaming,1590.48,ESP,FRA,0,0,0,1,1
sdv-id-ESemfv,c4829b71-ae84-481c-ae0f-b5b38bae591e,1970-01-01,0,Food,1439.42,ESP,IND,1,0,0,1,0
sdv-id-Zzpvku,30799b56-576f-4264-9182-e8e7c9070c97,1970-01-01,2,Food,927.79,ESP,PRT,1,1,0,0,1
sdv-id-VPfBtn,8441aefd-0299-436a-8e48-522346b98991,1970-01-01,3,Retail,1414.22,ESP,FRA,1,0,0,0,0
sdv-id-KHYoaO,d42c0ff9-5811-4254-8def-8b81ec542ede,1970-01-01,3,Retail,29.59,ESP,VNM,0,1,0,1,0
sdv-id-CmHcES,7e63f654-53ff-4f1f-950e-33880a6552a5,1970-01-01,0,Gaming,899.41,ESP,UKR,0,0,0,1,1
sdv-id-qAdHmq,45876487-9555-46a4-845b-44d9bafd2834,1970-01-01,2,Travel,1765.49,ESP,ARE,1,1,0,1,1
sdv-id-fkkvCf,58cd9df3-1100-44b8-b5d0-a2af1c06efa6,1970-01-01,0,Tech,801.81,ESP,ESP,0,1,1,1,0
sdv-id-zmIRxc,677c25b0-6d23-4155-a057-c558f1ba308e,1970-01-01,0,Food,102.17,ESP,USA,1,1,0,0,1
sdv-id-ztPeDq,d9ee9678-8112-40ff-aba4-646336c9b657,1970-01-01,0,Retail,2441.06,ESP,ITA,0,1,1,0,1
sdv-id-Tefgks,2a7cf9e9-d7a7-47b1-88c6-2063a06303ca,1970-01-01,5,Food,2411.28,ESP,CHN,0,0,1,1,0
sdv-id-GqkDlv,068187e9-a46d-4b51-ad30-0e335d8c4fea,1970-01-01,0,Retail,65.27,ESP,BRA,0,0,0,1,0
sdv-id-xYSTtj,b3b5ab5c-9fb8-44b8-81e3-91497f309761,1970-01-01,2,Gaming,1115.77,ESP,ITA,0,0,1,0,1
sdv-id-eJHXGW,a97c696b-3567-46ec-b3c4-3cd1b44f8e12,1970-01-01,0,Retail,1000.71,ESP,ITA,0,0,0,1,0
sdv-id-cSvpRw,94c8a69d-44b1-41ee-b948-36f27eaab0a1,1970-01-01,0,Retail,1121.66,ESP,NGA,0,1,1,1,0
sdv-id-RKveDn,7202fae5-767d-4b27-bade-4367e0bd202c,1970-01-01,0,Tech,1880.47,ESP,NGA,0,0,0,1,1
sdv-id-LuvaXW,c5404be9-e6d5-4568-b695-6a3815280e7c,1970-01-01,0,Travel,150.67,ESP,DEU,0,0,0,1,0
sdv-id-skPsNS,f0029577-e4f3-44d5-b6f3-1d0290cafac3,1970-01-01,0,Retail,1824.46,ESP,ITA,0,1,0,0,1
sdv-id-baAFnM,ef19117f-a452-4def-827b-8c898d3f433b,1970-01-01,3,Retail,325.41,ESP,BGD,1,1,1,1,1
sdv-id-cbsuDC,6e6a3d5b-2154-4e4a-a1cf-91fb7e81cdfa,1970-01-01,1,Food,570.21,ESP,USA,1,0,1,1,0
sdv-id-dqItvQ,5a995017-deb0-4c83-9c94-25d82bba86f4,1970-01-01,0,Retail,2286.01,ESP,BGD,0,0,0,0,0
sdv-id-dxaAWY,19d6cf82-25b9-4454-8bfe-68af3a87b3e2,1970-01-01,0,Retail,1032.36,ESP,FRA,1,0,0,0,1
sdv-id-PVMPcV,57059671-b031-4179-ac76-25b80fc06f77,1970-01-01,0,Gaming,1120.02,ESP,DEU,1,0,0,1,0
sdv-id-HEUygS,9b49bd26-df57-459a-8715-a10343dac043,1970-01-01,4,Travel,150.48,ESP,JPN,1,0,0,1,0
sdv-id-DPUNzd,e0ad8c81-f297-4a6e-a8f3-0754358e5535,1970-01-01,0,Tech,1909.86,ESP,ESP,1,0,1,0,1
sdv-id-KFGDSy,d42cb1ae-19f7-48cb-a016-c7438bc83a02,1970-01-01,0,Gaming,847.52,ESP,IND,1,0,1,1,0
sdv-id-GEDcvV,2c8296ea-4482-4bb7-b17d-db7c6ded13fe,1970-01-01,0,Retail,1044.99,ESP,GBR,0,1,1,1,0
sdv-id-MRfJuN,c16d83ed-ad81-48bd-8029-13ec9ef2b93e,1970-01-01,0,Travel,123.08,ESP,ITA,1,0,0,1,0
sdv-id-RfwouY,1feb21c7-60b2-414b-95f0-e5ea4b0a4742,1970-01-01,1,Travel,1485.41,ESP,JPN,0,1,0,0,1
sdv-id-PRrkJS,022f8a47-04d4-45db-a3d3-997fd4066625,1970-01-01,0,Tech,1197.25,ESP,JPN,0,1,1,0,1
sdv-id-nkFqWh,00476b2e-6ea4-4c5f-bb8b-161ea869959e,1970-01-01,0,Travel,1522.31,ESP,FRA,1,1,1,0,1
sdv-id-amAsem,122def06-fa33-4ca5-864d-8e701ea391e2,1970-01-01,1,Food,1268.5,ESP,BGD,1,0,1,1,1
sdv-id-hARoQg,5f1930e0-cda7-4451-8dfe-f6332a31edfd,1970-01-01,0,Travel,22.29,ESP,CHN,0,0,1,1,0
sdv-id-RHWvEP,fd06a179-7980-4efa-8da0-8e483531518a,1970-01-01,0,Travel,1690.41,ESP,CHN,0,0,1,1,1
sdv-id-yeiqjn,c8cd015b-5dc8-48f0-8c8d-f318b7609e4c,1970-01-01,0,Tech,2048.59,ESP,RUS,0,0,1,1,1
sdv-id-uuIwlq,ccc42903-8bcf-43a1-bc10-fa52bf5d2fdf,1970-01-01,1,Gaming,989.38,ESP,ARE,1,1,1,1,1
sdv-id-inuqcY,72dadc21-9b7c-4539-8ad7-d77c9bf41cc6,1970-01-01,3,Travel,484.41,ESP,CHN,0,0,0,0,1
sdv-id-xYcQPx,c53a8da2-2f2f-4254-a22f-3da5dab2a215,1970-01-01,0,Gaming,74.13,ESP,PRT,0,0,1,0,1
sdv-id-lRiWgN,b9e8ba00-cd59-455d-950f-1ad2476a4f1d,1970-01-01,0,Retail,1748.09,ESP,GBR,0,1,1,0,1
sdv-id-kpzdvQ,c4ddfe54-917c-4f11-b81e-d083929614b5,1970-01-01,0,Tech,25.4,ESP,VNM,1,0,0,0,0
sdv-id-sVrAtg,afca225a-fc7c-4c3e-99dc-e8191841d873,1970-01-01,0,Food,799.52,ESP,USA,1,1,1,1,0
sdv-id-HknpoP,209f9f95-9f04-4dd0-9337-27c0c533fd1e,1970-01-01,0,Food,72.86,ESP,BRA,0,0,1,1,0
sdv-id-yQNUzY,22a112b5-3a88-4cec-bab8-cd39d6b3e81a,1970-01-01,0,Tech,2466.91,ESP,RUS,0,0,0,1,1
sdv-id-dKatoo,dfe88339-bcbf-4a3d-a5b1-7208243517e0,1970-01-01,4,Tech,1680.25,ESP,GBR,1,0,0,0,0
sdv-id-fkEHKS,82f2a59e-2bb7-4146-bd9d-542aa84fa67f,1970-01-01,1,Tech,493.25,ESP,BGD,0,1,0,0,1
sdv-id-mKPfur,bea32d34-85c8-463f-b192-6dfed64d8f6a,1970-01-01,0,Retail,2466.53,ESP,RUS,0,1,0,1,1
sdv-id-aIvGvR,dd0885b1-7529-42f6-a415-8988281a7dd1,1970-01-01,0,Tech,1859.7,ESP,ESP,0,1,1,1,0
sdv-id-jduMxc,e172b725-db52-4a58-8500-0bc6b20dcb6e,1970-01-01,0,Travel,2282.85,ESP,FRA,1,0,1,1,1
sdv-id-klIdYZ,e6453b43-d07e-42a1-8906-a4e2460cec89,1970-01-01,0,Food,1503.75,ESP,NGA,0,0,1,0,1
sdv-id-HQCWjF,0a374f43-c4cd-4e19-b9a3-773dd2834904,1970-01-01,0,Tech,859.45,ESP,PRT,0,1,0,1,0
sdv-id-hmymoK,f4adfa22-ad02-45f5-9417-c2f9eb91731a,1970-01-01,1,Gaming,2231.58,ESP,JPN,0,1,1,1,1
sdv-id-cZmGEM,52587a1a-226e-4ecb-b175-7e7df545752a,1970-01-01,0,Travel,1904.23,ESP,IND,1,1,0,0,1
sdv-id-hbXGsj,cc0b200d-3ede-438e-8717-9ef331216863,1970-01-01,0,Tech,1811.31,ESP,DEU,1,0,0,0,0
sdv-id-fALgNt,b08647e1-fa64-4958-b9c2-c1a2bcc9245c,1970-01-01,4,Gaming,1119.43,ESP,JPN,0,1,0,1,0
sdv-id-covzpY,48c08d33-46f4-4ccb-b835-de289fd60efb,1970-01-01,4,Food,1736.97,ESP,FRA,1,1,1,1,0
sdv-id-fBIPnB,564e7d79-582a-444f-906c-0d9240d65c8b,1970-01-01,0,Food,1629.8,ESP,VNM,1,1,0,0,1
sdv-id-EhFLoE,dd763717-995b-4485-b5b1-27e19a72ebf3,1970-01-01,3,Tech,2434.67,ESP,BGD,0,1,1,1,1
sdv-id-BCUrbI,1d61fac3-6cd5-4859-b2a4-47b2ef04e57d,1970-01-01,0,Tech,1270.35,ESP,ESP,0,0,1,0,0
sdv-id-gVfTVh,bd1eb06f-bf49-4d20-a0a5-25ef99061aac,1970-01-01,0,Gaming,1349.48,ESP,GBR,0,1,0,0,1
sdv-id-GJWrIc,553a2bad-148a-4202-a8cf-20c875453946,1970-01-01,0,Travel,2030.93,ESP,BGD,1,1,1,0,1
sdv-id-tSHwrM,c8271dd9-8da1-4439-80fc-21fd8ffbcc0f,1970-01-01,0,Retail,172.2,ESP,IND,1,1,0,0,0
sdv-id-GjiBoY,1f93bb9d-263f-4b57-9ef9-81f8af927913,1970-01-01,0,Travel,664.75,ESP,CHN,0,1,1,0,1
sdv-id-dYizfd,54ad2b86-30b8-44e1-a440-4fef984bbbba,1970-01-01,0,Tech,2488.32,ESP,ESP,0,1,0,1,1
sdv-id-Phvook,62a40afe-dcb7-4b1f-b85f-a1adfedb5a32,1970-01-01,0,Gaming,32.55,ESP,CHN,1,1,0,1,0
sdv-id-ZFFjHF,f60ad0a3-8eee-4e95-9987-67113c20fe71,1970-01-01,0,Gaming,732.39,ESP,BRA,0,1,0,0,1
sdv-id-RCRwYg,ef80a189-43cb-4d06-b869-2e433fa7d954,1970-01-01,1,Tech,1533.41,ESP,ITA,0,1,0,0,0
sdv-id-rqtQSB,141283fb-e3be-43d6-b26a-030dbc8cfa8f,1970-01-01,2,Gaming,290.69,ESP,JPN,0,0,0,1,1
sdv-id-QXtgmZ,35ba9357-3ca8-4f31-8fd7-f3b9c68fcba5,1970-01-01,0,Gaming,140.26,ESP,JPN,0,1,0,1,0
sdv-id-ouTyPT,eb19071b-0b35-40a1-bfa5-e99ffb23a4b7,1970-01-01,0,Retail,1085.65,ESP,USA,0,1,0,0,1
sdv-id-NHPIZZ,944bad04-9161-4c6c-9f41-dfcfcdccb9d9,1970-01-01,0,Travel,1403.86,ESP,NGA,0,0,0,0,1
sdv-id-ExaKHG,6fc41bf6-3d6b-4f76-b790-df8a5c493e43,1970-01-01,0,Tech,1708.15,ESP,IND,1,0,0,0,1
sdv-id-DdYSrX,9db94eee-1a3c-4131-b3dd-3bc6d06405a8,1970-01-01,0,Food,718.1,ESP,CHN,1,1,1,0,0
sdv-id-BVKuVI,45a07117-9bd8-4a38-9f8b-3066fd1b31a3,1970-01-01,0,Gaming,334.1,ESP,BRA,1,0,0,1,0
sdv-id-WVKbjp,90ce77e9-7513-43b9-87de-96ea2b0fbe44,1970-01-01,0,Gaming,1501.71,ESP,DEU,1,1,1,0,0
sdv-id-yUnVDy,851b5f38-c069-4f1d-a93c-94131396a289,1970-01-01,0,Food,33.29,ESP,ESP,1,0,1,0,1
sdv-id-mLTmAs,7ec2eade-bf88-4749-ab2f-a6bc00b6cb48,1970-01-01,0,Gaming,2443.59,ESP,JPN,1,1,0,1,0
sdv-id-KRPNPv,e25ff355-f8f4-4249-bc02-c906aa34d26d,1970-01-01,2,Tech,1242.55,ESP,DEU,1,0,1,0,1
sdv-id-xKnKnO,2ccd00e7-92ca-40b9-91d9-ee264997dd20,1970-01-01,0,Food,921.24,ESP,USA,0,0,0,0,0
sdv-id-EJtdXT,c02ac52a-582f-4c69-8be9-e5d7b3d916f2,1970-01-01,0,Retail,1570.27,ESP,ARE,0,0,0,0,0
sdv-id-jVqWTf,91bed6c8-3fad-466f-821d-1d13dd99d991,1970-01-01,0,Tech,165.34,ESP,NGA,0,1,1,0,1
sdv-id-JpAqox,cf2a5746-b41e-4125-ab16-1276d8e8ea7d,1970-01-01,0,Retail,1576.33,ESP,ESP,0,1,0,1,0
sdv-id-Jxosny,7b7510b5-65dc-4e7f-8420-ccd08206be0c,1970-01-01,0,Travel,2059.54,ESP,USA,1,1,0,1,0
sdv-id-PJrABe,080ccf78-8a17-4298-a10c-f398835f9963,1970-01-01,0,Travel,943.56,ESP,IND,1,0,1,0,1
sdv-id-TucVeP,1c093b82-44cb-4cf6-8e24-1f2927219bbb,1970-01-01,0,Food,2295.98,ESP,ITA,0,0,0,0,1
sdv-id-SziXBh,ddebaa54-9f6c-407f-9234-f67203d11260,1970-01-01,0,Food,577.29,ESP,BRA,0,1,0,0,1
sdv-id-SrrbfT,48d0e602-fa4f-4ba8-8437-6d895a4eb9f3,1970-01-01,0,Retail,2098.9,ESP,ESP,1,0,0,1,1
sdv-id-ZGIHFh,75175f39-7354-44fb-a44a-0371c5ab4e57,1970-01-01,0,Gaming,2402.5,ESP,ITA,0,1,0,1,0
sdv-id-idvbHc,2869b5ee-df18-4065-9f58-64d511655b1e,1970-01-01,5,Travel,355.37,ESP,ITA,0,1,1,0,0
sdv-id-aNWbIe,b6e5dd9a-3150-47d2-a544-27ecb261ad5c,1970-01-01,0,Food,753.49,ESP,IND,1,1,0,0,0
sdv-id-skFgjd,0f810db2-bbc1-486b-8bad-b9731ed01243,1970-01-01,0,Retail,2298.95,ESP,JPN,1,1,1,1,0
sdv-id-jpOcrB,c971d849-e3fb-4c48-9cf1-16dcc4b03ad1,1970-01-01,5,Retail,612.48,ESP,USA,1,1,0,0,0
sdv-id-kMHHvX,76b1cd87-3bbe-41b4-8de5-7aa6c5ca18e9,1970-01-01,0,Tech,1586.91,ESP,BGD,0,0,1,1,1
sdv-id-CWKcWn,bc2e2b59-2c7d-4667-b664-c7202fddb26a,1970-01-01,0,Travel,159.85,ESP,UKR,0,0,0,1,0
sdv-id-kDzzRt,d8253010-3911-4943-910b-f4dc0de4faf4,1970-01-01,0,Food,1389.23,ESP,DEU,1,0,0,0,1
sdv-id-PCRvft,8b0ed975-e20e-4794-9de5-d2eb28596e80,1970-01-01,0,Travel,1326.56,ESP,ITA,1,1,0,0,1
sdv-id-YbBhvR,836392b7-d9a3-442a-83c2-8870adde98b6,1970-01-01,1,Food,2117.05,ESP,JPN,1,1,1,1,1
sdv-id-QtGIoz,af9f504b-5fb1-4849-a8c8-0d963e5e9986,1970-01-01,0,Tech,1926.24,ESP,BGD,1,1,1,1,1
sdv-id-hEbAYZ,ff49a81c-d42a-4238-a84b-2e1d73fb6c56,1970-01-01,0,Tech,1779.97,ESP,ESP,1,1,0,1,1
sdv-id-iKAdFY,938df7c1-ab0b-44fc-99b0-6cf925dfa1fb,1970-01-01,0,Retail,1242.29,ESP,UKR,0,0,0,0,1
sdv-id-AHrnyb,35078c5d-cb62-45b6-9342-3b4f8add06f9,1970-01-01,0,Tech,5.94,ESP,GBR,1,1,1,0,1
sdv-id-iMZzQt,2e0cf801-f436-4b12-8391-ef93aa012ab9,1970-01-01,5,Food,2165.88,ESP,ESP,1,1,1,1,1
sdv-id-cPXZUL,9ade704c-77bb-471a-afa6-0f91ac5355e0,1970-01-01,0,Tech,2278.28,ESP,VNM,0,1,0,1,0
sdv-id-xhzSmf,ad973b67-9b89-45cb-9942-644c248d31ec,1970-01-01,1,Tech,489.55,ESP,NGA,0,1,1,1,0
sdv-id-LmQPNh,7e31c35f-e739-4d6e-8af1-ac836163d267,1970-01-01,0,Tech,2062.99,ESP,GBR,0,1,0,1,0
sdv-id-YopnnY,752fbd7e-7c36-4908-8f94-2977b582ef0c,1970-01-01,0,Food,1040.49,ESP,ARE,1,0,0,0,0
sdv-id-DkdMPC,2ea4790b-fdd0-4c32-b405-e657d1a37650,1970-01-01,0,Food,613.83,ESP,USA,1,0,0,0,1
sdv-id-DYjSXF,2e421840-a05f-46c8-89ed-856e723dfacd,1970-01-01,0,Retail,324.99,ESP,JPN,1,1,1,1,0
sdv-id-vOHEZV,13365c0c-82ff-4f2e-878f-07cf170fa87b,1970-01-01,0,Retail,102.13,ESP,BRA,0,0,1,0,1
sdv-id-VnVhKl,55545bb9-7622-459a-9d20-525ebbdcdd1f,1970-01-01,3,Food,2486.81,ESP,RUS,1,1,0,0,1
sdv-id-MfzTJB,210f2a8a-1c59-4736-bd56-1b27283379b8,1970-01-01,0,Retail,1429.4,ESP,PRT,1,1,1,1,0
sdv-id-RKroaa,cc8fe6ce-b69f-427c-bae4-5d7ca1b1087e,1970-01-01,1,Food,659.16,ESP,PRT,0,0,1,0,1
sdv-id-kXYeYo,a7cc4274-4780-4b87-beb5-ba0f1e2964f1,1970-01-01,0,Food,483.89,ESP,GBR,1,1,1,1,1
sdv-id-ulpdnf,9fb83bc9-2b62-4afd-902d-58d99d46df41,1970-01-01,0,Food,2408.38,ESP,CHN,0,0,0,0,1
sdv-id-DUfQYW,290a8303-e1c6-47c2-81d8-93a5ffc7aba2,1970-01-01,0,Food,349.34,ESP,DEU,0,0,1,0,0
sdv-id-OFTpuX,967bdaf2-897c-4965-b3f8-5398d4d92be8,1970-01-01,0,Food,715.14,ESP,BRA,0,0,0,0,1
sdv-id-PMVjuB,20775ce4-151f-42f9-bc19-3e6f496cc03a,1970-01-01,0,Tech,1524.11,ESP,VNM,1,1,0,0,1
sdv-id-jfKBUs,297e86fe-3f8b-415e-b6a3-54091c20d86b,1970-01-01,0,Gaming,170.34,ESP,CHN,1,0,1,0,0
sdv-id-HfPYtG,b4320daa-95f1-4f22-8c4d-2daeb7f63ccc,1970-01-01,0,Food,1149.89,ESP,BRA,1,0,1,0,0
sdv-id-bfSZpf,f7c12030-7c0e-4e33-910c-798391237a9d,1970-01-01,4,Food,1043.66,ESP,JPN,1,0,1,0,0
sdv-id-dgMCHU,71fd053b-bad7-4c04-8414-777b66739343,1970-01-01,4,Retail,1292.18,ESP,ITA,0,0,0,1,0
sdv-id-whkRyA,6bd95a4f-37bf-4cbd-87a4-53041ff3a9f8,1970-01-01,1,Travel,1100.43,ESP,GBR,1,0,0,1,0
sdv-id-aZbMUt,60ee64ba-a4b0-418e-8ced-470739034b65,1970-01-01,5,Tech,618.43,ESP,USA,0,0,1,1,0
sdv-id-onpkuj,d3b68150-0205-416a-981a-b26ce8c35a79,1970-01-01,0,Tech,1971.66,ESP,ARE,0,1,1,0,1
sdv-id-GJAAmZ,b2cc4372-6532-43ae-96f7-91ac4cf6a297,1970-01-01,0,Retail,1371.77,ESP,NGA,0,1,0,1,0
sdv-id-NfNCTG,c8cba592-b0ca-42eb-8fe1-621ad6e1ba00,1970-01-01,0,Tech,164.42,ESP,GBR,1,0,1,1,1
sdv-id-ZIoWzo,b7e6427c-bf78-4e3f-b6b7-51f79b749245,1970-01-01,0,Retail,2120.78,ESP,CHN,1,1,0,1,1
sdv-id-xKLHEw,776ffd03-6d7b-4a17-9aac-72b177e7ad81,1970-01-01,0,Travel,1248.89,ESP,JPN,0,1,0,1,0
sdv-id-WyaEXc,09624ec9-e803-42eb-b677-7be4970c9eb4,1970-01-01,0,Retail,839.24,ESP,ITA,1,0,1,1,0
sdv-id-jCWhYi,b819b15d-4f96-4a84-a0d4-4d244d074581,1970-01-01,0,Food,206.44,ESP,IND,0,1,1,1,0
sdv-id-xaFZKC,dff0b9bf-8db3-42c1-82da-bd76f3102525,1970-01-01,5,Tech,2451.14,ESP,GBR,0,0,1,0,1
sdv-id-iVGOUt,b588247f-eedc-4fbf-9f38-14683c9c1cd2,1970-01-01,1,Food,904.8,ESP,NGA,1,1,0,1,0
sdv-id-MGSRcL,cfd92fcf-0757-48ff-af2a-3540c5495a63,1970-01-01,1,Gaming,1925.7,ESP,CHN,0,0,1,0,1
sdv-id-hBIYtC,4a5ed287-85a6-4296-a9df-cc0c68db76b3,1970-01-01,0,Travel,1463.24,ESP,GBR,1,0,1,0,1
sdv-id-VCwsox,4da9b236-d15f-4acd-97df-c472e2fba2a1,1970-01-01,0,Tech,29.08,ESP,NGA,1,1,0,1,0
sdv-id-VLTLvw,9b465e04-b4cf-4cd7-b2a1-c14d46a49f8d,1970-01-01,2,Tech,258.85,ESP,CHN,0,0,0,1,1
sdv-id-WHNMjN,b9e8d781-49bb-4313-a94d-25fc05539a50,1970-01-01,0,Travel,576.11,ESP,IND,1,0,1,1,0
sdv-id-oAlpPd,5e7e2813-a967-4fe1-bfce-e629ea8e55a5,1970-01-01,0,Travel,325.44,ESP,UKR,0,0,1,0,0
sdv-id-NJXbsR,4ceed038-37bc-479a-921a-81d89063cfb7,1970-01-01,5,Retail,2272.96,ESP,ITA,1,0,1,1,1
sdv-id-UjguBg,065557aa-4b1f-4d17-8f69-9c989312c20c,1970-01-01,0,Tech,1644.14,ESP,ARE,1,0,1,0,0
sdv-id-yoJACg,a2da43a7-fa1b-4659-adf6-5800997c0dc9,1970-01-01,0,Travel,611.82,ESP,NGA,0,1,1,1,1
sdv-id-UpGipe,12aa48cf-f18c-4581-bc9b-3b84cb4addc6,1970-01-01,3,Retail,2162.64,ESP,VNM,0,1,1,1,1
sdv-id-Kxlpsn,0244e4d7-5ac2-4176-a6ed-ef302fa80808,1970-01-01,0,Food,1191.74,ESP,RUS,0,1,0,1,0
sdv-id-LzcMAt,893e2de8-8509-43a2-a14b-1e1c4b403399,1970-01-01,0,Travel,852.88,ESP,GBR,1,0,0,0,0
sdv-id-upXArQ,4fb67094-123c-4911-abd8-ad4d3eacdb28,1970-01-01,3,Gaming,1942.17,ESP,NGA,1,1,0,0,1
sdv-id-wXPNfo,c4ecea32-9038-4f81-ae3d-c742bef8004b,1970-01-01,0,Tech,1741.86,ESP,FRA,1,1,1,1,0
sdv-id-EpDjQP,6bb1f2bc-85a4-40cb-ae76-936aa6340d1a,1970-01-01,1,Retail,2296.82,ESP,ITA,0,0,1,1,0
sdv-id-Ptdhdw,5287e5f4-85c1-4181-8567-4f45ad3b1b9d,1970-01-01,0,Retail,99.94,ESP,ARE,1,1,0,1,0
sdv-id-hArLAL,5a990478-5e53-4d53-bd6e-2570839d8c61,1970-01-01,0,Food,55.31,ESP,RUS,0,1,1,1,0
sdv-id-DAXGsE,250487e4-ada5-47e3-a85d-81db9620ed14,1970-01-01,0,Travel,1139.92,ESP,FRA,1,0,1,0,0
sdv-id-lXpUuK,44945e09-1d3c-45a4-929d-63771cfb655f,1970-01-01,0,Gaming,244.08,ESP,UKR,1,0,0,1,0
sdv-id-GOGOtR,c017367b-6ff0-4020-bf5d-49d95b4abe4b,1970-01-01,1,Food,283.84,ESP,GBR,0,0,1,1,0
sdv-id-tJHMMn,8ba17407-2663-4334-b4a1-7f7a709240bc,1970-01-01,1,Tech,461.62,ESP,RUS,0,0,1,0,1
sdv-id-ZRpYCi,0008b748-fdd7-412f-b051-411b405945b1,1970-01-01,0,Tech,737.32,ESP,JPN,1,1,0,1,0
sdv-id-uHTmmn,445dff54-427f-4c4b-b5ed-76cfcc29a582,1970-01-01,0,Retail,230.19,ESP,PRT,0,0,0,0,1
sdv-id-ipSZKN,e921f231-72ea-4e11-b32d-e5305ade80d4,1970-01-01,0,Retail,1571.93,ESP,PRT,0,1,0,0,1
sdv-id-pwlXKY,bada0c94-1679-4be0-a323-8416a82cae18,1970-01-01,0,Travel,127.7,ESP,CHN,1,0,1,1,0
sdv-id-FyhLtT,6a36af18-06d3-4b93-ae33-688d597e6845,1970-01-01,0,Gaming,791.26,ESP,DEU,0,1,1,1,0
sdv-id-xkrtZR,0a374f43-c4cd-4e19-b9a3-773dd2834904,1970-01-01,0,Tech,2245.61,ESP,JPN,1,0,1,0,1
sdv-id-PKaVfE,9a7cf2c0-b7e9-4497-811d-eb990b2882a5,1970-01-01,0,Food,1831.35,ESP,BRA,0,1,0,1,1
sdv-id-AqhVBD,1a85fd69-344c-46cc-bf48-e5f018cc0e29,1970-01-01,4,Tech,798.97,ESP,GBR,1,0,1,0,1
sdv-id-ousLtT,79b8023d-2a31-49ba-a4b1-7e4525807a2c,1970-01-01,5,Retail,307.65,ESP,ARE,1,1,0,0,0
sdv-id-vcmOrh,e6cfaf54-ca9d-428c-8d5a-f123085d07e6,1970-01-01,0,Food,1779.75,ESP,JPN,0,1,1,0,1
sdv-id-HIpDoK,c1fb0bf5-3e8a-4072-8f49-2a2740898b7c,1970-01-01,0,Tech,1761.16,ESP,NGA,1,1,1,0,1
sdv-id-tgeOUo,186b2880-ab54-4a15-a69d-01ff1634725b,1970-01-01,0,Tech,1710.71,ESP,JPN,1,0,1,0,1
sdv-id-VNMgqR,5f07c1a5-dfc6-40ce-bb07-fd31a4244f23,1970-01-01,0,Food,1580.81,ESP,BGD,0,1,0,1,0
sdv-id-okDcCq,d994f7ba-4b7f-4a4c-8d5d-2f648f2b892b,1970-01-01,0,Gaming,1388.29,ESP,DEU,1,1,0,0,0
sdv-id-oOiJGC,65dbb404-5b19-4207-b5a8-457d74f894e2,1970-01-01,0,Gaming,2127.71,ESP,ESP,0,0,0,0,1
sdv-id-xOyAXt,c950824d-5a9b-441d-8508-2f78f17b25ef,1970-01-01,0,Gaming,692.1,ESP,PRT,0,1,0,1,1
sdv-id-PVjauV,c22edfc4-3810-4177-8acc-09da0ada634b,1970-01-01,0,Retail,2395.3,ESP,ESP,1,0,0,0,1
sdv-id-vyevhp,c3a215ff-a660-404f-b0b6-052fb2c68986,1970-01-01,1,Food,687.52,ESP,NGA,0,0,1,0,1
sdv-id-adxkwz,ba7e1b86-c1fa-4753-a7ef-0a4b5fb2b838,1970-01-01,0,Food,1375.7,ESP,BRA,0,0,1,0,1
sdv-id-Mfrhfb,0e5922e9-f182-4df7-82f5-52c89ae66149,1970-01-01,1,Travel,275.76,ESP,GBR,1,0,1,1,1
sdv-id-HpwxUw,87e81b25-a971-4404-b9ea-e46107516daa,1970-01-01,0,Retail,1545.39,ESP,ARE,0,0,1,1,0
sdv-id-pRSZLs,1bb1ca48-b844-4438-9e51-993207cdabeb,1970-01-01,0,Food,2420.31,ESP,ESP,0,0,0,1,0
sdv-id-TgveoR,c0539b74-fa00-4281-9fb2-591df9b5a1db,1970-01-01,0,Food,2037.07,ESP,ARE,1,0,0,0,1
sdv-id-XSckys,97c768d6-114a-4827-b69a-ca1e985d654b,1970-01-01,0,Gaming,2394.46,ESP,DEU,1,1,0,1,0
sdv-id-BvBPOy,b61d1f43-8df8-4ff9-83f8-6f2d436c9e18,1970-01-01,0,Food,2477.2,ESP,VNM,1,1,0,1,0
sdv-id-vYdCfg,3c1782b6-0317-401f-a140-387d684b724d,1970-01-01,0,Travel,1398.11,ESP,DEU,1,1,0,1,0
sdv-id-QOcZsK,15183e2c-3cca-4de2-b5c1-accc137d97fc,1970-01-01,3,Gaming,1129.48,ESP,ESP,0,0,1,0,1
sdv-id-yXgCaz,8f5e248e-b40f-440e-8037-447f0d99c071,1970-01-01,0,Travel,1298.4,ESP,FRA,0,1,0,0,0
sdv-id-wiUCcc,de8a774b-cf36-458b-8737-819096da1dac,1970-01-01,0,Retail,2118.35,ESP,ITA,0,1,1,0,0
sdv-id-tyeixP,893e2de8-8509-43a2-a14b-1e1c4b403399,1970-01-01,0,Food,248.03,ESP,PRT,1,1,0,1,0
sdv-id-ITIPpU,63d62a39-c0e3-4efd-8c71-e0fe5a0cdd7c,1970-01-01,2,Gaming,1281.08,ESP,USA,1,0,1,0,0
sdv-id-GycSVE,920479ce-dba0-489e-b593-8f5ab40bc353,1970-01-01,2,Travel,1931.93,ESP,DEU,0,0,1,0,1
sdv-id-yzChPL,851b5f38-c069-4f1d-a93c-94131396a289,1970-01-01,1,Travel,1996.54,ESP,CHN,1,0,1,0,0
sdv-id-hlYdIS,fd0a5f40-113e-4dde-9ce2-0449011cb53c,1970-01-01,3,Travel,1165.48,ESP,ESP,0,1,0,1,1
sdv-id-ufRAQG,0329d92d-6f0f-4fdc-87ee-e466ea96dda4,1970-01-01,0,Food,68.89,ESP,IND,1,1,1,1,0
sdv-id-druWzI,3eae0a11-077b-4a9d-96a0-5dd7763f61f1,1970-01-01,0,Retail,732.65,ESP,BRA,0,1,0,0,0
sdv-id-MnxYPp,f68ae9b7-9b3a-41d1-b9ee-80ab46c937e0,1970-01-01,0,Tech,1027.87,ESP,BRA,1,1,1,1,0
sdv-id-jwxStI,6bbe2bd6-5a13-41e7-90fd-7164819f2393,1970-01-01,0,Food,666.66,ESP,GBR,0,1,0,0,1
sdv-id-qjdaFD,8d0fe9b5-b9e8-46d0-9f0b-b32fe6ddbbe3,1970-01-01,0,Gaming,1260.18,ESP,DEU,1,1,1,1,0
sdv-id-NSMRMS,a3027b21-02c1-4269-93d5-09afc2b5ac1b,1970-01-01,0,Gaming,1310.95,ESP,ESP,1,0,1,1,1
sdv-id-QIYekn,62f32fae-a63f-4f12-a226-a768de0e9c53,1970-01-01,0,Travel,594.31,ESP,NGA,1,1,1,1,1
sdv-id-sZNyRg,3a08daae-b70e-4920-8e65-9ebac2ad08d9,1970-01-01,0,Gaming,1180.0,ESP,RUS,1,0,1,0,1
sdv-id-FYNnfQ,7e8e148b-0b44-4907-ad59-ae125ac7b94d,1970-01-01,2,Gaming,2098.69,ESP,RUS,0,0,0,0,0
sdv-id-aWjENy,aa31e22b-4cda-4e1c-b065-7d730e0ec75e,1970-01-01,3,Tech,1657.01,ESP,VNM,0,1,1,0,0
sdv-id-XmKyYm,03864649-c4e0-41c7-ad18-50e92d53cf30,1970-01-01,0,Gaming,2467.17,ESP,IND,0,0,1,1,0
sdv-id-ARpHVU,c3ab6793-e300-45bb-a282-338d27ae500a,1970-01-01,3,Travel,761.19,ESP,BGD,0,0,1,1,0
sdv-id-YfNlMx,842ca512-f369-4683-96b5-cf7ae0389eb7,1970-01-01,2,Travel,2324.65,ESP,NGA,1,0,1,1,0
sdv-id-tJZiAK,d517fa40-ed23-4795-9313-104893b3f363,1970-01-01,0,Travel,2451.64,ESP,ARE,0,1,1,1,0
sdv-id-IRYjSM,24a0aaad-b436-48fb-b21e-afabf64909e8,1970-01-01,0,Retail,945.79,ESP,JPN,1,1,1,1,0
sdv-id-jYIDAa,f996cbae-99b8-4c76-87cb-5208e94e1303,1970-01-01,0,Tech,206.76,ESP,PRT,0,0,1,1,0
sdv-id-PIGqVo,de5ed279-cd2c-414b-94c6-e4969146f70a,1970-01-01,0,Travel,1173.77,ESP,BRA,1,0,1,0,1
sdv-id-qUMQzB,dbc21e42-fd0d-4cb1-8916-7a93ada63c4b,1970-01-01,0,Tech,892.58,ESP,CHN,1,1,0,1,1
sdv-id-trAwNX,2f14f777-5dad-448e-97d5-2b789cf3137e,1970-01-01,3,Food,987.97,ESP,NGA,0,1,0,0,0
sdv-id-QjZyNC,ff4c2889-d794-40de-871d-a96db543e8c5,1970-01-01,0,Gaming,896.76,ESP,USA,0,1,0,0,1
sdv-id-hspFia,809c109e-37d0-4024-943f-b0866e4ffb1c,1970-01-01,0,Food,760.47,ESP,GBR,0,1,1,1,0
sdv-id-qvGmdC,c5404be9-e6d5-4568-b695-6a3815280e7c,1970-01-01,0,Gaming,2158.42,ESP,JPN,0,1,0,0,0
sdv-id-pGydGz,2e3a9584-adf5-48fc-995f-2694b8edffe8,1970-01-01,0,Retail,177.14,ESP,RUS,1,0,0,1,0
sdv-id-guDUdG,8120053d-1aef-4f21-8161-b06c1397b542,1970-01-01,0,Tech,1291.84,ESP,USA,1,1,0,1,1
sdv-id-dHEVdI,2ccda2af-4d64-4b63-866c-fb2b3754f16f,1970-01-01,4,Travel,1874.64,ESP,PRT,0,0,1,1,1
sdv-id-CYWpBG,d994f7ba-4b7f-4a4c-8d5d-2f648f2b892b,1970-01-01,0,Food,1616.68,ESP,IND,1,1,0,0,1
sdv-id-rfuVNm,44bd604f-b550-4e2b-8bde-7d883867f62d,1970-01-01,0,Tech,86.43,ESP,BGD,0,0,0,1,0
sdv-id-UeuHfq,4e85661e-3bc6-44e2-add5-346eab2f4642,1970-01-01,0,Retail,1569.3,ESP,ITA,0,0,1,1,0
sdv-id-rDroSV,f688677d-a6de-441f-97de-aa33738d21e8,1970-01-01,0,Gaming,1994.34,ESP,ITA,1,0,1,1,1
sdv-id-CVNkvm,3b1d12cf-3b70-4092-98ab-182c3b1d0181,1970-01-01,5,Tech,1873.29,ESP,JPN,1,1,0,0,1
sdv-id-qOevjO,2f88198b-4de5-4f26-b771-ad8920514ac6,1970-01-01,0,Retail,1868.87,ESP,ESP,1,1,1,1,0
sdv-id-zJSyAA,c8f72c2d-ba1a-4160-8dd7-962bbfda55c9,1970-01-01,0,Travel,1637.83,ESP,RUS,0,1,1,1,0
sdv-id-IwveyW,65c1efd6-cf1f-4a98-97ad-6a67299f3047,1970-01-01,2,Retail,120.73,ESP,CHN,0,0,0,1,0
sdv-id-ZChCFi,ecc69033-296e-44d5-b069-acba8d9b4935,1970-01-01,0,Tech,1676.02,ESP,IND,1,1,1,0,1
sdv-id-YLmCiA,35ba9357-3ca8-4f31-8fd7-f3b9c68fcba5,1970-01-01,3,Food,775.53,ESP,JPN,1,1,0,1,0
sdv-id-wGWCOZ,998deba3-6ec8-461b-9336-d4dec5e9d3c3,1970-01-01,1,Retail,2284.92,ESP,DEU,0,1,1,0,1
sdv-id-CGKTkd,c0a5c337-4a34-41e7-a546-80ad810775f3,1970-01-01,3,Travel,1927.43,ESP,ITA,1,0,0,0,1
sdv-id-vDkpQP,3aa06694-0610-442d-8024-1ac149d83188,1970-01-01,4,Travel,49.71,ESP,CHN,1,1,0,0,1
sdv-id-eKqcrW,231e388a-f82d-41f5-94f3-2e9bd4977ff6,1970-01-01,1,Tech,1473.0,ESP,UKR,1,0,0,1,0
sdv-id-HDJxrK,17e6ae99-32d8-4c29-9370-7fcbb21534f7,1970-01-01,0,Travel,1501.2,ESP,RUS,1,1,0,1,1
sdv-id-VIQJKt,6fa5f03f-e92d-4961-9e0f-d29bb7a2ab33,1970-01-01,0,Gaming,1518.11,ESP,BGD,0,0,0,1,0
sdv-id-FBitXO,1a30a775-cce6-4d28-b141-be049bcf4139,1970-01-01,0,Gaming,879.11,ESP,DEU,0,0,1,0,0
sdv-id-wxxUru,ab16b1fd-14ca-428c-9336-eb2833ba1e1b,1970-01-01,0,Food,849.19,ESP,FRA,1,1,0,0,0
sdv-id-vRPlJJ,f54ce27a-34be-449b-93b8-fad41ed7cc8a,1970-01-01,1,Retail,303.47,ESP,ARE,1,0,1,0,1
sdv-id-DfLYpN,c09d557f-bc44-4fbc-adb6-8854baae905c,1970-01-01,0,Gaming,1376.93,ESP,USA,0,0,1,0,1
sdv-id-CMeZvw,0219a9c7-ba23-407a-b03c-1286b71714cd,1970-01-01,5,Tech,464.93,ESP,CHN,0,0,0,0,1
sdv-id-SqyaXA,0942f1cd-a7f1-4425-8ced-c55b41365c29,1970-01-01,5,Gaming,1606.57,ESP,DEU,1,1,1,1,0
sdv-id-mNjPlF,d872f72e-e5b4-41ae-bb41-c943ebd8a3b1,1970-01-01,0,Gaming,972.58,ESP,DEU,1,1,1,1,0
sdv-id-syOwov,015f566c-0ba6-4a86-8f52-85f7bf8cc6f9,1970-01-01,5,Gaming,847.16,ESP,DEU,0,0,0,0,1
sdv-id-MuaURi,9d79c79e-0b9b-49e4-98e9-d1fd74c377c5,1970-01-01,0,Tech,824.01,ESP,PRT,0,1,0,0,0
sdv-id-ARCYPz,21e8ac68-43e4-4caf-8181-a8cc369147eb,1970-01-01,0,Retail,166.97,ESP,IND,1,0,0,0,1
sdv-id-BkByHL,ba66f439-ee62-4f25-a2fc-194b649d72ad,1970-01-01,0,Gaming,1904.91,ESP,BRA,1,1,1,1,1
sdv-id-QznBHG,3cd7e0ea-bf81-4a17-a905-8f29731da6ec,1970-01-01,0,Travel,2039.27,ESP,USA,0,1,0,0,1
sdv-id-DxojYU,260ccfb4-c673-4380-a766-861778dbcde3,1970-01-01,1,Gaming,1671.54,ESP,JPN,1,0,0,1,0
sdv-id-LwQvUL,6d9b1eb1-18eb-4ed7-a16d-41c8575c9669,1970-01-01,0,Travel,1748.34,ESP,VNM,0,1,1,0,1
sdv-id-NbZmyj,c75795ba-2570-4104-9d67-ef186c5c3ffe,1970-01-01,0,Travel,1012.88,ESP,PRT,1,0,1,1,0
sdv-id-hldWQa,b95175be-5c89-458a-96b4-4b0c576bd523,1970-01-01,0,Tech,1082.44,ESP,IND,1,0,0,1,0
sdv-id-cfGIUF,f8ef0017-bf89-444e-9097-ce4674b0b243,1970-01-01,0,Gaming,952.32,ESP,DEU,1,0,0,0,1
sdv-id-PHVyHQ,b1af6608-abfc-4586-a55b-116e680c40c1,1970-01-01,0,Travel,919.18,ESP,IND,0,1,1,0,1
sdv-id-dkqFBI,eb19071b-0b35-40a1-bfa5-e99ffb23a4b7,1970-01-01,4,Tech,824.84,ESP,USA,1,0,0,1,0
sdv-id-eFRwum,6b70d4d5-6e0d-4295-b1d4-6873c29d0b1c,1970-01-01,0,Tech,2085.98,ESP,FRA,1,1,1,1,0
sdv-id-ojkNQh,2fad3d7e-a4bf-4846-a60a-3bdb002ae6c6,1970-01-01,4,Gaming,439.72,ESP,NGA,0,0,1,1,0
sdv-id-aVCErF,fb87ebc5-d986-4b5f-93fc-03bc3ef3d085,1970-01-01,0,Gaming,783.09,ESP,FRA,1,1,0,1,0
sdv-id-fokjBA,966d2735-3495-4c00-9a0f-09e9eb8b8c11,1970-01-01,5,Food,1426.68,ESP,UKR,0,1,0,1,1
sdv-id-pmNpZQ,786c014f-65fa-44a1-9a03-7833d4fdfad6,1970-01-01,0,Tech,923.42,ESP,NGA,0,1,1,1,0
sdv-id-zGVwBc,c971d849-e3fb-4c48-9cf1-16dcc4b03ad1,1970-01-01,0,Travel,1293.92,ESP,JPN,0,1,1,1,0
sdv-id-sgyrwh,dc7639e5-8a79-4c75-ae20-6e6f7e460b4e,1970-01-01,0,Retail,879.56,ESP,ESP,1,1,1,1,0
sdv-id-YCCezz,dc32f8a0-6a75-40e2-8e52-309da46a07c2,1970-01-01,4,Food,2096.03,ESP,DEU,1,1,0,0,1
sdv-id-jGLZyH,5287e5f4-85c1-4181-8567-4f45ad3b1b9d,1970-01-01,0,Food,113.22,ESP,ESP,1,1,1,1,0
sdv-id-gGLxrs,832f52c4-8e03-40cf-8e96-922772e76b51,1970-01-01,0,Tech,1315.96,ESP,NGA,1,1,1,0,1
sdv-id-vnTVTF,387ae2d2-b4ce-43c1-8333-fe5aec6808bc,1970-01-01,0,Retail,1764.73,ESP,ITA,1,1,0,1,1
sdv-id-sBQOEg,71f9b0e2-d270-4a52-98ff-d8ad8e1a3a51,1970-01-01,2,Food,1029.24,ESP,FRA,0,1,0,1,0
sdv-id-oriHgD,e2b6a842-d2a8-4922-a518-93471e910b71,1970-01-01,0,Travel,1661.4,ESP,NGA,1,1,0,0,0
sdv-id-sqSdXf,d9d5d66c-072b-40ed-ba58-d606a302db2f,1970-01-01,0,Travel,2327.53,ESP,VNM,1,0,0,0,0
sdv-id-iYjhFv,f7eae66e-ca6c-4f9b-8969-71018b2c550a,1970-01-01,0,Tech,2183.81,ESP,JPN,1,0,1,0,0
sdv-id-XfuVCL,ed99b044-54a5-4767-8c65-2ac066ba9945,1970-01-01,0,Travel,1402.11,ESP,ITA,1,1,0,0,0
sdv-id-ckWvhj,209f9f95-9f04-4dd0-9337-27c0c533fd1e,1970-01-01,3,Retail,506.28,ESP,DEU,1,1,0,1,0
sdv-id-hUjRdh,c33a8761-618f-478a-a66b-4b6db9ec28ff,1970-01-01,0,Retail,310.06,ESP,UKR,1,0,0,1,0
sdv-id-vVjrCm,09c628dd-bff0-40b9-be83-5c517e70b309,1970-01-01,0,Retail,571.61,ESP,NGA,1,1,0,1,0
sdv-id-roTAvn,a2f077e3-3040-4cc4-ac21-f1edf4a985b0,1970-01-01,0,Retail,685.55,ESP,BGD,0,0,0,0,0
sdv-id-EdlBmY,5d822e3a-6c6d-482b-a9e0-8370abf7a5d0,1970-01-01,0,Tech,2485.57,ESP,RUS,1,0,0,0,1
sdv-id-iDmdDA,d72476da-45a0-4d54-b3a1-b80fd3bacc13,1970-01-01,1,Tech,1874.79,ESP,FRA,1,0,1,1,0
sdv-id-efkxqD,a9d500dd-2140-4672-a3b9-7f36c0793f64,1970-01-01,0,Food,438.68,ESP,ARE,0,1,1,0,0
sdv-id-TxJvCd,1b6e6353-8d6e-4e62-88c6-7501b45f252f,1970-01-01,0,Tech,1480.41,ESP,GBR,1,0,1,0,1
sdv-id-fBdAKY,98ae0666-d066-4d21-af7d-7f211bd6b03d,1970-01-01,0,Tech,1107.35,ESP,USA,0,1,1,1,0
sdv-id-LnIFNI,3193fb1c-91bd-4f30-ab1a-ae6a31ca528c,1970-01-01,0,Food,1719.14,ESP,ESP,0,0,1,1,0
sdv-id-DSxxXF,9fb83bc9-2b62-4afd-902d-58d99d46df41,1970-01-01,0,Food,1292.88,ESP,IND,0,0,1,1,1
sdv-id-VrJsHp,0858f527-792d-4499-b497-375c366fbddd,1970-01-01,0,Retail,437.49,ESP,CHN,0,0,0,0,0
sdv-id-MydqZP,a8702d97-10e6-4176-b858-3966757256f6,1970-01-01,0,Retail,1865.7,ESP,UKR,0,1,1,0,1
sdv-id-cySkvh,cc8fe6ce-b69f-427c-bae4-5d7ca1b1087e,1970-01-01,0,Travel,1790.87,ESP,CHN,0,1,0,1,1
sdv-id-iusHEC,6553867d-a881-4fd3-947d-577bfa5a91ca,1970-01-01,2,Gaming,595.68,ESP,UKR,1,1,0,1,1
sdv-id-pSncSo,7f7d7604-ebd9-4165-b3cd-3e912f5b46f7,1970-01-01,0,Tech,1051.86,ESP,JPN,0,1,1,1,0
sdv-id-RAetaX,fc8ade6a-9051-485e-8b7c-e5c690968629,1970-01-01,0,Tech,1299.9,ESP,DEU,0,1,1,1,1
sdv-id-wYFJlx,e6e987ca-b87b-4384-9fdd-de2ea8a2b7ad,1970-01-01,0,Gaming,966.33,ESP,GBR,0,1,1,1,0
sdv-id-vKOJQW,ef2adff8-cea4-49c4-9eca-df24f0d1fa72,1970-01-01,0,Gaming,1703.76,ESP,DEU,1,1,1,1,0
sdv-id-ggXYAe,2f840b62-904c-4647-99aa-be5aa4739bb0,1970-01-01,0,Travel,2427.54,ESP,IND,0,0,1,0,1
sdv-id-HOkUKo,48d40d84-0b65-4f5f-b4d9-0398c17a608e,1970-01-01,1,Tech,43.27,ESP,DEU,1,0,0,1,0
sdv-id-MqDvbj,0be7728e-6a1a-4a9d-81d4-8a101b968925,1970-01-01,0,Retail,1939.77,ESP,NGA,1,0,0,1,0
sdv-id-pCzoqK,ada45eb2-6873-414f-a6bb-097f5e1313b7,1970-01-01,4,Travel,807.77,ESP,CHN,1,1,1,0,1
sdv-id-zKIGCz,d44260d2-5f11-4839-9203-7fc25366e938,1970-01-01,0,Food,24.26,ESP,CHN,0,1,0,1,0
sdv-id-rQTMEY,d69cd777-4114-42dc-ac06-2d4a708183ae,1970-01-01,0,Food,1443.28,ESP,ARE,0,1,0,0,0
sdv-id-vyFumM,503b4078-a39c-4ec6-b746-4c02871854c1,1970-01-01,4,Tech,275.68,ESP,BRA,0,1,1,1,0
sdv-id-Kjrybk,a5aa9765-a8d3-4b7d-be0c-5ec5df748fb5,1970-01-01,2,Travel,43.69,ESP,FRA,0,0,0,0,1
sdv-id-YfVYjc,d2eb35a1-355e-4329-87a1-31685681f41d,1970-01-01,0,Retail,24.29,ESP,VNM,0,1,1,1,0
sdv-id-uFHqDg,edfc1ab2-c198-4cfb-a5cf-9236bdce8c96,1970-01-01,0,Gaming,173.96,ESP,UKR,1,1,1,1,1
sdv-id-eSQIum,0c35bf2d-ec4f-4141-a26c-d59aec3e83c3,1970-01-01,5,Retail,2385.18,ESP,FRA,1,0,0,1,1
sdv-id-pabAwG,68353c7e-3eb0-49ec-8e6f-c9d441bff5b9,1970-01-01,0,Retail,1683.28,ESP,VNM,0,1,0,0,1
sdv-id-OsosFQ,ea855d66-8900-4547-81f5-9debea4ee2dd,1970-01-01,0,Tech,1846.79,ESP,ESP,1,0,1,1,0
sdv-id-xJKiKt,6f0d7229-1b38-4c72-ac64-8459df22367d,1970-01-01,2,Travel,2013.94,ESP,FRA,1,1,0,1,1
sdv-id-KukttH,c1143151-eb15-4b3a-a1c1-85b500326863,1970-01-01,2,Food,869.9,ESP,ESP,1,1,0,1,1
sdv-id-GloDZn,9a2363fe-6901-488c-bd8a-3090353a044d,1970-01-01,0,Retail,957.72,ESP,BGD,0,0,1,1,1
sdv-id-iruXXB,93608edf-382b-4b86-b2a3-2efdff138c80,1970-01-01,0,Gaming,135.12,ESP,NGA,0,0,0,0,0
sdv-id-owaqmw,148f0e3c-8ce9-4fdf-8bf4-a93a3210888f,1970-01-01,4,Travel,1061.27,ESP,ESP,0,1,1,0,1
sdv-id-hVaTBV,926730dc-1c0a-4411-9086-af36fa0a5de5,1970-01-01,3,Retail,2137.39,ESP,ARE,1,0,1,0,1
sdv-id-yxAIpW,38181f7a-af2e-4558-86ff-19b383da50ff,1970-01-01,0,Tech,2288.24,ESP,RUS,1,1,1,0,1
sdv-id-eqYqrp,e82b5b36-4269-428c-8bac-bedfff5a229e,1970-01-01,0,Tech,1523.76,ESP,ESP,1,0,0,0,0
sdv-id-oJQDJV,c8120a8e-7830-4930-9327-f1bc2784378f,1970-01-01,0,Gaming,1739.72,ESP,RUS,0,1,0,1,0
sdv-id-wyiZHt,2e89bdbd-5369-4c45-877e-0371ed140bfa,1970-01-01,0,Tech,1838.68,ESP,BGD,1,1,1,0,1
sdv-id-dTDfue,3735262d-4184-4b03-84dd-7054144823f7,1970-01-01,0,Retail,389.84,ESP,BRA,1,0,1,1,0
sdv-id-OrGPhE,f2c84743-9027-4770-a460-d0d2904883c1,1970-01-01,0,Food,2338.11,ESP,FRA,1,0,0,0,1
sdv-id-EnlszX,a97c696b-3567-46ec-b3c4-3cd1b44f8e12,1970-01-01,0,Retail,873.17,ESP,GBR,0,0,1,0,1
sdv-id-BvMKCu,69175c82-c4c3-4aeb-adce-d19ff47e2c3e,1970-01-01,0,Food,1054.36,ESP,ARE,0,0,1,0,0
sdv-id-OvysZi,8222cd7f-36e6-4a85-99ab-dc15296b67bf,1970-01-01,0,Gaming,955.53,ESP,BRA,1,1,1,0,1
sdv-id-cMUEIg,632a992b-5ddf-4f80-8a25-cd95539e9c1f,1970-01-01,3,Travel,732.92,ESP,ITA,1,1,0,0,0
sdv-id-vZUFOy,cef483f6-71d5-4861-b6bd-6dbe3a8e36fd,1970-01-01,0,Food,2277.96,ESP,CHN,1,1,1,0,1
sdv-id-bQCfCH,c11f6bf5-379e-4467-8a2d-b2e63bfda8a6,1970-01-01,0,Travel,1359.51,ESP,ESP,0,0,1,0,0
sdv-id-lnMOGm,f8c88fae-a217-4f84-bdb0-25ff2451e5a4,1970-01-01,1,Tech,1580.31,ESP,RUS,1,1,0,1,0
sdv-id-GjYuph,e2c94a44-2248-4e75-9885-dca5cac5ebc7,1970-01-01,0,Food,29.2,ESP,CHN,1,0,0,1,0
sdv-id-hnDOEW,d239abdf-570b-4e97-b446-9c3244dc6f42,1970-01-01,0,Food,577.81,ESP,BRA,1,0,0,0,0
sdv-id-VVVutH,3b6e33f7-95a8-4dc0-94b0-bab5a0350f66,1970-01-01,0,Travel,255.08,ESP,FRA,0,1,0,1,0
sdv-id-dAiSVY,8a3c3b5e-801e-41da-85b1-ed25f1533ae8,1970-01-01,0,Travel,1434.92,ESP,ITA,0,1,1,1,0
sdv-id-sQEepJ,2cfc4fb4-268c-4b15-939c-4fd6c49acd85,1970-01-01,0,Travel,1807.71,ESP,NGA,1,1,1,0,1
sdv-id-Sjlvce,87e3c955-1e49-46e1-a754-251d04fe52e3,1970-01-01,0,Food,2126.53,ESP,PRT,0,0,0,1,0
sdv-id-vqOwMg,66ea0949-adab-4b01-bce8-e033fb70fbf3,1970-01-01,2,Travel,1809.16,ESP,GBR,1,0,0,0,1
sdv-id-PDakAK,41f3e01c-7da1-4511-8eae-ba0bf07afab7,1970-01-01,0,Retail,1395.85,ESP,IND,1,1,0,1,0
sdv-id-lYTUee,e0c2442e-eb38-4cdf-8fd8-2aba0a6dc4ac,1970-01-01,1,Retail,1440.89,ESP,JPN,1,0,0,1,0
sdv-id-xelcFp,5302e6e2-387b-4cda-b133-0766d11ce313,1970-01-01,0,Food,215.51,ESP,ITA,0,1,0,1,0
sdv-id-bIHNCw,3c1689c2-4dbc-417c-be64-c44ffe678797,1970-01-01,0,Tech,193.23,ESP,ARE,0,1,1,0,1
sdv-id-rrgeCz,8f379da5-da41-4f0b-8255-9353f95d62ff,1970-01-01,0,Travel,1382.13,ESP,VNM,0,1,1,1,0
sdv-id-gqweSZ,85650e0b-d5c9-4d5d-8e57-79ecbe1a070f,1970-01-01,0,Retail,1677.48,ESP,PRT,0,0,0,1,0
sdv-id-PhnMtC,89b1cad1-84c9-4276-bee7-9d31feef21f8,1970-01-01,0,Retail,2284.13,ESP,JPN,1,0,1,0,1
sdv-id-PILrMS,6f25222d-dd6f-4420-9237-7609f47bc25b,1970-01-01,0,Food,1656.24,ESP,NGA,1,1,1,0,1
sdv-id-qteRRB,95309450-1c62-44f4-a44d-8dc2b2908892,1970-01-01,0,Food,400.81,ESP,DEU,1,0,0,1,0
sdv-id-miDElU,80ddb386-2790-492f-b7c6-bc5d1a380e8e,1970-01-01,0,Travel,739.65,ESP,NGA,1,1,1,0,1
sdv-id-axRqOF,70d0ebcb-6949-4ce5-a339-5b1a1ce97871,1970-01-01,0,Gaming,134.0,ESP,CHN,1,0,1,1,0
sdv-id-UaEqqd,3a843b35-c2bd-4805-8c48-52175d549496,1970-01-01,1,Gaming,888.69,ESP,RUS,1,1,1,0,1
sdv-id-hIEJJF,ef3dc5a8-9295-4d18-ac7c-44a8e6c9e05e,1970-01-01,0,Travel,2008.15,ESP,UKR,1,0,0,1,1
sdv-id-SCeMVd,b255b709-502b-4dc0-89c6-589a71ca8099,1970-01-01,1,Retail,177.47,ESP,RUS,1,0,1,0,0
sdv-id-WVyoGO,084601b2-c9ec-479e-8ee5-76d1969ecc23,1970-01-01,0,Tech,399.63,ESP,FRA,1,1,1,1,0
sdv-id-gYRNYv,08e5ed83-f8d4-466f-999a-20f181dcd57c,1970-01-01,0,Gaming,624.34,ESP,UKR,0,1,1,1,0
sdv-id-KqXtrz,57522610-482a-48ff-8796-45b8212232df,1970-01-01,1,Food,1217.46,ESP,VNM,0,1,1,1,0
sdv-id-UcEASv,e704b115-2a85-43b1-9dd0-3ecd0595c9a3,1970-01-01,0,Travel,261.85,ESP,NGA,1,1,1,0,0
sdv-id-SLSxzr,c48d5650-2e95-42d6-9679-2482a3c988e4,1970-01-01,0,Retail,767.17,ESP,UKR,1,0,1,1,1
sdv-id-skiVoz,41f3e01c-7da1-4511-8eae-ba0bf07afab7,1970-01-01,0,Travel,379.22,ESP,FRA,1,0,0,0,0
sdv-id-kKBArJ,75f1f413-cfb8-4cef-a9ba-1163dc554e9c,1970-01-01,0,Tech,1210.5,ESP,ITA,0,0,1,1,0
sdv-id-vDLvAY,6a846c2c-6d9b-4aa8-869e-b431cf344c15,1970-01-01,0,Travel,388.92,ESP,JPN,0,1,0,1,1
sdv-id-DAltDn,7df5e219-468a-4cd3-b431-f8f187db9211,1970-01-01,0,Gaming,674.59,ESP,ITA,1,0,0,0,1
sdv-id-KNWPIC,c5188d4d-c5a8-446c-a3f5-aea605981489,1970-01-01,0,Gaming,2419.61,ESP,UKR,1,1,0,0,1
sdv-id-PDmwKk,bf415c98-5a8e-4f05-a3ce-cf1e296df91f,1970-01-01,3,Gaming,2142.6,ESP,ITA,0,1,0,0,0
sdv-id-vOUmJz,3b70b3a1-24a3-4cf2-9549-c931e9af299d,1970-01-01,0,Travel,748.98,ESP,IND,0,1,1,1,0
sdv-id-SBwiyP,5ea9f259-45c8-4249-b0fb-b28e0d9bb3b5,1970-01-01,0,Travel,315.86,ESP,GBR,0,0,1,1,0
sdv-id-saGwSx,ed486d9a-e69f-4f78-af4c-113dc35f4e12,1970-01-01,0,Food,1164.08,ESP,BGD,1,1,0,0,1
sdv-id-rsGoDH,5892e71a-ab87-4ea4-854f-87ad7750bfbb,1970-01-01,0,Tech,1210.27,ESP,RUS,1,1,1,1,1
sdv-id-HUsjrh,780826ff-6123-4319-9069-c0570adea5db,1970-01-01,1,Food,1338.29,ESP,ITA,0,1,0,1,0
sdv-id-PaoUQa,a3922a4e-4f2c-486f-a27b-0edd8d7f9371,1970-01-01,0,Travel,551.19,ESP,FRA,0,1,1,1,1
sdv-id-NLMtqp,2978ad8f-0cc0-423f-a221-6ec62e5a7731,1970-01-01,0,Food,1239.13,ESP,VNM,1,0,1,0,1
sdv-id-fydsrB,3bb7a577-6529-480c-8ac0-8318b23b0c42,1970-01-01,0,Food,1364.83,ESP,BGD,0,0,1,0,1
sdv-id-BBCzUp,08614abb-e7b2-4e4a-ad16-24e170a26ad8,1970-01-01,0,Gaming,1089.67,ESP,VNM,0,1,1,0,1
sdv-id-UDYpur,af9f504b-5fb1-4849-a8c8-0d963e5e9986,1970-01-01,0,Travel,1589.42,ESP,GBR,0,1,1,1,0
sdv-id-nYfZDj,bccd9b8c-8508-4f91-a0ae-b372b6dfb4a6,1970-01-01,3,Travel,427.82,ESP,BRA,1,0,1,1,1
sdv-id-eIInPp,dc8f79c8-bd95-4829-a72c-f300c917a68e,1970-01-01,0,Retail,1288.04,ESP,JPN,1,0,1,1,0
sdv-id-FOEhan,d3e7acd9-7b16-4453-b042-eb9e061285a7,1970-01-01,0,Retail,55.04,ESP,USA,1,1,0,1,0
sdv-id-hyGZQt,db558642-3054-466b-ad8e-e559daf93e99,1970-01-01,0,Retail,60.5,ESP,BRA,0,0,0,1,1
sdv-id-WwxSlm,1a574cee-6490-4d65-b63d-329547f50a35,1970-01-01,0,Retail,441.03,ESP,IND,1,1,0,1,0
sdv-id-ysQCqr,e4c4e73c-4c46-4ad8-a6c6-4e18fdce9d79,1970-01-01,0,Food,1218.15,ESP,FRA,0,1,0,1,0
sdv-id-sDrRWo,2ea4790b-fdd0-4c32-b405-e657d1a37650,1970-01-01,0,Food,1503.76,ESP,JPN,0,1,1,1,1
sdv-id-GyPBmv,7a14cf98-611e-4047-b90a-474e6185e21b,1970-01-01,0,Tech,43.05,ESP,UKR,0,1,1,0,1
sdv-id-memqps,66db005e-9488-4285-ac88-d2576831429e,1970-01-01,0,Tech,468.67,ESP,VNM,1,0,1,1,0
sdv-id-TQrbbK,d2f629ca-bbe2-47ba-b84a-996719ef13bf,1970-01-01,2,Retail,1760.03,ESP,UKR,1,0,1,1,1
sdv-id-GNkfOY,b481acde-eeaf-4b56-99b6-5b6b6ef1d60c,1970-01-01,0,Tech,2175.63,ESP,PRT,1,1,0,1,1
sdv-id-zSTCEQ,bb77e34a-38f2-42b9-8310-6b55f638900a,1970-01-01,2,Food,1943.09,ESP,RUS,1,1,0,0,1
sdv-id-tKvwJG,2023fd4b-ab89-436b-9f6b-9b3fff594778,1970-01-01,0,Tech,785.02,ESP,VNM,1,1,0,0,1
sdv-id-LWPZhw,ae4f26c6-32f4-4b84-b473-db445fdc889f,1970-01-01,0,Travel,728.19,ESP,FRA,0,1,0,0,1
sdv-id-GrRfvS,e25ff355-f8f4-4249-bc02-c906aa34d26d,1970-01-01,0,Retail,2137.42,ESP,ESP,0,0,0,0,1
sdv-id-PwkQTQ,ef7cef26-3c66-4012-be74-1860bf957403,1970-01-01,0,Tech,1162.0,ESP,ITA,1,0,0,1,1
sdv-id-BUNhlV,d64894cd-2766-4e92-9873-6d60b7f23862,1970-01-01,0,Food,425.36,ESP,VNM,0,0,1,1,0
sdv-id-fRhdvq,79e76f99-f8f7-4639-a6de-fc16ea6dccb6,1970-01-01,0,Gaming,1190.73,ESP,BRA,1,0,0,0,0
sdv-id-LGnjou,4d2c0893-724d-4d1e-a2ca-eb651fc08d8f,1970-01-01,0,Food,1529.69,ESP,IND,1,1,1,0,0
sdv-id-qDisng,85eb43c8-98ff-405c-bcd2-280ee3c51ba8,1970-01-01,1,Tech,683.56,ESP,BRA,1,1,1,0,1
sdv-id-oolltI,cb0568b6-6d9e-4e0f-b155-fedf9c026b25,1970-01-01,0,Retail,635.38,ESP,DEU,1,0,0,0,1
sdv-id-YTRGqm,4808884b-6413-4c20-a13a-839cdecc87f2,1970-01-01,0,Travel,836.21,ESP,UKR,0,1,0,0,1
sdv-id-xqlQGA,e58e1370-2078-4fea-9793-a319b0a6b1c9,1970-01-01,2,Gaming,1072.6,ESP,BGD,0,0,1,1,1
sdv-id-guUioy,76a6b583-dcac-4b04-90ae-fe0df836a3b0,1970-01-01,0,Food,67.6,ESP,NGA,0,1,1,1,0
sdv-id-Ycuayz,865a7766-ad8c-4fea-9e4b-061eb45e9463,1970-01-01,3,Retail,2384.16,ESP,GBR,1,1,1,0,0
sdv-id-WmOMnd,ec2530fa-98b1-451e-b25d-71f1836a2e1d,1970-01-01,0,Food,882.25,ESP,ESP,0,1,0,0,1
sdv-id-vSvSSQ,f505b662-5937-4710-a829-1eebe614a0d9,1970-01-01,0,Food,771.21,ESP,BGD,1,1,1,0,0
sdv-id-cUlQFu,cf18d1b9-b281-48f0-865e-b4e1fe801c84,1970-01-01,0,Retail,1800.5,ESP,PRT,1,0,1,1,0
sdv-id-EiMmbv,52587a1a-226e-4ecb-b175-7e7df545752a,1970-01-01,4,Food,2355.6,ESP,DEU,0,1,0,1,0
sdv-id-WVSXMN,de1e119b-7e58-4c89-9502-a21b410a20b8,1970-01-01,0,Food,1446.39,ESP,USA,0,0,0,0,1
sdv-id-tPoWiA,b381e8b0-38ca-4da7-81f0-98fca45ccc55,1970-01-01,0,Retail,1617.92,ESP,IND,1,1,0,0,0
sdv-id-JysrOC,307a1acb-ad5c-4c49-ba09-8a2748708a92,1970-01-01,0,Travel,296.39,ESP,ESP,1,1,0,1,0
sdv-id-pxvWIk,18209c03-0a8e-4997-a3b3-b81b86174aa0,1970-01-01,0,Tech,364.92,ESP,PRT,0,0,0,1,0
sdv-id-qKPmVK,93608edf-382b-4b86-b2a3-2efdff138c80,1970-01-01,0,Tech,227.99,ESP,UKR,1,1,0,1,0
sdv-id-CilsjV,c329732b-5114-4ac7-9588-e38e8dbff478,1970-01-01,0,Food,2114.48,ESP,USA,1,0,1,0,0
sdv-id-YZxEkr,8c9bcaa6-07aa-440c-9762-0a6f6f24564d,1970-01-01,0,Retail,1641.43,ESP,USA,1,0,1,0,0
sdv-id-ueKtSI,01440fa3-5fcf-4c27-868e-47b0d87db947,1970-01-01,0,Travel,1045.36,ESP,BGD,1,1,1,1,0
sdv-id-xaMQes,068055f3-5511-4558-bc42-43526d987038,1970-01-01,0,Travel,203.94,ESP,RUS,0,0,1,1,0
sdv-id-VyGfFM,ba0d24f5-cff5-4357-98f1-101e84506864,1970-01-01,0,Travel,2143.24,ESP,PRT,0,0,0,1,0
sdv-id-XuRsrK,9364ecb5-db29-420a-8886-b7c6a4c755b0,1970-01-01,1,Food,975.64,ESP,USA,0,1,1,0,1
sdv-id-OwrYVB,1f93bb9d-263f-4b57-9ef9-81f8af927913,1970-01-01,0,Travel,2435.14,ESP,RUS,0,1,1,0,0
sdv-id-ABvNcN,69d4de06-342e-49b4-8a00-ae9986375844,1970-01-01,0,Food,1581.24,ESP,UKR,0,0,0,0,1
sdv-id-rAaxeu,7a37f3d6-77eb-4d89-b142-de87d109ffe5,1970-01-01,5,Gaming,1576.39,ESP,BGD,1,1,0,0,0
sdv-id-GYUcyD,15183e2c-3cca-4de2-b5c1-accc137d97fc,1970-01-01,1,Gaming,1128.02,ESP,CHN,0,1,0,1,1
sdv-id-ZRXash,83f38f4e-faf3-4aec-9e0a-71570d6ed01e,1970-01-01,3,Retail,583.87,ESP,VNM,0,0,0,1,0
sdv-id-caRxsz,0858f527-792d-4499-b497-375c366fbddd,1970-01-01,0,Food,2091.16,ESP,FRA,0,0,0,0,1
sdv-id-zSmoIq,d5f0fb6a-4596-4a75-b4df-b83ff659f188,1970-01-01,0,Retail,1113.7,ESP,VNM,0,0,1,0,1
sdv-id-hAtkIo,77a7e8b7-5e70-465f-9280-c5aa8dd4595b,1970-01-01,0,Food,2396.93,ESP,UKR,1,0,1,1,0
sdv-id-FAcfZi,9267e7e6-28f5-45c2-80eb-f7252f1ef8dc,1970-01-01,0,Gaming,906.58,ESP,NGA,1,0,1,0,0
sdv-id-WhIEWu,afc8d769-026e-4d11-8251-d2f020a89260,1970-01-01,0,Gaming,560.39,ESP,RUS,0,0,1,1,1
sdv-id-Ttuiuv,e1e68d35-77c8-4297-a3a9-654df679d544,1970-01-01,0,Travel,1388.5,ESP,CHN,0,0,1,1,0
sdv-id-fXOvts,cb317618-daaf-463a-8a06-3bf5839818fc,1970-01-01,0,Food,2101.34,ESP,USA,0,1,1,0,0
sdv-id-IEZUOn,c3c49506-1e8e-46ed-8748-03793ea7f419,1970-01-01,0,Gaming,1141.49,ESP,BRA,1,1,0,0,1
sdv-id-CPLTus,22ecf870-bb15-494a-aeb4-7b07823901c4,1970-01-01,1,Retail,873.08,ESP,IND,0,1,1,1,0
sdv-id-UzEGRV,9ac62e25-cf3c-4829-a44a-603e156e57f8,1970-01-01,0,Travel,2387.63,ESP,RUS,0,1,0,1,0
sdv-id-ziEvjj,747c7690-3ec8-448e-ad28-39891271c873,1970-01-01,0,Tech,1168.21,ESP,NGA,0,0,1,0,1
sdv-id-BuZHEC,7d7d38cf-7f07-414d-8d44-b7c1034273dd,1970-01-01,1,Tech,1510.14,ESP,GBR,1,0,1,0,0
sdv-id-bKMmJS,3b108cba-bfcb-4a55-82dc-286e060cfba5,1970-01-01,1,Retail,479.24,ESP,ESP,1,0,0,1,0
sdv-id-PyYnct,e0864418-7f3e-459b-9638-613769f35b2d,1970-01-01,0,Gaming,275.82,ESP,BRA,1,0,0,0,1
sdv-id-BmSmwY,45f3dc5a-ad68-4b45-82de-b2e6c37a927b,1970-01-01,0,Travel,901.11,ESP,JPN,1,0,1,0,0
sdv-id-hXXIRA,5de82b8c-c234-40bb-8810-76dd79267133,1970-01-01,0,Food,484.3,ESP,JPN,1,0,0,0,1
sdv-id-VOhwxs,0b93aded-2c61-4881-8f8e-2c426945349d,1970-01-01,4,Tech,1389.99,ESP,USA,0,0,0,1,0
sdv-id-QKvcup,a6b78891-bc3d-4bfc-b216-7340bf95ff33,1970-01-01,0,Food,851.79,ESP,BRA,1,1,1,0,0
sdv-id-JlmYjI,10431241-c02e-4c3d-b19c-6ba414762da4,1970-01-01,2,Gaming,2272.66,ESP,JPN,1,1,1,0,0
sdv-id-rirbbc,c544a049-6811-4a5c-8e3f-d50bf28c635f,1970-01-01,0,Gaming,1934.69,ESP,NGA,0,1,0,1,0
sdv-id-VPZTah,7faf15be-67cc-4df3-9af1-cbf08a4e4e3f,1970-01-01,0,Retail,1343.76,ESP,ITA,1,1,1,0,1
sdv-id-pWlVOJ,bda3c162-3a78-464a-9d86-80cbb90800f3,1970-01-01,0,Tech,219.51,ESP,CHN,1,1,1,1,0
sdv-id-gicayx,b893dae9-43ab-4168-a245-ed74e9d56e55,1970-01-01,0,Travel,149.56,ESP,UKR,1,1,1,1,0
sdv-id-EDonfP,60310461-26d3-4222-b3b7-0b634beef160,1970-01-01,0,Tech,1203.98,ESP,ESP,0,1,1,1,0
sdv-id-NfMTGz,cdebdd3c-528e-4ae8-a03d-1b30adcde95f,1970-01-01,1,Food,1644.55,ESP,UKR,1,0,0,0,1
sdv-id-rCodfI,f9d09e26-165e-45b5-b526-d3b0abeb35d1,1970-01-01,1,Tech,2115.35,ESP,ITA,0,1,1,0,0
sdv-id-ueQpwz,6044abd0-8630-4789-99ab-d41c75acb371,1970-01-01,0,Tech,1448.89,ESP,RUS,0,0,0,0,1
sdv-id-sZSpEe,ffba331a-dbe8-43ef-8b47-88c1153fb118,1970-01-01,0,Travel,2482.55,ESP,RUS,0,0,0,0,1
sdv-id-rFiAsC,eefe1006-05fd-46c5-9602-7e8297fe0542,1970-01-01,0,Retail,2012.88,ESP,ESP,0,0,1,0,1
sdv-id-yNFoFo,6f97aebd-e15d-4642-8a84-bd349d345ce9,1970-01-01,0,Food,1599.65,ESP,JPN,0,1,1,0,1
sdv-id-TCYgbi,349eb0da-7e50-4ec4-81db-9a6210a437d5,1970-01-01,0,Retail,2125.95,ESP,IND,0,0,0,0,1
sdv-id-aELVPn,f801a8bf-1467-473a-9507-14a73aac2179,1970-01-01,2,Food,1095.66,ESP,NGA,0,0,0,0,1
sdv-id-OynUKw,01829782-88ea-47d4-9e49-4952ac5d4e57,1970-01-01,0,Retail,1223.0,ESP,CHN,0,1,1,1,0
sdv-id-FifCQg,a2dd22d5-2afa-4b7b-91cb-f9e5fb7d3ba1,1970-01-01,0,Tech,1591.23,ESP,NGA,0,1,1,1,0
sdv-id-kLcjhA,ce34dc5e-0f07-4c60-aa37-76b1fd0a2eb0,1970-01-01,1,Gaming,894.84,ESP,FRA,0,0,0,0,1
sdv-id-eclnwd,b366ffd1-ae4d-4a19-a2c2-aa2466e9a80e,1970-01-01,0,Tech,968.74,ESP,DEU,1,1,1,1,0
sdv-id-WeCgzm,a444c040-4663-4755-a5b0-163908954db1,1970-01-01,0,Food,630.74,ESP,VNM,1,0,1,1,0
sdv-id-WMvpRT,0d3069bf-ca66-48a8-9f96-048a453b37f5,1970-01-01,0,Tech,1192.1,ESP,USA,1,1,1,1,0
sdv-id-KJZFyY,83a9c235-5ffd-4015-853f-1db3d275bd43,1970-01-01,0,Food,961.49,ESP,FRA,1,1,0,1,0
sdv-id-eTglGX,22a112b5-3a88-4cec-bab8-cd39d6b3e81a,1970-01-01,0,Gaming,244.66,ESP,BRA,0,0,0,1,0
sdv-id-AwncPt,7b814ce1-b22a-4428-b11f-4ae4233731e0,1970-01-01,4,Tech,2227.96,ESP,BGD,1,1,1,0,1
sdv-id-UYJARx,35b823e4-2016-4e6d-8eb3-9f633a00c83e,1970-01-01,2,Gaming,1116.92,ESP,PRT,0,0,1,0,1
sdv-id-jeXtvS,53badc3e-cc5b-4684-9f82-3a9481140235,1970-01-01,0,Gaming,1637.5,ESP,ESP,0,1,0,1,0
sdv-id-estweU,1755028b-8b5e-4d91-a8a1-3331404482f9,1970-01-01,0,Gaming,315.06,ESP,ITA,1,0,0,0,1
sdv-id-fxDhSv,4cc6c4d9-ce52-46b3-b39a-34cb30fa0cb4,1970-01-01,0,Tech,806.52,ESP,IND,0,1,1,1,1
sdv-id-eSRcVD,e0864418-7f3e-459b-9638-613769f35b2d,1970-01-01,0,Travel,256.99,ESP,CHN,1,0,1,0,0
sdv-id-FePZtm,1a30a775-cce6-4d28-b141-be049bcf4139,1970-01-01,4,Travel,632.39,ESP,RUS,0,0,0,0,0
sdv-id-dsdcdB,f53ca48b-268d-49f4-be5b-8a9233f8457c,1970-01-01,1,Food,612.98,ESP,GBR,0,1,0,0,0
sdv-id-hvacTi,295c1b59-3807-4a8e-be3b-eb35e1ebef9c,1970-01-01,0,Food,341.15,ESP,PRT,0,1,0,0,0
sdv-id-HKjECb,7f6bf62c-a1c1-4b96-baab-d9f2850b7073,1970-01-01,0,Tech,410.8,ESP,BGD,1,0,1,1,1
sdv-id-AwBnsh,9d9daa19-72d5-4a20-80b6-11a2ef6c1067,1970-01-01,0,Travel,1963.36,ESP,CHN,0,0,0,0,0
sdv-id-ArQtrk,e797f3ae-0cca-4c05-a1f6-19ed2c1882c9,1970-01-01,0,Gaming,1381.49,ESP,CHN,0,1,0,1,0
sdv-id-typiep,225b74ad-f519-4b52-b718-31f3d527189b,1970-01-01,0,Food,597.79,ESP,JPN,1,1,1,1,1
sdv-id-sRuJAZ,0227e56b-0474-4ebc-b455-c604fee931f4,1970-01-01,0,Tech,1104.5,ESP,IND,1,0,1,1,0
sdv-id-ApRvkp,0ca37885-d760-4ffe-aa8b-73eb3cde0596,1970-01-01,1,Tech,2272.75,ESP,CHN,0,1,0,1,0
sdv-id-UDKeDd,46556f9a-7692-4681-ae65-4dcc8087d4bc,1970-01-01,0,Food,449.64,ESP,GBR,1,0,1,1,0
sdv-id-bCcanu,a417c093-80a8-423d-97ea-ec838892042f,1970-01-01,3,Gaming,377.56,ESP,NGA,0,1,0,0,1
sdv-id-nxISOz,c9e116b9-7e2a-40da-95a6-b3ef1d3042ee,1970-01-01,3,Food,432.17,ESP,GBR,0,1,0,0,1
sdv-id-RtVzIJ,bbaae0a4-660f-4b0b-b4cd-510f57e69df9,1970-01-01,0,Travel,600.01,ESP,IND,0,1,1,0,1
sdv-id-PnCaEO,c4b27b21-bc0d-46ed-bb12-2ee53d305a07,1970-01-01,1,Tech,2146.12,ESP,GBR,0,1,0,0,1
sdv-id-YwAaus,0822e8f3-6c03-4199-972a-846916419f82,1970-01-01,4,Gaming,266.35,ESP,DEU,1,0,0,0,1
sdv-id-lgCaQy,e7a33be5-5323-44aa-b056-fa5a4317abe4,1970-01-01,0,Food,737.89,ESP,BGD,0,0,0,0,1
sdv-id-OyGIgX,cca8f708-df77-41cc-85d1-cfbdd2ec8e7a,1970-01-01,0,Tech,1301.08,ESP,BRA,1,1,0,1,1
sdv-id-ZJzVJg,570e5af5-f5ff-4705-9a74-a05688dd44cc,1970-01-01,2,Travel,1586.05,ESP,FRA,0,1,1,1,1
sdv-id-YGYrqP,4d3485c5-c5c1-4eb4-b27b-3d901a16342c,1970-01-01,0,Tech,2307.26,ESP,RUS,1,0,0,1,1
sdv-id-jXBTqI,c2a663d6-d34c-41f2-a746-cfa4724eb58d,1970-01-01,0,Food,185.6,ESP,ITA,1,1,1,0,1
sdv-id-iQPGdl,4f9a5f98-4d95-4273-8b2c-c805d1403430,1970-01-01,0,Gaming,1059.49,ESP,CHN,0,1,1,1,1
sdv-id-OPKOLL,ecfbc936-2012-4ebb-bc9b-519ad3a81c4f,1970-01-01,2,Gaming,1321.09,ESP,ESP,0,1,0,0,1
sdv-id-LhfTzE,f758dce2-0556-4aea-a7b0-32831d7c0098,1970-01-01,0,Retail,1397.13,ESP,FRA,1,0,0,0,1
sdv-id-KsbPtj,dc6bf2c8-db18-4d46-8029-d6335b9559d0,1970-01-01,0,Tech,2156.23,ESP,JPN,1,0,1,1,0
sdv-id-lRhabN,2477536f-534f-489b-885e-9e90f12ff03e,1970-01-01,0,Food,1528.61,ESP,VNM,1,0,0,0,0
sdv-id-ZMSRxr,ca9f1d59-83e8-4700-8e63-813ed22e3226,1970-01-01,0,Food,40.06,ESP,IND,0,1,1,1,1
sdv-id-SuidBJ,76185aee-62cc-43b9-85a3-3467b110f489,1970-01-01,0,Food,1096.96,ESP,GBR,1,1,0,0,1
sdv-id-TTAfLO,84b871bb-3005-48d2-8de0-51a669ca97d2,1970-01-01,0,Food,1300.3,ESP,PRT,0,0,0,1,0
sdv-id-qjDeOO,0977c513-752a-4d25-b190-1b7ec6b469ef,1970-01-01,0,Food,607.36,ESP,BGD,0,1,1,0,0
sdv-id-fhmHKC,c96782fb-c417-4ebd-820c-be742e07a11f,1970-01-01,0,Gaming,68.05,ESP,FRA,0,0,1,0,1
sdv-id-AMmzlG,3e5f7e23-704c-49e2-aa3d-d7698dac210d,1970-01-01,0,Tech,30.11,ESP,FRA,0,1,0,1,0
sdv-id-XZuLrW,5d844714-9c12-46f0-9cd1-a96075d4a3be,1970-01-01,0,Food,1307.32,ESP,DEU,1,1,0,1,0
sdv-id-awToTH,3c3dbcd8-c705-4c5b-9eda-2838c7b95bd9,1970-01-01,2,Retail,764.08,ESP,CHN,1,1,1,0,1
sdv-id-tfjOgu,f122d458-f521-4f35-a358-c4d3fc76627b,1970-01-01,0,Gaming,2097.85,ESP,VNM,1,0,0,0,0
sdv-id-oYGgYa,952f6d11-27ff-47ca-9204-9b0a9e11e71c,1970-01-01,1,Food,17.71,ESP,ARE,1,0,1,0,1
sdv-id-MvoxLT,a028dc87-d6fb-4a95-a9db-b362c0dfb921,1970-01-01,0,Travel,1470.81,ESP,FRA,1,0,0,1,1
sdv-id-tUjsnZ,20453d2d-5924-4739-8705-ecba00c4e208,1970-01-01,0,Tech,1313.83,ESP,GBR,1,0,0,1,0
sdv-id-mAYjfR,331bd602-9dd0-4e04-8485-742a6d22313c,1970-01-01,0,Retail,736.19,ESP,UKR,1,0,0,0,1
sdv-id-efsRJh,05b3f116-2062-4446-bc9b-7cd1983e5d3b,1970-01-01,1,Travel,2239.0,ESP,FRA,0,1,0,1,0
sdv-id-WUjSpy,b253d218-6c4a-47ea-8906-17f2747b6dba,1970-01-01,0,Retail,427.92,ESP,FRA,0,1,1,0,0
sdv-id-GCtGuP,bfd467e7-7491-450c-b75e-fed82d6b5953,1970-01-01,1,Food,315.21,ESP,CHN,1,1,1,0,1
sdv-id-JKRHAy,77242041-1e43-4bd2-aaf4-07f70fe76149,1970-01-01,0,Gaming,1797.99,ESP,DEU,0,1,1,0,1
sdv-id-yekzsg,3b1d12cf-3b70-4092-98ab-182c3b1d0181,1970-01-01,5,Food,1221.86,ESP,USA,1,0,0,0,1
sdv-id-ogQBRF,f8c88fae-a217-4f84-bdb0-25ff2451e5a4,1970-01-01,0,Travel,380.98,ESP,PRT,1,1,1,0,0
sdv-id-dfcPSH,02cd8d8f-1ee5-4544-9677-fc878b8657d5,1970-01-01,5,Retail,825.31,ESP,BGD,1,0,1,1,0
sdv-id-OUTJEx,ca90001c-8943-414f-b668-705d1a10748c,1970-01-01,0,Tech,2273.34,ESP,ITA,1,1,1,0,1
sdv-id-taKlLv,7a5d7c82-86c5-447c-851a-00393803dcee,1970-01-01,0,Tech,995.58,ESP,GBR,0,0,0,0,1
sdv-id-TbuTOR,7a0ffa86-5eac-415d-b274-2e763b6becb7,1970-01-01,5,Retail,1539.43,ESP,CHN,1,1,0,1,0
sdv-id-GZPssA,350b9f51-9f31-4fff-a97a-8503d83333c3,1970-01-01,0,Tech,2047.14,ESP,ITA,1,1,1,0,1
sdv-id-dXqKHl,24522ef6-1e5f-4e58-b427-eefaf808e17a,1970-01-01,3,Gaming,1574.91,ESP,JPN,1,0,0,0,0
sdv-id-lnVXbD,c0d9863f-66bc-46f0-bd9e-d3fc5266cd86,1970-01-01,0,Gaming,785.36,ESP,VNM,0,0,1,1,1
sdv-id-nHsbbd,7420431e-2bf0-4535-92f5-c7bc54c4c8ba,1970-01-01,0,Gaming,2216.15,ESP,NGA,1,1,0,1,1
sdv-id-FmLaEU,8a2509a4-cde4-436f-94d8-eae02d9f3daf,1970-01-01,0,Retail,1665.33,ESP,NGA,1,0,1,0,1
sdv-id-gCAmIK,0516d89d-73df-4835-9043-0a9fbaedb77c,1970-01-01,0,Tech,2015.58,ESP,BGD,1,1,1,1,1
sdv-id-BteXxA,66194848-19bf-4f3b-92ed-24878aa9d39a,1970-01-01,0,Travel,954.68,ESP,RUS,1,0,1,0,0
sdv-id-iaBfGk,ddca9cc3-d48f-46c5-a431-d4a9ca1ef8d9,1970-01-01,0,Food,1417.81,ESP,BRA,0,1,1,0,0
sdv-id-lrymKD,8ee25180-9fb1-49a3-8a2f-2373f777c816,1970-01-01,0,Travel,1342.27,ESP,DEU,0,1,0,0,0
sdv-id-eXhyxr,a87319fe-981d-4530-84f2-0d97f4881671,1970-01-01,0,Tech,1329.57,ESP,CHN,1,0,1,1,1
sdv-id-XeVTfT,6b0ffa79-3113-413a-a0b9-98300b373468,1970-01-01,0,Gaming,737.4,ESP,BRA,0,0,1,1,1
sdv-id-NsDKkX,5a7284a2-25ba-4795-a2a8-76d76d58bf63,1970-01-01,0,Tech,1119.96,ESP,ITA,1,1,1,1,0
sdv-id-VcmiQk,4526aeed-47a0-4cda-a333-639f387364c1,1970-01-01,2,Tech,577.09,ESP,UKR,1,1,0,0,0
sdv-id-ZBHyVO,e810c030-2edf-4b1a-ae35-5704b82f76ef,1970-01-01,4,Retail,205.06,ESP,FRA,1,0,1,0,1
sdv-id-TfcBRD,ef19117f-a452-4def-827b-8c898d3f433b,1970-01-01,0,Retail,846.56,ESP,BRA,1,1,0,0,1
sdv-id-xnrFJP,d1c4a375-204e-4480-bc77-c40538a68341,1970-01-01,0,Retail,1404.36,ESP,FRA,1,0,0,1,0
sdv-id-npmDZw,c0676073-e9c0-40f0-8571-f9ab41589d90,1970-01-01,0,Gaming,1530.45,ESP,FRA,1,0,0,1,0
sdv-id-rpbGvT,9e009ef4-5bab-4aec-bcfc-206b6bc515b3,1970-01-01,0,Retail,1407.2,ESP,FRA,1,0,0,0,0
sdv-id-WEYVyE,0a4434d1-994a-461f-9110-7df927d23eca,1970-01-01,5,Travel,912.62,ESP,UKR,1,1,0,0,1
sdv-id-SbZtMP,5401e034-45ae-45d2-bbbf-d6926f125321,1970-01-01,0,Tech,641.09,ESP,IND,0,0,0,1,0
sdv-id-dWjCSB,bfa4cfdd-01c3-4adc-91e1-2ee9f664b2b9,1970-01-01,0,Travel,32.05,ESP,ESP,1,1,0,1,1
sdv-id-LxoXoW,aad29f81-7fe9-4b4f-8a7a-d5f3bdacb371,1970-01-01,0,Retail,11.39,ESP,BRA,0,0,0,0,1
sdv-id-vcWYSZ,7466ef02-5e7b-42c8-a097-dedbefb3b939,1970-01-01,0,Travel,1738.53,ESP,ESP,1,0,1,1,0
sdv-id-szilhs,77f90adb-047e-456d-9efa-244fd76e9ec1,1970-01-01,0,Gaming,1571.22,ESP,DEU,1,1,1,0,1
sdv-id-axJdgO,b465c027-2dd1-445b-a454-a82a6d2cdbf9,1970-01-01,0,Tech,1203.83,ESP,PRT,1,1,0,1,0
sdv-id-pEtIsn,64bc999b-8250-4470-9abd-edcf3bc80f65,1970-01-01,0,Tech,2337.65,ESP,BGD,1,1,1,0,0
sdv-id-KVBXWe,edafea54-50b9-404a-9edc-c2ff53d47caf,1970-01-01,0,Travel,1366.17,ESP,ITA,1,1,1,0,0
sdv-id-Glizqh,a7890770-55ec-424a-a64b-9b37ae01a122,1970-01-01,3,Retail,2138.94,ESP,FRA,0,0,0,0,1
sdv-id-wgoMeT,eb26cc82-4324-487e-8010-2b4d660438cc,1970-01-01,0,Food,1357.18,ESP,GBR,0,1,1,0,1
sdv-id-UJRyeS,2fe61a89-d059-4594-bc08-a96026c451fd,1970-01-01,0,Gaming,982.74,ESP,USA,0,0,0,0,0
sdv-id-JXTRZM,613c9847-19ec-4e51-9d9d-dee1e09189f1,1970-01-01,5,Gaming,314.83,ESP,UKR,1,1,1,1,0
sdv-id-TuqpQf,328e2a64-51ba-4725-b5a3-bfe30f56816f,1970-01-01,0,Food,1661.2,ESP,USA,1,1,0,0,1
sdv-id-DWCSlu,495743a2-81b1-4b80-a5e1-b0f5ca0ee8c4,1970-01-01,0,Gaming,2317.34,ESP,NGA,0,0,1,0,1
sdv-id-GufYJL,7d296f9c-7d6a-45c4-be26-13aba98cb9cf,1970-01-01,0,Tech,2004.89,ESP,FRA,1,0,1,0,1
sdv-id-JvEdRy,1adac950-efe3-455d-b281-1822fd26ce31,1970-01-01,0,Retail,51.39,ESP,ITA,1,1,0,1,0
sdv-id-hyJFzW,ba7e1b86-c1fa-4753-a7ef-0a4b5fb2b838,1970-01-01,0,Tech,87.7,ESP,PRT,0,0,1,0,1
sdv-id-qOUBgh,adc29178-a041-4612-acd5-8759e95d2761,1970-01-01,0,Gaming,2094.83,ESP,USA,0,1,0,1,0
sdv-id-NVTeLa,420079f5-1dc3-426e-bb62-659e0700749a,1970-01-01,0,Travel,638.7,ESP,ARE,1,1,1,1,0
sdv-id-aeYpHP,b79a566b-2e14-42be-98a5-47b209a18b34,1970-01-01,3,Gaming,1568.31,ESP,DEU,1,0,0,0,0
sdv-id-johVMO,8534bd76-8642-4a80-a8c1-2f2278ea904d,1970-01-01,0,Retail,551.44,ESP,BGD,1,1,1,1,0
sdv-id-PFaUOI,ab28efa9-959e-477e-ae52-635d2bc4a319,1970-01-01,4,Retail,48.3,ESP,BRA,1,0,0,1,0
sdv-id-ZMKSGU,4a85fbd1-c22a-4772-bcbf-f645cb61716c,1970-01-01,4,Gaming,1732.89,ESP,BGD,0,1,1,1,0
sdv-id-yOTqFz,ce0f3a53-4280-4061-a2cb-c85c3069ae7c,1970-01-01,0,Retail,2140.45,ESP,ITA,0,1,1,1,0
sdv-id-URkXcX,80fa3363-7497-47d9-8346-93d1ca67d562,1970-01-01,0,Retail,56.2,ESP,ITA,0,0,1,1,0
sdv-id-bNitWF,7b2413e8-005f-4765-975f-310891653dbc,1970-01-01,0,Travel,2242.68,ESP,RUS,0,0,1,0,1
sdv-id-zRqMiQ,65454a72-dd37-4743-a40e-d1db0c3badd8,1970-01-01,0,Gaming,137.12,ESP,DEU,0,0,1,1,0
sdv-id-vbLwdO,9cbf4d7d-e70c-4280-afa9-7de7619987c0,1970-01-01,3,Gaming,2070.51,ESP,BRA,1,0,0,0,1
sdv-id-DohPku,04d07f29-13e6-45fd-9c99-d366c8b62c18,1970-01-01,0,Food,831.68,ESP,BRA,0,1,1,0,1
sdv-id-HksRST,192703a7-df2e-47e7-84fc-bb8424aefbea,1970-01-01,0,Retail,775.59,ESP,FRA,0,1,0,1,0
sdv-id-yHoDCd,75b77e0c-ba0c-493f-93c1-6428c5f93dca,1970-01-01,4,Food,613.2,ESP,GBR,1,1,0,1,1
sdv-id-GZcURn,7d9c03c7-73de-4a56-95ee-f366bc76b752,1970-01-01,0,Gaming,2429.03,ESP,USA,0,0,1,0,1
sdv-id-SQULUf,318beb4e-8251-4fd9-b41f-acd11344c2f6,1970-01-01,0,Food,1829.04,ESP,ARE,1,0,1,1,1
sdv-id-gVjVpP,d59ef0fd-1204-44d6-bbfb-1b710a683eb8,1970-01-01,0,Travel,2208.65,ESP,ESP,0,1,1,1,0
sdv-id-JpVfQi,7ee667de-d93e-4a4d-aa6a-642bfabfa7ef,1970-01-01,0,Travel,1584.92,ESP,PRT,1,0,1,1,0
sdv-id-MJsjdX,198a6a0c-8bfc-446c-8ea9-e905e0e4fb32,1970-01-01,0,Retail,667.4,ESP,GBR,1,0,1,1,0
sdv-id-ZkEDbi,cf048f3a-6fa5-49d0-ae1f-18acb701001e,1970-01-01,0,Gaming,478.49,ESP,IND,1,0,1,0,0
sdv-id-YWkpgX,e7a33be5-5323-44aa-b056-fa5a4317abe4,1970-01-01,5,Tech,1943.66,ESP,UKR,1,1,1,0,1
sdv-id-tlOBIC,57f9f3a7-6193-4947-b63f-56acbfeeb533,1970-01-01,5,Food,1495.69,ESP,DEU,1,0,0,0,1
sdv-id-iUjKLm,bd9ab6d9-7d36-45b9-b0d1-701b1ecfcd89,1970-01-01,0,Retail,299.37,ESP,ARE,0,0,1,1,1
sdv-id-pTZFex,9dec2b83-3885-4f7e-af1a-25a829344e15,1970-01-01,2,Tech,980.58,ESP,NGA,1,0,1,1,1
sdv-id-kyWfyV,03b0c4c0-e6db-4a5b-8efc-8d6d500b3933,1970-01-01,0,Travel,984.69,ESP,IND,0,1,1,1,0
sdv-id-hJwdeq,9fb02727-3549-4673-888a-ca21b1f4dd88,1970-01-01,0,Gaming,503.62,ESP,IND,1,1,1,1,0
sdv-id-PwEcJU,a3b4a240-7f48-4536-9f2e-444a501bcf44,1970-01-01,0,Travel,1880.35,ESP,UKR,0,1,0,1,0
sdv-id-mzzlqO,9dec2b83-3885-4f7e-af1a-25a829344e15,1970-01-01,0,Tech,1213.02,ESP,USA,1,0,1,1,1
sdv-id-KxGAQy,3ab7127e-4f32-4a54-a3cc-f604e2ae3f87,1970-01-01,0,Retail,812.0,ESP,BGD,0,0,0,0,1
sdv-id-ronnmy,496ff6e3-0495-461f-9080-810858904829,1970-01-01,5,Retail,2417.96,ESP,BGD,1,1,1,1,0
sdv-id-PiJMOO,b23bbe88-d478-45dc-9c5b-b4ceb79ccfc9,1970-01-01,0,Gaming,2426.77,ESP,IND,1,1,0,0,1
sdv-id-YuTCXS,92eef5bb-16b3-4ada-922f-0f9481d2645b,1970-01-01,3,Tech,1320.97,ESP,ITA,0,1,0,0,1
sdv-id-oGMLkt,9eb5d8d2-9620-418d-a2c5-78296210b734,1970-01-01,0,Food,304.42,ESP,BRA,1,1,1,0,1
sdv-id-eQBHKu,910aeb6f-6b56-4091-a65c-9da5be160640,1970-01-01,0,Retail,615.18,ESP,JPN,1,0,0,0,1
sdv-id-jUqJJt,57c5982c-f6ae-40e8-a5da-ced0460a6125,1970-01-01,1,Food,1325.22,ESP,NGA,1,1,1,0,0
sdv-id-MEKjfJ,dd16663a-8183-4bc0-80e2-cd0484c48ac0,1970-01-01,0,Retail,235.79,ESP,ARE,1,1,0,1,1
sdv-id-pCMjkW,198a6a0c-8bfc-446c-8ea9-e905e0e4fb32,1970-01-01,0,Gaming,120.82,ESP,UKR,0,1,1,0,1
sdv-id-ksRRfI,a68fc907-7edc-4ce1-b0d9-12733e6d9f97,1970-01-01,0,Tech,25.58,ESP,BRA,0,0,1,1,0
sdv-id-VXsIfs,88f68352-d38b-4a4e-93fd-b67487f766a9,1970-01-01,0,Retail,1092.79,ESP,ARE,0,0,0,1,0
sdv-id-cCTmhV,3df8c0c9-d66b-4c9e-8d65-86ee1edb568b,1970-01-01,0,Retail,1921.58,ESP,VNM,0,0,1,0,1
sdv-id-fXREHx,14296c07-f26b-4776-913e-4de2e0c53cb8,1970-01-01,3,Food,122.94,ESP,DEU,1,0,1,0,0
sdv-id-ejiMdo,00c818ba-a210-4d25-b92c-5f423f203c22,1970-01-01,1,Gaming,367.18,ESP,VNM,0,1,0,1,0
sdv-id-QmOzwz,b24beb96-c092-4b74-a6b0-7ff60fc79913,1970-01-01,0,Retail,532.35,ESP,DEU,1,1,0,1,0
sdv-id-bQHSMa,84f16d9d-af8f-4cf0-851a-9ec71cdde8ca,1970-01-01,5,Travel,887.33,ESP,BRA,1,1,0,0,0
sdv-id-dNVkQX,20323ec5-2f4c-4a5e-869c-4218ecb55c92,1970-01-01,1,Travel,2245.89,ESP,VNM,1,0,0,0,1
sdv-id-ApCSqC,7eca5b2d-341f-4b4a-b6ca-f84012adbc1b,1970-01-01,0,Retail,301.25,ESP,VNM,0,0,1,0,0
sdv-id-xGhNrl,d994f7ba-4b7f-4a4c-8d5d-2f648f2b892b,1970-01-01,0,Retail,8.88,ESP,IND,1,1,1,0,1
sdv-id-viIFxM,b9a693ef-3571-4561-bd12-c52be64f17e3,1970-01-01,0,Travel,2459.02,ESP,ESP,0,1,1,0,0
sdv-id-mPDEye,05efea2a-f825-48bd-ab4c-2dacdf93b659,1970-01-01,3,Food,1336.68,ESP,DEU,1,1,0,1,0
sdv-id-YwdCNf,b8b34edc-cf02-4db8-acab-e1e93e906a8c,1970-01-01,0,Tech,1390.5,ESP,VNM,1,0,1,0,1
sdv-id-vXeCUk,0cbe938d-2b33-4734-9a11-9684b385d9de,1970-01-01,0,Gaming,2129.36,ESP,CHN,0,1,1,1,0
sdv-id-ICLcJY,edafea54-50b9-404a-9edc-c2ff53d47caf,1970-01-01,0,Food,596.55,ESP,CHN,1,1,1,0,1
sdv-id-RqRJpp,aef0244b-2c19-4e3d-a7fc-1bad76ca1cbe,1970-01-01,0,Food,1953.26,ESP,NGA,1,0,0,0,1
sdv-id-psdyYC,1d71f339-c448-42af-87f8-b6f13fdd0e2b,1970-01-01,0,Tech,1788.25,ESP,CHN,1,1,1,1,0
sdv-id-JwNTeT,471c10ae-cdb4-4dab-8a27-cd6942264ba4,1970-01-01,0,Tech,1484.07,ESP,BRA,1,1,0,1,0
sdv-id-KugZtx,0cc8fa21-b601-45b2-81c3-63cd7add3695,1970-01-01,0,Food,2321.89,ESP,ITA,0,1,0,1,1
sdv-id-CsXtEF,c22edfc4-3810-4177-8acc-09da0ada634b,1970-01-01,0,Retail,899.3,ESP,VNM,0,0,0,1,0
sdv-id-TrkRwb,ede02d33-a36d-4567-b3a4-4f408d3ba57f,1970-01-01,0,Retail,763.88,ESP,JPN,0,1,0,1,1
sdv-id-MPdtqT,8bf54fa8-8ae9-4f31-8674-a2f56818f77e,1970-01-01,0,Retail,963.04,ESP,ITA,0,0,1,1,0
sdv-id-RwDfGG,3c03032c-c7f0-40cf-8463-aa5e222c2fd2,1970-01-01,0,Gaming,595.01,ESP,PRT,0,1,1,1,0
sdv-id-UDPXZD,2f981e44-ca78-4f58-adec-4b0d529b3b96,1970-01-01,0,Tech,885.64,ESP,JPN,0,0,1,1,1
sdv-id-xLAbXl,d52721e7-19bc-443e-bb02-bebb48729a4d,1970-01-01,1,Travel,1883.25,ESP,RUS,0,0,0,0,1
sdv-id-hjxqmF,103d24cf-fdfb-4585-961f-e564c4384a7e,1970-01-01,3,Retail,946.13,ESP,JPN,0,1,1,0,1
sdv-id-ykAhxY,571b8409-544b-4325-92a9-e05019a36ee8,1970-01-01,0,Food,122.31,ESP,ARE,1,0,1,0,1
sdv-id-EboGBk,14fe9960-a539-4212-a34a-35ebec2be308,1970-01-01,0,Food,1245.45,ESP,BGD,1,1,1,0,1
sdv-id-pPGQbr,f12c2046-1cdb-46cb-a9c3-d3719f688611,1970-01-01,5,Travel,1143.44,ESP,PRT,1,0,0,0,0
sdv-id-xMKEnV,b03d3665-5c93-4629-a106-ae3288fb044a,1970-01-01,0,Travel,827.83,ESP,JPN,1,1,1,1,0
sdv-id-hnQtPv,496d4895-c8d7-425c-823b-576b0ead4e04,1970-01-01,0,Travel,2481.21,ESP,ITA,1,1,1,0,1
sdv-id-gSTdxV,4019a1f6-0cd1-4081-8d85-e013b20004fa,1970-01-01,0,Food,2164.52,ESP,BRA,1,0,1,0,1
sdv-id-DGFJQS,f4d375c1-a293-49fa-b240-d7a14027ab7d,1970-01-01,0,Travel,560.52,ESP,RUS,0,1,1,1,0
sdv-id-eXwVRM,ee93a4d0-cd24-420c-8d34-6977d41bd8bf,1970-01-01,0,Travel,2285.76,ESP,DEU,1,1,0,1,0
sdv-id-auYNAz,f9834d4b-1c65-46bd-8179-c596d772e63e,1970-01-01,0,Gaming,1059.6,ESP,ARE,1,1,0,1,0
sdv-id-EUDhAr,8df21ad5-2d36-4b7e-b3ff-b402a5d5bbf9,1970-01-01,0,Retail,1760.55,ESP,FRA,1,0,0,0,1
sdv-id-cFMnmA,68c2094d-b8b8-48cf-be15-3187b783e1d5,1970-01-01,2,Travel,290.63,ESP,DEU,1,0,0,1,0
sdv-id-xizBYV,6a9f687a-d04f-4197-94c0-df2891b5fcb4,1970-01-01,0,Retail,146.57,ESP,CHN,1,1,0,1,0
sdv-id-sihrrU,f6558f35-244f-45c6-b489-0e8ce65dd443,1970-01-01,0,Food,1315.79,ESP,ARE,0,0,1,1,1
sdv-id-YiirgI,0de5fd7b-dcec-4307-b9e2-4cc0ca63d3d0,1970-01-01,5,Food,2118.3,ESP,CHN,0,0,1,0,0
sdv-id-eLZJET,eb2263dd-87c5-421e-ac24-a3c5c754108f,1970-01-01,0,Food,490.08,ESP,ARE,0,1,0,1,0
sdv-id-UNJqZu,d61b4a7d-4c41-4603-a90a-de9e226c8bcc,1970-01-01,0,Food,989.81,ESP,IND,1,0,0,0,1
sdv-id-GaoBgR,659e2deb-ec28-4a93-b5a4-f270eadeae69,1970-01-01,0,Travel,261.58,ESP,UKR,0,1,1,0,1
sdv-id-ngGRRO,356cd31f-9cd3-4be5-a146-fc90614e27f0,1970-01-01,1,Tech,1834.96,ESP,CHN,1,1,0,0,1
sdv-id-JOFYON,9a037182-76f3-404d-8f92-b3fb081df5b6,1970-01-01,3,Food,1048.11,ESP,RUS,1,1,0,0,1
sdv-id-ZPpAHj,9f325c4c-0415-4961-bea7-ededcca0152e,1970-01-01,0,Retail,1452.43,ESP,NGA,1,0,1,1,0
sdv-id-ZZjAxm,f644404d-df36-4764-9b7a-ec0490de2fee,1970-01-01,0,Tech,557.43,ESP,IND,0,1,0,1,0
sdv-id-XqrgRZ,114c440d-675d-493b-9473-6d379e12d7cf,1970-01-01,1,Tech,229.53,ESP,CHN,1,0,0,0,1
sdv-id-UnkUnF,ca097b17-951b-4503-aa52-8f8501d99b33,1970-01-01,4,Travel,864.38,ESP,CHN,0,1,1,1,0
sdv-id-JrUPGM,495743a2-81b1-4b80-a5e1-b0f5ca0ee8c4,1970-01-01,1,Gaming,1018.41,ESP,GBR,0,1,0,0,0
sdv-id-gCjgLW,74300ccc-03fd-4d08-8b73-361fccbeb6db,1970-01-01,1,Retail,779.45,ESP,JPN,0,0,0,1,1
sdv-id-EHcTCV,33c7024d-e845-43c7-8721-fbe9f5020e2a,1970-01-01,0,Retail,2429.59,ESP,RUS,1,0,0,1,1
sdv-id-YdMXbH,0cf2b69b-0577-4ea9-b899-924698de8ebb,1970-01-01,0,Food,2478.02,ESP,PRT,1,1,0,0,0
sdv-id-OOZrkW,a49bed7b-06f4-4c1e-9212-c8d8c7a7a071,1970-01-01,0,Food,2461.69,ESP,UKR,0,0,1,1,1
sdv-id-WbtAUU,6b0ffa79-3113-413a-a0b9-98300b373468,1970-01-01,0,Travel,2471.9,ESP,ESP,1,1,0,0,0
sdv-id-gojLLl,43a38e86-f7f8-44cd-a018-a71bb5abf66e,1970-01-01,0,Gaming,818.2,ESP,IND,1,0,1,0,1
sdv-id-DPBwPg,a4c487d5-5b46-4364-816d-ea2630890e76,1970-01-01,0,Retail,297.71,ESP,BGD,0,1,0,1,0
sdv-id-jzkfET,bbc51a50-787c-40d3-bdc4-19b20a414919,1970-01-01,0,Tech,448.86,ESP,FRA,1,0,0,1,0
sdv-id-oLSTIG,c4130c74-6bf4-4fd0-9dca-4b450de27365,1970-01-01,0,Tech,784.48,ESP,GBR,0,1,0,1,0
sdv-id-mcBXSu,d5411860-8583-40bb-b2fb-59fd0c00f8ff,1970-01-01,0,Tech,1376.66,ESP,FRA,0,0,0,0,1
sdv-id-AslXhw,137b41c2-5f71-41e1-a05e-ad1cbde9a6a8,1970-01-01,0,Retail,1019.64,ESP,BGD,0,1,0,0,0
sdv-id-iUPzjB,13abd39b-b92e-4cab-88e5-dd93dad50f42,1970-01-01,0,Food,479.95,ESP,JPN,0,1,1,1,1
sdv-id-UXkxOP,db394550-3210-4c49-9d4f-f1c8618e72a7,1970-01-01,0,Retail,489.2,ESP,GBR,0,0,0,1,0
sdv-id-eoDMBc,c5188d4d-c5a8-446c-a3f5-aea605981489,1970-01-01,0,Retail,2117.15,ESP,ARE,0,0,0,1,0
sdv-id-uOMZJq,3fab0c74-bbbb-4ccc-8d8e-352b37328d15,1970-01-01,0,Retail,1377.4,ESP,VNM,0,0,0,0,1
sdv-id-IcuOMh,a0a5741e-a6a0-42d0-a293-ff3bf65e166d,1970-01-01,0,Gaming,1274.28,ESP,GBR,0,0,1,0,0
sdv-id-RbxrRY,0dbdc5da-7875-45b9-9e26-ed31d9e92758,1970-01-01,0,Food,1348.49,ESP,BGD,0,0,1,1,0
sdv-id-sBTyft,8f091ace-8d1b-4e2f-a09d-941037694eb6,1970-01-01,0,Gaming,1269.35,ESP,NGA,0,0,1,1,0
sdv-id-dzcetZ,d32e6dcd-83bc-4478-9d6a-c7b86778043b,1970-01-01,0,Gaming,1426.86,ESP,JPN,0,1,0,0,0
sdv-id-OCbJIz,2fe68a52-19a7-461b-a729-b06fa5db8ca3,1970-01-01,1,Food,115.97,ESP,VNM,1,1,1,1,0
sdv-id-cevXJM,4f844346-a165-437d-96ad-3649289a2abc,1970-01-01,0,Food,1051.51,ESP,JPN,1,1,0,1,0
sdv-id-QzadrJ,3e83b91f-2544-4fe0-ae41-7d475ff595ea,1970-01-01,0,Food,484.86,ESP,JPN,1,0,0,0,1
sdv-id-pFObCQ,a3a868d7-86a5-4845-9eef-79951f884ed9,1970-01-01,0,Tech,1437.59,ESP,JPN,1,0,0,1,0
sdv-id-gohqgA,794e0838-7dcf-40fd-a330-98edda252795,1970-01-01,5,Food,363.7,ESP,PRT,1,1,0,0,0
sdv-id-FZNWOh,f413db19-bade-4d5d-afff-15ccb2dc6c34,1970-01-01,0,Tech,1006.83,ESP,CHN,0,0,0,1,0
sdv-id-mlsvhJ,9b050a6c-235d-4722-aa78-98aa95b2868b,1970-01-01,0,Gaming,1093.66,ESP,ARE,1,0,1,1,0
sdv-id-jJqwHN,ef5e0d74-fe2e-4c0f-9c68-a6142644b6f9,1970-01-01,0,Travel,834.79,ESP,RUS,1,0,0,1,0
sdv-id-ShdkXU,5a744822-fd07-4913-a657-abb6b81f2807,1970-01-01,0,Retail,2202.46,ESP,RUS,0,0,1,0,1
sdv-id-pcRraE,a55f65b7-e709-4ba6-b29f-c41710813d45,1970-01-01,0,Travel,955.21,ESP,ITA,1,1,0,1,1
sdv-id-TuFivA,26d0e3c4-01a7-4e0a-b3d0-13fdc6c00a8a,1970-01-01,0,Food,2309.34,ESP,RUS,0,1,0,1,1
sdv-id-HHUNTZ,24a0aaad-b436-48fb-b21e-afabf64909e8,1970-01-01,0,Gaming,1010.05,ESP,JPN,1,0,0,0,1
sdv-id-vVNeSy,ac0798c7-d657-4ecb-9529-885a0444c6f1,1970-01-01,1,Tech,1862.15,ESP,USA,1,1,0,0,1
sdv-id-xIUwrk,e7574997-8458-4f73-b0a0-c1cd0df6c527,1970-01-01,2,Retail,2105.92,ESP,FRA,1,1,1,1,0
sdv-id-xdvlQD,6b0115ca-bf94-4bfa-af61-e25eec6874df,1970-01-01,0,Tech,1738.48,ESP,USA,1,0,1,0,0
sdv-id-UKSaIm,29ca6e42-d09a-42dc-a3dd-65b3998549bc,1970-01-01,2,Gaming,847.66,ESP,CHN,0,0,0,0,0
sdv-id-aMvOVk,f5dbed2c-3d4c-4f01-a431-91eb5d9e1717,1970-01-01,0,Travel,1380.75,ESP,NGA,1,1,0,1,0
sdv-id-mJsndo,4a2e25a0-f6ee-4bdc-9670-0f55a03ef56a,1970-01-01,0,Retail,1765.05,ESP,UKR,1,0,0,0,0
sdv-id-ZGgajm,10fb6052-d8d9-492e-900e-7426551fbe65,1970-01-01,0,Travel,768.56,ESP,ITA,0,0,0,1,0
sdv-id-PmCSHr,e6184043-f9db-40b0-a40f-1972ea94a772,1970-01-01,0,Tech,1560.95,ESP,ARE,1,0,0,1,1
sdv-id-lcdRsi,87cebaaa-f713-4245-b34b-fa59a52523e3,1970-01-01,0,Travel,719.69,ESP,ITA,1,1,0,1,1
sdv-id-MpQDxG,5199839c-d0de-4fb6-858c-6c02bf409640,1970-01-01,0,Travel,104.33,ESP,BRA,1,0,1,0,0
sdv-id-OPizfy,e08596db-1d87-4966-8710-d430f071d879,1970-01-01,0,Food,622.68,ESP,CHN,1,1,0,1,0
sdv-id-WFtxnb,82c273a9-771d-4808-88db-039cc78fc57d,1970-01-01,0,Travel,1818.6,ESP,BRA,1,1,0,1,0
sdv-id-MIyYHI,3ab742a1-4cfa-4f8a-a6e9-97aed909f489,1970-01-01,1,Gaming,2493.78,ESP,RUS,0,1,1,1,1
sdv-id-nrghFB,8fa8ae34-3233-4053-9242-ba54a6f9c0e1,1970-01-01,0,Retail,1645.49,ESP,FRA,0,0,0,0,1
sdv-id-mSFiWJ,461de017-1ee9-4d3b-902f-4f5c55e39295,1970-01-01,0,Tech,1023.54,ESP,BRA,1,0,1,0,1
sdv-id-quouie,920479ce-dba0-489e-b593-8f5ab40bc353,1970-01-01,0,Tech,50.11,ESP,FRA,0,1,1,0,1
sdv-id-bHBnNX,71fd053b-bad7-4c04-8414-777b66739343,1970-01-01,0,Tech,819.32,ESP,CHN,0,1,1,1,1
sdv-id-VaihBC,fe8ac951-ccbe-4f51-9a73-24eb325d930b,1970-01-01,0,Tech,456.62,ESP,BGD,1,1,1,1,0
sdv-id-ZcJjoD,c48d5650-2e95-42d6-9679-2482a3c988e4,1970-01-01,0,Retail,1532.63,ESP,BGD,1,1,0,1,0
sdv-id-SmdFfU,4f4cea72-e493-4415-aa4b-f5dc0a599c13,1970-01-01,0,Travel,1477.71,ESP,ARE,1,0,0,1,1
sdv-id-RuwfuP,5b3292fd-1b7d-405e-9d0c-d4059084b6de,1970-01-01,0,Tech,2026.38,ESP,ARE,1,1,1,0,1
sdv-id-iUVceV,9a37ef9d-5983-4e94-906a-8dd30b31324f,1970-01-01,5,Food,551.77,ESP,PRT,1,1,0,0,0
sdv-id-HxGodj,9a88d62a-5581-4914-a1f3-a5bc658064de,1970-01-01,0,Tech,1126.6,ESP,VNM,0,1,0,1,1
sdv-id-sRmISB,028ccae1-e0b8-4731-b454-4a6a372cba50,1970-01-01,1,Gaming,32.69,ESP,USA,0,0,1,1,0
sdv-id-kRwcIq,a55f65b7-e709-4ba6-b29f-c41710813d45,1970-01-01,3,Retail,1173.33,ESP,RUS,1,1,1,1,1
sdv-id-eRyCCr,c63d04ee-541c-4a86-bba5-cd2fdea45c19,1970-01-01,0,Tech,1771.62,ESP,GBR,1,1,0,0,1
sdv-id-qtOCip,f3bcdaee-0d21-4dc4-a79b-03d4fdc6aebf,1970-01-01,0,Retail,1624.7,ESP,VNM,1,1,1,1,0
sdv-id-KEfuvE,f510ab53-c7fe-439f-9190-f938a66fd7f7,1970-01-01,0,Gaming,77.59,ESP,DEU,0,0,0,1,0
sdv-id-bpsTIp,11defebf-9e98-461d-88fe-bf6d199c8d94,1970-01-01,2,Food,2062.7,ESP,JPN,1,0,0,0,0
sdv-id-wZOHgU,48ef30ff-3087-47b4-9c54-956f32ce93db,1970-01-01,0,Food,1383.7,ESP,ARE,1,1,1,0,1
sdv-id-turHfE,737cf8b5-6356-4add-a85a-9f2b4236c0bf,1970-01-01,0,Travel,2375.18,ESP,ARE,0,1,0,1,0
sdv-id-RTRrgr,b5def807-4a96-4478-a72b-dddd511eeeb8,1970-01-01,0,Travel,1968.55,ESP,BRA,0,1,0,1,0
sdv-id-EIkCOz,867e0a97-23a9-41a6-8f78-59ebebef7531,1970-01-01,0,Food,2324.17,ESP,NGA,1,0,0,0,0
sdv-id-bfFsao,851eb39e-a431-4df2-8965-afa751eb8526,1970-01-01,0,Retail,1713.12,ESP,JPN,0,0,1,0,0
sdv-id-rmXMng,259a5d6c-07ba-408b-a87e-09f1ded7945e,1970-01-01,0,Food,1549.85,ESP,USA,1,1,1,0,0
sdv-id-KqHFsS,00b02a82-7054-4f5f-950f-5effdc5136e4,1970-01-01,2,Retail,1461.89,ESP,ARE,0,1,0,1,0
sdv-id-zYYEhk,81627cf1-4394-42e6-9a58-7e8aa25d6b29,1970-01-01,0,Gaming,45.64,ESP,VNM,1,1,1,0,1
sdv-id-xpoVpN,c9425b82-0c20-4760-814f-5b9f82a54c56,1970-01-01,0,Retail,67.46,ESP,IND,0,1,0,1,1
sdv-id-gIwvIE,6f0d7229-1b38-4c72-ac64-8459df22367d,1970-01-01,0,Tech,1696.94,ESP,VNM,0,1,1,0,1
sdv-id-vuzSEP,470d8b46-2982-435f-83d3-856860fa95f1,1970-01-01,0,Food,2220.79,ESP,USA,1,0,0,0,0
sdv-id-mtHBam,a8575900-7a8c-4c36-a5d7-71639b2aeea6,1970-01-01,0,Retail,973.02,ESP,RUS,1,0,1,0,1
sdv-id-vnEgiZ,d0401587-28e2-43bc-a6fd-d7afdd84cacc,1970-01-01,0,Food,1565.75,ESP,ESP,1,0,0,1,0
sdv-id-pfObJF,21bddb41-0699-4731-9dcf-8766a93b12cd,1970-01-01,0,Gaming,2365.65,ESP,GBR,0,0,0,0,1
sdv-id-JtfqHd,cdc5ee2b-ba19-4f04-9818-d1aec7963a8d,1970-01-01,0,Gaming,1748.28,ESP,NGA,0,1,1,0,0
sdv-id-QPwqMy,9fff8f80-2e01-42a2-8189-18c699a28e9a,1970-01-01,4,Tech,122.2,ESP,CHN,0,1,0,0,0
sdv-id-NkEJNE,42862014-ff41-42a0-a95e-87405dd92744,1970-01-01,0,Gaming,656.8,ESP,FRA,0,1,1,1,0
sdv-id-jZAbsd,62e32fa7-f4cd-4362-834a-184284d8ec6a,1970-01-01,1,Food,2066.42,ESP,ITA,1,0,1,0,1
sdv-id-LeFCge,55ba1dfe-a30e-4e97-9406-1f23c91f8d86,1970-01-01,5,Travel,2233.05,ESP,GBR,1,1,0,1,1
sdv-id-iNxmma,586a346a-dc5b-47d1-bcef-1972bbf483ce,1970-01-01,0,Travel,669.89,ESP,BGD,1,1,1,0,1
sdv-id-GnNxzm,080ccf78-8a17-4298-a10c-f398835f9963,1970-01-01,0,Food,842.27,ESP,RUS,1,0,0,1,0
sdv-id-ARxtcS,bfb5ab4e-ea57-453c-9dc6-1cb849a7102d,1970-01-01,0,Food,418.15,ESP,UKR,1,1,1,1,1
sdv-id-FLFqic,35c87983-910b-47f9-a1ae-25a6f1966b21,1970-01-01,0,Retail,1937.96,ESP,ITA,0,0,0,0,1
sdv-id-cHKurn,734eab10-85e9-454f-855c-f668a3cb9e18,1970-01-01,0,Retail,582.28,ESP,ITA,0,0,0,0,1
sdv-id-tbqtLH,3b59475e-c88a-4a74-80af-085d2b088fcd,1970-01-01,0,Tech,295.56,ESP,NGA,0,1,1,1,0
sdv-id-KlCIGC,24a0aaad-b436-48fb-b21e-afabf64909e8,1970-01-01,0,Food,1660.43,ESP,JPN,0,1,1,0,1
sdv-id-kAEuZY,b4e48d56-39f2-4b71-a828-211d7a9410b6,1970-01-01,0,Travel,1863.77,ESP,PRT,0,0,0,0,1
sdv-id-mRCSsQ,66b1f859-adb5-45e6-bb88-e4ef567f3096,1970-01-01,0,Travel,2162.57,ESP,IND,1,1,1,0,1
sdv-id-khrsbu,4ed992e0-1e44-45f4-9ed1-3afef006296b,1970-01-01,2,Gaming,2089.5,ESP,UKR,0,0,0,0,1
sdv-id-NAaAmI,0a349670-be8b-45f3-b7e1-c9a264cc7a90,1970-01-01,0,Food,1188.77,ESP,RUS,1,0,1,1,1
sdv-id-dhCVcv,fc75de3d-d473-43b5-852a-2da70e00583d,1970-01-01,0,Tech,428.68,ESP,IND,1,1,0,1,0
sdv-id-nPQuDO,71594914-b1b6-4ecd-8009-45ce932c3ec9,1970-01-01,0,Tech,1766.45,ESP,FRA,1,1,1,1,0
sdv-id-UQqqho,225b74ad-f519-4b52-b718-31f3d527189b,1970-01-01,0,Gaming,2052.86,ESP,JPN,1,1,0,0,1
sdv-id-FRonJQ,f1d5181f-98e7-45ea-ade8-1ea27e002a34,1970-01-01,0,Gaming,1399.05,ESP,ARE,1,1,1,0,1
sdv-id-NMMfHz,219c5f3d-dc26-46c0-8056-c9bdbdc27e8f,1970-01-01,0,Retail,744.29,ESP,ARE,1,1,0,1,0
sdv-id-OYQFVY,d1e38b26-54d6-47a8-bbb7-acd2ac33f5c1,1970-01-01,0,Gaming,2213.91,ESP,PRT,1,0,0,0,1
sdv-id-jWRxLi,03200c4e-40cb-4188-83f0-fac39f601d17,1970-01-01,0,Tech,654.66,ESP,NGA,1,1,0,0,1
sdv-id-dskNHO,94e74f26-29b0-4b37-8271-0779d864465a,1970-01-01,0,Gaming,2053.78,ESP,USA,0,0,1,0,1
sdv-id-QYdmxm,ddef5b92-f291-4318-85f4-30f20c81cf24,1970-01-01,0,Food,1831.72,ESP,DEU,1,0,0,0,1
sdv-id-duDhpn,a0a5741e-a6a0-42d0-a293-ff3bf65e166d,1970-01-01,0,Food,1629.17,ESP,ESP,1,1,1,1,0
sdv-id-qHJmKx,c83e0032-5fe8-47f4-b08a-ba2101f268f5,1970-01-01,0,Travel,1825.65,ESP,ARE,1,0,0,0,0
sdv-id-JFFrEA,9cf7ca7d-227c-45aa-b008-a20237ca34f6,1970-01-01,0,Food,624.86,ESP,CHN,1,1,0,1,0
sdv-id-sOdINo,3dfa45fa-1da6-40f0-8a53-d7c4f68fa05b,1970-01-01,0,Retail,1841.58,ESP,CHN,0,0,0,1,0
sdv-id-UKEWtK,a689b424-7a3a-40e1-b9c7-73a0e0decc3d,1970-01-01,0,Travel,2066.77,ESP,ARE,0,0,1,1,0
sdv-id-PLOdwW,4201938b-9714-44b7-b522-f610ef263a84,1970-01-01,0,Travel,480.63,ESP,JPN,1,0,0,1,0
sdv-id-ElQlhe,7bbaf123-16fe-4ed9-9b76-b287f998d44f,1970-01-01,0,Travel,1631.27,ESP,NGA,0,0,1,1,1
sdv-id-FAhnIF,e1b33498-8974-4baf-9928-3cfc76da7bc3,1970-01-01,0,Travel,887.55,ESP,GBR,1,1,1,1,0
sdv-id-joGShQ,4565e77f-f7f2-4d96-8823-bd8aefd18b7b,1970-01-01,1,Tech,1960.99,ESP,RUS,0,1,0,0,1
sdv-id-xsTxJe,3ca5be29-5217-4bf3-9181-83d1ac2b0cfc,1970-01-01,0,Tech,1411.25,ESP,NGA,1,1,1,0,1
sdv-id-QHsTJq,49e2b4f4-67b2-4af7-8938-3fb32018925e,1970-01-01,0,Gaming,1907.11,ESP,ESP,0,1,1,0,1
sdv-id-scvSoD,1ad95dfa-0869-4c3c-9c66-6748999eff31,1970-01-01,0,Food,437.4,ESP,IND,0,0,0,0,0
sdv-id-rucZSc,a3863cd1-00f2-4a96-ab82-1435382afbde,1970-01-01,0,Tech,310.71,ESP,PRT,0,1,1,1,0
sdv-id-YJEveL,9cf021b8-4fff-4b59-9462-8786cc502a89,1970-01-01,4,Tech,1368.62,ESP,ITA,0,1,0,1,0
sdv-id-nJBRsa,307a1acb-ad5c-4c49-ba09-8a2748708a92,1970-01-01,0,Gaming,1379.98,ESP,BRA,1,0,0,0,1
sdv-id-tqpVtt,2f4d7d4a-53e7-4d02-88ff-eea5fb33740c,1970-01-01,0,Gaming,1664.01,ESP,PRT,0,0,0,1,0
sdv-id-qywykB,99f6a893-2900-43a7-aac0-4858b4d7d748,1970-01-01,5,Gaming,2248.77,ESP,ARE,1,0,0,1,1
sdv-id-MKVIDV,ae8d67b5-953d-4f7d-9906-de77b496c0e4,1970-01-01,5,Travel,493.48,ESP,CHN,1,1,1,1,0
sdv-id-mMJThe,3d274ad5-a9a5-4c24-82b6-22e9808e08d2,1970-01-01,0,Tech,2282.83,ESP,FRA,0,0,0,1,0
sdv-id-grOYnk,8625dbc0-60ac-44f2-ae67-2648b932ab84,1970-01-01,0,Retail,1847.87,ESP,USA,1,1,0,0,1
sdv-id-YAoWQb,1186da93-da7d-4c53-b020-cf0669b41194,1970-01-01,0,Retail,571.95,ESP,RUS,1,1,0,0,1
sdv-id-tXUana,b9398e8e-25fc-47c7-9068-1724edcc6a95,1970-01-01,0,Retail,1510.62,ESP,DEU,1,1,1,1,1
sdv-id-XNjvtP,c5ee154f-6c3f-4efb-87ba-1cc7c58e411e,1970-01-01,0,Retail,134.71,ESP,GBR,0,1,1,1,0
sdv-id-EzOkTm,4d3485c5-c5c1-4eb4-b27b-3d901a16342c,1970-01-01,0,Travel,1057.4,ESP,BRA,0,1,0,1,1
sdv-id-YIhxZS,960be0f4-9513-4c22-9583-9b99a50a13dc,1970-01-01,1,Food,805.9,ESP,GBR,0,0,0,1,1
sdv-id-lfxLqk,ece57307-8fee-4edb-bddf-56880139bb86,1970-01-01,0,Travel,1503.79,ESP,RUS,1,0,1,1,0
sdv-id-wTzXQG,8da5d39b-42c2-4797-8426-fcc9255b30e2,1970-01-01,0,Gaming,795.18,ESP,GBR,1,1,0,1,0
sdv-id-pRzUiZ,7afac8ce-dc4f-47fe-be61-8f4bebb511e6,1970-01-01,0,Travel,971.73,ESP,ITA,0,1,1,1,0
sdv-id-zQlSUv,bbbbfd67-30a4-44b0-be3c-7c84176350f5,1970-01-01,0,Gaming,1028.4,ESP,DEU,1,1,0,0,0
sdv-id-etedHY,af5db99c-85f3-4b12-8a4a-5612243a7f53,1970-01-01,0,Food,1675.76,ESP,USA,1,1,1,1,0
sdv-id-caHoyJ,cdc5ee2b-ba19-4f04-9818-d1aec7963a8d,1970-01-01,0,Gaming,936.9,ESP,JPN,1,1,0,0,1
sdv-id-qMtIqN,6370e0f7-aab8-4c30-9cfe-793d360496b6,1970-01-01,1,Food,1149.24,ESP,BGD,0,1,1,1,0
sdv-id-IxpBQq,25e050f6-b273-493c-9cad-a48a46a42ee1,1970-01-01,5,Food,2104.42,ESP,JPN,0,0,0,0,1
sdv-id-iuxfFO,7202fae5-767d-4b27-bade-4367e0bd202c,1970-01-01,1,Gaming,1647.19,ESP,UKR,0,0,1,1,0
sdv-id-dyFiSj,8b1035df-14fb-41b7-981c-b16f9439f63e,1970-01-01,0,Tech,2125.52,ESP,GBR,1,0,1,0,1
sdv-id-rcckNb,f0c46591-b2d9-45fa-849e-e02aeea28810,1970-01-01,4,Food,249.98,ESP,BGD,0,0,1,0,0
sdv-id-OeCWVv,0858f527-792d-4499-b497-375c366fbddd,1970-01-01,2,Tech,2086.46,ESP,UKR,0,0,0,1,0
sdv-id-mnZwLS,3bcdf203-459e-4674-b3e7-f042516c3b0a,1970-01-01,0,Food,1624.51,ESP,BGD,0,1,0,0,0
sdv-id-XkNwXL,22fc31db-0bf6-4417-a404-595da6d62d00,1970-01-01,0,Tech,688.58,ESP,VNM,1,1,1,0,1
sdv-id-VpkIbi,c23e471a-6081-4fb2-b55e-b3647da38784,1970-01-01,0,Retail,751.15,ESP,GBR,1,1,0,1,0
sdv-id-NWfdbW,fe2181fd-73bd-485b-a7d9-20b393c379fd,1970-01-01,3,Retail,885.67,ESP,JPN,0,1,1,1,0
sdv-id-EfEmHy,f2307c22-30c7-409b-b401-55bdb6ac1c8e,1970-01-01,0,Gaming,1875.91,ESP,DEU,1,0,0,0,1
sdv-id-hJHLyO,5c508720-f982-44e0-8603-156a15eacbcf,1970-01-01,0,Travel,1509.06,ESP,GBR,1,1,0,1,0
sdv-id-hiaQFq,48dc1e26-c7c2-464a-bab8-328f2cae93a2,1970-01-01,0,Tech,1788.58,ESP,ARE,1,0,0,0,1
sdv-id-CHJavs,659e2deb-ec28-4a93-b5a4-f270eadeae69,1970-01-01,0,Retail,549.01,ESP,PRT,0,1,0,1,0
sdv-id-bLHjrn,74b565f8-d8cf-4b88-9a37-a5048d2e304b,1970-01-01,0,Food,152.94,ESP,UKR,0,1,1,0,0
sdv-id-TlNKOg,1af9469a-d559-47c2-aabb-8747d88e6b86,1970-01-01,0,Gaming,2388.52,ESP,JPN,0,1,1,0,1
sdv-id-bKWFrU,6f2337c1-8d25-48e1-a624-054343a21d52,1970-01-01,0,Tech,1080.32,ESP,USA,1,0,1,0,1
sdv-id-bTYLdT,d34585a2-c6d1-40fa-9f14-4f16e7744ce2,1970-01-01,0,Retail,1168.2,ESP,BRA,0,1,0,1,0
sdv-id-aBfXgm,09795e75-671e-4bb8-b783-b6f6d775e809,1970-01-01,0,Retail,325.34,ESP,RUS,0,0,0,0,1
sdv-id-hJuXei,32ebd689-9be5-48c7-81f6-31d4a39231a7,1970-01-01,0,Retail,888.11,ESP,PRT,0,0,0,0,1
sdv-id-hjAXRo,f69f239b-578e-411f-adb4-6c7fe6d1fe21,1970-01-01,0,Tech,1038.21,ESP,ESP,1,0,1,1,0
sdv-id-vHHpAF,4362262d-e07e-4721-a71d-6ba3486dce57,1970-01-01,1,Tech,1323.92,ESP,UKR,1,0,1,0,1
sdv-id-bbnLZm,edc6722f-88a9-44a1-a211-5e1753b5af5a,1970-01-01,1,Tech,1413.06,ESP,DEU,0,0,0,0,1
sdv-id-QRZLkz,3db87d15-32d8-4ff9-b9c0-48829b40bb90,1970-01-01,1,Retail,517.76,ESP,VNM,0,1,0,1,0
sdv-id-tjnWLE,9a37ef9d-5983-4e94-906a-8dd30b31324f,1970-01-01,0,Gaming,462.63,ESP,ITA,1,1,0,0,0
sdv-id-dIRNIN,9cf021b8-4fff-4b59-9462-8786cc502a89,1970-01-01,3,Tech,1082.54,ESP,ESP,1,0,0,0,1
sdv-id-iKSoAq,61f041d0-6993-4611-a777-5ef59ab9ae1b,1970-01-01,0,Food,1119.78,ESP,FRA,1,0,0,0,0
sdv-id-ckdCXt,2ea9ef6c-4905-4b93-890a-83b4b639529e,1970-01-01,0,Food,492.69,ESP,VNM,0,0,0,0,0
sdv-id-UHQonD,0ebd9eef-0836-42d1-84db-e9aa7999d29e,1970-01-01,0,Travel,742.03,ESP,ESP,0,0,1,0,1
sdv-id-pBDJNX,4aaa7f99-4a34-441e-8c78-947b5b21c9f0,1970-01-01,0,Retail,981.53,ESP,PRT,1,1,1,1,0
sdv-id-HYFfmP,27dd1ac4-4282-46e4-a986-305a5da3f9cf,1970-01-01,1,Food,1441.36,ESP,FRA,1,1,1,1,1
sdv-id-gdiAyR,92a81713-b90e-444b-951c-25d54d4c5280,1970-01-01,0,Travel,608.94,ESP,ARE,1,1,0,1,0
sdv-id-ANncjM,3ab742a1-4cfa-4f8a-a6e9-97aed909f489,1970-01-01,1,Gaming,2450.59,ESP,DEU,1,0,1,0,0
sdv-id-FbsCNg,f88c2664-01bc-475c-9cdc-23fc50805bbf,1970-01-01,0,Travel,1628.02,ESP,PRT,1,1,1,1,1
sdv-id-TgUAVt,dd8181b2-f523-4ab5-9aa9-f6dcaf493e2f,1970-01-01,0,Retail,1033.84,ESP,ESP,1,1,1,0,1
sdv-id-qwrrtG,aa8c662d-290a-4d67-8817-5dd0e6a7caf7,1970-01-01,0,Travel,145.3,ESP,CHN,1,1,0,0,1
sdv-id-UUTRGT,676e34be-78be-4228-8455-da792a4150de,1970-01-01,0,Travel,1250.74,ESP,GBR,0,0,0,1,0
sdv-id-UIsAhW,2d28a2a8-2bae-4fc7-ae52-b671bba8a7e5,1970-01-01,0,Gaming,883.9,ESP,GBR,1,1,1,0,1
sdv-id-BKSnDZ,752e7613-22eb-49b1-9f9c-b7e06328143e,1970-01-01,0,Gaming,1605.26,ESP,DEU,1,1,0,1,1
sdv-id-OUaupV,085d5d01-6a20-42aa-a8b8-1813e672abf5,1970-01-01,0,Tech,261.18,ESP,FRA,1,1,1,1,1
sdv-id-LzuVKS,aef0244b-2c19-4e3d-a7fc-1bad76ca1cbe,1970-01-01,0,Tech,187.29,ESP,ARE,0,0,1,0,1
sdv-id-eofHTw,8f72d6af-e825-449a-9899-39bada7aee9f,1970-01-01,0,Tech,2041.88,ESP,USA,1,0,1,0,1
sdv-id-kfHOIl,6cf4d2fd-d37f-4059-b1d7-64ba1712df48,1970-01-01,0,Travel,1376.6,ESP,JPN,0,1,1,1,1
sdv-id-iJUkWC,7daae2b3-1a70-481a-8202-c418b6aedb91,1970-01-01,4,Food,1489.85,ESP,ITA,1,0,1,0,1
sdv-id-CBaxwO,7a8b737a-31b5-476f-88e9-41fdb0850679,1970-01-01,1,Retail,2459.32,ESP,GBR,1,1,1,0,1
sdv-id-FMLxmr,0e98ddb8-bac9-4cc8-b3f2-72b2a6d5f800,1970-01-01,0,Travel,1899.93,ESP,FRA,0,1,0,1,0
sdv-id-OZRrIG,60cb9e17-c93a-4471-8e9d-ef4ec7affa24,1970-01-01,0,Gaming,2438.02,ESP,BRA,1,0,0,0,0
sdv-id-AWnDOx,9e91a71c-7374-4cbf-978c-57d3508850d3,1970-01-01,5,Food,2376.72,ESP,BGD,0,0,0,1,0
sdv-id-XlwiSP,9ad75b94-6634-43e9-9317-d8c91060573a,1970-01-01,0,Tech,2349.15,ESP,USA,0,0,0,1,0
sdv-id-yiqDBu,8cd1692d-66af-4249-ba98-f602bc059dfb,1970-01-01,2,Travel,464.87,ESP,ITA,1,0,0,1,0
sdv-id-iYVSoH,8e44f2f8-3de8-44cd-ae15-c527fe2a0cbc,1970-01-01,0,Gaming,1547.23,ESP,UKR,0,0,1,0,0
sdv-id-NTrYXv,242c60e4-c39d-470c-99a3-af5a1457e890,1970-01-01,2,Tech,644.49,ESP,DEU,1,0,0,1,0
sdv-id-VDcIJh,9de562c3-06e3-48f5-8b34-3a6f463ba894,1970-01-01,0,Travel,483.36,ESP,ARE,0,0,1,0,1
sdv-id-FexqFD,143d9bff-1a89-483c-871a-8d5363e07207,1970-01-01,1,Food,1243.94,ESP,PRT,0,0,1,0,1
sdv-id-cAAysX,73b9c2ac-0134-476b-8ed9-fa95a26e865b,1970-01-01,4,Travel,1609.16,ESP,ARE,1,0,1,1,0
sdv-id-TUXaEn,3b38102b-7bdf-4546-a4a8-844f7d94a6ce,1970-01-01,0,Gaming,1146.02,ESP,USA,1,0,0,1,0
sdv-id-mganFl,0eb7a76e-aeec-4022-8a8a-205221feaf01,1970-01-01,0,Travel,25.05,ESP,FRA,0,0,1,1,0
sdv-id-NBXdFC,b77dff3a-d3f0-4058-a717-7e595548f613,1970-01-01,0,Food,2242.68,ESP,BGD,0,0,1,1,1
sdv-id-SIBUyh,151071bc-c15d-4abb-8516-bb3996745e86,1970-01-01,0,Tech,1327.77,ESP,ITA,0,0,1,0,1
sdv-id-CAWpHM,503e19e9-ff54-4b60-a3b9-89fa0062050e,1970-01-01,0,Travel,58.73,ESP,NGA,0,0,1,1,1
sdv-id-NWCioj,b93c3567-b432-4669-ad5b-a4d9ea14c6e5,1970-01-01,0,Food,2225.5,ESP,VNM,1,0,1,1,1
sdv-id-AZOPHk,d3916dcf-d6ca-4e2c-a60e-37cc62874624,1970-01-01,0,Travel,1335.99,ESP,IND,0,0,1,0,1
sdv-id-ZToWRG,b06f0681-4b98-42c5-97aa-5681428f54aa,1970-01-01,0,Food,2314.42,ESP,UKR,0,1,0,0,1
sdv-id-pQFkrg,73dd8d31-40e1-4b51-9128-58041243161c,1970-01-01,0,Gaming,388.79,ESP,PRT,0,0,0,1,1
sdv-id-VzjWua,76fc61e3-d5fe-4180-9333-f00ec2f6b14d,1970-01-01,0,Tech,2379.93,ESP,ESP,0,1,0,0,1
sdv-id-cWACit,5c29850b-410b-4c29-be9c-afcfed17f6e9,1970-01-01,0,Retail,639.12,ESP,ITA,1,1,1,1,0
sdv-id-oFsPdC,daea3e48-da75-4fd5-b345-8e147523b4be,1970-01-01,0,Travel,2248.21,ESP,USA,0,0,1,1,0
sdv-id-nvQHQG,eafde7d9-5f73-4a3e-9d28-6aa428a39779,1970-01-01,0,Food,1365.13,ESP,DEU,1,0,1,1,1
sdv-id-pOGtpd,fbc1085b-216b-4833-bbf2-82a9be09f835,1970-01-01,1,Retail,834.9,ESP,BGD,0,1,0,1,0
sdv-id-ujPBGo,e0ad01a0-936b-4322-a533-f1c5d23eb130,1970-01-01,5,Travel,1504.97,ESP,CHN,0,1,0,1,0
sdv-id-qCXLQO,0dd4c0e6-0b09-4fcc-ac34-4cf0ab8e77a1,1970-01-01,5,Retail,1110.17,ESP,NGA,0,0,0,1,0
sdv-id-KVQmgl,ac2c96e7-79e9-490b-be1f-cad10e6884d6,1970-01-01,0,Travel,2173.29,ESP,NGA,1,1,1,0,1
sdv-id-ZBkzeR,cab24f24-1744-4e3f-936e-c1bd000b1f5e,1970-01-01,0,Food,2338.47,ESP,USA,1,0,0,0,1
sdv-id-OyQgAN,c5188d4d-c5a8-446c-a3f5-aea605981489,1970-01-01,0,Retail,829.28,ESP,BGD,1,0,1,1,0
sdv-id-FYucKE,34cc97ac-07bb-45df-a861-536f4abc5d91,1970-01-01,0,Retail,175.97,ESP,BRA,0,1,0,0,1
sdv-id-DiqxJD,17391cff-8cc9-4052-8f52-ddca3b906d87,1970-01-01,0,Food,1886.65,ESP,PRT,1,0,1,0,1
sdv-id-GojuQC,c986f893-6bf5-4c98-8797-2916c0e5d883,1970-01-01,1,Gaming,924.33,ESP,VNM,1,0,0,0,1
sdv-id-zdMIFQ,36dd9529-f704-472f-87a2-f280927f8103,1970-01-01,0,Gaming,567.46,ESP,BRA,0,1,0,1,0
sdv-id-TwxHOE,50d0f83d-adb1-4e7a-a1cb-052772e5e892,1970-01-01,0,Travel,2413.15,ESP,RUS,1,1,0,1,0
sdv-id-IqUvfJ,8f8937fa-753e-4662-b77f-a3a7802aa6eb,1970-01-01,0,Tech,375.26,ESP,IND,0,0,0,1,0
sdv-id-dIoixz,e61d9cde-1747-4387-bd23-d47995492a82,1970-01-01,0,Travel,1092.95,ESP,ARE,0,0,0,1,0
sdv-id-kdUeym,5bcc7bfb-40e6-4eed-a414-f2c5d9743ff0,1970-01-01,1,Travel,2319.65,ESP,VNM,0,0,1,1,1
sdv-id-IDSlzn,973a1f21-3ecb-4673-b58d-66161336b1b5,1970-01-01,0,Gaming,55.98,ESP,UKR,1,0,0,1,0
sdv-id-yzyenc,5a64b5e8-cdc7-43a0-a349-2ba3d084b7df,1970-01-01,1,Retail,1098.57,ESP,FRA,0,0,0,0,1
sdv-id-oAKJpI,3990d711-9ace-4bb2-bcf8-0f7f380f52f3,1970-01-01,0,Travel,772.9,ESP,GBR,1,1,0,0,0
sdv-id-CjyWRW,1e46c88e-2bc0-40e4-b700-942853a0730b,1970-01-01,0,Gaming,1156.76,ESP,NGA,1,0,1,0,0
sdv-id-AcymuT,a8deeb1c-281e-4259-a3d2-1a338d3bc1df,1970-01-01,0,Tech,1823.18,ESP,BRA,0,0,0,1,1
sdv-id-esHLEi,cf89569d-e550-4736-8780-6e713811b519,1970-01-01,5,Gaming,211.78,ESP,VNM,1,0,0,0,1
sdv-id-OMQddu,3d76c659-256d-4405-b93d-f0b6b60301aa,1970-01-01,4,Retail,104.43,ESP,ARE,0,0,1,0,1
sdv-id-yuaOPg,6961a383-dcee-42eb-8351-c35967396010,1970-01-01,0,Travel,1635.42,ESP,ITA,0,0,1,0,1
sdv-id-FknKqJ,d96688c9-8623-481e-8224-da50bd10f69f,1970-01-01,1,Travel,1248.47,ESP,PRT,0,0,1,1,1
sdv-id-FXCYpT,eaaa94c8-a097-4fe3-831d-b215d7d0dc99,1970-01-01,0,Retail,369.3,ESP,JPN,0,1,1,0,1
sdv-id-mWBHgr,b77dff3a-d3f0-4058-a717-7e595548f613,1970-01-01,0,Retail,1573.45,ESP,CHN,1,0,1,0,1
sdv-id-FOAPOV,d0e915d4-d503-42a8-a47f-9c7e07ec2d32,1970-01-01,3,Gaming,408.39,ESP,USA,1,0,1,1,0
sdv-id-Fznojf,09943e76-1d4e-4772-801f-b5a69ca5b74f,1970-01-01,0,Tech,2064.88,ESP,BRA,0,0,0,1,0
sdv-id-CWRWez,a6b78891-bc3d-4bfc-b216-7340bf95ff33,1970-01-01,2,Food,1446.55,ESP,JPN,1,1,0,1,1
sdv-id-sXFQTN,72fcc072-544c-4132-9af9-7493e8e46b31,1970-01-01,0,Travel,687.45,ESP,FRA,0,1,1,0,1
sdv-id-UTHhzd,cd65e328-19fb-4ed2-8da1-2b024a2c7830,1970-01-01,0,Retail,2047.81,ESP,CHN,1,1,1,0,1
sdv-id-Nilbze,30a04e0b-3a4d-4f57-8715-5ad38ca0cd2a,1970-01-01,0,Retail,1538.28,ESP,BRA,1,1,1,1,0
sdv-id-WwtWJW,e79e9573-e33d-42e9-8a9d-0590b36a7314,1970-01-01,0,Retail,273.77,ESP,JPN,1,1,1,1,0
sdv-id-VRxBMA,a3595d1f-7fe4-442e-bdb7-88a61cdcc4c2,1970-01-01,0,Tech,1086.42,ESP,DEU,0,0,1,1,0
sdv-id-YlIhBH,4f612217-eef1-4694-90ca-e32d0aba590e,1970-01-01,0,Retail,943.75,ESP,USA,0,0,0,1,0
sdv-id-eAqTpy,1e856ded-e7b9-4323-ad44-f50ec4e3a5ed,1970-01-01,5,Travel,924.01,ESP,ESP,0,1,0,1,0
sdv-id-CnlVmB,69b88f33-3c5d-415e-9f79-260c9020dde2,1970-01-01,0,Tech,1736.02,ESP,ITA,1,0,0,0,1
sdv-id-EsmKXc,f34574ae-0519-48bf-8a2e-30d69adebcc2,1970-01-01,1,Gaming,1760.09,ESP,GBR,1,0,1,0,0
sdv-id-tsVjxu,4e85661e-3bc6-44e2-add5-346eab2f4642,1970-01-01,0,Travel,1294.24,ESP,CHN,0,0,0,1,1
sdv-id-eNIJEl,31274148-7c7c-404e-8422-d03ef29a6339,1970-01-01,0,Food,1539.73,ESP,ITA,0,1,1,0,1
sdv-id-HTABsn,d6788ff7-4cc3-47ef-8361-9cd3c9a90afc,1970-01-01,0,Travel,1259.58,ESP,NGA,0,1,1,0,1
sdv-id-BWJOCu,2f1f9181-28ae-4c66-9795-795d2c017a94,1970-01-01,1,Retail,2489.1,ESP,PRT,1,0,1,1,1
sdv-id-fwXPkl,06927c51-6e66-469f-be4e-4d70455be7a1,1970-01-01,2,Food,1681.82,ESP,PRT,0,0,0,0,1
sdv-id-mricml,103d24cf-fdfb-4585-961f-e564c4384a7e,1970-01-01,2,Gaming,2333.65,ESP,ARE,0,0,0,0,0
sdv-id-jCCUgj,372bb847-c712-423d-9595-212570db85f9,1970-01-01,0,Food,755.89,ESP,ESP,1,1,0,0,1
sdv-id-UCqaDR,bb5ad45d-5353-42bf-9dee-8ebf7d3ae67e,1970-01-01,0,Travel,61.23,ESP,ESP,0,1,0,0,1
sdv-id-UNroVl,6f0d7229-1b38-4c72-ac64-8459df22367d,1970-01-01,1,Retail,843.01,ESP,USA,0,1,1,1,1
sdv-id-CdLXAf,a08aee11-1212-4d81-826d-f154b4094d74,1970-01-01,0,Gaming,1600.86,ESP,ESP,1,0,1,0,0
sdv-id-wsWRpu,af5a7636-e8b8-4252-9670-cd19383e69a4,1970-01-01,0,Travel,1755.46,ESP,ESP,0,0,1,1,0
sdv-id-dWISCZ,f337b261-5f83-42d5-bb0c-7919330ccff5,1970-01-01,0,Gaming,498.75,ESP,CHN,0,0,0,1,0
sdv-id-qIVcCZ,60a75fb5-bf0a-4f68-998b-64161f846af3,1970-01-01,1,Retail,876.99,ESP,VNM,1,0,1,1,0
sdv-id-EHtZIF,cd8563ca-193e-438d-b74c-0afa7f4d908c,1970-01-01,5,Retail,467.78,ESP,VNM,1,0,1,1,0
sdv-id-kMNffV,3f6eed9d-23cb-4943-8a84-000350834fef,1970-01-01,1,Retail,237.18,ESP,GBR,1,0,0,0,0
sdv-id-VXZeGu,067ab1d7-7059-4387-b89f-52d2a8737d14,1970-01-01,0,Retail,1279.42,ESP,PRT,1,0,1,0,1
sdv-id-VVrldO,a83db2df-e4aa-412a-a682-13c7a525dcd0,1970-01-01,0,Retail,1195.87,ESP,FRA,1,0,0,0,0
sdv-id-gcuJmq,81627cf1-4394-42e6-9a58-7e8aa25d6b29,1970-01-01,5,Gaming,1935.96,ESP,JPN,0,1,0,0,1
sdv-id-TkIpLw,7a37f3d6-77eb-4d89-b142-de87d109ffe5,1970-01-01,0,Travel,1236.93,ESP,JPN,1,1,1,0,1
sdv-id-PXcuwU,31ab0158-2cf6-473b-9500-c14707743c94,1970-01-01,0,Travel,2307.66,ESP,UKR,0,0,0,0,1
sdv-id-fXZzBT,4311fb26-6e15-4de8-8b3a-da7fa10d0623,1970-01-01,0,Travel,13.31,ESP,USA,1,0,0,1,0
sdv-id-ogTdmK,e57513a5-447a-4e2c-8e99-0457e0b1d762,1970-01-01,0,Travel,460.68,ESP,NGA,1,0,1,0,0
sdv-id-yUwccE,e810c030-2edf-4b1a-ae35-5704b82f76ef,1970-01-01,5,Tech,294.5,ESP,JPN,1,1,1,1,0
sdv-id-qmSAyg,d99472c6-e6b8-4bf5-a454-a9f6a87dd098,1970-01-01,1,Travel,1508.03,ESP,FRA,1,1,0,0,1
sdv-id-fnFZpu,94743809-8717-4af0-a52b-d100e20e22b8,1970-01-01,0,Tech,508.7,ESP,JPN,0,0,0,1,1
sdv-id-qFLgTx,7f5085e7-058c-4d44-b2a0-2b53565a4a42,1970-01-01,0,Gaming,1999.4,ESP,USA,0,0,0,1,0
sdv-id-wGsKND,8cb98201-a8d7-45bf-a564-ee98fc3e9ed1,1970-01-01,4,Food,276.0,ESP,PRT,1,0,0,0,1
sdv-id-ALGzRG,6669f679-2d78-404b-9f93-55acec8566f0,1970-01-01,0,Tech,563.41,ESP,BGD,1,1,0,0,0
sdv-id-enKGVs,a301767a-ed6c-4e79-9678-46331429ef31,1970-01-01,0,Travel,2106.67,ESP,IND,1,1,0,1,0
sdv-id-OJcMsK,c7e2a618-8029-43b1-9aea-544a291a4905,1970-01-01,0,Food,2145.65,ESP,JPN,1,1,0,1,0
sdv-id-SLPngH,6df72cd3-979a-4051-b317-591a3283daa4,1970-01-01,1,Retail,2022.84,ESP,FRA,1,0,0,0,1
sdv-id-pEptBv,445dff54-427f-4c4b-b5ed-76cfcc29a582,1970-01-01,4,Tech,2070.3,ESP,PRT,1,1,1,1,1
sdv-id-ShBXZK,06927c51-6e66-469f-be4e-4d70455be7a1,1970-01-01,0,Food,2204.88,ESP,UKR,1,0,0,0,1
sdv-id-eqLIvs,48fb95d1-736d-4da9-940c-bc1d469a09ee,1970-01-01,0,Food,28.19,ESP,IND,0,1,1,1,0
sdv-id-CokQAS,8208fd42-209c-44a5-931e-1d4d9abc9859,1970-01-01,0,Gaming,912.23,ESP,BRA,1,1,0,1,1
sdv-id-tcyBgW,9399ad15-a37c-41c5-842b-266b1b02fa24,1970-01-01,0,Gaming,2481.48,ESP,BGD,1,0,0,1,1
sdv-id-AgdifP,6bd95a4f-37bf-4cbd-87a4-53041ff3a9f8,1970-01-01,2,Tech,412.24,ESP,RUS,0,1,1,0,1
sdv-id-XAaFbm,000df764-9d46-4a9a-8a1d-9238fcf9abbb,1970-01-01,5,Travel,2394.98,ESP,BGD,1,0,1,1,0
sdv-id-aiVoAV,8ccc9cea-109f-48ee-b5a4-720058f0dd23,1970-01-01,2,Food,647.91,ESP,ARE,0,0,1,0,1
sdv-id-YvkWuJ,0d722918-1db1-4e86-91cc-c8d3c1676505,1970-01-01,0,Gaming,2097.77,ESP,UKR,1,0,1,1,0
sdv-id-pzzIFN,752fbd7e-7c36-4908-8f94-2977b582ef0c,1970-01-01,5,Travel,625.16,ESP,IND,0,0,0,0,1
sdv-id-lRXCED,d5963842-567e-4c74-bd92-232a4fbb831a,1970-01-01,1,Gaming,233.28,ESP,ITA,1,1,1,0,1
sdv-id-ApqQEw,010e4265-ad3f-4dd4-8496-26ba30c9a2be,1970-01-01,0,Gaming,707.78,ESP,ARE,1,1,0,1,0
sdv-id-QzSvVq,05b149a0-9686-4676-b83e-40abb22a55a6,1970-01-01,0,Gaming,2403.23,ESP,VNM,1,0,1,0,1
sdv-id-lmhgnh,2541f181-f29e-425b-bed0-4e680d250730,1970-01-01,2,Gaming,140.18,ESP,ITA,0,0,0,1,0
sdv-id-ewbOYu,e1eeb1f1-33b1-40dc-a552-d0a8b66f3507,1970-01-01,0,Gaming,34.94,ESP,USA,0,0,1,1,0
sdv-id-mxhDQj,5e4c4fd1-4623-43a9-b2f8-dbabb462e3e8,1970-01-01,0,Gaming,235.32,ESP,DEU,0,0,1,1,0
sdv-id-lHzJVl,809c109e-37d0-4024-943f-b0866e4ffb1c,1970-01-01,0,Retail,1961.64,ESP,NGA,1,1,0,0,1
sdv-id-DnoXjy,93608edf-382b-4b86-b2a3-2efdff138c80,1970-01-01,4,Gaming,919.01,ESP,ARE,1,0,1,1,1
sdv-id-KZKauQ,f3aa6da6-972d-4b66-a152-75d6fb426ef0,1970-01-01,0,Gaming,1287.63,ESP,CHN,0,1,1,0,1
sdv-id-nlhREW,e217a6df-2193-4b93-b7ed-78d9a82e6889,1970-01-01,0,Travel,1180.56,ESP,USA,0,0,0,1,0
sdv-id-IbPgTr,20a92097-0356-47ab-bc1a-f663a096ea2f,1970-01-01,2,Food,459.5,ESP,ITA,0,0,0,1,1
sdv-id-STySKO,4ccb2355-39d1-47ff-b27e-1442fd7fe973,1970-01-01,1,Food,1990.0,ESP,CHN,1,0,1,0,1
sdv-id-ijXcgC,4019a1f6-0cd1-4081-8d85-e013b20004fa,1970-01-01,0,Gaming,1412.96,ESP,DEU,1,0,1,0,1
sdv-id-flZjab,d4eddb5a-adc4-4057-889c-0d72da626326,1970-01-01,0,Food,1294.22,ESP,BGD,0,1,1,1,0
sdv-id-PMZrwl,b8d8f272-f429-405d-b4b1-6488cb4a1b4b,1970-01-01,0,Gaming,2188.34,ESP,UKR,0,1,0,0,0
sdv-id-ihPYii,817bf3ce-c78d-4642-af63-def851a76445,1970-01-01,0,Food,312.04,ESP,USA,1,1,1,0,1
sdv-id-HzNClo,b08647e1-fa64-4958-b9c2-c1a2bcc9245c,1970-01-01,0,Gaming,127.25,ESP,RUS,1,1,0,0,1
sdv-id-khdlzH,cccf4d37-0714-4da9-8e67-4f72627f34eb,1970-01-01,4,Travel,2196.63,ESP,USA,0,1,0,1,0
sdv-id-xDaUEe,dce683a6-d944-4ec9-a3ff-fc04abc041a3,1970-01-01,1,Retail,1020.11,ESP,FRA,0,0,0,1,1
sdv-id-bkzZgr,c1de6d58-518e-48fd-a252-439052a3069d,1970-01-01,0,Gaming,200.5,ESP,VNM,0,1,1,0,1
sdv-id-ACGOqO,49694032-5808-4790-a2e4-9628d913057d,1970-01-01,5,Retail,598.6,ESP,NGA,1,0,0,1,0
sdv-id-tITHjj,a7b414b4-4e32-4993-a014-ec53f87c318a,1970-01-01,0,Travel,18.08,ESP,IND,1,1,1,1,1
sdv-id-XQUOwA,506f6bc0-ee6f-4a9c-b446-023621f66088,1970-01-01,0,Gaming,1178.11,ESP,PRT,1,1,0,0,1
sdv-id-OmULax,febec0db-9a3a-4103-ae3c-453214348f62,1970-01-01,5,Tech,2311.03,ESP,IND,0,1,0,1,0
sdv-id-LXsxrz,41241bb4-655c-4508-8592-bfa5b928e23f,1970-01-01,0,Food,1233.96,ESP,BRA,0,0,1,1,0
sdv-id-CIcexO,0118d2a5-43ef-4542-a512-6fe3410f71df,1970-01-01,0,Gaming,2002.31,ESP,ARE,1,1,1,0,0
sdv-id-ONyKyL,f574175b-3d05-4bf4-b93c-4fbf1b9b71f0,1970-01-01,0,Food,2256.96,ESP,JPN,0,0,0,0,1
sdv-id-QOUJQx,6088825e-e382-4da1-acce-4c234e55f3fe,1970-01-01,4,Gaming,2042.13,ESP,DEU,0,0,1,0,1
sdv-id-zhGOGW,0111fa05-308b-4146-aa87-9f65279c058a,1970-01-01,3,Gaming,2094.67,ESP,VNM,0,0,0,0,1
sdv-id-YRFapz,2056dff5-1f58-4eca-bb01-7c93a525e50b,1970-01-01,5,Tech,857.26,ESP,ITA,0,1,0,0,1
sdv-id-fwsoaa,9b3b5b4c-ff2a-40c0-9ab3-83c9e88188c3,1970-01-01,0,Food,2205.9,ESP,ARE,0,1,1,1,0
sdv-id-xMVYsh,7e52c22c-a207-4bf3-a507-68f2ba0ebd56,1970-01-01,0,Travel,490.95,ESP,CHN,1,1,1,0,0
sdv-id-jkrusQ,867e0a97-23a9-41a6-8f78-59ebebef7531,1970-01-01,2,Travel,122.05,ESP,USA,0,1,0,1,1
sdv-id-bZDyFr,764da243-14fa-40f5-a612-19b573aca6e1,1970-01-01,0,Retail,673.19,ESP,JPN,0,1,1,1,0
sdv-id-GvNDIi,c53acbfc-8bc7-493e-a306-5b371c75725e,1970-01-01,0,Tech,462.81,ESP,ITA,1,0,0,1,1
sdv-id-EBbZjs,50d0f83d-adb1-4e7a-a1cb-052772e5e892,1970-01-01,0,Gaming,1380.09,ESP,UKR,0,1,1,0,1
sdv-id-kEmLNp,248941f4-79a5-4d6f-a09d-63de44a3521a,1970-01-01,0,Retail,458.41,ESP,JPN,0,0,1,0,1
sdv-id-iFoTFt,12d15585-b68e-47fa-bf17-5534cc4d5819,1970-01-01,0,Tech,1983.41,ESP,ESP,1,0,0,0,0
sdv-id-qzdmys,9c88f367-c46e-40a4-9086-b124c7422b51,1970-01-01,3,Food,864.55,ESP,PRT,1,0,0,0,1
sdv-id-eCdJsq,561be345-fad9-41e5-90ac-12e9a84966af,1970-01-01,0,Gaming,75.59,ESP,ESP,0,0,1,1,0
sdv-id-rTkbHS,1383883b-118f-4972-a396-fc578c76560f,1970-01-01,0,Tech,344.09,ESP,PRT,1,0,0,1,0
sdv-id-oYeteC,2d47cb5a-f7b9-4b0d-8dbb-55598c12d6ef,1970-01-01,1,Travel,1374.51,ESP,NGA,0,0,1,0,0
sdv-id-grPpVE,fdb94388-6d0f-4812-93ad-147a7fe5339c,1970-01-01,1,Food,2234.83,ESP,VNM,0,1,0,0,1
sdv-id-ibPoAS,21e8ac68-43e4-4caf-8181-a8cc369147eb,1970-01-01,0,Retail,74.08,ESP,UKR,0,1,1,1,0
sdv-id-yAvZzj,5f88fe99-a014-4ab9-a755-e34c4e5a4392,1970-01-01,1,Retail,1959.9,ESP,DEU,0,0,1,0,1
sdv-id-zsrdLs,f7eba7e9-1dd0-4ec8-ab30-f1b1bb4c5947,1970-01-01,4,Retail,2304.21,ESP,DEU,1,0,0,1,1
sdv-id-EOjNNM,d8e7012f-3968-4c81-bb70-c3b8a81fdec3,1970-01-01,0,Gaming,2039.63,ESP,FRA,0,1,1,1,0
sdv-id-jCtAwc,cfea3a8f-7b8d-432f-b9f7-113dba9bb777,1970-01-01,5,Tech,677.04,ESP,VNM,1,0,1,0,0
sdv-id-uIxfXW,58578862-3105-45b6-a40b-1814281269bc,1970-01-01,0,Gaming,136.9,ESP,RUS,1,1,0,1,0
sdv-id-KsTGYL,fdecc58d-73fe-41a3-bed0-24cbb6f37bd4,1970-01-01,4,Retail,1212.75,ESP,BGD,0,1,0,0,1
sdv-id-VpBRXK,5c941cf0-dc98-42c1-a2ac-f72f9e574f7a,1970-01-01,0,Tech,1908.48,ESP,UKR,1,0,1,0,1
sdv-id-cRQsVE,d0afb235-ade6-4f51-a670-93a0fc48f615,1970-01-01,0,Retail,1414.63,ESP,UKR,0,1,0,1,1
sdv-id-mjhoOb,9696e833-4728-4df6-8532-499e08a43ec0,1970-01-01,3,Tech,38.27,ESP,DEU,0,0,0,0,0
sdv-id-lyFKXS,0a524e33-3a08-47d8-9666-7ba856bebe18,1970-01-01,1,Gaming,614.65,ESP,IND,1,0,0,1,1
sdv-id-XBvslw,0f5f9707-a008-4c20-8272-88e6ff39a117,1970-01-01,0,Retail,776.21,ESP,GBR,1,1,0,1,1
sdv-id-iLCVbF,a9b29770-2aaa-4394-9adc-8fe3cad67b77,1970-01-01,0,Gaming,2263.89,ESP,USA,0,0,1,0,1
sdv-id-WKKNVJ,81e6935f-3c7e-4208-b451-cf94ee8b46d3,1970-01-01,0,Travel,444.28,ESP,ESP,1,1,0,0,1
sdv-id-TUxYZq,490ccf97-2b0c-456b-8ab2-0bf4196dedc0,1970-01-01,0,Gaming,1366.95,ESP,CHN,1,1,1,0,0
sdv-id-McwGDi,1eca88d3-af66-4d67-b063-70c4971f0676,1970-01-01,3,Retail,1044.55,ESP,GBR,1,0,0,0,1
sdv-id-eZfluy,18246315-ad49-4072-bf84-3004c4ac41b5,1970-01-01,0,Travel,64.54,ESP,ESP,0,0,1,1,0
sdv-id-sjVxwx,d4022243-ec35-4b0c-9612-66fbe4a6bf51,1970-01-01,0,Food,486.09,ESP,ITA,1,0,0,0,1
sdv-id-FSrgac,894a05e4-30b1-47ef-b10c-0c003fa7f104,1970-01-01,0,Gaming,70.5,ESP,CHN,0,0,1,1,0
sdv-id-CeKqdq,056e3d78-3b8c-4f84-8367-1560fd06875b,1970-01-01,3,Gaming,907.76,ESP,PRT,0,0,0,0,1
sdv-id-KPwKoj,a43fdaf0-8a80-46fe-8fa5-0e3241374168,1970-01-01,0,Retail,2146.29,ESP,ARE,0,1,1,1,0
sdv-id-qrGcrb,eafde7d9-5f73-4a3e-9d28-6aa428a39779,1970-01-01,0,Food,1464.25,ESP,ITA,1,1,1,0,1
sdv-id-TZVAxg,712b8f43-0040-45e1-bcc1-425173833649,1970-01-01,4,Gaming,313.17,ESP,ITA,0,1,1,1,0
sdv-id-hVTLEA,28cc812a-8150-40c9-8948-384b11740357,1970-01-01,0,Retail,1727.96,ESP,DEU,0,0,1,0,1
sdv-id-ZJEKWa,372bb847-c712-423d-9595-212570db85f9,1970-01-01,0,Retail,1154.68,ESP,FRA,1,1,1,1,1
sdv-id-BuSIoZ,3f39562d-6b06-492f-b62a-794159dcbe0f,1970-01-01,2,Tech,1896.4,ESP,NGA,1,0,1,0,1
sdv-id-AbSBdV,8da4f916-6fa8-4369-b3db-49d04e998b76,1970-01-01,0,Travel,2340.55,ESP,PRT,1,1,1,1,1
sdv-id-ZsHhzR,f0a0eebb-3800-41ac-8b3d-36ba70cc6d61,1970-01-01,0,Travel,690.45,ESP,PRT,0,0,1,1,1
sdv-id-uggOrZ,f22d1294-fd28-44d7-85ce-245c9558fa31,1970-01-01,1,Travel,1375.25,ESP,IND,1,1,0,1,1
sdv-id-kiFRdi,38c4f346-e5dd-414c-a70b-ba9c3d5e69df,1970-01-01,0,Travel,290.15,ESP,PRT,1,0,0,0,0
sdv-id-zYWRiQ,fcd6bdca-5876-4d09-b1fa-f665711533f3,1970-01-01,0,Food,2446.7,ESP,PRT,0,1,1,1,0
sdv-id-SJwuGh,940e3521-9a26-455a-bf56-938141190559,1970-01-01,1,Travel,1576.13,ESP,GBR,0,1,0,0,1
sdv-id-NGeMCv,25db9dbd-817f-4e3b-9a1a-59cf9b480ff5,1970-01-01,3,Food,2263.53,ESP,BRA,0,1,0,0,1
sdv-id-woKJdd,86df605b-b0ce-4eff-934b-45a847165e93,1970-01-01,0,Travel,2297.98,ESP,VNM,1,0,0,1,0
sdv-id-FVBoqN,c46268d6-b22d-4bfe-8ab3-5cb1653d6c17,1970-01-01,0,Travel,1096.26,ESP,CHN,0,1,1,1,0
sdv-id-ehsEhC,79a0d586-369d-42ef-bb8e-e0e01ba34c18,1970-01-01,0,Travel,1258.49,ESP,GBR,1,0,1,1,0
sdv-id-FSgOgk,ce92b021-8173-4a2a-83b5-b2bd1eec4d0d,1970-01-01,0,Food,2389.1,ESP,USA,1,0,0,1,1
sdv-id-tHEocF,6f339c5e-0392-4cfa-9d9f-2c8c6640464a,1970-01-01,4,Travel,1767.52,ESP,USA,1,1,0,0,1
sdv-id-MlMpXl,c5144d98-b41c-404f-a346-f415e5267a2b,1970-01-01,0,Gaming,1464.55,ESP,UKR,0,1,1,0,1
sdv-id-tpUqRs,5b0a31ea-9dc6-4783-b222-534db3099e0d,1970-01-01,0,Retail,1183.71,ESP,ESP,0,1,0,0,1
sdv-id-FFEmsP,e6bd7f5e-cf23-4be0-acb3-a74d8daf1352,1970-01-01,2,Retail,908.97,ESP,VNM,1,1,0,0,1
sdv-id-UtvarC,7ee667de-d93e-4a4d-aa6a-642bfabfa7ef,1970-01-01,1,Retail,573.53,ESP,UKR,0,0,0,1,1
sdv-id-YgAIpy,63db2b6d-a8cf-4238-87fe-8dee0bc6a71b,1970-01-01,0,Travel,678.66,ESP,ITA,1,1,0,0,0
sdv-id-XOJSsu,20d705c7-e9e2-4867-a68a-4d9bc771f56c,1970-01-01,0,Tech,1301.24,ESP,NGA,1,0,0,1,1
sdv-id-WVJMTm,c96d525e-a563-4cf4-a7df-eb9257c13f7e,1970-01-01,0,Food,2291.07,ESP,GBR,0,1,1,0,1
sdv-id-gTzxwd,e4723a97-a717-4558-b200-765502a213b0,1970-01-01,0,Travel,1084.25,ESP,FRA,1,0,1,0,1
sdv-id-bKGoST,cef88a52-e4cd-43b9-ac97-e06748bbec17,1970-01-01,3,Travel,1326.86,ESP,CHN,1,1,0,1,0
sdv-id-ZKevIG,177a8a5f-6ffe-43b3-94bf-7a4b25b8a42f,1970-01-01,0,Gaming,1710.37,ESP,NGA,1,1,1,1,0
sdv-id-YOGPRM,cad04982-ceb2-4a32-b189-727f6a8d8a70,1970-01-01,0,Tech,815.75,ESP,RUS,1,1,1,0,0
sdv-id-ZRxKOP,af70de70-2b69-495e-8567-1b58926bffa5,1970-01-01,0,Gaming,6.36,ESP,UKR,0,1,0,1,1
sdv-id-MnTCxA,4a02d7c1-9859-4f42-974a-2447ab73860c,1970-01-01,3,Food,971.81,ESP,VNM,0,1,0,1,1
sdv-id-lZvUtr,c7c432a0-c3af-4d93-8047-6d80532bd70a,1970-01-01,2,Tech,684.71,ESP,GBR,1,0,0,1,0
sdv-id-HTCJDp,f9834d4b-1c65-46bd-8179-c596d772e63e,1970-01-01,0,Tech,355.89,ESP,IND,0,1,1,0,1
sdv-id-OtFiMa,bd9ab6d9-7d36-45b9-b0d1-701b1ecfcd89,1970-01-01,0,Gaming,227.68,ESP,IND,0,1,1,1,0
sdv-id-vyCJlA,d5411860-8583-40bb-b2fb-59fd0c00f8ff,1970-01-01,2,Food,2121.29,ESP,RUS,0,0,1,0,1
sdv-id-hgAQqm,e79e9573-e33d-42e9-8a9d-0590b36a7314,1970-01-01,0,Gaming,882.83,ESP,BRA,1,0,1,0,0
sdv-id-ZlWEMY,cffe7547-a347-4f55-b94b-a015fa126797,1970-01-01,0,Tech,1181.95,ESP,ESP,0,0,0,0,1
sdv-id-Getfix,b22ed234-404c-46f1-acc2-e20fc3a02289,1970-01-01,1,Gaming,1398.88,ESP,ITA,1,0,1,0,0
sdv-id-WsVTDE,a0786e8f-5490-4f0a-b70f-8b814f8390da,1970-01-01,0,Tech,511.25,ESP,UKR,0,0,1,0,1
sdv-id-iudSoz,45876487-9555-46a4-845b-44d9bafd2834,1970-01-01,0,Food,818.03,ESP,NGA,1,1,1,0,1
sdv-id-OMwMIQ,c23dd884-ca5f-4cf2-9726-6a28dd7d8ff7,1970-01-01,0,Travel,1093.31,ESP,VNM,1,1,0,1,1
sdv-id-GrxJgL,bd29ede9-cab4-423b-b448-83858de7ad6c,1970-01-01,0,Food,2005.46,ESP,BRA,1,1,1,0,1
sdv-id-tfKbzD,48fb95d1-736d-4da9-940c-bc1d469a09ee,1970-01-01,0,Food,2085.39,ESP,USA,1,1,0,0,1
sdv-id-GUYprb,9741c0fa-1b20-457e-9e86-ca3d07d712df,1970-01-01,5,Food,1730.67,ESP,USA,0,1,1,0,1
sdv-id-yKdhAD,28ef2f46-f323-423e-9cb0-c90c82fc9294,1970-01-01,4,Gaming,2158.95,ESP,JPN,1,1,1,0,0
sdv-id-HqpchP,7b2acbee-4056-40d4-a25a-c0d9fce35a66,1970-01-01,0,Travel,699.47,ESP,PRT,1,0,1,1,0
sdv-id-qyiRcz,1ff49f0a-9435-4cb1-b24a-f3fba016db34,1970-01-01,0,Retail,1743.12,ESP,NGA,1,0,0,0,1
sdv-id-xYSaGW,1a64f27d-0bcf-40fc-a3a1-af9777852ddb,1970-01-01,0,Gaming,1954.02,ESP,JPN,1,1,0,0,1
sdv-id-BoEdZC,9e87e04c-a208-4977-a9f2-533683f4a9a9,1970-01-01,3,Tech,1292.84,ESP,UKR,0,1,1,1,0
sdv-id-fsnTRb,6828e25c-9307-436e-aeec-de56dd94b1cc,1970-01-01,4,Gaming,62.89,ESP,FRA,1,1,0,1,0
sdv-id-smLRpu,893e2de8-8509-43a2-a14b-1e1c4b403399,1970-01-01,0,Food,2448.27,ESP,NGA,1,1,0,0,1
sdv-id-fCweig,7f695b97-e581-4601-84cd-c4e87225539d,1970-01-01,0,Tech,2013.22,ESP,FRA,0,0,1,1,0
sdv-id-UVvtwP,b9e28abb-640c-40d9-9764-0a6f2ca43d0d,1970-01-01,5,Travel,1606.0,ESP,FRA,0,1,0,1,0
sdv-id-wbYTHL,d033dd5e-798f-4e3f-afd1-422eeb428215,1970-01-01,1,Gaming,622.15,ESP,PRT,0,1,0,0,1
sdv-id-RbabaA,60b217f9-65f3-4984-9c0d-8fccf8f960bd,1970-01-01,0,Gaming,2369.46,ESP,ITA,0,1,0,0,0
sdv-id-EnhpiV,47020de0-bc64-47e9-b16e-c0b6e3d9de7f,1970-01-01,2,Retail,870.77,ESP,USA,0,0,1,0,1
sdv-id-BiMeXQ,88f68352-d38b-4a4e-93fd-b67487f766a9,1970-01-01,0,Food,604.77,ESP,ITA,1,0,1,1,0
sdv-id-uwakHa,250801c0-8d2a-4e18-a51d-7a23d5b483b6,1970-01-01,0,Retail,1893.45,ESP,USA,0,0,1,0,0
sdv-id-xZZmtK,3735262d-4184-4b03-84dd-7054144823f7,1970-01-01,0,Tech,805.01,ESP,BRA,0,0,1,1,0
sdv-id-QfCcUj,b9cd213b-5748-418a-8700-1750c1db480a,1970-01-01,0,Food,2141.37,ESP,GBR,0,1,1,1,0
sdv-id-ZQgNBh,0a524e33-3a08-47d8-9666-7ba856bebe18,1970-01-01,0,Tech,1673.5,ESP,RUS,1,1,0,0,1
sdv-id-vCnMLe,ea74bb87-24f4-4c35-bec5-9e551b98d67e,1970-01-01,0,Tech,1347.74,ESP,FRA,0,1,0,1,0
sdv-id-etWOeE,df0987e9-259b-4aea-acab-b9ada15dd7c4,1970-01-01,1,Food,1616.15,ESP,UKR,1,1,1,0,1
sdv-id-OEZTPz,64953d5f-0cb4-4891-988d-f23b3ccff6eb,1970-01-01,0,Gaming,1598.75,ESP,GBR,1,0,0,1,0
sdv-id-NqFVQO,b7062cfa-29cc-4789-bff9-3134650e78e4,1970-01-01,5,Gaming,214.29,ESP,USA,0,1,1,0,1
sdv-id-jYoNqR,c0a15dbc-695f-44ff-bbe3-0fd24ed7b3f3,1970-01-01,0,Gaming,58.97,ESP,JPN,0,1,0,1,1
sdv-id-VXXxPh,e276db30-1ade-4ee4-bfcc-8e33c7da450f,1970-01-01,0,Gaming,869.04,ESP,CHN,1,0,0,0,0
sdv-id-GnqdYW,bcbd6eeb-ceab-4f76-b776-f4e846f90964,1970-01-01,1,Travel,1221.79,ESP,ESP,1,1,0,0,0
sdv-id-jOLUQQ,b79a566b-2e14-42be-98a5-47b209a18b34,1970-01-01,0,Travel,1745.02,ESP,ESP,1,1,0,0,0
sdv-id-BdKMks,8d7248e2-951f-48d0-9e84-f058d5a804eb,1970-01-01,1,Gaming,2099.39,ESP,PRT,1,0,1,0,1
sdv-id-ltjKxx,c1a72883-f880-4878-a9fb-07638a9c66f7,1970-01-01,0,Gaming,1262.25,ESP,NGA,1,1,1,1,1
sdv-id-WMIMgT,24da0109-4461-4c94-a29c-c64fb8f89cba,1970-01-01,0,Food,1684.67,ESP,JPN,1,1,0,1,0
sdv-id-uoOOhq,98cc3e26-a1a2-4f5e-975d-cd7e820740e7,1970-01-01,0,Travel,1269.19,ESP,PRT,1,1,0,0,1
sdv-id-xdbaSv,1d34d08e-7a4c-45d4-9c99-e04cf0e98b3b,1970-01-01,1,Gaming,891.95,ESP,BRA,0,1,0,1,0
sdv-id-JGlvoj,160a3a13-30df-450c-89e0-8b89ca3e3238,1970-01-01,0,Travel,1327.66,ESP,BGD,0,0,0,1,1
sdv-id-ExvOaB,3b7039b0-789a-4f00-9933-ca27a0e85f89,1970-01-01,0,Tech,1554.13,ESP,JPN,1,1,1,1,0
sdv-id-nFTVEF,4da9b236-d15f-4acd-97df-c472e2fba2a1,1970-01-01,0,Gaming,1916.16,ESP,UKR,0,1,1,1,0
sdv-id-zfQnBR,222282e1-74da-4ebf-9f11-5b76d92c9227,1970-01-01,0,Tech,600.34,ESP,GBR,1,0,0,1,0
sdv-id-Rcdvhm,c44ba50d-cb6c-4a6e-bb95-8291f3dd69d1,1970-01-01,0,Gaming,190.04,ESP,ITA,0,0,1,1,0
sdv-id-rqGxGa,660d63f3-eaf5-40ed-a12a-89718239e5a8,1970-01-01,0,Tech,1974.13,ESP,NGA,1,1,1,0,1
sdv-id-HcjjDz,baed6f49-245f-4841-947f-0413b0c46ddc,1970-01-01,0,Food,2032.82,ESP,USA,1,0,0,0,1
sdv-id-lBXler,1feb21c7-60b2-414b-95f0-e5ea4b0a4742,1970-01-01,0,Tech,1457.6,ESP,DEU,0,1,0,1,0
sdv-id-PhgwwP,008d4127-6104-41e3-aa25-a8880f02bad0,1970-01-01,5,Retail,1219.11,ESP,BRA,1,1,0,0,1
sdv-id-AwgYkm,070deea0-bb09-4763-8f39-a47fb3288760,1970-01-01,1,Tech,18.52,ESP,VNM,1,1,0,0,1
sdv-id-eACbIJ,b481acde-eeaf-4b56-99b6-5b6b6ef1d60c,1970-01-01,0,Food,1708.0,ESP,BRA,1,0,0,0,1
sdv-id-UIpWUz,1ceb08fe-f2de-4798-b31a-25b55fecaa6e,1970-01-01,3,Tech,1064.94,ESP,RUS,1,0,1,0,0
sdv-id-ujiaDy,9ae1a991-524f-43ff-b030-7633a6ded1d8,1970-01-01,0,Travel,1876.14,ESP,GBR,1,0,0,0,1
sdv-id-oNyHke,67f91636-78e5-4c5b-8cc0-49ac2be6cd3f,1970-01-01,0,Food,990.42,ESP,FRA,0,1,1,1,0
sdv-id-kmbCsv,76185aee-62cc-43b9-85a3-3467b110f489,1970-01-01,0,Tech,1997.7,ESP,IND,0,1,0,1,0
sdv-id-RIvKto,dc160e3d-eb15-4f5b-81a0-578257ec95f3,1970-01-01,0,Gaming,50.4,ESP,ARE,1,0,0,0,1
sdv-id-UPnsBO,7fffa983-0811-40e9-ba1d-8ded7dc807a2,1970-01-01,0,Tech,530.53,ESP,FRA,0,1,1,0,1
sdv-id-XSOMhV,65db6e43-47bf-4db7-82d9-a774ea7f6c7d,1970-01-01,0,Travel,2162.86,ESP,GBR,0,0,0,0,0
sdv-id-YwtaWF,8c126e0e-121a-4952-be69-ad390e378b07,1970-01-01,1,Tech,656.49,ESP,ARE,1,0,0,0,1
sdv-id-YUSokL,e25ff355-f8f4-4249-bc02-c906aa34d26d,1970-01-01,0,Retail,2216.55,ESP,CHN,0,0,1,0,1
sdv-id-oDJgPa,2c7e254b-19fc-4491-a20a-558241e04166,1970-01-01,0,Retail,1972.97,ESP,DEU,0,1,0,0,1
sdv-id-bzbjIu,f105c2d8-7acc-4c3b-b90c-a4475352db34,1970-01-01,0,Gaming,775.11,ESP,ITA,1,1,0,1,0
sdv-id-wvVRQi,48d40d84-0b65-4f5f-b4d9-0398c17a608e,1970-01-01,0,Retail,1113.86,ESP,RUS,1,0,0,0,1
sdv-id-RnNQBO,ca9d2704-e860-4cb1-8494-205c34ef2552,1970-01-01,0,Tech,2374.97,ESP,BGD,0,0,1,0,1
sdv-id-sLWYxj,288d6c65-daf2-471c-8736-591d74f9bd90,1970-01-01,0,Food,366.96,ESP,FRA,1,1,0,0,1
sdv-id-XrqlDJ,520619e0-1096-4c84-954b-a5905a4d52c7,1970-01-01,0,Retail,180.21,ESP,PRT,1,0,0,0,1
sdv-id-nBuIbG,c7e2a618-8029-43b1-9aea-544a291a4905,1970-01-01,3,Retail,858.03,ESP,RUS,1,1,0,1,0
sdv-id-bJkaBJ,c5f46ccb-c872-4188-8c3f-e94fc4a9a7c5,1970-01-01,4,Tech,1060.28,ESP,IND,0,0,1,1,0
sdv-id-wZfhDV,1e786fa2-de5c-45a3-b553-f9c6a9729e19,1970-01-01,3,Tech,2340.68,ESP,PRT,1,1,0,0,0
sdv-id-gslnYX,c996a54b-bcbb-4658-83e6-551e11dabe5e,1970-01-01,1,Retail,2407.7,ESP,ARE,0,0,1,0,1
sdv-id-DsPzvk,4f848c31-7954-4f2d-a819-d4b9b1a6aed3,1970-01-01,0,Food,1356.56,ESP,IND,1,0,0,1,0
sdv-id-EDpRxy,81b85934-af37-4cf9-af2b-5e3109db40a9,1970-01-01,0,Tech,224.69,ESP,GBR,1,1,0,0,1
sdv-id-OSkReC,aac8fca9-c931-465a-be06-3f4428e69d58,1970-01-01,0,Gaming,1190.25,ESP,JPN,1,1,0,0,0
sdv-id-TVLdXF,a2ef1e21-7fb3-4568-9594-eea843816e47,1970-01-01,1,Retail,603.67,ESP,USA,0,1,1,0,1
sdv-id-zJKFLs,e604d38c-0a9b-4471-b1a7-9435b7c52ba7,1970-01-01,5,Retail,408.64,ESP,BRA,1,0,0,0,1
sdv-id-uElirm,a8596f8c-d734-48fe-ab84-3ef3d86d655d,1970-01-01,0,Travel,1940.36,ESP,DEU,0,1,0,1,0
sdv-id-UkZEDT,0f794b76-5c96-403d-9caf-5c6a64ca98e8,1970-01-01,5,Travel,939.59,ESP,RUS,0,1,1,0,1
sdv-id-hwTHTA,6ed47a6d-87c9-4aac-b5d3-4f2f513bb65c,1970-01-01,0,Food,2217.14,ESP,USA,1,0,0,0,1
sdv-id-BoANGa,ce0f3a53-4280-4061-a2cb-c85c3069ae7c,1970-01-01,1,Food,993.05,ESP,GBR,0,1,1,0,1
sdv-id-xJrohs,95309450-1c62-44f4-a44d-8dc2b2908892,1970-01-01,0,Food,932.63,ESP,CHN,0,0,1,1,0
sdv-id-FntHYi,2bf84a05-d82d-4078-97a7-d4f6f5b77414,1970-01-01,0,Retail,1720.98,ESP,BGD,0,1,0,1,0
sdv-id-gCitQa,09502a6c-0abe-41af-a664-780332f9130d,1970-01-01,0,Tech,634.37,ESP,ITA,0,1,0,1,1
sdv-id-fLBnSA,18a73d94-a13e-466d-96c6-d99779fe7ccc,1970-01-01,0,Retail,2299.77,ESP,FRA,1,0,1,0,1
sdv-id-tuORZP,305a1bef-6909-43c4-ab13-b71df96846e7,1970-01-01,0,Gaming,1334.69,ESP,JPN,1,0,1,1,0
sdv-id-Ygszaz,0ef6da2a-fcc9-4df1-8d88-fa936292ac6b,1970-01-01,0,Gaming,634.82,ESP,CHN,0,1,1,0,1
sdv-id-UxAdBX,269bded7-1c47-4b1c-b28d-acb1270116e4,1970-01-01,0,Travel,925.87,ESP,RUS,0,0,0,1,1
sdv-id-iaqrSQ,58625813-b28d-4506-b130-5648a6ebe702,1970-01-01,1,Food,2256.34,ESP,CHN,0,1,0,1,1
sdv-id-qzKRZL,f11c0ac5-8c0b-493a-9333-5bc9bb635ff5,1970-01-01,5,Tech,220.09,ESP,DEU,1,1,1,1,0
sdv-id-eiqTxD,65938379-99d8-4fd2-9cd9-8e6b3a0d3859,1970-01-01,0,Travel,2290.55,ESP,VNM,1,0,1,1,0
sdv-id-VVzeLP,14eae37c-67b2-416c-861e-a8aa11baf616,1970-01-01,0,Retail,1257.98,ESP,CHN,1,1,0,0,0
sdv-id-ERFbDi,19a1a2d1-da00-4c08-997b-d7bb9a58131a,1970-01-01,0,Travel,1673.29,ESP,PRT,0,1,1,1,0
sdv-id-KPuMCe,ee509b8d-2e68-4243-9bdc-b2a94a869f03,1970-01-01,0,Retail,2028.89,ESP,UKR,1,0,1,0,1
sdv-id-uQaIHr,59423395-03d3-41cf-99a1-2723287dff8e,1970-01-01,0,Travel,78.52,ESP,NGA,0,1,1,1,1
sdv-id-kOIYFr,0be08870-ad40-4867-96c4-222e6bf82001,1970-01-01,0,Travel,2345.68,ESP,DEU,1,0,0,0,1
sdv-id-pmOxMn,ce0f3a53-4280-4061-a2cb-c85c3069ae7c,1970-01-01,0,Tech,2204.92,ESP,UKR,1,1,1,0,1
sdv-id-ZCOrmO,ad32a7c6-8b64-412c-9bd5-37b1c35adde3,1970-01-01,5,Tech,1340.89,ESP,ARE,0,0,0,0,1
sdv-id-wFuXGI,5ef36d4d-9d85-4a72-af9a-544a3de372e9,1970-01-01,3,Retail,1805.37,ESP,BRA,1,0,0,1,0
sdv-id-OscLpm,dd16663a-8183-4bc0-80e2-cd0484c48ac0,1970-01-01,3,Travel,605.39,ESP,GBR,1,0,0,0,1
sdv-id-AWIJDI,f5651938-017c-4f67-909d-612c2359da56,1970-01-01,0,Tech,2293.24,ESP,RUS,1,1,0,0,1
sdv-id-GLOIGp,5a990478-5e53-4d53-bd6e-2570839d8c61,1970-01-01,0,Travel,790.04,ESP,UKR,1,0,1,0,1
sdv-id-LPVvTA,0516d89d-73df-4835-9043-0a9fbaedb77c,1970-01-01,1,Tech,249.49,ESP,FRA,0,0,1,1,1
sdv-id-RTCYJB,2548f600-e2f2-4f04-8bd6-a07d813ee22d,1970-01-01,0,Tech,1841.02,ESP,FRA,1,0,0,0,1
sdv-id-Enwvtd,20e8dae1-b1f0-4d9b-8e21-7fb3be654bf9,1970-01-01,0,Travel,721.25,ESP,VNM,0,0,0,1,0
sdv-id-GzpMoO,23d2789d-ce2c-4739-a552-abc65a86503a,1970-01-01,1,Food,1023.9,ESP,BGD,1,0,0,1,0
sdv-id-dZRkTL,e56fd112-8e51-4e43-84e3-abdcb62a0255,1970-01-01,0,Travel,497.66,ESP,UKR,1,1,1,1,1
sdv-id-BUgiaO,07ba9437-f24f-4dc4-8094-7fb553850d92,1970-01-01,0,Retail,320.92,ESP,RUS,0,0,0,1,0
sdv-id-BCZRhf,776944b8-86b5-4a8f-b46a-18dc99901c0d,1970-01-01,0,Gaming,1737.78,ESP,FRA,0,1,0,1,0
sdv-id-FGkiXg,e208945f-04c6-4509-93e1-eeef84622ac5,1970-01-01,0,Retail,314.74,ESP,JPN,1,0,1,0,0
sdv-id-JevfTz,ce8437fc-38cd-4ced-ba7b-c404650c5ea2,1970-01-01,2,Gaming,312.72,ESP,FRA,1,1,0,0,1
sdv-id-DnLzAO,86879aa9-14f5-43d0-8991-2032df85c777,1970-01-01,0,Retail,415.17,ESP,ITA,1,1,0,1,0
sdv-id-ddqblM,098aef72-85d3-43ee-9d08-854592c6bb94,1970-01-01,0,Retail,1247.71,ESP,FRA,1,1,0,0,1
sdv-id-jIbwxR,b3bcc2da-bec6-4834-8982-211e54292824,1970-01-01,0,Food,1769.6,ESP,VNM,1,1,1,0,1
sdv-id-FMMRHG,275759a0-7451-4c96-9c2b-4ca9be2f7685,1970-01-01,0,Tech,873.6,ESP,VNM,1,1,0,1,0
sdv-id-YsSuYz,b526b22d-3f6c-41f7-8a05-37f02c2cd22b,1970-01-01,0,Gaming,675.43,ESP,UKR,0,1,1,0,1
sdv-id-ULoIHQ,9d88e7a4-f763-41e6-9f9f-9701b819544a,1970-01-01,0,Tech,596.48,ESP,IND,0,1,1,1,0
sdv-id-nDptWf,2a9527f6-f817-4ebf-ab6e-64c5bb8aa843,1970-01-01,1,Gaming,1846.23,ESP,IND,0,1,1,1,1
sdv-id-TvyNch,a3027b21-02c1-4269-93d5-09afc2b5ac1b,1970-01-01,0,Travel,1341.94,ESP,UKR,0,1,0,1,1
sdv-id-sqJIum,9239b3a0-65d5-4310-84eb-b4a9a4e565b7,1970-01-01,0,Travel,721.24,ESP,PRT,0,1,0,1,1
sdv-id-GdPmQz,aaaa077f-4ab9-46a2-89a9-2af3a0ca0f8e,1970-01-01,3,Food,1671.76,ESP,BGD,1,0,1,0,1
sdv-id-zKuQBC,0be08870-ad40-4867-96c4-222e6bf82001,1970-01-01,0,Tech,773.03,ESP,CHN,0,1,1,0,1
sdv-id-FRZapy,0234eddf-0fbd-4e7f-9a40-013bc7bd5595,1970-01-01,0,Tech,646.95,ESP,VNM,1,0,1,0,0
sdv-id-FFUcHx,d7d80594-9d98-47bc-a018-0791eeb093fe,1970-01-01,0,Tech,308.22,ESP,JPN,0,0,0,1,0
sdv-id-gizdxW,0244e4d7-5ac2-4176-a6ed-ef302fa80808,1970-01-01,0,Gaming,1980.22,ESP,FRA,1,0,1,0,0
sdv-id-Whtitn,372bb847-c712-423d-9595-212570db85f9,1970-01-01,0,Gaming,417.14,ESP,PRT,1,1,0,0,0
sdv-id-wlGtxI,caa78357-c0ea-4a67-946e-8ec2d3422e50,1970-01-01,2,Tech,2334.64,ESP,ITA,1,1,1,1,0
sdv-id-jnqeaj,bd76bb2f-f189-4bad-aad8-8bca53cf14e1,1970-01-01,1,Tech,78.58,ESP,NGA,0,0,0,0,1
sdv-id-nwaxtK,9bdc44e5-311e-4154-8126-90a1c84db23a,1970-01-01,1,Food,2424.63,ESP,PRT,0,1,1,1,0
sdv-id-IhlPxK,832f52c4-8e03-40cf-8e96-922772e76b51,1970-01-01,0,Food,948.97,ESP,ARE,1,0,0,1,1
sdv-id-ZMfhYs,4fbdb622-46c9-4e33-8c90-6c013b44dabc,1970-01-01,0,Tech,2429.33,ESP,ESP,0,0,0,1,1
sdv-id-YlkWfp,6b2d9ccc-6279-403c-a1a2-cfe7810d5c57,1970-01-01,0,Retail,1103.96,ESP,PRT,0,0,1,1,0
sdv-id-WmWhox,21da5db1-5ef3-41c2-abd7-d3f1650ad9aa,1970-01-01,0,Gaming,1353.77,ESP,CHN,1,1,1,0,1
sdv-id-zbCkJR,cbdc4318-4d85-43d2-a1a2-748571348c2a,1970-01-01,3,Travel,958.49,ESP,BGD,1,1,1,1,0
sdv-id-ceTEWA,2f542dc6-9a24-4eb8-a295-b0414bfaf1db,1970-01-01,0,Retail,403.24,ESP,ARE,1,1,1,1,0
sdv-id-gMpRVB,2ddcc829-0d24-421d-97a3-5108d7b3c866,1970-01-01,0,Retail,1144.26,ESP,CHN,0,0,0,1,1
sdv-id-Atusck,209ebc46-44b6-4c9e-8904-59d78c69e2e8,1970-01-01,2,Travel,168.26,ESP,DEU,0,0,0,0,0
sdv-id-DjzKIW,5200044b-3148-4df8-a6ca-8d50e5f5c891,1970-01-01,0,Gaming,2221.98,ESP,UKR,0,0,0,1,1
sdv-id-lMMDqi,e5dc6ce5-5fbb-4fd7-9a58-abba91303877,1970-01-01,4,Food,846.48,ESP,VNM,0,1,1,1,1
sdv-id-HEKXeR,05e71b68-0cf8-42b3-8a66-c2113eb4a3ee,1970-01-01,4,Tech,1861.35,ESP,RUS,0,1,1,1,1
sdv-id-cqkzxn,ac783741-696b-4093-8fb3-61e9cf33671c,1970-01-01,3,Travel,454.34,ESP,BGD,1,1,0,0,1
sdv-id-vxLElc,fe2b7fe8-3460-40ec-b41b-36b58b0b0789,1970-01-01,0,Travel,2194.48,ESP,ITA,0,1,1,0,1
sdv-id-AqYlSm,6fd8440a-5283-489c-831f-37eb2c981221,1970-01-01,0,Food,501.5,ESP,VNM,1,1,0,0,1
sdv-id-teeROQ,a9d500dd-2140-4672-a3b9-7f36c0793f64,1970-01-01,0,Food,2367.0,ESP,BGD,1,1,1,0,1
sdv-id-GZtNGV,371132b7-81ea-41da-8496-a8834a7a677b,1970-01-01,0,Travel,2365.6,ESP,VNM,0,1,1,0,1
sdv-id-XIAqec,16e5b746-245c-42cb-b17d-8b73e0a1ff32,1970-01-01,0,Retail,2059.36,ESP,RUS,0,0,1,1,0
sdv-id-bSQLtl,253741e4-0966-4d08-9959-5d27a73d2746,1970-01-01,2,Tech,911.68,ESP,ITA,1,1,0,0,1
sdv-id-RmivPH,70e7e756-04d9-445e-b0d7-3df71c221cea,1970-01-01,0,Food,2397.13,ESP,ITA,1,1,0,0,1
sdv-id-KqBMkf,20d705c7-e9e2-4867-a68a-4d9bc771f56c,1970-01-01,0,Tech,55.08,ESP,VNM,0,1,0,1,1
sdv-id-GVfoIm,210f2a8a-1c59-4736-bd56-1b27283379b8,1970-01-01,0,Food,1707.31,ESP,RUS,1,1,1,0,1
sdv-id-SFrsUG,d0e34b2b-1ca6-4c33-b0d8-67cd038d5f5a,1970-01-01,0,Tech,938.04,ESP,NGA,1,0,0,0,0
sdv-id-YuwQjx,babc7d4b-2a76-4b82-8be9-eea0fe250f62,1970-01-01,0,Retail,1911.13,ESP,USA,0,1,1,1,1
sdv-id-vLnaZY,ce972144-4d17-494c-9288-cbf5a6bd63a4,1970-01-01,1,Retail,954.47,ESP,BGD,0,1,0,1,1
sdv-id-gYRAsJ,b12067d8-1c6b-4e50-980c-d898aaf76d3b,1970-01-01,0,Retail,1879.11,ESP,BGD,1,0,1,0,0
sdv-id-ZjaLAj,c5e3be15-f1dc-4270-8780-2d60968c77f1,1970-01-01,0,Travel,1668.57,ESP,PRT,0,0,1,0,1
sdv-id-xqMhZl,cbfae8d6-b4ed-4d1d-82f1-287bbf2dcfcb,1970-01-01,0,Gaming,1815.28,ESP,GBR,1,1,0,1,1
sdv-id-rMxPrK,9a663d0a-333c-42bf-93ce-8fb6187c3bb0,1970-01-01,0,Tech,1848.57,ESP,IND,0,1,1,0,1
sdv-id-sJubRA,c971d849-e3fb-4c48-9cf1-16dcc4b03ad1,1970-01-01,1,Gaming,272.17,ESP,IND,0,1,0,1,0
sdv-id-xsatKB,9a663d0a-333c-42bf-93ce-8fb6187c3bb0,1970-01-01,0,Food,2404.31,ESP,CHN,1,1,0,0,1
sdv-id-DYINmR,956269f0-e5d7-4875-adad-d6c795a76d79,1970-01-01,0,Travel,883.03,ESP,VNM,0,1,0,0,1
sdv-id-JZNqDU,06339f7f-8ec4-4aab-aefb-4b37a50ee5e7,1970-01-01,1,Travel,423.16,ESP,VNM,1,0,0,0,1
sdv-id-eWenyM,d9d09e8b-8576-4c2a-95c7-dc6ee5326380,1970-01-01,1,Tech,1521.65,ESP,RUS,0,0,1,1,1
sdv-id-ZZKNbS,cfd86194-9f24-44ca-bf5c-381594516729,1970-01-01,0,Tech,2014.83,ESP,JPN,1,1,0,1,1
sdv-id-dtZpml,47691dcb-d0c9-4fc1-913f-24955ebc23bf,1970-01-01,0,Food,1517.79,ESP,ARE,0,0,1,1,1
sdv-id-MIipkq,b4c313eb-7e22-4d5c-a362-53032ae72b5d,1970-01-01,0,Gaming,2142.54,ESP,NGA,0,0,0,1,0
sdv-id-hNvTzP,1e054c8a-2860-4c20-8111-43a50a00ab04,1970-01-01,0,Retail,2350.29,ESP,ITA,0,1,1,0,0
sdv-id-pDPUzJ,42f8bae4-0145-43df-bd0e-be4e877f867c,1970-01-01,1,Travel,707.6,ESP,CHN,0,1,0,0,0
sdv-id-kXbySZ,c986b12d-75ae-4fb5-bff9-bf1d72354181,1970-01-01,4,Tech,1651.03,ESP,USA,1,0,0,1,1
sdv-id-PEIXns,22a112b5-3a88-4cec-bab8-cd39d6b3e81a,1970-01-01,0,Retail,2162.2,ESP,BGD,1,0,0,1,0
sdv-id-eUaxfU,ca125168-09bd-4d25-95c7-d0c264051dd8,1970-01-01,0,Gaming,1917.27,ESP,USA,0,1,1,0,1
sdv-id-HiZoiU,d3d17709-a54c-4489-8fdb-a768e9390c7f,1970-01-01,0,Tech,1237.77,ESP,CHN,1,1,1,1,0
sdv-id-SkAMxJ,0ae53849-f804-4b4d-be0d-f0987ba3c934,1970-01-01,0,Food,791.13,ESP,DEU,0,1,1,0,0
sdv-id-TuTOHL,d8c024a9-a99e-4f9b-b68e-af5851ddaa9d,1970-01-01,0,Food,430.65,ESP,RUS,1,1,1,0,0
sdv-id-HqSFyL,f3377b9e-e605-47ef-be74-47a2a672d32f,1970-01-01,1,Tech,659.38,ESP,JPN,0,0,1,0,1
sdv-id-JEKPMO,2f2a2499-2da2-49cb-84a3-68646ceb9d92,1970-01-01,0,Travel,2258.76,ESP,JPN,1,1,0,1,0
sdv-id-HlFQkt,c4e3f862-41a5-42f0-bb3c-8d94b2894d6f,1970-01-01,3,Retail,2419.37,ESP,BRA,0,1,0,0,1
sdv-id-DkgfWe,19ecb4a0-c8e8-4531-a9b7-aabc06b0bb2f,1970-01-01,5,Retail,1141.82,ESP,RUS,0,1,0,0,1
sdv-id-mzycGe,5f84e3c5-6daa-4c7e-b575-76022d02223f,1970-01-01,1,Retail,2211.23,ESP,IND,1,1,1,1,1
sdv-id-SezSpC,5b0a31ea-9dc6-4783-b222-534db3099e0d,1970-01-01,1,Tech,2271.79,ESP,IND,1,0,1,0,1
sdv-id-AOSFKM,da2a4996-aaef-4529-81aa-db8000401b20,1970-01-01,0,Retail,2354.72,ESP,NGA,1,0,1,0,1
sdv-id-FKgqYp,793c04f7-663a-4809-bb1f-db986f5a181a,1970-01-01,0,Tech,1833.16,ESP,ITA,1,1,0,0,1
sdv-id-Uqzeig,f2cffcae-f833-4bfb-a296-e3f171e15b9f,1970-01-01,0,Tech,1647.72,ESP,ESP,0,1,0,0,1
sdv-id-xrfXuP,a5ca5367-b598-455f-b9d2-3cfd692981b1,1970-01-01,3,Tech,1253.07,ESP,UKR,1,1,1,1,0
sdv-id-WhQouJ,e1eeb1f1-33b1-40dc-a552-d0a8b66f3507,1970-01-01,0,Tech,167.38,ESP,IND,0,1,1,1,0
sdv-id-HEJAHR,310e8aed-07dc-4a0c-ab72-d6947d41cba8,1970-01-01,2,Gaming,1758.02,ESP,FRA,1,0,1,1,0
sdv-id-EVxhsd,7b1137b3-bb84-417e-b17b-b80020d6697c,1970-01-01,4,Travel,920.88,ESP,UKR,0,0,0,0,0
sdv-id-zAGfmh,0ab2e2ca-73a5-4d2e-8e1e-7525e957967a,1970-01-01,1,Gaming,780.67,ESP,ITA,0,1,1,1,0
sdv-id-FgtYoz,1ba362e7-afa4-45e5-ad20-449666d06371,1970-01-01,0,Food,731.45,ESP,BGD,1,0,0,1,0
sdv-id-Mnfhbu,635d8150-d8dc-43a5-b09a-8327891d47fe,1970-01-01,0,Food,655.11,ESP,BGD,0,0,1,1,0
sdv-id-fkAAlx,e6267164-d361-4b3a-bcff-ae922c435667,1970-01-01,0,Travel,2197.58,ESP,GBR,0,0,1,1,0
sdv-id-Ijsngg,9489133c-cf40-4e1a-b189-918931107d36,1970-01-01,0,Travel,69.35,ESP,ARE,0,1,0,1,0
sdv-id-aJnrpI,82330e6e-b89c-46e9-9d39-b50542696d14,1970-01-01,0,Retail,2003.13,ESP,ESP,1,0,0,1,0
sdv-id-IdUArr,07a7611d-e20d-4100-84f2-a0dbb20c651e,1970-01-01,0,Travel,1931.54,ESP,JPN,0,1,1,1,0
sdv-id-mXGksC,dff0b9bf-8db3-42c1-82da-bd76f3102525,1970-01-01,0,Travel,2013.25,ESP,UKR,1,0,1,0,1
sdv-id-xXpXME,0e8fa8e0-284d-42e5-87f7-e1fbda4bd9ca,1970-01-01,0,Gaming,148.83,ESP,DEU,0,1,1,0,1
sdv-id-fXOvsi,62f32fae-a63f-4f12-a226-a768de0e9c53,1970-01-01,0,Food,249.67,ESP,BGD,1,0,0,1,1
sdv-id-FAlaie,ac9204b4-0306-4258-8227-b8d5b0701a53,1970-01-01,0,Food,326.79,ESP,BRA,0,0,0,0,0
sdv-id-kMNRJW,8534bd76-8642-4a80-a8c1-2f2278ea904d,1970-01-01,0,Gaming,2193.41,ESP,CHN,0,0,1,0,1
sdv-id-wLDVTB,37c20000-f4d7-48cd-a3c7-8964b776cbf6,1970-01-01,0,Travel,2169.87,ESP,RUS,0,0,0,0,1
sdv-id-HXyllB,a2ef1e21-7fb3-4568-9594-eea843816e47,1970-01-01,0,Gaming,1012.17,ESP,FRA,1,1,0,1,1
sdv-id-fhoASx,be7a38c6-bc8e-4e55-9b97-151da89e4fa6,1970-01-01,0,Travel,630.15,ESP,JPN,0,1,1,1,0
sdv-id-Hsyuex,253741e4-0966-4d08-9959-5d27a73d2746,1970-01-01,2,Gaming,1628.88,ESP,CHN,0,0,0,0,1
sdv-id-YwOLiy,fdb94388-6d0f-4812-93ad-147a7fe5339c,1970-01-01,0,Tech,641.15,ESP,DEU,1,0,0,0,1
sdv-id-tKjkcc,2d6c18d0-74c0-4ea3-b7a6-3ca5b08c147d,1970-01-01,5,Retail,998.15,ESP,CHN,0,0,0,1,0
sdv-id-PayiTN,113038f5-1d5d-4f65-b361-1134b01200ab,1970-01-01,0,Food,954.19,ESP,BGD,0,0,0,1,1
sdv-id-XCPLDo,03edd1f8-74f9-4d17-a912-b4bf86a4bae4,1970-01-01,0,Gaming,1339.62,ESP,UKR,0,0,1,0,0
sdv-id-JGwgCg,dd0885b1-7529-42f6-a415-8988281a7dd1,1970-01-01,0,Gaming,8.63,ESP,NGA,1,1,0,0,0
sdv-id-ARFahI,5d34a219-1299-4cb3-9d47-0a35c8163c27,1970-01-01,3,Food,461.49,ESP,GBR,0,0,0,1,0
sdv-id-EGSYOo,91e89b6d-b783-44cb-9fd0-b3e05a2ee6fa,1970-01-01,0,Travel,1149.68,ESP,PRT,1,1,0,0,0
sdv-id-psYnVP,11269f9e-03c0-4a01-8e98-6e40723182d4,1970-01-01,2,Tech,844.44,ESP,VNM,0,1,0,1,1
sdv-id-bhPRIn,3b53f64b-7cd6-4da4-82ef-da8b38048786,1970-01-01,1,Retail,1110.62,ESP,RUS,0,1,0,1,0
sdv-id-CNneTg,c8d0f9e5-9919-45ea-98d0-0c2c17d30f32,1970-01-01,3,Gaming,1601.03,ESP,UKR,0,0,1,1,1
sdv-id-tGvRcH,df40fe04-54cd-47b4-967f-017d9aa03078,1970-01-01,0,Gaming,1186.52,ESP,UKR,0,0,1,1,0
sdv-id-OStgzs,78f8ebed-05cb-4465-9e8f-ada4b4c77a96,1970-01-01,0,Travel,1574.14,ESP,FRA,0,1,0,1,1
sdv-id-KtwgJu,3a8c8ed5-a06a-468a-9cac-3d21a5a8c8af,1970-01-01,0,Food,2047.4,ESP,CHN,0,1,1,0,0
sdv-id-rxAiQC,8b75190c-4f26-4e21-8e61-2e346548dfc8,1970-01-01,0,Gaming,59.04,ESP,ITA,1,1,0,1,1
sdv-id-dfamWx,18e9ef77-64ce-4589-8c4a-62badb335860,1970-01-01,1,Retail,100.16,ESP,NGA,0,1,1,1,0
sdv-id-LHTPnG,0a398bf7-27a1-48a0-afff-a2f4b5ae329d,1970-01-01,4,Food,2095.35,ESP,RUS,1,1,1,0,1
sdv-id-whLDid,fce12a25-0804-4cea-9175-fc6351f7c017,1970-01-01,0,Tech,910.8,ESP,NGA,1,0,1,1,0
sdv-id-aDVtha,7a37f3d6-77eb-4d89-b142-de87d109ffe5,1970-01-01,1,Tech,1604.65,ESP,CHN,1,0,0,1,0
sdv-id-PJarWl,a984af6c-6822-42cd-8e10-d0458c2506c4,1970-01-01,1,Retail,1553.76,ESP,VNM,1,0,1,1,0
sdv-id-DCKxOP,776944b8-86b5-4a8f-b46a-18dc99901c0d,1970-01-01,0,Tech,2398.19,ESP,BGD,0,0,1,0,1
sdv-id-oyOOBT,90ce77e9-7513-43b9-87de-96ea2b0fbe44,1970-01-01,0,Tech,799.78,ESP,NGA,1,0,0,0,0
sdv-id-fRvQwP,f3abbd8b-b2f2-4eb7-95ff-01293b0b4957,1970-01-01,0,Tech,2360.41,ESP,USA,0,0,0,1,0
sdv-id-JebFIy,75176bfa-d298-445c-a9fc-d3e26ea45e17,1970-01-01,0,Retail,305.28,ESP,RUS,0,1,0,1,0
sdv-id-yiEgvU,356d9896-2f50-40fb-a958-c74502bb657d,1970-01-01,0,Travel,2497.3,ESP,DEU,0,1,1,1,0
sdv-id-cKypWw,7acf41f0-902f-4243-b3ef-baa905c66c4d,1970-01-01,1,Retail,393.38,ESP,ARE,0,1,0,0,0
sdv-id-ezaxbz,2e7cdb3f-4404-47f9-9e60-ba33fcbfa2ca,1970-01-01,1,Food,2486.66,ESP,ARE,1,0,0,0,1
sdv-id-NjNVtY,4413377b-38d5-4946-8756-9b9bca127556,1970-01-01,0,Food,862.32,ESP,JPN,1,0,1,0,1
sdv-id-lfDLoH,42999aa4-0cdf-442b-ae85-cb217631de9d,1970-01-01,0,Tech,1468.82,ESP,BGD,0,0,1,0,1
sdv-id-pnWpdo,db558642-3054-466b-ad8e-e559daf93e99,1970-01-01,0,Retail,834.29,ESP,VNM,0,0,0,1,0
sdv-id-IivVyV,c9e116b9-7e2a-40da-95a6-b3ef1d3042ee,1970-01-01,0,Travel,1281.09,ESP,BGD,0,1,1,1,0
sdv-id-wInqWv,58eba462-1976-439a-907a-61a99d8feee1,1970-01-01,0,Food,1275.1,ESP,ITA,1,1,1,0,1
sdv-id-eqJGCf,3429ce3b-8931-4697-a4ab-a2a0b1cbc263,1970-01-01,1,Food,1736.57,ESP,JPN,1,1,0,0,0
sdv-id-cAvmtO,a9e7bb4f-a0b8-4ebf-b82b-2b9310404bf3,1970-01-01,4,Retail,686.47,ESP,BGD,0,1,1,1,1
sdv-id-PGPEoV,002b6e26-bc8f-471a-a511-2379936f017a,1970-01-01,0,Travel,455.28,ESP,IND,1,0,1,1,0
sdv-id-YnzPqA,a43e558c-2215-4f00-9fdf-0e05c0cef31b,1970-01-01,5,Food,789.14,ESP,ARE,1,0,0,1,1
sdv-id-KfRJXL,df69a560-9baa-4785-b8f2-17f0b8314c26,1970-01-01,1,Food,1943.73,ESP,ITA,1,0,1,0,1
sdv-id-JjWWuL,14cb0564-0743-4c3b-9d20-c3bfd342af08,1970-01-01,0,Gaming,1067.54,ESP,DEU,0,1,0,0,1
sdv-id-ETXOct,3a20bb07-297c-4bb1-ae60-60c3fed6b3b6,1970-01-01,5,Retail,1979.62,ESP,PRT,0,1,1,1,0
sdv-id-WJFQbN,bd017e57-ea28-4bde-ba2e-cb547263e1e0,1970-01-01,1,Food,2277.73,ESP,DEU,0,0,1,0,1
sdv-id-eDCKkA,d0e915d4-d503-42a8-a47f-9c7e07ec2d32,1970-01-01,0,Food,2079.36,ESP,UKR,1,1,1,0,1
sdv-id-BcZNui,87c97761-f6bd-4f6e-93a7-9138b2093314,1970-01-01,0,Gaming,1170.29,ESP,ITA,1,0,1,1,1
sdv-id-hdcBaO,5a744822-fd07-4913-a657-abb6b81f2807,1970-01-01,0,Retail,1583.73,ESP,RUS,0,1,1,0,1
sdv-id-RNdaVm,e877a70d-692f-476c-9a20-4dcc4ae8e236,1970-01-01,0,Travel,1716.06,ESP,ESP,0,0,0,1,0
sdv-id-DjqcCN,14fc3a5d-9b4b-4377-a542-deb92cff45f8,1970-01-01,0,Gaming,72.15,ESP,DEU,0,0,0,1,0
sdv-id-hqOBVA,40c8c7a3-82e8-47ae-b545-dfb308a47ee1,1970-01-01,5,Food,358.95,ESP,DEU,1,1,1,1,0
sdv-id-DpBrHi,9a7f8712-c216-4949-bc5e-260aeaf2b5ee,1970-01-01,0,Food,1543.03,ESP,ITA,1,0,1,1,0
sdv-id-XGKKzv,250801c0-8d2a-4e18-a51d-7a23d5b483b6,1970-01-01,0,Gaming,2459.88,ESP,VNM,0,0,1,1,1
sdv-id-fZOVnX,fdecc58d-73fe-41a3-bed0-24cbb6f37bd4,1970-01-01,0,Food,49.07,ESP,ARE,1,0,0,1,0
sdv-id-QewtVA,3a314e67-b598-4577-8e58-3dde807ab658,1970-01-01,0,Retail,2405.93,ESP,ITA,0,1,1,0,0
sdv-id-WKFYDG,9860f848-a74b-4973-b949-54dbfb2cef68,1970-01-01,0,Travel,273.54,ESP,ESP,0,0,0,0,0
sdv-id-tpaPLx,5e5ba13d-746c-4b77-9fa3-82e8895ccd99,1970-01-01,0,Travel,797.3,ESP,PRT,1,1,1,0,0
sdv-id-yuWEha,08cd3d26-6d60-4651-818e-dbdfb4c0b8de,1970-01-01,1,Retail,960.34,ESP,GBR,0,1,0,1,1
sdv-id-osmHtH,99f6a893-2900-43a7-aac0-4858b4d7d748,1970-01-01,0,Retail,2195.46,ESP,GBR,1,1,1,1,0
sdv-id-wWRunl,dd0885b1-7529-42f6-a415-8988281a7dd1,1970-01-01,0,Travel,520.84,ESP,JPN,1,0,1,0,1
sdv-id-fZvgFS,2a38746e-528f-4346-9569-064107c4d918,1970-01-01,0,Tech,379.0,ESP,BGD,0,0,0,0,0
sdv-id-upyYbo,ba2c43ec-43f8-4fcf-8997-0b27dbdcfb3d,1970-01-01,1,Travel,763.12,ESP,BRA,1,0,1,0,0
sdv-id-dCTMSF,d976b2ba-cc27-4386-8bf9-25b5641816b7,1970-01-01,0,Travel,400.7,ESP,ESP,1,0,1,1,0
sdv-id-WTvckt,4d57d880-d865-469a-b4f3-310340066ff2,1970-01-01,0,Food,1645.32,ESP,UKR,1,0,0,1,0
sdv-id-fowEsA,1c453357-e829-4a67-96c8-e3d7abf0263e,1970-01-01,0,Retail,1681.22,ESP,PRT,0,1,1,0,1
sdv-id-rtXvdJ,f5b78cc7-e6b3-4944-8b32-3e357922bac2,1970-01-01,0,Tech,1752.05,ESP,USA,1,1,1,0,0
sdv-id-hFsMWh,56ab087a-8bc7-4e81-9a30-45280b599562,1970-01-01,4,Tech,764.76,ESP,RUS,0,0,1,0,1
sdv-id-uPTYQB,ff69af1c-020a-48a8-b7a3-79871a8645c4,1970-01-01,0,Retail,974.2,ESP,RUS,0,1,1,0,0
sdv-id-qYQFfH,973a1f21-3ecb-4673-b58d-66161336b1b5,1970-01-01,0,Food,1893.0,ESP,GBR,1,0,1,0,0
sdv-id-MOxbTX,ff49a81c-d42a-4238-a84b-2e1d73fb6c56,1970-01-01,0,Travel,468.78,ESP,CHN,1,0,0,0,1
sdv-id-tgSodq,cf18d1b9-b281-48f0-865e-b4e1fe801c84,1970-01-01,3,Travel,2124.88,ESP,BRA,1,1,1,0,1
sdv-id-admVNO,66b1f859-adb5-45e6-bb88-e4ef567f3096,1970-01-01,1,Travel,2343.07,ESP,BRA,0,1,0,0,1
sdv-id-ElEKgN,c2cffc0f-54a6-409a-a0fd-e1804d1af053,1970-01-01,0,Gaming,1601.74,ESP,BRA,1,0,0,0,0
sdv-id-JQROWV,bbeb914b-1156-46bb-b0e3-9ecb77ec1430,1970-01-01,4,Gaming,594.57,ESP,GBR,0,0,1,1,0
sdv-id-RRjMum,c544a049-6811-4a5c-8e3f-d50bf28c635f,1970-01-01,0,Tech,383.92,ESP,USA,0,1,0,0,1
sdv-id-cUrRti,b366ffd1-ae4d-4a19-a2c2-aa2466e9a80e,1970-01-01,1,Food,992.98,ESP,DEU,1,1,1,0,0
sdv-id-KCdIyi,b48b9a8c-7eb3-4efc-b4b3-4dcb8b2c65b5,1970-01-01,0,Gaming,5.22,ESP,JPN,1,1,1,1,0
sdv-id-DZucCT,8ccc9cea-109f-48ee-b5a4-720058f0dd23,1970-01-01,0,Gaming,523.6,ESP,GBR,1,0,1,0,1
sdv-id-mvIAQW,ba5916c5-9de6-4f2c-97bd-9ee6e63f6d3a,1970-01-01,0,Travel,212.88,ESP,USA,0,0,0,1,0
sdv-id-anPBha,753659ef-d873-4ad9-9a1b-af0e591196dc,1970-01-01,0,Tech,1525.66,ESP,CHN,0,1,0,0,1
sdv-id-XBUuBu,ce5e137f-8772-4818-a5e3-1112c35826a5,1970-01-01,4,Food,68.66,ESP,ARE,1,0,1,1,0
sdv-id-FwwPMI,e2c07b0f-bc37-4a1e-917e-b16a99222b37,1970-01-01,2,Retail,1424.81,ESP,NGA,0,1,1,0,0
sdv-id-VfCTgm,856b1c79-a4f1-4bc1-9353-db1c3d596f7b,1970-01-01,0,Gaming,2071.95,ESP,GBR,1,1,1,0,0
sdv-id-uzsUHp,7ed99a6b-6c37-46c2-8d08-367ef3d5f737,1970-01-01,1,Travel,2280.46,ESP,ARE,0,1,0,1,0
sdv-id-GMEnSr,ae22fa57-aae5-4054-ad3e-9fa290ba2411,1970-01-01,0,Retail,1541.17,ESP,VNM,0,0,1,1,0
sdv-id-IqzszB,4e1a443a-98c0-4fd6-ab26-40201a7585b5,1970-01-01,0,Retail,373.54,ESP,IND,1,1,0,1,0
sdv-id-EehSkO,c5d56016-51b3-4cf5-8843-3a3846d28109,1970-01-01,0,Food,1824.0,ESP,BRA,0,1,1,1,0
sdv-id-UHjwVZ,4a76a0ea-0b6b-4944-9e49-08c8290a42d2,1970-01-01,5,Food,1627.89,ESP,ITA,1,0,0,0,1
sdv-id-ffIeHJ,242c60e4-c39d-470c-99a3-af5a1457e890,1970-01-01,0,Travel,61.91,ESP,DEU,0,1,0,1,0
sdv-id-xklgDA,79b8023d-2a31-49ba-a4b1-7e4525807a2c,1970-01-01,2,Travel,636.04,ESP,PRT,1,0,1,0,0
sdv-id-xXaAIu,10431241-c02e-4c3d-b19c-6ba414762da4,1970-01-01,0,Food,458.54,ESP,CHN,1,0,1,1,0
sdv-id-tpJbny,6e6f8060-c1b0-4882-a1c5-8ede42717ada,1970-01-01,4,Gaming,2096.25,ESP,RUS,0,0,1,1,0
sdv-id-mUqWqp,05ec8e9f-a09f-4700-a4ce-1460ef5a9491,1970-01-01,1,Tech,193.72,ESP,UKR,0,0,1,1,0
sdv-id-sygZai,71b31c91-9806-4af9-a82f-bcce8e25ce3d,1970-01-01,3,Tech,2365.07,ESP,BRA,1,0,1,1,0
sdv-id-zoTsHC,3080bed6-bc3e-44af-b01f-b3eaa1fe9bc6,1970-01-01,0,Travel,1488.04,ESP,GBR,0,0,1,1,0
sdv-id-VxlqLf,2947fd26-274a-47a7-8b61-8d75aa964dfb,1970-01-01,1,Travel,510.71,ESP,ITA,0,0,1,1,1
sdv-id-BhHqMP,cd66d79d-d017-4108-97c9-5aaa21bd55eb,1970-01-01,0,Travel,2093.02,ESP,UKR,1,1,0,0,1
sdv-id-dOLdyr,5675c8f3-104c-4350-8e8b-76a2082f2fb9,1970-01-01,0,Gaming,2475.33,ESP,ITA,1,0,0,1,0
sdv-id-bqziOc,0b845de2-f74b-482f-ade9-2307a9ca27f7,1970-01-01,4,Food,2162.06,ESP,FRA,1,1,0,0,1
sdv-id-wgtJeZ,20775ce4-151f-42f9-bc19-3e6f496cc03a,1970-01-01,0,Gaming,1371.84,ESP,IND,1,0,0,0,1
sdv-id-jzeEZb,727716ec-59fe-4bbc-b1a3-fad2b0946d2a,1970-01-01,0,Food,855.38,ESP,ESP,0,1,0,0,1
sdv-id-NqEgLU,11087e17-0b16-465d-8f3f-329b55cc7625,1970-01-01,0,Travel,2481.89,ESP,BRA,1,1,1,0,1
sdv-id-LRfxRF,ef245e07-1583-47a4-ab00-fba9a5e02e86,1970-01-01,0,Travel,103.41,ESP,UKR,1,1,0,1,0
sdv-id-JCfidD,8fe069b6-eeda-4802-8568-f42689e03e22,1970-01-01,0,Travel,567.48,ESP,IND,1,0,0,0,0
sdv-id-abdDKa,c3c49506-1e8e-46ed-8748-03793ea7f419,1970-01-01,0,Gaming,145.65,ESP,FRA,1,1,0,1,0
sdv-id-tuVNXR,913132de-4ac9-4390-b7f6-840c621dd512,1970-01-01,0,Retail,1819.69,ESP,UKR,1,1,1,1,0
sdv-id-Uczuid,68c2094d-b8b8-48cf-be15-3187b783e1d5,1970-01-01,0,Gaming,2412.49,ESP,IND,0,0,0,0,1
sdv-id-wvtiIZ,1b35caa1-c146-4fee-8235-1b4f59b164ca,1970-01-01,1,Retail,45.33,ESP,GBR,1,0,1,1,0
sdv-id-wWZNrU,0219a9c7-ba23-407a-b03c-1286b71714cd,1970-01-01,0,Food,2257.75,ESP,UKR,0,0,1,1,0
sdv-id-iqgkmG,a21f56b2-0c65-4576-a5d7-7fc8252ac83c,1970-01-01,0,Gaming,1554.47,ESP,ESP,0,1,1,0,1
sdv-id-XLKMJu,00501cd8-8bff-45b3-8f6a-5979ab55db54,1970-01-01,0,Gaming,2438.73,ESP,VNM,1,0,1,0,1
sdv-id-PhOuAI,d3e7acd9-7b16-4453-b042-eb9e061285a7,1970-01-01,3,Retail,395.79,ESP,UKR,0,1,0,0,1
sdv-id-ROHWVV,9d755e6c-ab84-478c-96e1-1e55e6a4443c,1970-01-01,0,Tech,2494.78,ESP,USA,1,1,0,0,1
sdv-id-BiNOSH,2c910cd0-cb5e-4dab-9a45-b8cc117d3f63,1970-01-01,0,Travel,916.57,ESP,ARE,1,1,0,1,0
sdv-id-EBEDWS,2067bdac-88bd-43d1-b540-b30e039f3a25,1970-01-01,0,Tech,450.71,ESP,VNM,0,0,0,0,1
sdv-id-nBSCwY,1e5c5da8-d087-4dcb-be94-f1cb075cc8eb,1970-01-01,1,Gaming,1745.61,ESP,GBR,0,0,0,0,0
sdv-id-NKSLfU,4931b2d4-d3de-487c-860f-b2524df742ae,1970-01-01,2,Food,508.59,ESP,GBR,1,1,1,1,0
sdv-id-PVrZJG,c4f9eccd-7630-48a7-b0ca-fdd8fc043f08,1970-01-01,1,Travel,693.81,ESP,USA,0,1,1,1,1
sdv-id-cvbDOb,386bf5fc-9b52-4a4d-851e-4fe83a6570b5,1970-01-01,0,Food,2103.75,ESP,ITA,1,1,1,0,1
sdv-id-kILUYy,5d844714-9c12-46f0-9cd1-a96075d4a3be,1970-01-01,1,Travel,1977.28,ESP,UKR,1,0,0,1,0
sdv-id-hguVxc,31490475-e5b2-4ed0-90a0-cd0fb4e91064,1970-01-01,4,Retail,336.7,ESP,BGD,0,0,0,0,0
sdv-id-EoLqHQ,725aa10d-63fe-457c-a5d4-ec1951fc4c23,1970-01-01,1,Retail,2071.02,ESP,BRA,1,1,0,0,1
sdv-id-sJQDFw,0fe66ed6-5980-49bb-b87e-970efd969b8d,1970-01-01,0,Tech,1146.59,ESP,IND,1,1,0,1,1
sdv-id-yoFYeE,0cdddf92-3711-4879-a1a8-d644b002c52e,1970-01-01,0,Food,306.98,ESP,VNM,1,0,0,0,1
sdv-id-GrdApX,64ab851b-f1fa-46e7-970d-750705eee1d4,1970-01-01,0,Tech,1636.82,ESP,CHN,0,1,0,0,1
sdv-id-pBflRq,6e84e832-3c38-43f0-87fb-b920dd9d2e4d,1970-01-01,0,Food,2108.61,ESP,ESP,1,1,1,0,1
sdv-id-NcPHAp,1755028b-8b5e-4d91-a8a1-3331404482f9,1970-01-01,0,Gaming,1619.9,ESP,ESP,0,0,0,0,1
sdv-id-JcbEMh,6b766741-cd26-422b-9631-15d046f860a9,1970-01-01,0,Travel,373.46,ESP,ESP,0,0,1,0,1
sdv-id-sOWFXE,e797f3ae-0cca-4c05-a1f6-19ed2c1882c9,1970-01-01,0,Food,1819.98,ESP,FRA,1,0,1,0,0
sdv-id-mGcxwO,c75ff368-5f7d-4bb1-880a-fe9f84a6d693,1970-01-01,1,Food,1504.75,ESP,IND,0,0,0,0,0
sdv-id-VOvVyD,e91e314e-0c8e-49e3-b93e-08d5bea29dfe,1970-01-01,0,Gaming,1646.5,ESP,VNM,0,1,1,1,0
sdv-id-UPMyaU,6aa22571-4b0d-4716-85cf-079ea0952c4d,1970-01-01,5,Tech,1559.92,ESP,VNM,0,1,0,1,0
sdv-id-FthCFX,c4bbb7a9-d988-48dd-9c7c-737779a28903,1970-01-01,0,Tech,359.55,ESP,UKR,0,0,1,0,1
sdv-id-cnZaqo,0413d049-52a0-428b-ab25-a58af5953b2e,1970-01-01,0,Tech,598.43,ESP,VNM,1,1,1,1,0
sdv-id-kkUuWW,3313f36c-8de5-4a88-aa93-716a22bca104,1970-01-01,4,Gaming,581.11,ESP,BRA,1,1,1,1,0
sdv-id-puLnCT,b9a693ef-3571-4561-bd12-c52be64f17e3,1970-01-01,0,Retail,1346.88,ESP,NGA,0,0,1,0,1
sdv-id-mQcfFk,25f934bf-9bb9-4155-9275-eb9414aeaf5c,1970-01-01,2,Retail,2488.94,ESP,VNM,1,1,1,0,1
sdv-id-XGFJOF,8e978ce1-1864-4b6a-92b3-c5eb41980029,1970-01-01,0,Travel,867.85,ESP,ITA,1,0,0,1,0
sdv-id-JrGQgt,ed8707d5-da36-42b6-bf06-14bbb85a74cd,1970-01-01,0,Food,1169.6,ESP,ITA,1,0,0,0,0
sdv-id-INqAlR,d891b0a4-b4d4-413a-b0d1-8e9ee4353335,1970-01-01,0,Food,1854.76,ESP,GBR,0,1,0,1,0
sdv-id-XfgEJs,7b2413e8-005f-4765-975f-310891653dbc,1970-01-01,2,Food,1027.21,ESP,BRA,1,0,1,1,1
sdv-id-PHQULl,2477536f-534f-489b-885e-9e90f12ff03e,1970-01-01,0,Gaming,892.98,ESP,UKR,0,1,1,1,1
sdv-id-HsOjHS,7e8eed12-a3ea-41a2-acde-9187d1fa82a6,1970-01-01,0,Food,493.6,ESP,NGA,1,1,0,0,1
sdv-id-IUIDvT,55b2f82a-3469-40de-a442-c26ca27589cd,1970-01-01,0,Food,165.69,ESP,BRA,0,1,1,1,0
sdv-id-Ewjsjc,75f321cb-c59d-44aa-b5ed-7ce82ddf2675,1970-01-01,0,Travel,767.6,ESP,DEU,0,0,1,0,0
sdv-id-xBWrdq,3f39562d-6b06-492f-b62a-794159dcbe0f,1970-01-01,1,Tech,529.32,ESP,ITA,0,1,0,0,1
sdv-id-yHWhKm,e9ea8b10-3bd6-4a06-a22f-c33168518341,1970-01-01,0,Tech,703.31,ESP,GBR,1,1,0,1,0
sdv-id-XgmQlV,99a8d904-6160-4bd6-bcff-e03f3edb4050,1970-01-01,1,Retail,1341.44,ESP,BGD,0,1,1,1,1
sdv-id-QqXNuL,bfc00dc8-04f6-4d86-b866-076514f7ce8d,1970-01-01,0,Tech,1687.5,ESP,CHN,0,1,1,1,0
sdv-id-SCKzPc,910171d2-1138-478b-85fb-3e8a563b04fa,1970-01-01,3,Travel,1734.81,ESP,RUS,0,0,0,0,1
sdv-id-siVUDc,ea98fef8-d0d7-4e37-bbf2-025f4a0d2b73,1970-01-01,4,Food,1458.39,ESP,GBR,0,0,0,0,1
sdv-id-YgfrWp,b3b5ab5c-9fb8-44b8-81e3-91497f309761,1970-01-01,0,Food,507.86,ESP,GBR,0,1,0,1,0
sdv-id-tWvlTN,98182703-fc80-4953-b2fb-122f7e34be79,1970-01-01,0,Food,1533.83,ESP,USA,1,1,0,0,0
sdv-id-iNSjKH,aebfaef7-c940-438d-b673-99cd7aa38b4e,1970-01-01,1,Gaming,2405.84,ESP,DEU,1,1,1,0,1
sdv-id-SMlorG,cdebdd3c-528e-4ae8-a03d-1b30adcde95f,1970-01-01,0,Travel,2321.18,ESP,GBR,0,1,1,1,1
sdv-id-KGrktN,205f9619-df73-421d-87b2-e24dcbad3916,1970-01-01,1,Gaming,2476.68,ESP,ESP,1,0,0,0,1
sdv-id-xraCVB,883d9b03-de04-4086-83a2-9acd4cb50736,1970-01-01,5,Food,1102.02,ESP,BGD,1,0,0,1,1
sdv-id-svugSH,e8a44238-5fe8-4710-bfec-5325edc72f12,1970-01-01,0,Retail,1727.2,ESP,RUS,1,1,0,0,0
sdv-id-zYMSfK,4a6d2157-9be4-40f8-a6ad-f94882053ed3,1970-01-01,0,Travel,325.14,ESP,PRT,0,1,0,0,1
sdv-id-UiEIDR,91312064-101e-47fb-8532-5a3e6759d978,1970-01-01,3,Retail,2079.27,ESP,USA,0,0,1,0,1
sdv-id-slCpoU,2c910cd0-cb5e-4dab-9a45-b8cc117d3f63,1970-01-01,0,Tech,1510.6,ESP,ESP,1,1,1,0,1
sdv-id-CTPyfV,aeb00fb9-26cb-4e99-a945-e93a4a454398,1970-01-01,4,Tech,826.51,ESP,ITA,1,0,1,1,1
sdv-id-hRNQKR,36b86a13-8d1b-4ecb-ad79-4edf0dd14338,1970-01-01,2,Retail,909.64,ESP,UKR,1,0,1,0,1
sdv-id-igMQWI,25074181-8d1f-4540-b4ef-f5453e652603,1970-01-01,0,Gaming,2268.78,ESP,UKR,0,1,1,1,0
sdv-id-Pkgmyw,78feec67-356c-4206-81e1-f8363cf61621,1970-01-01,2,Gaming,2193.02,ESP,FRA,0,1,0,0,1
sdv-id-tUwQOp,c3b8a22b-5d76-4bc4-83f5-4e71cadafd4a,1970-01-01,0,Retail,103.33,ESP,PRT,0,1,1,1,0
sdv-id-WwmgIq,5c42adcf-5acc-416d-999d-ed5edb84aa96,1970-01-01,0,Retail,2454.31,ESP,PRT,0,0,0,0,1
sdv-id-rYXqxU,178cb5a0-3b66-4afa-bcf8-b9130ed40264,1970-01-01,2,Food,1191.68,ESP,USA,0,0,0,1,0
sdv-id-XZDKmy,95a05959-5637-4ea5-a365-bcfd04d299f8,1970-01-01,0,Food,272.82,ESP,PRT,0,0,0,1,0
sdv-id-abXMvg,f7eefd84-b31c-4349-9799-2f42351b3e63,1970-01-01,0,Retail,1152.92,ESP,JPN,1,1,0,1,0
sdv-id-uhfPPL,55e7cbb3-da10-464f-823b-efcb6195b4ec,1970-01-01,4,Tech,1412.53,ESP,DEU,0,1,1,0,1
sdv-id-gZRXQH,4a02d7c1-9859-4f42-974a-2447ab73860c,1970-01-01,0,Gaming,273.5,ESP,USA,0,0,1,1,0
sdv-id-Pwfqrm,a9f7c6d1-c647-4ae2-8490-9370e430fb91,1970-01-01,0,Retail,2164.86,ESP,PRT,0,0,0,1,1
sdv-id-qgMgDj,e5922f7a-d525-4a88-833b-88b0b677fcbe,1970-01-01,1,Tech,693.71,ESP,ESP,1,1,0,1,0
sdv-id-LroNnr,2638d8be-f838-43a2-90f3-56765a853cd8,1970-01-01,1,Retail,320.87,ESP,IND,1,0,0,1,0
sdv-id-jjbTbC,0118d2a5-43ef-4542-a512-6fe3410f71df,1970-01-01,0,Food,354.86,ESP,ITA,1,0,1,1,0
sdv-id-hLBmeV,5f5e9c52-ef15-427d-aa21-ee30fcd77150,1970-01-01,0,Retail,1407.56,ESP,GBR,0,0,1,0,1
sdv-id-vCAquk,07a7611d-e20d-4100-84f2-a0dbb20c651e,1970-01-01,0,Gaming,1716.39,ESP,ESP,1,1,0,0,0
sdv-id-piIltc,3734a78d-e268-4c9f-bb48-2d28b7ed2c13,1970-01-01,1,Gaming,1441.89,ESP,BRA,1,1,0,1,0
sdv-id-FVoFli,0db4a7fa-18e4-4d85-a8d4-2725f611c0ec,1970-01-01,0,Travel,2349.07,ESP,IND,0,1,0,1,0
sdv-id-Bgcrla,0a23b722-c2af-4a28-8976-ec61a4c31af7,1970-01-01,5,Tech,192.08,ESP,ITA,1,1,1,0,1
sdv-id-vOTbSu,83f38f4e-faf3-4aec-9e0a-71570d6ed01e,1970-01-01,0,Tech,974.46,ESP,CHN,1,0,0,1,0
sdv-id-oyCtPU,b7e11681-fe84-40fe-a289-767172349df0,1970-01-01,0,Retail,45.24,ESP,ESP,0,1,1,0,1
sdv-id-yCaSoy,edafea54-50b9-404a-9edc-c2ff53d47caf,1970-01-01,0,Retail,751.79,ESP,DEU,1,0,0,0,0
sdv-id-QUFKOX,20f41f0b-2401-4b6a-84f1-4a20bd7cff65,1970-01-01,3,Gaming,1026.37,ESP,NGA,1,1,0,1,1
sdv-id-fzAsMI,3eb0b8d1-e3e7-432d-b23e-ab009fe70bb8,1970-01-01,0,Tech,1072.21,ESP,UKR,0,1,0,1,0
sdv-id-ZZPtfL,f3981e9e-7cb8-42a0-94a1-eab0b9c037aa,1970-01-01,0,Tech,31.15,ESP,BRA,1,0,0,1,0
sdv-id-zVAMej,8aedea8a-87e0-413b-a87f-edee201162af,1970-01-01,0,Travel,405.37,ESP,USA,1,0,0,0,0
sdv-id-avYNll,9bfe7b18-b091-4536-9182-45136fb90ec6,1970-01-01,0,Travel,1041.2,ESP,FRA,1,0,0,1,0
sdv-id-yvGFBg,c5384872-deaa-443e-9edb-be71de2a2ddf,1970-01-01,0,Gaming,1766.29,ESP,ITA,1,0,1,1,0
sdv-id-KdnHjm,612a9cc6-cfff-4d34-8aa8-1f139cdd39a7,1970-01-01,5,Food,1003.58,ESP,PRT,1,1,0,0,0
sdv-id-BcDbtx,9741c0fa-1b20-457e-9e86-ca3d07d712df,1970-01-01,0,Retail,1419.9,ESP,VNM,1,0,1,1,0
sdv-id-ewQZUe,cf18d1b9-b281-48f0-865e-b4e1fe801c84,1970-01-01,0,Food,1622.96,ESP,VNM,0,0,0,1,1
sdv-id-JkLNLz,d619e0ce-69d5-4df5-9d95-cdeac417fe56,1970-01-01,1,Tech,2428.04,ESP,FRA,0,1,1,0,1
sdv-id-YIQnLr,8331d711-5de2-4a7d-b0da-152821051c60,1970-01-01,0,Gaming,619.53,ESP,UKR,0,0,0,0,1
sdv-id-sowrJY,81f7f3fb-19e4-4c6a-89c2-3e69d82c7565,1970-01-01,3,Gaming,1492.5,ESP,ITA,1,1,0,1,0
sdv-id-MioYkK,94e40f2f-d957-4d96-a781-80493fcc7644,1970-01-01,5,Gaming,2014.36,ESP,BRA,0,0,0,1,1
sdv-id-TvkPPB,18233383-279b-437c-9255-273fed0940f7,1970-01-01,1,Retail,2187.42,ESP,IND,1,0,0,0,1
sdv-id-TMlbLV,1af9469a-d559-47c2-aabb-8747d88e6b86,1970-01-01,0,Retail,1459.08,ESP,RUS,1,0,0,1,0
sdv-id-dEvMMR,0a35653c-f57a-431e-be6b-74fd9f027cbf,1970-01-01,0,Retail,1720.38,ESP,GBR,0,1,0,1,0
sdv-id-JzXHsr,8468b74d-85e3-4de5-98c1-aad6f3f8dea4,1970-01-01,4,Gaming,1225.64,ESP,VNM,0,0,1,0,0
sdv-id-NzwAaI,b3338169-dcfc-4b72-abbb-ae74db9b4d43,1970-01-01,0,Gaming,476.28,ESP,UKR,0,1,0,0,0
sdv-id-HDzttz,76876c62-4c61-445e-ba7e-5d9405d1fb63,1970-01-01,0,Tech,1914.63,ESP,DEU,1,1,1,0,1
sdv-id-TVcSPo,39cefff3-1b3e-4681-bcea-545ac06698e4,1970-01-01,0,Travel,1192.38,ESP,ITA,1,1,0,1,0
sdv-id-rOGYhu,7e31c35f-e739-4d6e-8af1-ac836163d267,1970-01-01,2,Tech,12.81,ESP,ESP,1,0,1,1,0
sdv-id-ixJImq,70c23600-2554-4c1a-9f88-dda37134ae6e,1970-01-01,0,Food,2279.03,ESP,DEU,0,1,0,1,0
sdv-id-hcQTfM,ff4daa0c-2d74-4f85-b038-389555a8e46d,1970-01-01,4,Gaming,54.23,ESP,PRT,1,1,0,1,0
sdv-id-SETzqJ,cb68a34e-ca1f-4ff2-a823-442c9a87e357,1970-01-01,0,Travel,2010.54,ESP,CHN,1,0,1,0,1
sdv-id-WaVkRz,727716ec-59fe-4bbc-b1a3-fad2b0946d2a,1970-01-01,0,Travel,1819.33,ESP,UKR,1,1,0,0,1
sdv-id-KIbLVo,f882c326-91f2-4485-9d09-18564b3dd578,1970-01-01,0,Retail,226.93,ESP,JPN,0,1,0,1,0
sdv-id-ZwWTci,4814e14e-b5bc-4efc-87e4-02c5e05a2a8a,1970-01-01,0,Gaming,1362.71,ESP,PRT,0,0,0,0,0
sdv-id-XlWEKF,25ce2a21-ed3e-4846-9efa-0407f2edcab0,1970-01-01,3,Food,787.38,ESP,GBR,0,1,1,0,1
sdv-id-SmjCMg,d10320a3-8a21-406c-b13e-3f6d0062cf68,1970-01-01,0,Travel,591.77,ESP,NGA,0,0,1,1,0
sdv-id-ReubkT,3d3d6472-5d0d-472e-b383-f5ed92ffeec1,1970-01-01,0,Retail,706.24,ESP,RUS,0,0,0,1,1
sdv-id-FdSOdi,222db2cf-bc34-4d5d-9f9e-14257a7628e6,1970-01-01,3,Travel,48.55,ESP,NGA,0,0,1,1,0
sdv-id-ZNXcJR,54a7b69b-1cd6-4b09-8f0e-6d2b315c167a,1970-01-01,0,Food,1325.24,ESP,PRT,1,1,0,1,0
sdv-id-aeffTv,7ce34563-2036-4a73-9b7e-0502ca9d8831,1970-01-01,0,Tech,1734.65,ESP,BGD,1,1,0,1,1
sdv-id-AqWshU,b4bdfeed-52c2-444b-b3f4-8d531120c1b7,1970-01-01,0,Food,2055.23,ESP,JPN,0,1,1,0,0
sdv-id-RZZfsl,72cdfdd0-2e61-4bd7-969d-7aeb640e50e7,1970-01-01,0,Tech,70.92,ESP,GBR,1,0,0,1,0
sdv-id-IBlZkf,7656af72-29d4-4eef-beab-edcbbaa80dd4,1970-01-01,1,Tech,1024.74,ESP,GBR,1,0,0,1,0
sdv-id-BKPxur,0c8bf152-d74c-4860-b2fb-62c6d25b53f5,1970-01-01,2,Gaming,216.56,ESP,PRT,1,0,1,1,1
sdv-id-mcXjck,904d0a50-6925-4881-b614-37f12a70ec30,1970-01-01,3,Gaming,49.74,ESP,VNM,0,0,1,0,1
sdv-id-lsiZcE,df0ddef1-90c4-4e45-95cf-37bae98965f2,1970-01-01,0,Retail,627.79,ESP,RUS,1,0,0,0,1
sdv-id-DjLuzT,db1df2c3-2713-4873-b3e4-613a6672cf51,1970-01-01,0,Food,89.14,ESP,PRT,1,1,0,1,0
sdv-id-RuDVYK,cbd725f2-ec66-455e-9309-c42a762e0da3,1970-01-01,0,Travel,1077.86,ESP,BGD,1,0,1,1,0
sdv-id-JjLZPP,677c25b0-6d23-4155-a057-c558f1ba308e,1970-01-01,4,Tech,805.59,ESP,GBR,0,1,1,1,1
sdv-id-afnlHM,991228be-d483-464a-a586-88744c3167b6,1970-01-01,1,Food,1580.28,ESP,BRA,1,1,0,0,1
sdv-id-XnvKft,7914c120-c8dc-419f-be35-11287900f7f9,1970-01-01,0,Gaming,5.71,ESP,UKR,1,0,0,1,0
sdv-id-LnQVfL,be54eceb-8329-4d1a-acd6-cedf52dfc152,1970-01-01,0,Gaming,2144.21,ESP,ARE,1,1,0,1,0
sdv-id-UtQVpZ,fa323f69-90db-4ad6-94ce-26bec8cce2c2,1970-01-01,0,Food,1241.71,ESP,DEU,0,1,1,0,1
sdv-id-ahkDYu,f4e95734-5052-4700-a077-96a38685abaa,1970-01-01,0,Gaming,2392.28,ESP,BRA,0,0,1,0,1
sdv-id-lasIzF,771ad655-cdfc-4ee0-a61e-de900267deb3,1970-01-01,0,Food,623.12,ESP,PRT,0,0,0,0,1
sdv-id-BrjEIH,3990d711-9ace-4bb2-bcf8-0f7f380f52f3,1970-01-01,0,Tech,350.24,ESP,VNM,1,0,0,0,1
sdv-id-WXtsqL,fcce5213-6789-4d92-b33c-4c369a690cad,1970-01-01,0,Retail,2407.91,ESP,JPN,0,1,1,0,1
sdv-id-auuDCs,a4c487d5-5b46-4364-816d-ea2630890e76,1970-01-01,0,Tech,2023.73,ESP,RUS,0,0,1,0,1
sdv-id-rVKNhA,00937ba0-65a0-4e43-bd2d-ca8673020b26,1970-01-01,0,Gaming,1187.76,ESP,FRA,0,0,1,1,1
sdv-id-phfeDf,27e7a6bd-c2a4-4fd8-aef5-4ceebc243f9f,1970-01-01,0,Retail,1723.04,ESP,BGD,0,1,0,0,0
sdv-id-rsuGfb,786c014f-65fa-44a1-9a03-7833d4fdfad6,1970-01-01,0,Travel,2019.71,ESP,USA,0,1,1,0,0
sdv-id-CYsjTm,3653e588-afd5-4fe7-a5c6-2548b169fded,1970-01-01,0,Food,856.11,ESP,CHN,0,0,1,0,1
sdv-id-IuEuIz,d0013b99-2fc2-4f20-a3ba-24b1408eff3d,1970-01-01,0,Travel,1455.34,ESP,PRT,1,1,0,1,1
sdv-id-xkxECa,be7a38c6-bc8e-4e55-9b97-151da89e4fa6,1970-01-01,0,Retail,2000.8,ESP,ITA,1,1,0,1,0
sdv-id-hXytSw,78dc340b-4051-491c-9ac1-ad6984f612df,1970-01-01,0,Travel,908.76,ESP,BGD,1,0,1,1,0
sdv-id-MyrojF,ee2c92b2-d9b9-4b79-9bf2-e8db7f7eb2ed,1970-01-01,5,Gaming,749.85,ESP,DEU,1,0,1,1,1
sdv-id-YUOokH,4404fe9a-32fe-4dea-aba5-71369144a442,1970-01-01,0,Travel,1398.11,ESP,BRA,0,1,1,0,1
sdv-id-xVrtng,68c4b51a-8166-456c-b04f-bce932dcea5b,1970-01-01,0,Retail,1902.94,ESP,ARE,1,1,1,0,1
sdv-id-znBDfp,134c9e86-50a6-4568-9a64-8d300963161c,1970-01-01,3,Gaming,2439.67,ESP,ITA,1,0,0,1,1
sdv-id-mJPbBj,8e9a8e72-93fc-4973-b631-5c550ca3e980,1970-01-01,0,Food,1813.68,ESP,VNM,1,1,1,0,1
sdv-id-cDFMCJ,9db94eee-1a3c-4131-b3dd-3bc6d06405a8,1970-01-01,2,Food,1382.87,ESP,VNM,1,1,0,0,1
sdv-id-zAuoZE,c918a346-c00c-400c-8458-b006332cce0a,1970-01-01,0,Retail,1748.64,ESP,JPN,0,0,0,1,1
sdv-id-gdgFvn,c342adc9-df09-451f-9173-bd6d16a00e13,1970-01-01,0,Gaming,1900.59,ESP,JPN,1,0,1,1,0
sdv-id-EbGwmV,b3345e5b-dca3-4a0a-85c1-9ddb917f8389,1970-01-01,0,Travel,685.16,ESP,ARE,1,0,0,1,1
sdv-id-VKnrQV,1c3892e8-f2cf-4d63-80ab-4b7f2e968660,1970-01-01,0,Gaming,1009.42,ESP,NGA,1,0,0,0,1
sdv-id-yRyuTs,5378e6f6-37e5-4364-84f2-628647d61fef,1970-01-01,0,Retail,1173.5,ESP,VNM,0,1,0,0,0
sdv-id-VVOZYu,973a9058-67d1-4b6f-9d57-20cdfa5223bb,1970-01-01,0,Travel,1121.99,ESP,USA,1,1,0,0,0
sdv-id-TarWpi,40d1ff56-0c78-4409-b96d-c079a75908f0,1970-01-01,0,Tech,1567.24,ESP,JPN,0,0,1,0,1
sdv-id-lgQFTM,72dadc21-9b7c-4539-8ad7-d77c9bf41cc6,1970-01-01,0,Tech,444.03,ESP,BGD,0,0,0,0,1
sdv-id-GDOVxE,9c89d374-c664-45a7-8077-3e33690e7e62,1970-01-01,0,Gaming,2408.72,ESP,ESP,1,1,1,0,1
sdv-id-Mkasjl,2e7cdb3f-4404-47f9-9e60-ba33fcbfa2ca,1970-01-01,2,Retail,1348.08,ESP,ITA,0,1,0,0,1
sdv-id-HZlemq,f1668e89-59f7-471a-894b-08d20f1536da,1970-01-01,0,Travel,380.97,ESP,BRA,0,1,0,1,0
sdv-id-AtHrfU,084601b2-c9ec-479e-8ee5-76d1969ecc23,1970-01-01,0,Gaming,1561.4,ESP,CHN,0,1,0,1,0
sdv-id-nvSqFf,e827a1b9-d4a0-4e53-ad3e-e1dc81392443,1970-01-01,0,Travel,1339.14,ESP,JPN,0,0,1,0,1
sdv-id-rpWwRO,4f4b1252-a04e-43d7-a6ef-3a0bdd1e4932,1970-01-01,0,Travel,2060.49,ESP,IND,1,1,0,0,1
sdv-id-tHGmht,982cd08d-49f8-4d9d-9fef-b72a4570b7fe,1970-01-01,0,Gaming,2169.75,ESP,VNM,1,0,1,0,0
sdv-id-aRzfLi,5892e71a-ab87-4ea4-854f-87ad7750bfbb,1970-01-01,4,Tech,826.57,ESP,DEU,0,0,1,0,1
sdv-id-bWyNTZ,4224b70e-c29f-46c7-9370-b983945730a5,1970-01-01,0,Gaming,473.17,ESP,CHN,0,1,0,1,1
sdv-id-kgpnct,bab2b77d-fa74-4cc8-a43a-fb7ac40d4874,1970-01-01,0,Travel,2190.16,ESP,ITA,0,1,0,1,0
sdv-id-hOhsBa,8bef2ae1-f873-49cc-9213-74ecd9f56388,1970-01-01,0,Gaming,2496.68,ESP,VNM,1,1,0,0,1
sdv-id-kVYDwL,137b41c2-5f71-41e1-a05e-ad1cbde9a6a8,1970-01-01,2,Tech,1258.94,ESP,CHN,1,1,1,0,1
sdv-id-IOmbwV,420fbeef-9def-4ab9-a54c-a6cadc70ce22,1970-01-01,0,Travel,312.41,ESP,BGD,1,0,1,0,1
sdv-id-uVvrtA,d46ef104-1190-4f50-b488-5a4690882eaf,1970-01-01,5,Travel,2453.17,ESP,UKR,0,0,0,0,1
sdv-id-xcUsIu,8ba5944f-9037-421c-9355-94550babd139,1970-01-01,0,Retail,2421.99,ESP,BRA,0,1,1,1,1
sdv-id-scPzRW,74300ccc-03fd-4d08-8b73-361fccbeb6db,1970-01-01,0,Tech,1231.95,ESP,BRA,0,0,0,1,0
sdv-id-wgmGYH,056de195-1f81-4097-8b2a-3730a0a2e9bd,1970-01-01,0,Gaming,1089.0,ESP,UKR,0,0,1,1,0
sdv-id-NNimWO,f9fb722d-a51c-4d2a-b3bf-bdabb7b24f20,1970-01-01,1,Food,50.2,ESP,NGA,0,0,0,0,1
sdv-id-WJoBaa,9c672338-2c11-4a43-acc5-599972f580bd,1970-01-01,0,Food,147.93,ESP,JPN,0,1,0,1,1
sdv-id-nIQULk,f477649b-c78a-49dc-a51c-8c20f3bc1432,1970-01-01,0,Tech,1307.17,ESP,JPN,0,0,1,1,1
sdv-id-NgJcCC,e104bf7a-b931-4771-96f8-9d9707957c4a,1970-01-01,0,Travel,245.97,ESP,JPN,1,1,0,1,0
sdv-id-GOVvxb,607b7b22-2d18-41d7-a02c-98871cecb536,1970-01-01,0,Retail,1040.92,ESP,RUS,0,1,1,1,0
sdv-id-NAJyyu,56a60db5-0776-449a-a88e-8d5d51856418,1970-01-01,0,Retail,1165.85,ESP,JPN,0,0,0,1,0
sdv-id-TaSqio,864b789a-cd9b-49fd-a04c-57f62bb47157,1970-01-01,0,Food,1135.2,ESP,GBR,1,1,0,1,0
sdv-id-wFswBo,9611116b-a54b-4dbb-bc56-ea1b9852bf02,1970-01-01,1,Gaming,472.17,ESP,JPN,0,1,0,0,0
sdv-id-UoXiDV,0ae53849-f804-4b4d-be0d-f0987ba3c934,1970-01-01,0,Retail,720.29,ESP,ITA,1,0,0,0,1
sdv-id-qPqXtW,e7f339dc-833d-43ad-b43b-9f717807c947,1970-01-01,0,Tech,1133.66,ESP,GBR,0,1,0,1,1
sdv-id-VRwhjK,7b5fb427-8fd1-4c4e-83d2-a7ca377533ab,1970-01-01,0,Tech,2240.21,ESP,ITA,1,1,0,1,0
sdv-id-WyqaTE,c4e3f862-41a5-42f0-bb3c-8d94b2894d6f,1970-01-01,0,Gaming,2019.13,ESP,USA,1,1,0,1,0
sdv-id-fHksbc,4526aeed-47a0-4cda-a333-639f387364c1,1970-01-01,3,Gaming,1000.25,ESP,DEU,1,1,0,0,0
sdv-id-MwbVjI,be2721cd-d79b-47a1-b6cc-ece57a0e1bfe,1970-01-01,0,Retail,598.39,ESP,JPN,1,0,0,0,0
sdv-id-dwjclu,ded255d0-bf1e-4366-8b8e-63d4ce7607ad,1970-01-01,0,Retail,1521.45,ESP,BGD,0,0,0,1,0
sdv-id-wSBhOf,78d9a88a-ef0b-4a4f-bc73-7d9211ab3d11,1970-01-01,3,Food,1247.38,ESP,PRT,1,0,0,0,1
sdv-id-ZFiKqO,febec0db-9a3a-4103-ae3c-453214348f62,1970-01-01,5,Retail,897.43,ESP,RUS,0,0,0,0,0
sdv-id-jbdwFH,3eb862c6-676c-469f-b8f9-1075a08145d2,1970-01-01,1,Retail,1716.27,ESP,UKR,1,0,0,0,1
sdv-id-tQxrlb,aad9e93d-c3d0-4de3-8fbb-a84a80b57013,1970-01-01,0,Food,262.63,ESP,ARE,0,0,1,1,1
sdv-id-xyjNSp,a44a0d54-472a-4d93-ac6e-7aa80e81a1fd,1970-01-01,0,Retail,1400.34,ESP,NGA,0,0,0,0,1
sdv-id-INaJOU,ef4055dd-d98d-413c-8ddb-0654ce192f51,1970-01-01,5,Travel,665.84,ESP,UKR,0,1,0,1,0
sdv-id-KPRgQX,48d3d2ce-fba3-491f-88df-aaf8b9efaad6,1970-01-01,0,Food,95.14,ESP,GBR,0,1,1,1,0
sdv-id-YTMSvh,7a44167a-63f7-4edf-b294-8c6466d2c0a7,1970-01-01,0,Gaming,712.76,ESP,NGA,1,0,1,0,1
sdv-id-QysuDy,b4d0aaea-de19-493e-ba04-30c458fc8448,1970-01-01,1,Food,1249.51,ESP,IND,0,0,0,1,0
sdv-id-LsJKaA,94c8a69d-44b1-41ee-b948-36f27eaab0a1,1970-01-01,0,Travel,359.49,ESP,CHN,0,1,0,0,1
sdv-id-KlICMZ,36e75939-e2d7-4077-9e8f-a8075db96490,1970-01-01,0,Gaming,6.63,ESP,DEU,1,0,1,1,0
sdv-id-sdlmxf,1422373f-8622-48d1-a683-e10796c044d0,1970-01-01,0,Tech,849.77,ESP,ESP,0,0,1,1,1
sdv-id-IEbjbk,3dcf3be0-5e4d-4d2f-9be5-2474bb146720,1970-01-01,4,Tech,756.7,ESP,FRA,0,0,0,0,1
sdv-id-AIcXeQ,ac17a477-af09-4ba1-8c78-f060746f3431,1970-01-01,0,Retail,217.36,ESP,ESP,0,0,0,1,0
sdv-id-rSZLYW,53badc3e-cc5b-4684-9f82-3a9481140235,1970-01-01,4,Food,954.82,ESP,BGD,0,0,1,0,0
sdv-id-rKrImG,85650e0b-d5c9-4d5d-8e57-79ecbe1a070f,1970-01-01,2,Food,492.05,ESP,JPN,1,0,1,1,0
sdv-id-TtJEoZ,884ff1a7-af48-4fc0-beba-046465c227c0,1970-01-01,0,Gaming,1426.5,ESP,NGA,0,0,1,1,0
sdv-id-KOmAyE,b8dddfc2-963b-431c-bc7c-356de7dd93a5,1970-01-01,1,Food,1134.74,ESP,NGA,1,0,0,1,0
sdv-id-yatTdY,3f58282a-899c-4e9a-8119-1db3bd26551f,1970-01-01,0,Tech,549.69,ESP,PRT,0,1,0,1,0
sdv-id-XusDPR,8d3a5b2d-881c-4211-89eb-597bf7ceddc4,1970-01-01,5,Retail,462.39,ESP,ARE,0,0,0,0,0
sdv-id-GBmipI,4eeb87ff-c064-4074-8847-b130dd56030e,1970-01-01,0,Travel,817.73,ESP,DEU,1,0,0,1,0
sdv-id-OWNTkJ,ee509b8d-2e68-4243-9bdc-b2a94a869f03,1970-01-01,1,Retail,1495.96,ESP,NGA,1,0,0,1,0
sdv-id-zrVnet,61607459-85c7-404b-8693-da1139c6a1ca,1970-01-01,2,Retail,1074.56,ESP,JPN,0,1,0,1,0
sdv-id-JuBdzL,d83940c9-7e86-47f8-93cf-44fe17c03e28,1970-01-01,0,Travel,1556.83,ESP,FRA,1,0,1,0,1
sdv-id-bkTMmf,bcda835f-71a0-4ff8-ab8d-a34058c158e2,1970-01-01,1,Retail,2268.12,ESP,FRA,1,0,1,0,1
sdv-id-OZnXSn,45d81a45-9a33-46ee-b938-5322537e95ed,1970-01-01,0,Tech,1538.12,ESP,ARE,0,1,0,1,1
sdv-id-PeWKmo,37b567b4-172d-4bd0-8fbd-4c81a9008ecd,1970-01-01,0,Gaming,1632.08,ESP,UKR,1,0,1,0,0
sdv-id-arnKew,d8528abb-1a87-4c25-a29f-1962ebd795f5,1970-01-01,0,Tech,101.29,ESP,CHN,1,1,0,0,0
sdv-id-Elaodi,209f9f95-9f04-4dd0-9337-27c0c533fd1e,1970-01-01,0,Travel,1082.24,ESP,ESP,1,0,1,0,0
sdv-id-hgMDYS,b1d06d8a-655f-4c8c-8a2b-a8f5a44e3b1c,1970-01-01,0,Travel,1330.02,ESP,PRT,1,1,0,1,1
sdv-id-LyZPJm,61539a40-7efa-48a5-9600-8c5a9a6f5a60,1970-01-01,0,Travel,769.34,ESP,UKR,1,1,1,1,0
sdv-id-ILSihz,607b7b22-2d18-41d7-a02c-98871cecb536,1970-01-01,0,Retail,467.23,ESP,BRA,0,1,0,1,1
sdv-id-TKuFPK,a5aa9765-a8d3-4b7d-be0c-5ec5df748fb5,1970-01-01,0,Food,1728.6,ESP,ARE,0,1,0,0,1
sdv-id-kRsdBP,25db9dbd-817f-4e3b-9a1a-59cf9b480ff5,1970-01-01,0,Travel,1224.9,ESP,ITA,0,1,0,0,1
sdv-id-GpQKBp,008d4127-6104-41e3-aa25-a8880f02bad0,1970-01-01,0,Gaming,1044.6,ESP,FRA,1,1,0,0,0
sdv-id-BwLxLR,97290c02-4af5-4dfe-94cb-d831b7e4d698,1970-01-01,0,Gaming,75.97,ESP,CHN,0,1,0,1,0
sdv-id-BJZNsM,0f844fef-1931-49ee-a56c-0941fbf24050,1970-01-01,0,Travel,1343.51,ESP,PRT,0,1,0,0,0
sdv-id-knKoYL,72176085-f3fd-4abb-be8b-a891d5c4b30a,1970-01-01,1,Food,2479.38,ESP,IND,1,1,0,0,0
sdv-id-lheGye,16e5b746-245c-42cb-b17d-8b73e0a1ff32,1970-01-01,0,Travel,1103.02,ESP,VNM,0,1,0,1,0
sdv-id-KOHJdq,4e39f65a-20db-4294-9fae-180393d797e7,1970-01-01,0,Tech,215.96,ESP,UKR,0,0,1,0,1
sdv-id-cesdmP,0c4d862e-5ef8-4a9b-8cfc-a54b8ac31e08,1970-01-01,4,Tech,1119.22,ESP,NGA,0,0,1,0,1
sdv-id-UJvcwG,a757075b-d47f-43b1-bc69-c1551a37f6bd,1970-01-01,0,Retail,1099.75,ESP,UKR,0,0,0,0,0
sdv-id-wfPWgi,54d71e4a-1314-4627-9586-ff5070024916,1970-01-01,0,Food,1988.03,ESP,BGD,0,1,0,1,1
sdv-id-JyBOoG,dd16663a-8183-4bc0-80e2-cd0484c48ac0,1970-01-01,1,Food,1730.68,ESP,RUS,0,1,1,1,0
sdv-id-ybCBzH,c83e0032-5fe8-47f4-b08a-ba2101f268f5,1970-01-01,3,Retail,1224.94,ESP,BRA,1,0,1,0,1
sdv-id-CzoaCx,407e8506-1ec4-416d-801b-a459ec7fdc2e,1970-01-01,0,Retail,1596.63,ESP,ITA,0,1,1,0,1
sdv-id-tifHkq,d9afa521-0bde-4eac-81ec-11039d2bc6ae,1970-01-01,1,Tech,1010.76,ESP,VNM,1,0,1,0,1
sdv-id-dkPzrQ,48d3d2ce-fba3-491f-88df-aaf8b9efaad6,1970-01-01,0,Retail,1018.45,ESP,GBR,1,0,1,0,1
sdv-id-diTyle,415155db-179c-4a64-93a5-893a6b13ad0a,1970-01-01,0,Travel,1545.36,ESP,ARE,1,0,1,0,1
sdv-id-vBJTXw,f681db3f-1cc4-4c62-b80b-d4cb18b666f8,1970-01-01,0,Retail,439.09,ESP,ESP,1,0,1,0,1
sdv-id-vTArwa,867432ec-9de1-49ef-b037-6816181428f9,1970-01-01,0,Food,2392.56,ESP,BRA,0,1,1,0,1
sdv-id-KdOwzy,e3fb8c1d-7841-43dd-9034-4c867d14190d,1970-01-01,0,Gaming,2235.4,ESP,PRT,0,1,1,0,1
sdv-id-mArllx,3c83861e-ddf0-40a2-88ef-e82b1f3eea66,1970-01-01,0,Tech,542.64,ESP,ITA,1,0,1,1,0
sdv-id-XylrTM,15183e2c-3cca-4de2-b5c1-accc137d97fc,1970-01-01,4,Gaming,2199.26,ESP,JPN,0,0,1,1,1
sdv-id-EZrMlN,580d7b71-d8f5-4413-9be6-128e18c26797,1970-01-01,0,Travel,1076.78,ESP,DEU,0,0,1,0,1
sdv-id-inbMSK,8471b4b0-ae1b-4f69-b740-d83173318749,1970-01-01,5,Food,2453.37,ESP,UKR,0,0,1,0,1
sdv-id-ZnqysM,79d3cba0-66a0-435e-abbc-9e9af7867063,1970-01-01,0,Tech,31.99,ESP,UKR,1,0,0,1,0
sdv-id-jbkoPO,2f58a848-01f1-49fb-9bb9-0317d24243ab,1970-01-01,1,Tech,968.46,ESP,DEU,1,1,0,0,1
sdv-id-mAbYTT,8e6b2439-6a1e-4d9a-b05f-052bd682a0b4,1970-01-01,0,Travel,1259.63,ESP,ITA,0,0,0,0,1
sdv-id-vwamjy,a261078d-202f-40a8-9b75-dadad51f6de1,1970-01-01,0,Food,1020.86,ESP,IND,0,0,1,0,1
sdv-id-QTRzvu,d98f5e83-cf5b-494d-92cc-48539cef5ef4,1970-01-01,1,Travel,2130.45,ESP,RUS,0,1,0,1,0
sdv-id-XwcNOw,e214d458-f0dd-4de0-ba63-bde0cf0d3f06,1970-01-01,0,Gaming,252.46,ESP,FRA,0,0,0,0,1
sdv-id-nSKbQy,52ce55e3-69df-45c7-a4a0-053f22a37556,1970-01-01,4,Travel,2130.47,ESP,PRT,0,0,0,0,1
sdv-id-fWmrhZ,5e1d47af-833b-435e-a5a9-c1be48d3ef98,1970-01-01,0,Food,2083.94,ESP,JPN,1,0,0,0,1
sdv-id-dZLaJR,2541f181-f29e-425b-bed0-4e680d250730,1970-01-01,0,Travel,716.09,ESP,ARE,0,0,1,1,0
sdv-id-ujNsMc,dff0b9bf-8db3-42c1-82da-bd76f3102525,1970-01-01,0,Food,1311.34,ESP,FRA,0,1,1,0,1
sdv-id-zUxSIh,cbccd4fe-5c95-4249-ab47-72f48c01f5cd,1970-01-01,0,Gaming,47.85,ESP,DEU,0,0,1,1,0
sdv-id-kxOHeT,bc5e3e2f-cebc-4bd7-b837-8be20bb68d75,1970-01-01,0,Tech,777.84,ESP,IND,0,1,1,1,1
sdv-id-adQRvO,4d9dbaeb-553d-4625-a833-4da5de95d695,1970-01-01,0,Food,870.75,ESP,NGA,1,1,1,1,1
sdv-id-WIAPSD,8574fe6d-6662-4715-990a-74f178652552,1970-01-01,0,Travel,1996.7,ESP,NGA,0,0,0,1,1
sdv-id-VQAMox,9edd5a9b-a920-435f-92eb-985f38cfa8b6,1970-01-01,0,Gaming,486.21,ESP,BRA,1,1,0,0,1
sdv-id-IbEZYZ,e904ee42-8845-46f5-9e52-1d486a499f0b,1970-01-01,0,Food,262.79,ESP,BGD,1,1,1,0,1
sdv-id-OGtCJj,dfe38af0-e85d-4aae-9024-7f99648ff83f,1970-01-01,0,Gaming,1547.21,ESP,USA,1,0,1,0,0
sdv-id-jZnMQY,97c768d6-114a-4827-b69a-ca1e985d654b,1970-01-01,2,Travel,650.22,ESP,BRA,1,1,1,0,1
sdv-id-tnJsOm,a981b098-b2cf-452d-a7f3-33b3f7baf55e,1970-01-01,1,Tech,768.23,ESP,ITA,1,1,0,0,1
sdv-id-RpKzmM,64ab851b-f1fa-46e7-970d-750705eee1d4,1970-01-01,0,Travel,2180.87,ESP,GBR,0,0,0,0,0
sdv-id-hJWqDz,65108b6f-aedb-4272-8ef2-6cacca32c1eb,1970-01-01,0,Gaming,1394.04,ESP,USA,1,1,0,0,1
sdv-id-RVJOTG,e57977ec-4816-4644-81a9-abd0ed71d874,1970-01-01,2,Gaming,505.66,ESP,ARE,0,0,1,1,1
sdv-id-IHKiGw,e214d458-f0dd-4de0-ba63-bde0cf0d3f06,1970-01-01,0,Gaming,655.33,ESP,PRT,0,0,0,1,0
sdv-id-WYUcdB,0e5922e9-f182-4df7-82f5-52c89ae66149,1970-01-01,0,Retail,2305.82,ESP,GBR,1,0,1,0,1
sdv-id-hcxpdZ,5256e276-fba7-4385-a98a-fcb03ef527fe,1970-01-01,5,Food,534.29,ESP,CHN,0,0,1,1,0
sdv-id-iJDatw,1e5c5da8-d087-4dcb-be94-f1cb075cc8eb,1970-01-01,2,Gaming,1979.18,ESP,ARE,1,1,1,1,0
sdv-id-yczNqG,31ab0158-2cf6-473b-9500-c14707743c94,1970-01-01,0,Food,499.1,ESP,PRT,1,1,1,1,0
sdv-id-fRajod,a5fb9e9a-4ab7-45e0-b814-af2e81e26ceb,1970-01-01,0,Food,554.62,ESP,FRA,1,0,0,0,1
sdv-id-qPTXXa,1df1f3f8-aa99-4c56-9a2e-d9053fb65c7e,1970-01-01,3,Food,109.42,ESP,ESP,1,0,1,0,1
sdv-id-UNudMX,8aa4c43e-ada3-46e9-a233-384e315b3176,1970-01-01,2,Tech,2253.86,ESP,PRT,0,1,0,1,1
sdv-id-kMZCvo,6ad65b8c-3a38-4844-afbf-fde4a0226155,1970-01-01,0,Gaming,810.31,ESP,UKR,1,0,0,1,0
sdv-id-XzeSTf,b198047f-4612-4424-bac0-67a69297eaac,1970-01-01,1,Gaming,931.84,ESP,IND,1,1,1,1,0
sdv-id-rJYvZf,7fbccd75-be19-44aa-9ab7-12f6764231c3,1970-01-01,0,Travel,1647.65,ESP,FRA,1,1,1,1,0
sdv-id-hYCjzd,04aa8f68-b9ae-4292-8012-1516f1e7a280,1970-01-01,1,Travel,484.73,ESP,DEU,1,1,0,0,0
sdv-id-OwPfyl,4cd7e6f7-433e-4d2c-a76e-1d6700a0586e,1970-01-01,0,Food,532.02,ESP,ITA,1,0,1,0,0
sdv-id-NSOnnU,b72583e4-3336-43e7-b04e-11b52320a56a,1970-01-01,0,Tech,2202.59,ESP,BRA,1,0,0,0,1
sdv-id-UkFxvC,c80069fb-d4c7-4a67-bdc1-e88207122fb9,1970-01-01,0,Food,854.58,ESP,GBR,0,0,0,0,1
sdv-id-hnTGQL,e4723a97-a717-4558-b200-765502a213b0,1970-01-01,0,Travel,645.17,ESP,BGD,0,1,1,1,0
sdv-id-XNAWwK,3734a78d-e268-4c9f-bb48-2d28b7ed2c13,1970-01-01,0,Food,659.44,ESP,GBR,0,0,0,0,1
sdv-id-lIiKAz,197634e5-054b-4fbb-bad8-66baf252f8f9,1970-01-01,0,Travel,1188.78,ESP,RUS,1,1,0,0,0
sdv-id-UJcCRg,04a624f3-2318-40a3-8fab-07f40022994c,1970-01-01,0,Tech,1163.56,ESP,JPN,1,1,0,0,0
sdv-id-eovhaC,28d04562-beaa-400d-94fe-cf58a1f875a4,1970-01-01,5,Tech,2384.23,ESP,BGD,1,0,1,0,1
sdv-id-VJqrBy,905c7bdd-74f0-4eae-aa59-43ce836435e3,1970-01-01,0,Retail,1558.09,ESP,JPN,1,1,1,0,1
sdv-id-GETejR,ed4c8325-105a-4d40-bf26-32df21c20510,1970-01-01,1,Travel,1185.21,ESP,BGD,0,0,0,0,1
sdv-id-WRTDdz,677c25b0-6d23-4155-a057-c558f1ba308e,1970-01-01,0,Gaming,1918.56,ESP,ARE,0,1,1,0,0
sdv-id-zIfQaW,fb87ebc5-d986-4b5f-93fc-03bc3ef3d085,1970-01-01,2,Tech,1490.01,ESP,ARE,1,0,1,0,1
sdv-id-JbUJBo,aaf2f24e-fe54-4eed-9475-e3a1aa39c161,1970-01-01,0,Retail,405.83,ESP,DEU,0,0,1,1,0
sdv-id-JuemKW,903ce3b1-6158-4ec7-b05c-b0aed795187f,1970-01-01,0,Food,1207.67,ESP,JPN,0,0,0,0,1
sdv-id-QTboiN,e52053b6-8faa-4da8-b08d-5f51974232a6,1970-01-01,4,Gaming,955.46,ESP,ARE,1,0,0,0,1
sdv-id-exNjgf,2cf149cb-4f1e-4a37-8ac8-ad937e02921d,1970-01-01,0,Tech,1257.67,ESP,PRT,0,0,1,0,1
sdv-id-bjmlzP,d98d214f-c2ab-4876-b71b-d82d635589f4,1970-01-01,0,Travel,248.55,ESP,JPN,1,1,0,1,0
sdv-id-eEQRHD,10fb6052-d8d9-492e-900e-7426551fbe65,1970-01-01,0,Tech,422.78,ESP,CHN,0,0,1,1,0
sdv-id-YFnseZ,06e2e080-2a0f-41e4-b229-0f1c8e68d0c1,1970-01-01,0,Gaming,696.08,ESP,BRA,1,1,0,1,1
sdv-id-OWFVNG,8cb98201-a8d7-45bf-a564-ee98fc3e9ed1,1970-01-01,0,Retail,73.06,ESP,IND,0,0,1,1,0
sdv-id-VJwMbE,0c35bf2d-ec4f-4141-a26c-d59aec3e83c3,1970-01-01,0,Retail,294.2,ESP,UKR,0,0,1,1,0
sdv-id-IfjexX,d6b1ba8c-4fcf-4f89-9ae0-bb5a797763fe,1970-01-01,0,Retail,745.18,ESP,PRT,1,0,0,1,1
sdv-id-vcFWms,e1eeb1f1-33b1-40dc-a552-d0a8b66f3507,1970-01-01,4,Travel,1413.51,ESP,DEU,0,1,1,1,0
sdv-id-UEJqMB,323132fa-6181-42de-9b37-0ca76ea5e341,1970-01-01,3,Travel,722.36,ESP,CHN,0,1,1,0,1
sdv-id-AbHumq,93e0f235-4e80-410b-bd0e-e0b640f7924b,1970-01-01,0,Food,589.96,ESP,CHN,0,1,1,0,1
sdv-id-ukKrRB,996d9303-e3a0-40f1-8cd1-9e0c5dfa8933,1970-01-01,1,Travel,298.82,ESP,VNM,0,1,0,0,0
sdv-id-mAXguL,d10327ba-fa9f-4b46-b908-2fbdebd4e04b,1970-01-01,0,Tech,853.66,ESP,GBR,0,1,1,1,1
sdv-id-KFlTzr,310e8aed-07dc-4a0c-ab72-d6947d41cba8,1970-01-01,2,Food,1405.55,ESP,JPN,0,1,0,0,1
sdv-id-UILhTr,d9add770-308d-4579-b78e-38ad3decdd27,1970-01-01,0,Food,1251.06,ESP,ITA,1,1,0,0,0
sdv-id-BfxmKf,e2ed8686-b334-42cb-9a3f-0ad169a9aff9,1970-01-01,0,Food,1767.38,ESP,USA,1,0,0,1,0
sdv-id-xuIcPJ,4404fe9a-32fe-4dea-aba5-71369144a442,1970-01-01,0,Travel,1958.34,ESP,USA,0,1,0,1,0
sdv-id-NVGNyV,a8e7ebe3-cb05-4a14-8865-1a6e1b99eb83,1970-01-01,1,Retail,437.9,ESP,PRT,0,0,0,1,0
sdv-id-Cyksnq,7a37f3d6-77eb-4d89-b142-de87d109ffe5,1970-01-01,0,Travel,526.75,ESP,BRA,1,0,1,1,0
sdv-id-hFOHjT,73393f5d-8185-416a-a9c7-18eeaea4b7d6,1970-01-01,5,Retail,1521.16,ESP,GBR,1,1,1,1,0
sdv-id-lsGfAQ,c10750bc-e6d3-4572-abf9-58614827c440,1970-01-01,0,Retail,2413.6,ESP,VNM,1,0,0,1,0
sdv-id-BIyooI,41241bb4-655c-4508-8592-bfa5b928e23f,1970-01-01,2,Tech,1884.48,ESP,USA,0,0,0,0,1
sdv-id-YBtlVf,f5b78cc7-e6b3-4944-8b32-3e357922bac2,1970-01-01,0,Gaming,1335.78,ESP,CHN,0,1,1,1,0
sdv-id-GVwTQH,ea75752d-6a8f-4acb-bf8e-2d0d52619dec,1970-01-01,0,Food,526.24,ESP,DEU,1,1,1,0,0
sdv-id-moNkcB,88f47eed-6990-4abf-b792-be4734783752,1970-01-01,0,Tech,607.81,ESP,DEU,0,0,0,0,1
sdv-id-bBbYJj,553a2bad-148a-4202-a8cf-20c875453946,1970-01-01,0,Tech,2146.03,ESP,BRA,0,1,0,1,0
sdv-id-KLJoci,308c523d-cb7e-417c-a17b-c29eec9573e9,1970-01-01,0,Retail,2037.65,ESP,ITA,0,0,0,1,0
sdv-id-IjgiXm,6b10b786-7565-4daf-b72d-416dda05d2fc,1970-01-01,0,Tech,724.09,ESP,UKR,0,1,0,0,1
sdv-id-ZukGQz,289ac251-52b4-44e8-afab-cd734fe66636,1970-01-01,1,Gaming,1326.86,ESP,DEU,1,1,1,0,1
sdv-id-gJacSj,95055ac7-2f0b-4138-8138-aeea89887d52,1970-01-01,0,Tech,1874.27,ESP,BRA,0,0,1,1,0
sdv-id-pQxQCp,f10b394d-6021-415b-8207-fb5152ffeff5,1970-01-01,0,Retail,497.79,ESP,IND,1,0,0,0,0
sdv-id-gPWekH,4ffca6b1-99b4-49d4-89a2-14aef7e8f8e5,1970-01-01,0,Retail,2430.46,ESP,RUS,1,1,0,1,1
sdv-id-MsXjjr,b8e19f56-8787-4a21-8448-2a220308aa5e,1970-01-01,4,Travel,1000.25,ESP,BRA,0,1,0,1,0
sdv-id-gIVTwy,1d4dfdb1-4e0e-4e2e-9e72-d97010c49f9e,1970-01-01,0,Food,1511.83,ESP,ARE,0,1,0,0,1
sdv-id-KLffqf,380ec19d-fbb7-43fd-b1f0-b429d54fbd02,1970-01-01,3,Food,2141.4,ESP,UKR,1,1,0,1,1
sdv-id-gCXUhd,0e1e5ebd-ff99-4e31-9006-e0eb63a84422,1970-01-01,0,Retail,516.95,ESP,ARE,1,0,1,1,0
sdv-id-jQmsXA,cebe11c8-16e7-450e-9486-cd280cabf18c,1970-01-01,0,Travel,1915.64,ESP,CHN,1,0,1,0,1
sdv-id-GgqTMt,1f22b194-32ce-4db1-88fb-27dce88f12a4,1970-01-01,0,Travel,2346.34,ESP,IND,0,1,1,1,0
sdv-id-ZVgGjm,f11c0ac5-8c0b-493a-9333-5bc9bb635ff5,1970-01-01,2,Travel,330.21,ESP,DEU,0,0,0,1,1
sdv-id-PAIqRt,796512e3-b9b0-44ac-8d2d-8efd57c8294c,1970-01-01,0,Travel,246.97,ESP,FRA,1,0,0,1,0
sdv-id-aaeRSI,0c8bf152-d74c-4860-b2fb-62c6d25b53f5,1970-01-01,0,Tech,2482.48,ESP,PRT,1,0,0,0,1
sdv-id-hbQmzc,2403b9a9-7b2a-4997-a63a-80fd8ca0a958,1970-01-01,0,Retail,38.66,ESP,ESP,1,0,1,1,0
sdv-id-OUYyco,10a423de-cf08-4c06-b87d-6e7a7c8f1e1a,1970-01-01,0,Gaming,2137.15,ESP,PRT,0,1,0,1,1
sdv-id-PvCXff,011ab64c-e11c-4e74-a1b7-a76588b0d2d9,1970-01-01,0,Retail,1549.37,ESP,CHN,1,0,1,0,1
sdv-id-GqSFiJ,7656af72-29d4-4eef-beab-edcbbaa80dd4,1970-01-01,0,Food,454.19,ESP,CHN,0,0,0,1,0
sdv-id-MTQuKG,06e2e080-2a0f-41e4-b229-0f1c8e68d0c1,1970-01-01,0,Gaming,1881.04,ESP,VNM,1,0,0,1,0
sdv-id-QplQDq,7b53359e-1bac-4d0d-af35-b30b4c68eb17,1970-01-01,0,Gaming,1874.55,ESP,ITA,0,0,1,1,1
sdv-id-VHqfGv,d0401587-28e2-43bc-a6fd-d7afdd84cacc,1970-01-01,4,Food,2217.12,ESP,GBR,1,0,0,0,1
sdv-id-iveyRt,a6846099-f729-4951-8591-31d2bbda0242,1970-01-01,0,Gaming,1873.6,ESP,ARE,1,0,0,1,1
sdv-id-gmSziz,11269f9e-03c0-4a01-8e98-6e40723182d4,1970-01-01,0,Food,556.02,ESP,PRT,0,1,0,1,0
sdv-id-ENeInG,a874d557-cd0e-4708-acbf-81d4b1720b65,1970-01-01,0,Tech,1342.8,ESP,BGD,0,0,1,0,0
sdv-id-UvkOKT,ad32a7c6-8b64-412c-9bd5-37b1c35adde3,1970-01-01,0,Retail,424.1,ESP,BRA,1,1,1,1,0
sdv-id-xAcTYP,52a74a41-44be-4486-bea5-a387363be5cb,1970-01-01,0,Food,102.75,ESP,DEU,1,0,0,0,0
sdv-id-eLwBQg,bbd6ef33-861f-4ba0-b39f-e641377c15a4,1970-01-01,0,Travel,1886.58,ESP,VNM,0,0,1,0,0
sdv-id-lnPNyj,ba2c43ec-43f8-4fcf-8997-0b27dbdcfb3d,1970-01-01,0,Tech,1954.99,ESP,PRT,0,1,0,0,0
sdv-id-LESiej,c75ff368-5f7d-4bb1-880a-fe9f84a6d693,1970-01-01,2,Retail,1086.02,ESP,BRA,0,1,0,0,1
sdv-id-vOfQKw,7b1463c9-30bf-4f5a-b01d-e9361527690a,1970-01-01,3,Retail,28.36,ESP,NGA,0,1,0,0,0
sdv-id-yjaHdC,eb078653-af87-4674-adc1-e2f75de470f7,1970-01-01,0,Gaming,1484.65,ESP,USA,0,1,1,0,1
sdv-id-WiJMKB,81d9cff9-9de2-48ca-8edc-3a083442853a,1970-01-01,0,Retail,38.5,ESP,ARE,1,1,0,0,1
sdv-id-LLgTKh,dd7edcf9-fbf0-4c30-9a61-73ed594a4f2e,1970-01-01,2,Gaming,289.36,ESP,CHN,0,0,0,0,1
sdv-id-rFJuuq,b78a2037-bd46-4bd5-82c5-2802aca65492,1970-01-01,0,Retail,322.7,ESP,BRA,0,0,0,1,0
sdv-id-UoGeaq,90ce77e9-7513-43b9-87de-96ea2b0fbe44,1970-01-01,0,Tech,2466.66,ESP,DEU,0,1,1,0,1
sdv-id-Sbqvgq,9e719a56-187e-4ca4-ba0f-01a487bb1f6d,1970-01-01,5,Food,1391.16,ESP,UKR,0,0,0,0,1
sdv-id-oypLMz,00adad8f-cc5e-479b-a7fc-50e01e7e0e2d,1970-01-01,0,Retail,685.96,ESP,VNM,0,0,1,1,1
sdv-id-iTmXjK,46d7a3ea-3e14-4cb6-9229-6fceddf1b853,1970-01-01,0,Tech,1996.75,ESP,CHN,0,1,1,1,0
sdv-id-CdBMsC,031831eb-a720-42b4-902f-236d44270572,1970-01-01,5,Retail,1025.51,ESP,CHN,1,1,0,0,0
sdv-id-znpIcs,cf32cd14-99c6-4fcf-acd2-7618bd143f78,1970-01-01,0,Travel,1951.01,ESP,ARE,0,0,1,0,1
sdv-id-Dqjwqi,92c5d3d7-c25c-4ea8-a43a-c2d48051d262,1970-01-01,1,Gaming,177.57,ESP,ESP,1,0,1,0,0
sdv-id-jUDFLb,960b9746-9b51-4232-bca7-644d47b76d17,1970-01-01,0,Food,1490.53,ESP,DEU,0,1,0,1,0
sdv-id-FTLYla,638c254c-076e-4bba-bc53-08bf6f92f25e,1970-01-01,0,Travel,2484.82,ESP,NGA,0,1,1,1,0
sdv-id-vXsLjo,ff4625af-bd20-463b-b275-b5f3d436a7a8,1970-01-01,4,Retail,2218.32,ESP,DEU,0,1,0,1,0
sdv-id-osgZbQ,27921c1c-f14e-4d13-9bd0-e94e601caf82,1970-01-01,0,Tech,770.43,ESP,DEU,0,0,0,1,0
sdv-id-EJVVOy,cba88a28-1727-40d8-bdf1-02c2b9b4c225,1970-01-01,1,Travel,749.43,ESP,ITA,0,1,1,1,0
sdv-id-ARrbDl,fa2fbd74-fd19-45cc-b4ed-a60e3b2d520b,1970-01-01,0,Food,1774.74,ESP,BRA,0,1,0,1,0
sdv-id-neynQA,6c44821e-af05-4764-8234-af07f3e08b1f,1970-01-01,5,Food,1511.85,ESP,GBR,0,0,0,0,1
sdv-id-eZXjwC,b15e54f6-d4d3-4795-ae4b-ebc429890880,1970-01-01,0,Food,1532.1,ESP,DEU,1,0,0,0,1
sdv-id-iKxllL,ec5412b4-0d74-4c38-bc58-82ecb34de663,1970-01-01,0,Gaming,149.15,ESP,NGA,1,0,0,1,0
sdv-id-BCPmmI,66194848-19bf-4f3b-92ed-24878aa9d39a,1970-01-01,0,Retail,505.91,ESP,UKR,0,1,1,1,0
sdv-id-Sltbla,cb5fb5b5-1388-4ee7-b0c3-dc02c4f8c5ce,1970-01-01,4,Tech,1598.63,ESP,GBR,0,1,0,1,0
sdv-id-CzyNwK,335f0d14-edb7-44e4-babb-66097de17a85,1970-01-01,0,Tech,1874.26,ESP,CHN,1,1,0,0,0
sdv-id-rrGPdk,982a2277-f966-459f-a6aa-59e5dc08bf29,1970-01-01,3,Food,1669.96,ESP,NGA,0,0,1,1,1
sdv-id-tLcofS,5441a465-ef3d-4f04-be22-c440e5339b2a,1970-01-01,0,Travel,351.35,ESP,USA,0,0,0,1,0
sdv-id-LkkEEu,0279d6d8-e869-48cd-8f0c-b156ffc6ce15,1970-01-01,3,Tech,615.44,ESP,RUS,0,0,0,0,1
sdv-id-mksIRz,6a7a4ce6-8d84-4ad9-b038-5cd1fb8671c1,1970-01-01,0,Retail,1654.17,ESP,NGA,1,0,0,0,0
sdv-id-sBEcmT,08252b39-1947-4a42-b10d-c9d17c413a2a,1970-01-01,5,Food,1324.09,ESP,ITA,1,1,1,0,1
sdv-id-YCJXkt,e4c4e73c-4c46-4ad8-a6c6-4e18fdce9d79,1970-01-01,0,Retail,2153.23,ESP,CHN,0,1,0,0,0
sdv-id-XNXGpF,90ce77e9-7513-43b9-87de-96ea2b0fbe44,1970-01-01,0,Gaming,2483.56,ESP,CHN,0,1,0,1,0
sdv-id-zHqXgZ,49e2b4f4-67b2-4af7-8938-3fb32018925e,1970-01-01,0,Gaming,2266.06,ESP,ESP,0,1,0,0,1
sdv-id-WYLtZP,6182f347-533f-4a72-b64f-a54a8c611654,1970-01-01,0,Gaming,1304.05,ESP,PRT,1,0,0,1,0
sdv-id-gKnjlK,991228be-d483-464a-a586-88744c3167b6,1970-01-01,0,Gaming,2157.31,ESP,ESP,1,1,1,1,0
sdv-id-LYUvsv,7ea7ccb8-b0ad-494d-b510-0bca0e7d25c3,1970-01-01,0,Travel,32.79,ESP,CHN,1,1,1,0,0
sdv-id-GVrKvO,d635212d-92fe-40e8-b63f-a809ee4d0dec,1970-01-01,0,Food,1054.97,ESP,PRT,1,0,0,1,0
sdv-id-fmpkvq,1a531cf9-b3a4-4d11-bbd5-ea4d3446d700,1970-01-01,0,Tech,508.78,ESP,DEU,1,0,0,1,1
sdv-id-CjLNLS,d4d8c52e-d4c6-47db-bcb4-8481b4f82d12,1970-01-01,0,Food,423.74,ESP,ITA,1,0,0,1,0
sdv-id-uhhwAw,80ddb386-2790-492f-b7c6-bc5d1a380e8e,1970-01-01,0,Food,1394.42,ESP,IND,1,1,1,1,0
sdv-id-qpbSBk,4eb9047d-ba2a-43d9-bcf2-fc3bd95874c2,1970-01-01,0,Gaming,2314.72,ESP,ARE,0,1,1,0,1
sdv-id-vTDxKf,2d79a2d1-506e-40c7-baa0-61e9336b00cb,1970-01-01,1,Gaming,1606.1,ESP,JPN,0,0,0,0,0
sdv-id-EPavxh,34fadee1-0696-4d48-98d4-2238331de35c,1970-01-01,0,Travel,55.74,ESP,USA,1,0,1,1,1
sdv-id-JkMJWn,1f09bd6b-bba8-4166-89f9-c43e6b074c79,1970-01-01,1,Food,247.63,ESP,RUS,0,1,1,1,0
sdv-id-iJuMPF,b4e48d56-39f2-4b71-a828-211d7a9410b6,1970-01-01,1,Food,785.0,ESP,JPN,0,0,1,1,1
sdv-id-raGBGI,0c443b8c-0686-44e7-9abd-385cd2c569ab,1970-01-01,0,Travel,839.48,ESP,VNM,0,1,1,0,1
sdv-id-yEzMZR,b71a72c1-582c-497f-8eb4-762ed32b3c0d,1970-01-01,0,Retail,1590.31,ESP,ITA,0,0,1,0,0
sdv-id-dzcOem,57f9f3a7-6193-4947-b63f-56acbfeeb533,1970-01-01,0,Tech,1133.56,ESP,CHN,1,0,0,0,0
sdv-id-IGjAXj,8ccc9cea-109f-48ee-b5a4-720058f0dd23,1970-01-01,0,Travel,292.11,ESP,USA,0,0,0,1,1
sdv-id-QzfFuB,71203b7a-1dcc-4f24-ba71-ce7b3248f699,1970-01-01,0,Travel,2327.87,ESP,BGD,0,0,1,0,1
sdv-id-MsClIq,4b6c14e4-cc58-4b60-ba4e-8355f5e8a7e1,1970-01-01,0,Gaming,447.65,ESP,BGD,1,1,1,0,1
sdv-id-wlZqxS,d0e656e5-9271-4f6e-bea8-2e3ab54401cb,1970-01-01,0,Travel,716.03,ESP,IND,0,1,1,0,1
sdv-id-HoVdPB,bab4eb77-959f-4841-ad19-312dde3b5a64,1970-01-01,0,Tech,1646.18,ESP,ARE,0,1,0,0,1
sdv-id-TAggub,76a6b583-dcac-4b04-90ae-fe0df836a3b0,1970-01-01,0,Retail,456.73,ESP,UKR,1,1,0,1,0
sdv-id-OxDDaM,a5135ea0-fa53-434d-a6d5-901d8b621d41,1970-01-01,0,Food,2136.57,ESP,VNM,1,0,0,1,0
sdv-id-dhSvJk,7c5470da-189e-4d6e-abda-4e04fbffa9e3,1970-01-01,0,Gaming,2402.7,ESP,GBR,0,1,0,0,1
sdv-id-mdvVwt,698c206f-e1a4-4e10-ad53-4dd0cf8ebc5a,1970-01-01,0,Retail,2292.8,ESP,IND,1,0,0,0,1
sdv-id-pflNaI,f996cbae-99b8-4c76-87cb-5208e94e1303,1970-01-01,0,Food,2126.95,ESP,IND,0,0,0,1,1
sdv-id-OzRqVr,b881d322-fe99-4342-9c76-2bd60f403393,1970-01-01,5,Gaming,1696.46,ESP,CHN,0,0,0,1,0
sdv-id-Ltfzmi,420fbeef-9def-4ab9-a54c-a6cadc70ce22,1970-01-01,0,Food,1399.01,ESP,FRA,0,1,1,1,0
sdv-id-WkQqas,a7d4cf50-f791-41e5-83f9-cd6b797ebe87,1970-01-01,0,Travel,2498.88,ESP,PRT,1,0,1,0,1
sdv-id-EcAvaQ,4a5ed287-85a6-4296-a9df-cc0c68db76b3,1970-01-01,0,Travel,514.38,ESP,DEU,1,1,0,1,0
sdv-id-VOnyxp,aabe05a3-66e7-403c-a522-67569c4b1428,1970-01-01,4,Travel,2485.65,ESP,FRA,1,1,0,0,1
sdv-id-KWlRWV,aed690cc-037f-4347-ab40-256118cd99c9,1970-01-01,3,Retail,1538.11,ESP,JPN,0,1,0,1,0
sdv-id-YZNuDH,a417c093-80a8-423d-97ea-ec838892042f,1970-01-01,0,Gaming,1875.59,ESP,PRT,1,0,1,0,1
sdv-id-hJwdzr,5a8d9931-5ebb-4417-b523-8331243711ee,1970-01-01,1,Retail,2178.6,ESP,CHN,0,1,1,1,0
sdv-id-egkNqm,628cdff8-67d9-48e4-993b-f230105a1242,1970-01-01,0,Travel,1135.03,ESP,ESP,1,1,0,1,0
sdv-id-QSFqdH,17101a77-3d88-4b62-b3df-2a11b79257a3,1970-01-01,0,Travel,709.63,ESP,ESP,0,1,1,0,1
sdv-id-edJQOP,adb94a81-6843-44a1-b3c1-114d4e8a10cb,1970-01-01,0,Gaming,1499.64,ESP,PRT,1,1,0,1,1
sdv-id-hSLNqj,bfca79d8-5f42-4f6b-9386-64e3c8386cbc,1970-01-01,0,Retail,1884.9,ESP,VNM,0,1,0,0,1
sdv-id-yODEKL,2c591da8-fff9-4acf-ae42-05eea52fc3ec,1970-01-01,0,Tech,1534.41,ESP,DEU,0,1,1,1,0
sdv-id-tYvZtb,92d13d77-da53-4699-a02a-9ced885afb35,1970-01-01,0,Retail,2470.82,ESP,ESP,1,0,0,0,0
sdv-id-DLXAMz,0361b157-b1fb-4587-a514-b3fcc809a0b4,1970-01-01,0,Food,552.31,ESP,FRA,0,0,0,1,0
sdv-id-TrqBwv,aeb00fb9-26cb-4e99-a945-e93a4a454398,1970-01-01,0,Food,6.84,ESP,ESP,1,0,1,1,0
sdv-id-fsjbqF,b34efd5b-6e73-4276-b065-42ee2e519870,1970-01-01,0,Tech,2023.41,ESP,PRT,1,1,0,1,0
sdv-id-WfIfUm,a0786e8f-5490-4f0a-b70f-8b814f8390da,1970-01-01,0,Travel,963.96,ESP,ESP,1,1,0,1,0
sdv-id-DsDQgs,81b85934-af37-4cf9-af2b-5e3109db40a9,1970-01-01,0,Gaming,383.76,ESP,UKR,0,0,1,0,0
sdv-id-nZpBUs,6f97aebd-e15d-4642-8a84-bd349d345ce9,1970-01-01,4,Gaming,1419.83,ESP,BGD,1,0,1,0,0
sdv-id-KjWltX,7b4e9ecd-de07-47b1-b8ae-8d5dfe268e77,1970-01-01,0,Food,430.48,ESP,FRA,0,0,0,0,1
sdv-id-iAzLVU,5713412e-8bce-4a58-9290-a83a2bef4363,1970-01-01,0,Food,1229.36,ESP,ESP,0,1,0,1,0
sdv-id-WLyoQq,c0a15dbc-695f-44ff-bbe3-0fd24ed7b3f3,1970-01-01,0,Travel,295.71,ESP,CHN,1,0,0,0,0
sdv-id-MgOMpw,067ab1d7-7059-4387-b89f-52d2a8737d14,1970-01-01,1,Retail,1825.06,ESP,VNM,1,1,0,0,1
sdv-id-zgAusJ,5e6e7e00-dc12-4f44-80f3-78ccebb06b15,1970-01-01,0,Retail,1004.29,ESP,UKR,1,0,1,0,1
sdv-id-LEGccY,0ea7c6ed-5f1d-4663-a5c5-afe189fdf534,1970-01-01,0,Gaming,834.33,ESP,CHN,1,0,0,0,1
sdv-id-scRZsC,752fbd7e-7c36-4908-8f94-2977b582ef0c,1970-01-01,0,Food,1267.13,ESP,ARE,1,1,1,0,1
sdv-id-aIccJW,ace1415e-4830-4db7-8810-a1690257ac68,1970-01-01,2,Food,1049.61,ESP,JPN,1,0,1,0,0
sdv-id-nvAJFc,dc14124d-7fb7-491d-965d-7815c61c79b4,1970-01-01,0,Gaming,2073.2,ESP,PRT,0,1,1,1,0
sdv-id-NttsdR,e6184043-f9db-40b0-a40f-1972ea94a772,1970-01-01,0,Gaming,1425.65,ESP,DEU,1,1,0,0,1
sdv-id-dVtHiW,52bacd95-8d73-43f8-94f9-9b39d0775ab4,1970-01-01,0,Retail,1047.71,ESP,GBR,1,0,0,0,1
sdv-id-OcqLat,cef483f6-71d5-4861-b6bd-6dbe3a8e36fd,1970-01-01,0,Retail,92.64,ESP,UKR,1,0,1,0,1
sdv-id-TDdcHS,c99496ab-6db7-4a7e-b0a6-d78ba64e2384,1970-01-01,0,Retail,1279.35,ESP,JPN,1,1,0,1,0
sdv-id-tfIdZS,f9287d26-37c0-487a-aaac-826edd18ab28,1970-01-01,0,Food,854.66,ESP,USA,0,0,0,0,1
sdv-id-gODnzV,4bf5cf0e-97a1-42a2-9606-be66a2a2d1a6,1970-01-01,0,Retail,1421.88,ESP,CHN,1,0,1,1,0
sdv-id-wVGhsC,4b4f8f74-8914-441c-9abc-47ce3068ffdd,1970-01-01,0,Gaming,1457.66,ESP,ARE,1,0,1,0,1
sdv-id-fUPcdk,37b567b4-172d-4bd0-8fbd-4c81a9008ecd,1970-01-01,4,Gaming,2234.32,ESP,ESP,0,1,0,0,1
sdv-id-HdwdtN,9b5c4b58-9c42-4665-bf3c-03a6357544ee,1970-01-01,4,Tech,460.63,ESP,RUS,1,0,0,0,0
sdv-id-vMpZvl,e7a9f866-38f9-4aed-a5c8-5224d202d65b,1970-01-01,0,Gaming,956.33,ESP,GBR,1,0,0,0,0
sdv-id-Kfswcj,848af440-7fc1-4858-afa0-d842bc55300b,1970-01-01,5,Travel,1454.24,ESP,ARE,1,0,0,0,1
sdv-id-eeaESJ,7edf1d61-4d55-467c-801f-39a647465064,1970-01-01,0,Food,1671.06,ESP,PRT,0,1,0,0,1
sdv-id-TXKshy,23648766-a43a-4bdd-8ce2-85dbdb30e078,1970-01-01,0,Retail,325.13,ESP,JPN,1,0,0,1,0
sdv-id-DfDgIj,4526aeed-47a0-4cda-a333-639f387364c1,1970-01-01,2,Retail,1753.3,ESP,CHN,1,0,1,1,0
sdv-id-drEbqB,3a5604b3-7acd-403a-971c-dfbf8dd9bb83,1970-01-01,0,Gaming,1347.96,ESP,USA,0,0,1,0,1
sdv-id-VLrKLp,44de3376-8a53-4a16-8752-7e223aff81d1,1970-01-01,2,Gaming,2446.03,ESP,USA,0,0,0,1,1
sdv-id-RVSVEI,9c18e0ba-3eea-4cf0-93ff-d1ea14f872f6,1970-01-01,0,Tech,2281.16,ESP,BRA,0,0,0,1,0
sdv-id-kNzlhG,eb91d7bc-42e1-4eb9-a49d-da44191f9e05,1970-01-01,0,Tech,649.5,ESP,PRT,1,0,1,1,0
sdv-id-cWBvvt,debf96d3-c64a-48bf-b4aa-e84ad5382419,1970-01-01,0,Travel,1269.59,ESP,FRA,0,1,0,0,1
sdv-id-bAhgZL,5256e276-fba7-4385-a98a-fcb03ef527fe,1970-01-01,5,Gaming,2358.41,ESP,JPN,1,0,1,0,0
sdv-id-fgesov,12916e60-f5e7-4daf-9d69-6bc8dc54d59b,1970-01-01,0,Gaming,689.55,ESP,JPN,0,0,0,0,0
sdv-id-YizzJI,4cdcffaf-7fec-41d8-9ed5-60c37afeb17e,1970-01-01,0,Tech,1371.94,ESP,BRA,1,1,1,1,0
sdv-id-Laqvnl,24057f26-e14b-4985-92ed-15070f31d27c,1970-01-01,4,Food,941.67,ESP,VNM,1,0,0,1,1
sdv-id-QfNDBb,e1dd2f7f-00c9-46e5-aaab-06296a5eec28,1970-01-01,0,Tech,1867.75,ESP,USA,1,1,0,1,0
sdv-id-pvJoYD,d5612a4a-e7a3-43fe-a090-c65f715c8f85,1970-01-01,2,Food,284.21,ESP,CHN,1,0,0,0,1
sdv-id-zdOkPZ,3347216c-7a7d-4d78-a70c-ada1c783870a,1970-01-01,0,Food,817.0,ESP,RUS,0,1,1,1,0
sdv-id-XbcnNL,14669189-5ca4-4e71-a8f0-e5f2e1568ad3,1970-01-01,5,Retail,736.01,ESP,CHN,0,0,1,0,0
sdv-id-mifPiA,c4502052-86a8-421a-810e-622bf8bc920c,1970-01-01,0,Tech,1978.03,ESP,USA,1,1,1,0,1
sdv-id-rMIcJR,fd7e1648-bc29-4d8d-915b-3aca208d0d01,1970-01-01,0,Retail,1458.86,ESP,CHN,0,0,1,0,0
sdv-id-FAyBUk,ff2e1955-fc6b-466b-a929-15a385cd74bf,1970-01-01,1,Retail,740.16,ESP,ITA,1,1,0,1,0
sdv-id-ZHHPKX,753840d9-87ea-49f2-9e85-95360c11c74d,1970-01-01,0,Retail,846.41,ESP,FRA,0,0,0,0,1
sdv-id-iOlsuo,21e8ac68-43e4-4caf-8181-a8cc369147eb,1970-01-01,0,Gaming,1097.01,ESP,IND,0,0,0,1,1
sdv-id-usjCJh,bcbd6eeb-ceab-4f76-b776-f4e846f90964,1970-01-01,0,Food,1188.74,ESP,JPN,1,0,0,0,1
sdv-id-USBrPm,8d0fe9b5-b9e8-46d0-9f0b-b32fe6ddbbe3,1970-01-01,0,Retail,1993.09,ESP,ARE,0,0,0,0,1
sdv-id-gUQods,b1fe69b8-0936-412c-a36d-feba6148ca39,1970-01-01,5,Gaming,1043.49,ESP,ARE,1,0,1,1,1
sdv-id-xKbjZk,d2eb35a1-355e-4329-87a1-31685681f41d,1970-01-01,0,Travel,865.41,ESP,ARE,0,0,1,1,1
sdv-id-FsQpnT,53254d59-d6b9-4d4a-8cd2-2b5d225d3bc8,1970-01-01,0,Tech,623.16,ESP,GBR,0,0,1,0,0
sdv-id-vtbZFB,7c20ecf5-8c4d-43b5-ad81-7b6b6ce1edee,1970-01-01,0,Tech,1081.88,ESP,JPN,1,1,1,1,0
sdv-id-glPOkt,6c8c5d0e-3eb3-46fd-b291-bc95b8bf9cae,1970-01-01,0,Gaming,389.57,ESP,GBR,0,1,0,0,1
sdv-id-eqrtqu,e9b1c4a1-da22-4b85-a9b9-2a1d457498ca,1970-01-01,1,Tech,608.18,ESP,NGA,0,0,0,0,1
sdv-id-XTXxDY,8441aefd-0299-436a-8e48-522346b98991,1970-01-01,0,Gaming,2046.34,ESP,BRA,1,0,1,0,1
sdv-id-KydpPp,072a5087-67d9-483b-bfdf-c5c0876cacdd,1970-01-01,0,Tech,1839.95,ESP,GBR,1,0,1,0,1
sdv-id-qCaqRO,286e3525-714f-4a88-9734-9175999fc68a,1970-01-01,0,Travel,702.72,ESP,BGD,1,1,1,1,0
sdv-id-GbGAQl,47691dcb-d0c9-4fc1-913f-24955ebc23bf,1970-01-01,0,Tech,1941.62,ESP,PRT,0,0,0,0,0
sdv-id-RvbmzA,8cd1692d-66af-4249-ba98-f602bc059dfb,1970-01-01,0,Food,9.31,ESP,UKR,0,1,0,1,0
sdv-id-iYJGjx,70aa9992-80c0-4667-9e18-23a23708eb7f,1970-01-01,4,Travel,1359.01,ESP,ESP,0,0,0,0,1
sdv-id-zKKnAG,3b7039b0-789a-4f00-9933-ca27a0e85f89,1970-01-01,5,Retail,2091.69,ESP,DEU,0,1,0,0,1
sdv-id-SEdWTW,5c508720-f982-44e0-8603-156a15eacbcf,1970-01-01,5,Travel,2225.07,ESP,CHN,0,1,1,0,1
sdv-id-JEmvwT,cbcb3293-9651-4240-8610-3d842672a20c,1970-01-01,0,Travel,2485.76,ESP,BGD,1,0,0,0,1
sdv-id-RXYOpH,e702d3cb-8f02-4e9c-ac04-399df466b44b,1970-01-01,0,Tech,632.46,ESP,ITA,0,0,0,1,0
sdv-id-iAgjQb,f28a030b-532d-48fe-b3fe-7e1df36deb13,1970-01-01,0,Food,1134.57,ESP,ARE,1,1,1,0,1
sdv-id-HSqGHr,b1af6608-abfc-4586-a55b-116e680c40c1,1970-01-01,0,Food,1539.92,ESP,RUS,0,1,0,0,0
sdv-id-NFFRiY,b8e44b7b-98fd-43b5-9575-cb44d5f8a246,1970-01-01,0,Gaming,885.71,ESP,IND,1,1,1,1,1
sdv-id-PALHAE,400b2ed1-109e-49c3-b035-a81d1793d050,1970-01-01,3,Gaming,1013.96,ESP,ESP,0,1,0,0,1
sdv-id-qZdUWu,3e42ee14-f70c-476c-bafd-04ce8931a16a,1970-01-01,0,Retail,206.15,ESP,DEU,1,0,1,0,1
sdv-id-ZjLAlt,3c1fdff0-331d-48bb-bcb3-636d7fbe6bb3,1970-01-01,1,Retail,1954.67,ESP,UKR,1,1,0,1,0
sdv-id-jKAtIh,ba266e87-432f-474f-91b7-2a5c10dd6f06,1970-01-01,0,Gaming,410.44,ESP,USA,0,0,0,1,0
sdv-id-hNFpeU,dc45d539-c03f-4538-a485-5aa1016b6287,1970-01-01,0,Gaming,130.28,ESP,USA,1,0,0,0,1
sdv-id-jZytbR,235aa8e9-838f-4802-bed4-6e351891c896,1970-01-01,0,Gaming,5.42,ESP,UKR,0,1,1,0,1
sdv-id-vdcuwK,d7f3b054-e266-416f-a3e4-92f3911cdbb8,1970-01-01,1,Gaming,2068.55,ESP,VNM,0,1,1,0,1
sdv-id-pEgfhH,d6321d31-c8ac-4fcf-a04d-4d14197dbae1,1970-01-01,3,Food,1391.84,ESP,BGD,0,0,0,0,0
sdv-id-jDZVOl,af70de70-2b69-495e-8567-1b58926bffa5,1970-01-01,0,Gaming,2189.65,ESP,NGA,0,1,0,1,0
sdv-id-nqIAAR,7be75206-2ce6-4f9f-bb67-caba8675ec71,1970-01-01,1,Food,2383.78,ESP,ITA,0,1,1,0,1
sdv-id-pAqoro,c227e0f2-0510-4943-be3e-b6f738b595b9,1970-01-01,0,Gaming,845.01,ESP,CHN,0,1,1,1,1
sdv-id-UKbtIt,1f27e8b5-62e0-4868-b701-74857b18c0a5,1970-01-01,0,Travel,1524.97,ESP,JPN,1,1,1,0,1
sdv-id-BheqmY,6c543e3f-1715-40b8-b37d-1ad9a282cd49,1970-01-01,0,Retail,606.66,ESP,CHN,0,0,1,1,0
sdv-id-bavEqT,96865cbe-2781-42d4-9234-fb9da84517ee,1970-01-01,0,Food,1620.55,ESP,USA,1,0,1,0,1
sdv-id-sisuzi,d498ede9-d286-46ac-ac42-6e1a88ad3de9,1970-01-01,0,Travel,684.92,ESP,IND,1,1,1,0,0
sdv-id-szWYQy,999413cc-ff99-47a8-88ad-b388287e4086,1970-01-01,0,Food,126.32,ESP,GBR,1,0,1,0,0
sdv-id-kPGJTi,9a037182-76f3-404d-8f92-b3fb081df5b6,1970-01-01,3,Food,979.4,ESP,BRA,0,0,1,0,1
sdv-id-wggGNC,ee926321-245f-4d94-aac1-4fd1eb74e721,1970-01-01,0,Retail,25.4,ESP,PRT,0,0,1,1,0
sdv-id-gRRlso,f3952657-4ea1-4bd9-afaf-20ec2a08c526,1970-01-01,1,Retail,1735.37,ESP,VNM,1,0,0,1,0
sdv-id-Vxuydr,567b9583-e679-4a4b-b3ce-cf7c90d5e87e,1970-01-01,0,Food,2303.9,ESP,UKR,1,0,1,1,0
sdv-id-YbVJgV,00d4af59-7427-4ca3-a87d-06ca6f4cc69a,1970-01-01,0,Food,1389.13,ESP,CHN,1,0,0,0,0
sdv-id-WcShjV,7259e6c4-d820-4466-8d55-93a365a6b335,1970-01-01,0,Retail,773.38,ESP,ESP,0,1,0,1,0
sdv-id-nnuKsk,107aad8b-821a-4ae4-a684-8d4a6b253e7b,1970-01-01,0,Tech,7.23,ESP,CHN,0,0,0,0,0
sdv-id-EqhAwL,9a760ea9-b063-49a0-9393-daad0835075f,1970-01-01,0,Retail,2048.51,ESP,UKR,1,1,1,0,0
sdv-id-wvwXgB,97154633-9d4e-4b71-ab2e-c80e4c255823,1970-01-01,5,Travel,564.52,ESP,PRT,1,0,0,1,1
sdv-id-erKJPr,5464b135-6335-450d-87dc-824ef27d4e92,1970-01-01,0,Food,979.15,ESP,UKR,0,0,0,0,1
sdv-id-iWQXSq,e55b93ad-8976-4471-9d7f-57d1e45def26,1970-01-01,0,Food,862.93,ESP,ESP,0,0,0,0,0
sdv-id-oPrKrZ,5c8bac02-8efa-4f51-b513-ee5300e208d1,1970-01-01,0,Travel,195.44,ESP,UKR,1,0,0,0,1
sdv-id-clEOHq,b67af865-cfc3-445b-9464-cda8dbf7fa26,1970-01-01,0,Travel,774.56,ESP,IND,1,0,1,0,1
sdv-id-wpnSWs,45876487-9555-46a4-845b-44d9bafd2834,1970-01-01,1,Travel,366.49,ESP,IND,1,0,1,1,1
sdv-id-JrkwDJ,160a3a13-30df-450c-89e0-8b89ca3e3238,1970-01-01,0,Food,628.11,ESP,DEU,0,1,0,1,0
sdv-id-JbaYBc,3ba4807e-4565-4d2d-bdb2-69e56c9dda26,1970-01-01,0,Gaming,898.31,ESP,ARE,0,1,0,1,0
sdv-id-kdVprp,d6b1ba8c-4fcf-4f89-9ae0-bb5a797763fe,1970-01-01,0,Food,2263.06,ESP,BGD,1,1,1,0,1
sdv-id-btDjYC,fd28750f-5868-4a1b-accb-cb41d7b205e5,1970-01-01,0,Tech,246.48,ESP,VNM,0,1,0,1,1
sdv-id-wKtriU,d72476da-45a0-4d54-b3a1-b80fd3bacc13,1970-01-01,1,Retail,2497.68,ESP,BRA,0,1,0,0,1
sdv-id-pxFoJz,5f84e3c5-6daa-4c7e-b575-76022d02223f,1970-01-01,1,Gaming,733.86,ESP,JPN,0,1,1,1,0
sdv-id-wXylZB,3f9304fa-0005-4b9d-a87d-21fff1fa7e6a,1970-01-01,0,Tech,2142.53,ESP,CHN,1,1,0,1,1
sdv-id-JImEPg,30bc76c4-e3fa-4893-acd4-e76df40ab6cf,1970-01-01,0,Travel,713.93,ESP,VNM,1,1,0,0,0
sdv-id-bjpbyQ,96ed79ef-b03e-4eb4-96e9-fa04df044782,1970-01-01,1,Travel,571.73,ESP,DEU,1,1,0,0,1
sdv-id-hlYONJ,edaf3766-1b78-4ede-9a4f-fc0c9165f2ed,1970-01-01,0,Retail,2487.42,ESP,GBR,0,0,0,0,1
sdv-id-ZaWuOs,c918a346-c00c-400c-8458-b006332cce0a,1970-01-01,0,Tech,2324.22,ESP,GBR,1,1,0,0,1
sdv-id-cVFQXZ,635b729c-eb2a-408b-8780-d6caddebd8d4,1970-01-01,0,Retail,921.11,ESP,FRA,0,1,1,1,1
sdv-id-DpyGbX,ac00cd5e-922d-4ba6-b5d5-b1199c09f0fe,1970-01-01,1,Food,1028.85,ESP,RUS,0,0,0,0,0
sdv-id-pQtrQZ,25ce5ac5-1e22-46b2-a009-48279672663f,1970-01-01,3,Travel,709.97,ESP,GBR,0,1,1,0,0
sdv-id-TxKfHi,70c92b33-ceef-4d5c-9cef-3d321cf63fae,1970-01-01,2,Retail,2185.92,ESP,RUS,0,1,1,0,1
sdv-id-xGJlOW,6732ceca-2c78-4c22-ba65-983dfa33fa98,1970-01-01,0,Retail,1998.41,ESP,CHN,1,1,1,1,1
sdv-id-RoEKrf,577ae5a1-80b6-468f-8735-b2bb35bd51ea,1970-01-01,0,Travel,23.59,ESP,VNM,1,1,0,0,1
sdv-id-wKKxbA,d4ec0595-3ff0-4d13-add7-1599e9fedd48,1970-01-01,0,Food,1864.61,ESP,USA,0,1,0,0,1
sdv-id-HuRFmY,3c3dbcd8-c705-4c5b-9eda-2838c7b95bd9,1970-01-01,2,Retail,187.33,ESP,BGD,0,1,1,0,1
sdv-id-yTYfiH,fc21109b-ba27-4c64-b96d-1ffb3a799efa,1970-01-01,1,Retail,2347.16,ESP,BGD,0,1,0,0,1
sdv-id-yBJzdx,3427e466-17f4-485d-997f-aaf01fa7cddf,1970-01-01,0,Tech,1196.46,ESP,ESP,0,1,1,1,0
sdv-id-SCgoqw,6426f2e5-b5ea-4220-8f57-cd9e1b309e97,1970-01-01,3,Gaming,1383.27,ESP,DEU,1,1,1,0,1
sdv-id-uLIzHE,35bd0f08-9aa7-484c-a1e8-39c567f77e75,1970-01-01,0,Travel,849.89,ESP,USA,0,0,1,1,1
sdv-id-jBrNTC,df9a7704-adc2-4f16-a4b3-0768fdfd984e,1970-01-01,0,Retail,1445.45,ESP,CHN,0,1,0,0,1
sdv-id-xqfDKG,30bc76c4-e3fa-4893-acd4-e76df40ab6cf,1970-01-01,2,Travel,1229.8,ESP,ARE,1,0,1,1,1
sdv-id-nIgReu,fd7e1648-bc29-4d8d-915b-3aca208d0d01,1970-01-01,0,Travel,707.77,ESP,UKR,1,1,0,1,1
sdv-id-LscZsi,73dd8d31-40e1-4b51-9128-58041243161c,1970-01-01,2,Retail,1523.15,ESP,NGA,0,0,0,0,1
sdv-id-ZxRHeB,b6799210-efe8-4716-b8e0-0f782cdaa0b2,1970-01-01,0,Gaming,1213.07,ESP,JPN,0,0,0,1,1
sdv-id-hPVfbx,8468b74d-85e3-4de5-98c1-aad6f3f8dea4,1970-01-01,0,Gaming,934.5,ESP,BRA,0,1,1,1,0
sdv-id-TfgDPE,fe8ac951-ccbe-4f51-9a73-24eb325d930b,1970-01-01,2,Food,1255.84,ESP,VNM,0,1,0,1,0
sdv-id-PRXgTv,b3bcc2da-bec6-4834-8982-211e54292824,1970-01-01,4,Retail,1255.13,ESP,BGD,0,1,0,0,1
sdv-id-HHfnxy,f7336094-6b2b-48b9-85c7-f3bed183010f,1970-01-01,4,Tech,1034.57,ESP,DEU,1,0,0,1,0
sdv-id-WtvvtW,2cef7557-90ad-47c6-9a5c-68adaeb0b110,1970-01-01,0,Tech,471.53,ESP,GBR,0,1,1,1,0
sdv-id-AHVSop,199ae3da-aae3-4bc0-8a19-54ec4a3fcfda,1970-01-01,0,Food,137.49,ESP,JPN,0,0,1,1,1
sdv-id-hKGlaN,72d980c1-5a36-43df-9532-94885dd4797b,1970-01-01,0,Retail,1581.3,ESP,BGD,1,1,0,0,1
sdv-id-qjYDon,257066e8-6eae-4b60-9f89-cec29dfe19d2,1970-01-01,0,Retail,1440.08,ESP,RUS,0,0,0,0,1
sdv-id-ylllFC,6c521d13-b719-4b68-a775-ee42a89e22f2,1970-01-01,0,Tech,287.55,ESP,ARE,1,1,1,1,0
sdv-id-BGHqtu,dd8181b2-f523-4ab5-9aa9-f6dcaf493e2f,1970-01-01,1,Gaming,1899.77,ESP,CHN,0,1,0,1,0
sdv-id-YQWuWI,430493f0-d7c7-43b7-ad13-68f305808066,1970-01-01,0,Gaming,1635.35,ESP,IND,1,0,1,0,1
sdv-id-QgXDoY,55caab20-a54d-42ab-8442-7173e8c9ec24,1970-01-01,0,Retail,666.24,ESP,ARE,1,0,1,1,0
sdv-id-Ebulqp,50d346e8-0e8f-43d4-99ab-20849fd0f410,1970-01-01,0,Tech,1376.99,ESP,ESP,0,1,1,0,0
sdv-id-NLnDhj,b63f93f6-46b5-48f6-851b-2922ca916df7,1970-01-01,0,Retail,1198.89,ESP,JPN,0,1,0,0,1
sdv-id-rZhZfC,26d0e3c4-01a7-4e0a-b3d0-13fdc6c00a8a,1970-01-01,0,Tech,2132.1,ESP,FRA,0,1,1,1,0
sdv-id-FRDHYv,8a2509a4-cde4-436f-94d8-eae02d9f3daf,1970-01-01,0,Travel,1627.68,ESP,CHN,0,0,0,1,0
sdv-id-fECntT,97d4d81b-9232-4c46-8127-884406c56863,1970-01-01,4,Retail,1963.25,ESP,VNM,0,0,1,1,0
sdv-id-PGBysZ,ee0c2cb5-1f63-4d1f-a8ed-eed76f721a94,1970-01-01,5,Retail,1791.95,ESP,IND,1,0,1,1,1
sdv-id-dmUwwZ,2b945cbb-3d16-4ab9-b01c-9191e81b60ff,1970-01-01,4,Travel,1692.19,ESP,DEU,1,0,1,1,0
sdv-id-goJNQy,206ce216-b54a-426d-ba8f-459237ea3bed,1970-01-01,0,Gaming,741.62,ESP,ITA,1,1,0,1,0
sdv-id-EenYTt,8374c273-cc70-4551-a881-5cd988219541,1970-01-01,2,Travel,303.69,ESP,FRA,1,0,1,1,0
sdv-id-PbJJPU,71a67925-1094-4b53-a6d5-1dc14ff90831,1970-01-01,5,Food,1991.15,ESP,RUS,1,1,0,0,1
sdv-id-nWYpHi,e2c07b0f-bc37-4a1e-917e-b16a99222b37,1970-01-01,3,Tech,2041.9,ESP,PRT,1,0,1,0,1
sdv-id-hkJfRE,8268690b-a438-45b5-99e4-b6714774bc58,1970-01-01,0,Food,421.01,ESP,USA,0,1,1,1,1
sdv-id-OnBtbX,4c4b52aa-0ef9-4903-b69a-deac06f4b0ee,1970-01-01,2,Food,91.44,ESP,ARE,1,1,0,1,1
sdv-id-RjpXRk,a2aba713-e5a7-4d2f-9547-19323e03a5ea,1970-01-01,0,Travel,445.28,ESP,CHN,1,1,1,1,0
sdv-id-smJjoK,6f102145-227b-4512-a2a5-aa212b3fde5d,1970-01-01,0,Travel,2328.83,ESP,ITA,1,0,1,0,1
sdv-id-hQSktw,2ab7fb10-de72-4c23-be66-f86146576837,1970-01-01,0,Food,243.9,ESP,BGD,1,1,1,1,0
sdv-id-CsQynj,b77dff3a-d3f0-4058-a717-7e595548f613,1970-01-01,5,Travel,2408.58,ESP,ARE,0,0,0,1,0
sdv-id-zuuMyb,4830effe-dd8a-4f0a-9278-f380b3510ddc,1970-01-01,1,Travel,1795.41,ESP,CHN,1,1,0,0,1
sdv-id-UwZViH,f28a030b-532d-48fe-b3fe-7e1df36deb13,1970-01-01,2,Retail,484.36,ESP,VNM,0,0,0,0,1
sdv-id-EqLQPo,aad29f81-7fe9-4b4f-8a7a-d5f3bdacb371,1970-01-01,0,Food,1896.61,ESP,GBR,1,1,0,1,1
sdv-id-UdVmqs,2c6fc084-c04a-4f68-9aab-1efb0838f528,1970-01-01,0,Travel,2463.02,ESP,FRA,0,0,0,0,1
sdv-id-bQDxkG,173e13d9-fc32-4db4-b5d8-053130e423e1,1970-01-01,0,Gaming,69.34,ESP,VNM,0,0,1,0,1
sdv-id-Clfmmt,8b73aba7-ed5e-4fa2-9fb3-0a4dc0712a38,1970-01-01,0,Retail,1991.29,ESP,VNM,0,1,1,0,0
sdv-id-WyrwQk,c0bf3b37-623d-4905-8c3e-b36ddc75f4cc,1970-01-01,0,Tech,676.66,ESP,NGA,1,1,1,1,0
sdv-id-NjTOpU,836f224b-0b8b-46f7-aad4-4e111397a29f,1970-01-01,0,Food,1639.42,ESP,JPN,0,0,0,1,0
sdv-id-OoTWQE,047d4bc7-2753-4c4a-9136-8ea85bd3494b,1970-01-01,0,Retail,1906.91,ESP,FRA,0,1,0,0,1
sdv-id-HcIhgv,41dbc918-9729-4a48-b9b1-2bdf38f14931,1970-01-01,0,Tech,831.0,ESP,RUS,1,1,0,0,1
sdv-id-CnGFgr,7a8b737a-31b5-476f-88e9-41fdb0850679,1970-01-01,0,Food,879.01,ESP,FRA,1,0,1,1,1
sdv-id-aKcLXC,9c89d374-c664-45a7-8077-3e33690e7e62,1970-01-01,0,Retail,171.79,ESP,GBR,1,0,0,0,0
sdv-id-zlDXqZ,92e9b765-9b9b-4926-a9eb-a9fe9a5e63f5,1970-01-01,0,Food,2204.35,ESP,ITA,0,0,1,0,0
sdv-id-gpPnML,ae92d5ea-6964-45b4-868c-1237ac1796a6,1970-01-01,0,Tech,1203.22,ESP,PRT,0,1,1,0,0
sdv-id-ikIuWt,aad9e93d-c3d0-4de3-8fbb-a84a80b57013,1970-01-01,0,Food,499.32,ESP,DEU,0,1,1,1,0
sdv-id-ihvzdS,c2b579c2-910f-445d-96f3-4d9bb918a6e8,1970-01-01,0,Gaming,1486.48,ESP,CHN,0,1,0,1,0
sdv-id-fHDxhH,c23b4ffa-f69f-4ce8-86bc-b3c014aee34d,1970-01-01,0,Gaming,2412.8,ESP,ARE,0,1,0,1,0
sdv-id-PzExaT,e7a33be5-5323-44aa-b056-fa5a4317abe4,1970-01-01,1,Retail,1836.34,ESP,ITA,0,0,0,0,1
sdv-id-jowAjj,fd0a5f40-113e-4dde-9ce2-0449011cb53c,1970-01-01,0,Food,233.3,ESP,VNM,0,1,1,0,0
sdv-id-TvzqkT,4ba99d78-b498-45d0-a5b1-c79954cecee7,1970-01-01,0,Travel,1834.39,ESP,RUS,0,1,1,1,0
sdv-id-ZlLsph,55545bb9-7622-459a-9d20-525ebbdcdd1f,1970-01-01,0,Retail,638.08,ESP,CHN,1,1,0,1,0
sdv-id-YBsbQt,b67e2215-809f-4b4f-96dd-12af4906c7ee,1970-01-01,0,Gaming,993.37,ESP,JPN,0,0,0,0,1
sdv-id-TwItKH,fc75de3d-d473-43b5-852a-2da70e00583d,1970-01-01,0,Travel,1726.52,ESP,RUS,0,0,1,0,1
sdv-id-jBYbQl,58625813-b28d-4506-b130-5648a6ebe702,1970-01-01,0,Tech,2016.88,ESP,VNM,1,1,1,0,0
sdv-id-zzwEZZ,803860ac-00f2-4f74-b393-509428b20e34,1970-01-01,1,Retail,1420.76,ESP,VNM,0,0,0,0,1
sdv-id-MRXzCH,4dfd3ecd-e50d-4de5-a395-b8677397d1a1,1970-01-01,3,Food,2358.67,ESP,CHN,0,1,0,0,1
sdv-id-UpNxUR,2b945cbb-3d16-4ab9-b01c-9191e81b60ff,1970-01-01,1,Tech,1415.39,ESP,ESP,0,0,1,0,1
sdv-id-xJjRaO,9d755e6c-ab84-478c-96e1-1e55e6a4443c,1970-01-01,0,Gaming,776.27,ESP,USA,0,0,1,1,0
sdv-id-PQCYzi,9a663d0a-333c-42bf-93ce-8fb6187c3bb0,1970-01-01,1,Food,1995.93,ESP,BGD,0,0,1,0,1
sdv-id-vIQsiY,b08647e1-fa64-4958-b9c2-c1a2bcc9245c,1970-01-01,0,Retail,2411.0,ESP,NGA,0,1,0,1,0
sdv-id-amxLJj,7a52cd11-cb32-42ab-b5e9-fa216fef2a24,1970-01-01,3,Food,414.28,ESP,VNM,1,1,0,0,0
sdv-id-LPRxqP,5f642a53-17cb-485d-bbaa-574fe0e3c5ce,1970-01-01,0,Food,881.71,ESP,ARE,1,1,1,1,0
sdv-id-ACQGns,6f082598-e1b4-47ef-9f8a-4862ff68ef1a,1970-01-01,0,Food,1700.43,ESP,NGA,1,0,1,1,0
sdv-id-YDCVCM,b2e13d23-41c9-42f2-94ae-d155212075d1,1970-01-01,0,Tech,1007.18,ESP,RUS,0,0,1,0,1
sdv-id-mnSHqG,af5a7636-e8b8-4252-9670-cd19383e69a4,1970-01-01,4,Tech,2072.82,ESP,ITA,1,1,0,1,0
sdv-id-TSjKyL,7ee667de-d93e-4a4d-aa6a-642bfabfa7ef,1970-01-01,5,Travel,463.78,ESP,IND,1,1,0,0,0
sdv-id-cBirEy,23a49571-33cb-49ef-95c0-4765b51bd20f,1970-01-01,0,Retail,1455.94,ESP,ARE,0,0,0,0,1
sdv-id-tsBhai,ef2adff8-cea4-49c4-9eca-df24f0d1fa72,1970-01-01,0,Gaming,2109.83,ESP,PRT,0,0,0,0,0
sdv-id-aBXYMe,8ff19886-5a2c-41bc-82c2-26ff1d8b32d9,1970-01-01,0,Food,1751.7,ESP,DEU,0,0,1,1,0
sdv-id-eIUeIH,357cc20c-b7bf-4181-9262-d5ac8f7e91de,1970-01-01,2,Travel,2476.31,ESP,IND,1,1,1,0,1
sdv-id-wPdEZy,f7eba7e9-1dd0-4ec8-ab30-f1b1bb4c5947,1970-01-01,0,Food,1636.62,ESP,CHN,1,0,0,0,1
sdv-id-TmCaqK,ad32a7c6-8b64-412c-9bd5-37b1c35adde3,1970-01-01,0,Retail,1011.32,ESP,GBR,0,1,0,1,0
sdv-id-wWdqJJ,8b0e8eb1-ad37-4d9e-92cf-60211f33242d,1970-01-01,0,Tech,1360.31,ESP,PRT,0,1,0,1,0
sdv-id-RGDPVU,b2676a5d-e869-441d-9089-94b189b21c3b,1970-01-01,0,Travel,956.06,ESP,BGD,1,0,0,0,1
sdv-id-fUhSRt,bfb5ab4e-ea57-453c-9dc6-1cb849a7102d,1970-01-01,0,Travel,2479.04,ESP,JPN,1,0,0,0,1
sdv-id-IIWICN,46ef5599-c33c-42ee-a45a-2d29ce87cc55,1970-01-01,3,Travel,2334.64,ESP,USA,0,1,1,0,1
sdv-id-wqDhzv,7e7b7dac-bea6-4b61-af92-54fd12e184ce,1970-01-01,5,Tech,2380.69,ESP,NGA,0,1,0,1,0
sdv-id-AxRIQC,38617ce9-64f7-4c10-8698-3234624695b9,1970-01-01,0,Food,330.3,ESP,RUS,1,0,1,1,0
sdv-id-QRvZVz,8381863c-fb0c-485d-a886-68a4e0f99296,1970-01-01,1,Travel,619.26,ESP,FRA,0,1,0,1,1
sdv-id-gCwCNo,72f444ab-c1d7-4f4a-b302-5d161ecacae9,1970-01-01,2,Tech,402.72,ESP,VNM,0,0,1,0,1
sdv-id-gRinOT,c528ac36-2545-434c-b14c-d65e079e8b0b,1970-01-01,3,Travel,195.47,ESP,BRA,1,1,1,1,0
sdv-id-OljsrL,d0ccc1a5-1b91-4adc-8333-34f66a6a0149,1970-01-01,3,Travel,87.07,ESP,ESP,1,0,1,1,0
sdv-id-hsHfwg,9fb02727-3549-4673-888a-ca21b1f4dd88,1970-01-01,0,Food,2366.5,ESP,USA,0,0,0,1,1
sdv-id-yHKYLn,ac2c96e7-79e9-490b-be1f-cad10e6884d6,1970-01-01,0,Food,982.91,ESP,VNM,1,0,1,0,0
sdv-id-GunxIi,7f6bd3c6-1b34-4937-88e6-09391d2fed2a,1970-01-01,5,Tech,471.02,ESP,DEU,0,1,1,1,0
sdv-id-ibzygl,2403b9a9-7b2a-4997-a63a-80fd8ca0a958,1970-01-01,0,Travel,322.19,ESP,VNM,1,1,0,0,1
sdv-id-VwvOUJ,d99472c6-e6b8-4bf5-a454-a9f6a87dd098,1970-01-01,0,Retail,2498.4,ESP,RUS,1,1,0,0,0
sdv-id-PWNqgC,d0d0d99d-b7a4-4237-a77f-172590ea31de,1970-01-01,0,Tech,2314.73,ESP,VNM,1,0,1,1,1
sdv-id-tKeJtJ,095b81d6-b97d-4617-b487-246c21f9c072,1970-01-01,0,Tech,2426.49,ESP,UKR,0,1,1,0,1
sdv-id-dFWcot,c05db544-7881-4492-a320-3fa90bf3ee35,1970-01-01,0,Retail,517.42,ESP,USA,0,1,1,1,1
sdv-id-asbOZH,17391cff-8cc9-4052-8f52-ddca3b906d87,1970-01-01,0,Retail,356.74,ESP,ESP,1,0,0,1,0
sdv-id-JASouV,16b52fab-bb25-467d-8d21-4444795b325e,1970-01-01,1,Gaming,503.4,ESP,DEU,0,1,0,0,1
sdv-id-OYrcam,c5c68438-b92c-4430-b539-8963d3270cc0,1970-01-01,0,Tech,1721.97,ESP,PRT,0,1,0,1,0
sdv-id-WxSEYR,14dd5061-5557-46f8-a67e-ddcedf8f4197,1970-01-01,1,Travel,1134.59,ESP,CHN,0,1,0,1,0
sdv-id-eNUUBw,5ef36d4d-9d85-4a72-af9a-544a3de372e9,1970-01-01,5,Tech,336.25,ESP,BRA,1,1,1,0,1
sdv-id-lQDIog,1046e3df-ddfe-4849-8c48-5cfc9a0270da,1970-01-01,0,Food,2016.79,ESP,UKR,1,0,1,0,0
sdv-id-qCGeQW,ee1eedbf-4634-4607-b260-a3ed02dec88f,1970-01-01,0,Gaming,2494.72,ESP,FRA,0,0,1,0,1
sdv-id-uDBfbi,75175f39-7354-44fb-a44a-0371c5ab4e57,1970-01-01,0,Gaming,213.41,ESP,ARE,1,1,0,0,0
sdv-id-uvYLVZ,cb2c4e21-1dce-4e8c-b714-bab76ef59d48,1970-01-01,4,Retail,978.24,ESP,VNM,0,1,1,1,0
sdv-id-wIbTij,0a76e404-9bad-46c6-9d7d-08c960cc7abd,1970-01-01,0,Gaming,286.55,ESP,NGA,0,1,1,1,0
sdv-id-DyeYEp,496fe308-24f7-4239-b94d-91565c31d125,1970-01-01,0,Travel,101.92,ESP,VNM,0,0,1,0,1
sdv-id-ZkrJvJ,f81379f3-a170-411f-a862-8d4bcc3c33f5,1970-01-01,0,Tech,889.47,ESP,ESP,0,1,0,1,0
sdv-id-hbTTXP,1d142405-070c-4acd-923b-6c06c5fabf97,1970-01-01,0,Food,1619.82,ESP,VNM,1,0,1,0,1
sdv-id-QEFYCL,90441ec6-5ef0-495e-a152-dc3a3894de06,1970-01-01,0,Travel,320.14,ESP,UKR,0,0,0,0,1
sdv-id-uDpudz,8332b29b-8099-4da1-b5d9-2b5574dcbf13,1970-01-01,3,Tech,1713.05,ESP,BGD,0,1,1,0,0
sdv-id-CjeTPK,3db87d15-32d8-4ff9-b9c0-48829b40bb90,1970-01-01,1,Tech,273.08,ESP,USA,1,1,1,1,1
sdv-id-tnYsKt,ac608144-6cb5-4299-a0e8-6fd500903816,1970-01-01,1,Food,2473.78,ESP,UKR,1,1,1,1,0
sdv-id-qnOGoM,130f0872-966f-4d47-8321-4b1455928cd5,1970-01-01,1,Gaming,2448.81,ESP,JPN,1,1,1,0,1
sdv-id-fesGQG,15c2ca8c-0d2e-473e-9590-e3456ee82dd7,1970-01-01,0,Travel,1922.15,ESP,VNM,0,1,1,0,1
sdv-id-twTNds,31ab2c49-ec81-4e3e-a66a-786114941dbd,1970-01-01,1,Food,1357.92,ESP,IND,0,0,0,1,0
sdv-id-zwQenm,62ed5403-88d4-4ff4-904f-3fc56400bb0e,1970-01-01,0,Gaming,757.8,ESP,BGD,1,1,0,0,0
sdv-id-sydJHi,5ad2c420-f09d-4a8a-bcd9-915dc2b408fc,1970-01-01,0,Tech,921.95,ESP,GBR,0,0,0,1,0
sdv-id-KJGzqE,bdcac10f-f9e9-4f93-a0ee-5e8ab3e6f4c6,1970-01-01,0,Travel,2191.5,ESP,GBR,1,0,1,0,1
sdv-id-zMkrwV,1d6a62d5-9c19-4073-add8-b2daec6092bb,1970-01-01,0,Travel,874.97,ESP,RUS,1,1,0,1,0
sdv-id-YDZfZC,69175c82-c4c3-4aeb-adce-d19ff47e2c3e,1970-01-01,1,Travel,210.65,ESP,RUS,0,1,1,1,0
sdv-id-BmQqiZ,30a04e0b-3a4d-4f57-8715-5ad38ca0cd2a,1970-01-01,2,Gaming,251.52,ESP,UKR,0,1,0,1,1
sdv-id-VSdOnA,6ad65b8c-3a38-4844-afbf-fde4a0226155,1970-01-01,0,Food,153.66,ESP,IND,0,1,1,1,0
sdv-id-iNZwOp,d93eeb08-2fe2-4180-b02d-c72b13664d76,1970-01-01,2,Tech,2316.86,ESP,BGD,1,1,0,1,0
sdv-id-cKzPEJ,9760dd35-64b4-45c3-be5f-b9a285f801f0,1970-01-01,0,Tech,2206.78,ESP,UKR,0,1,1,0,1
sdv-id-fWERMI,ec2530fa-98b1-451e-b25d-71f1836a2e1d,1970-01-01,5,Travel,1186.58,ESP,BGD,0,0,0,1,0
sdv-id-iWMFyN,79b8023d-2a31-49ba-a4b1-7e4525807a2c,1970-01-01,0,Retail,1545.38,ESP,ITA,0,1,0,0,1
sdv-id-xodwon,ef5e0d74-fe2e-4c0f-9c68-a6142644b6f9,1970-01-01,0,Gaming,103.3,ESP,BRA,0,0,0,1,0
sdv-id-eZvhoT,dc160e3d-eb15-4f5b-81a0-578257ec95f3,1970-01-01,2,Travel,2349.34,ESP,FRA,1,1,0,1,0
sdv-id-ilrvOg,512628f2-978b-4951-badb-d2b2943a1af1,1970-01-01,0,Travel,2414.72,ESP,IND,0,0,0,0,1
sdv-id-crBJPO,1252f53b-91f3-411c-97ad-fb9369a8f894,1970-01-01,0,Travel,349.2,ESP,VNM,1,0,1,1,0
sdv-id-EJFfNQ,50d8ae13-5a66-4824-a021-6b00a43ccdd5,1970-01-01,0,Retail,2173.48,ESP,FRA,0,0,1,0,1
sdv-id-vrSkRs,4ccb2355-39d1-47ff-b27e-1442fd7fe973,1970-01-01,0,Travel,797.42,ESP,UKR,1,1,1,1,0
sdv-id-tIhnRy,42a1279b-8bf5-4aed-9904-b887d77b03b3,1970-01-01,0,Tech,2093.34,ESP,ESP,1,1,0,1,0
sdv-id-tzdZUz,bb815c56-b95b-4efe-97a2-9c6c47bb6bb0,1970-01-01,0,Travel,2326.88,ESP,NGA,0,1,1,1,0
sdv-id-BOmSXj,1cc0b764-b06b-4fca-96b4-05d7712dd406,1970-01-01,1,Retail,580.09,ESP,GBR,0,1,0,1,0
sdv-id-HuKcGP,4a7109c6-74f8-4694-bc95-9cad75e7f531,1970-01-01,1,Gaming,1367.65,ESP,UKR,1,1,1,1,0
sdv-id-hFpEjS,87b31442-3a6f-466b-ba8c-178b4e90b61e,1970-01-01,0,Tech,1492.03,ESP,UKR,0,1,0,0,1
sdv-id-pHcxhk,71b31c91-9806-4af9-a82f-bcce8e25ce3d,1970-01-01,5,Travel,929.04,ESP,IND,0,0,1,1,0
sdv-id-AyUNEe,b9def348-4ea7-4fb3-8dbb-d8ed4ebed7c3,1970-01-01,0,Retail,1100.62,ESP,FRA,0,1,1,0,0
sdv-id-rafFqV,4ccb2355-39d1-47ff-b27e-1442fd7fe973,1970-01-01,0,Gaming,1210.87,ESP,RUS,0,1,1,0,0
sdv-id-OjLXoq,0fe66ed6-5980-49bb-b87e-970efd969b8d,1970-01-01,0,Tech,1372.89,ESP,JPN,0,0,0,1,0
sdv-id-nzEfJd,97affdcd-26a1-4f29-a85c-ecb9ed6d216d,1970-01-01,0,Gaming,1569.68,ESP,CHN,0,1,0,0,1
sdv-id-ZWLUwD,fe389c35-e28c-459c-8124-14079870fafa,1970-01-01,0,Food,1903.44,ESP,GBR,1,0,1,0,1
sdv-id-YhDZdE,1fac9217-e36e-4b7f-917c-e0825572f1b3,1970-01-01,4,Travel,2187.9,ESP,RUS,1,1,1,0,1
sdv-id-QHkfjk,58c6b1c6-74d0-42c5-ab3c-c270e188d3d7,1970-01-01,2,Travel,2189.3,ESP,PRT,0,0,0,1,0
sdv-id-Izpewv,8fffe845-6257-4e9c-8260-1132c02fb24f,1970-01-01,3,Retail,537.99,ESP,ITA,1,1,1,1,0
sdv-id-bRjznu,d25b1508-5c9f-448d-92c5-ab6b61a8fcee,1970-01-01,5,Travel,458.45,ESP,FRA,1,0,1,1,0
sdv-id-yeInzl,a2ef1e21-7fb3-4568-9594-eea843816e47,1970-01-01,0,Gaming,1301.95,ESP,ITA,0,0,0,0,0
sdv-id-kDUQWx,f68ae9b7-9b3a-41d1-b9ee-80ab46c937e0,1970-01-01,0,Travel,2232.65,ESP,UKR,0,0,0,0,1
sdv-id-JqFDjp,a44a0d54-472a-4d93-ac6e-7aa80e81a1fd,1970-01-01,4,Gaming,1728.88,ESP,UKR,0,0,0,0,1
sdv-id-AaNZFD,c1fd2d6d-277d-4dcb-a3ed-c79cdd1af7be,1970-01-01,5,Gaming,417.06,ESP,NGA,0,0,1,0,1
sdv-id-MdACrg,6dac527f-7c70-4586-a5e4-61324e66d424,1970-01-01,0,Retail,2319.82,ESP,BGD,0,1,0,0,1
sdv-id-LTjDNe,7671b52a-293d-4fae-876d-9b132958d9ab,1970-01-01,0,Travel,33.9,ESP,ARE,1,0,1,0,1
sdv-id-sZQIOI,6e12bda9-b2ec-4ff4-8b59-b1515dde7466,1970-01-01,0,Tech,745.72,ESP,PRT,0,0,0,0,1
sdv-id-pBUobO,701ae861-a38c-4df1-9531-06900997ed80,1970-01-01,3,Gaming,2197.91,ESP,NGA,0,0,1,0,0
sdv-id-pNoYAG,695db06d-3151-4b94-b88f-7584a31dcd15,1970-01-01,0,Tech,1665.65,ESP,PRT,0,0,0,1,0
sdv-id-iSGztF,b9ea8873-8a9d-4593-8ce1-7e35651fd429,1970-01-01,1,Food,1071.7,ESP,ITA,1,0,1,0,1
sdv-id-WMWPvc,2a1f955a-d499-4a99-85c4-5a3ee9da484a,1970-01-01,0,Retail,2204.79,ESP,CHN,0,0,0,0,1
sdv-id-REdXTP,32455848-cbcf-4687-95d2-5c83c7e9607b,1970-01-01,0,Retail,2453.93,ESP,NGA,1,0,1,0,1
sdv-id-RRcFyZ,0ea7c6ed-5f1d-4663-a5c5-afe189fdf534,1970-01-01,0,Food,839.34,ESP,PRT,1,0,0,0,1
sdv-id-yDAAPd,da2a4996-aaef-4529-81aa-db8000401b20,1970-01-01,0,Tech,704.79,ESP,ITA,0,1,0,1,0
sdv-id-vJdCOD,5254aad3-809c-4839-90ce-82e8e9a53368,1970-01-01,0,Retail,906.75,ESP,USA,0,1,1,1,0
sdv-id-uakdAR,3c71e0be-f357-4560-b1d7-966571818dcf,1970-01-01,0,Food,752.37,ESP,DEU,1,1,1,1,0
sdv-id-Jhyxvz,26d0e3c4-01a7-4e0a-b3d0-13fdc6c00a8a,1970-01-01,0,Travel,1249.69,ESP,GBR,1,1,0,0,1
sdv-id-sMFoZu,5a744822-fd07-4913-a657-abb6b81f2807,1970-01-01,0,Food,1575.72,ESP,BGD,1,1,1,0,1
sdv-id-vdeBMR,c4d598f7-e14f-4093-8b6a-d0c7a2356dd4,1970-01-01,0,Travel,1878.99,ESP,PRT,1,1,0,0,1
sdv-id-Csfdfv,a83db2df-e4aa-412a-a682-13c7a525dcd0,1970-01-01,0,Gaming,1823.87,ESP,JPN,1,1,1,1,0
sdv-id-ZXTLef,cad04982-ceb2-4a32-b189-727f6a8d8a70,1970-01-01,3,Retail,1297.95,ESP,JPN,0,1,0,1,0
sdv-id-ObSCZv,98ae4334-6c12-4ce8-ae34-0454cac5b68c,1970-01-01,0,Gaming,2403.87,ESP,ARE,1,0,1,0,0
sdv-id-PeVVzN,033e02f7-1e93-4127-acf7-2140bd9bc648,1970-01-01,0,Retail,973.04,ESP,VNM,0,0,0,1,1
sdv-id-sEVqgb,e0e660c2-b477-4af7-b8d7-e825bd6f6707,1970-01-01,0,Travel,1001.03,ESP,IND,0,0,1,1,0
sdv-id-Zuwqvp,737cf8b5-6356-4add-a85a-9f2b4236c0bf,1970-01-01,0,Food,562.57,ESP,IND,1,0,1,1,0
sdv-id-RnhvqW,d0e656e5-9271-4f6e-bea8-2e3ab54401cb,1970-01-01,0,Travel,1446.37,ESP,VNM,0,0,1,0,1
sdv-id-Fzwrjw,5ca260c9-eb76-47c9-b08a-4895d4ffa666,1970-01-01,0,Gaming,1331.77,ESP,UKR,0,0,1,0,1
sdv-id-VbNICe,b366ffd1-ae4d-4a19-a2c2-aa2466e9a80e,1970-01-01,0,Gaming,1789.3,ESP,CHN,1,0,0,0,1
sdv-id-vfHKtv,7a44167a-63f7-4edf-b294-8c6466d2c0a7,1970-01-01,0,Food,2080.19,ESP,DEU,0,1,0,0,0
sdv-id-nasuDA,57232faa-b578-4525-af0a-c5d6ee5e1fb5,1970-01-01,0,Food,270.67,ESP,GBR,1,0,0,1,1
sdv-id-HUbqIk,afca225a-fc7c-4c3e-99dc-e8191841d873,1970-01-01,3,Gaming,1268.7,ESP,USA,0,1,1,1,0
sdv-id-hisBvH,6b44312a-a565-4d41-a8d1-41dbc94bcc99,1970-01-01,0,Travel,973.78,ESP,FRA,1,1,1,0,1
sdv-id-cCNGjO,480d0cf3-406d-4351-aefb-e3b3f7d7f5c0,1970-01-01,2,Travel,1650.59,ESP,RUS,0,1,0,0,1
sdv-id-InyJDe,db394550-3210-4c49-9d4f-f1c8618e72a7,1970-01-01,0,Food,1784.57,ESP,GBR,0,1,1,0,0
sdv-id-bTEOTc,6b70d4d5-6e0d-4295-b1d4-6873c29d0b1c,1970-01-01,0,Travel,2285.74,ESP,PRT,0,0,0,0,1
sdv-id-hKaxXl,242c60e4-c39d-470c-99a3-af5a1457e890,1970-01-01,0,Tech,377.17,ESP,USA,1,1,1,0,1
sdv-id-qbpRTS,60c336eb-5fd6-49e6-85f9-70f75075b7d1,1970-01-01,0,Travel,1114.72,ESP,ESP,1,0,1,1,1
sdv-id-ZmCOsJ,43470982-6808-4471-ac87-ae14f8505ae9,1970-01-01,0,Gaming,541.24,ESP,RUS,0,0,0,0,0
sdv-id-BYzeXK,8e6b2439-6a1e-4d9a-b05f-052bd682a0b4,1970-01-01,5,Food,2031.01,ESP,VNM,0,0,1,0,0
sdv-id-weKRdJ,290a8303-e1c6-47c2-81d8-93a5ffc7aba2,1970-01-01,0,Travel,475.96,ESP,JPN,1,1,0,0,0
sdv-id-ZPbOrA,f4dbca07-e506-4670-b092-947dbe4969ec,1970-01-01,2,Gaming,338.85,ESP,ESP,1,0,1,0,1
sdv-id-nQOzuq,3616c37c-4800-4596-ae14-aa404dd5dda9,1970-01-01,0,Travel,169.39,ESP,IND,1,0,0,0,0
sdv-id-RCZBhx,b63f93f6-46b5-48f6-851b-2922ca916df7,1970-01-01,0,Travel,1304.86,ESP,ARE,0,1,0,1,0
sdv-id-axsUJK,f337b261-5f83-42d5-bb0c-7919330ccff5,1970-01-01,5,Tech,521.47,ESP,GBR,1,0,0,1,0
sdv-id-kPmWdv,a1943347-b9eb-4e1f-935b-67b42fbd9d23,1970-01-01,0,Tech,2403.08,ESP,IND,0,0,1,1,1
sdv-id-JElWLW,070deea0-bb09-4763-8f39-a47fb3288760,1970-01-01,0,Tech,1360.49,ESP,IND,0,1,1,0,1
sdv-id-DdfRza,dc6bf2c8-db18-4d46-8029-d6335b9559d0,1970-01-01,0,Retail,1530.46,ESP,GBR,1,1,1,1,0
sdv-id-ELzqnm,1c36036f-beba-4619-9b6f-b706e04e6585,1970-01-01,1,Gaming,835.91,ESP,ESP,1,0,0,1,0
sdv-id-MclsXJ,06927c51-6e66-469f-be4e-4d70455be7a1,1970-01-01,0,Tech,20.54,ESP,BGD,1,1,1,1,0
sdv-id-yeyKDl,acd819c6-11ba-43d4-bef3-ba2121cdbab6,1970-01-01,5,Travel,897.68,ESP,IND,1,0,0,0,1
sdv-id-XcWvZP,ae8d67b5-953d-4f7d-9906-de77b496c0e4,1970-01-01,0,Retail,1896.11,ESP,ARE,1,0,0,0,0
sdv-id-QPfVKl,1e7c6795-a8c6-42df-9d23-ff41dae13586,1970-01-01,0,Gaming,125.63,ESP,JPN,1,1,0,1,0
sdv-id-thnZkT,a0157233-baf9-4557-b642-35139ba143ac,1970-01-01,2,Gaming,2132.84,ESP,NGA,1,1,0,0,1
sdv-id-GTGOls,d2c07522-9cb1-4954-8e83-2587315eb39f,1970-01-01,0,Food,41.47,ESP,BRA,1,0,1,0,1
sdv-id-dOOpJC,3ff69f41-9508-4801-a3be-7ca05df924fb,1970-01-01,0,Tech,2030.69,ESP,UKR,1,0,1,0,0
sdv-id-fPskRD,f882c326-91f2-4485-9d09-18564b3dd578,1970-01-01,0,Tech,548.67,ESP,FRA,0,0,1,1,0
sdv-id-NQyjgM,496ff6e3-0495-461f-9080-810858904829,1970-01-01,0,Retail,2338.48,ESP,BRA,1,0,0,1,1
sdv-id-GnYTpZ,21a1b343-77a4-402c-995d-48ed6a020dca,1970-01-01,2,Gaming,421.48,ESP,DEU,0,0,0,1,0
sdv-id-hZtbss,acd819c6-11ba-43d4-bef3-ba2121cdbab6,1970-01-01,2,Gaming,1227.39,ESP,VNM,0,0,0,1,0
sdv-id-whCIbN,64b56f4e-0833-4cee-88a0-5e4fb064672a,1970-01-01,0,Tech,2130.86,ESP,ITA,0,0,0,1,0
sdv-id-IMtvHS,11186c1a-8540-42b0-aaa8-2f4e4fc4e8cd,1970-01-01,1,Tech,1242.75,ESP,FRA,1,0,1,0,1
sdv-id-bQmxci,63fe0717-f6a8-48cc-ba11-df76d6e75f73,1970-01-01,0,Tech,1078.46,ESP,USA,0,0,0,1,0
sdv-id-Dudyrf,17f85f5b-f1e2-4ce7-bd73-0c3bbade33a0,1970-01-01,0,Travel,1696.33,ESP,PRT,0,0,1,0,1
sdv-id-dpaFRt,f3377b9e-e605-47ef-be74-47a2a672d32f,1970-01-01,0,Tech,1808.97,ESP,ITA,0,0,0,1,1
sdv-id-wPODAy,40f895ff-2335-4f7f-ae57-927f730cce0e,1970-01-01,0,Travel,465.26,ESP,BGD,1,0,0,1,1
sdv-id-XqOZYO,0e9b65bb-a4d4-4431-ba38-f5a09ee08a70,1970-01-01,0,Food,1145.76,ESP,ESP,0,1,0,0,0
sdv-id-vaeqkP,072a5087-67d9-483b-bfdf-c5c0876cacdd,1970-01-01,0,Travel,1102.36,ESP,ITA,0,1,1,1,0
sdv-id-mmvlgv,e2c07b0f-bc37-4a1e-917e-b16a99222b37,1970-01-01,0,Gaming,2242.67,ESP,ESP,0,0,0,0,1
sdv-id-iKruWC,400b2ed1-109e-49c3-b035-a81d1793d050,1970-01-01,0,Retail,328.4,ESP,BRA,1,1,0,1,1
sdv-id-QjpSXv,89458e1b-cb0d-465c-8ec7-b903e369f1c0,1970-01-01,1,Food,1904.13,ESP,BGD,0,1,0,1,0
sdv-id-roOMdN,00b02a82-7054-4f5f-950f-5effdc5136e4,1970-01-01,3,Gaming,998.82,ESP,CHN,1,0,0,0,1
sdv-id-bMOgxV,22b76d0e-76fe-4b48-89d3-3a59944caad6,1970-01-01,0,Food,2251.3,ESP,IND,0,1,0,1,0
sdv-id-VoPyIb,3c10316d-3f63-4065-be85-c8c4a9470663,1970-01-01,1,Retail,1007.49,ESP,BRA,1,1,1,0,0
sdv-id-vUJcfT,b526b22d-3f6c-41f7-8a05-37f02c2cd22b,1970-01-01,1,Gaming,1781.96,ESP,BRA,1,0,0,1,1
sdv-id-kJByfH,98b8e4cc-1bc0-44fc-89cb-394243f59a85,1970-01-01,0,Travel,939.02,ESP,NGA,1,0,0,0,1
sdv-id-OynWlA,bf335ada-2e20-466f-a603-5c26079313db,1970-01-01,0,Retail,2477.12,ESP,IND,1,1,1,0,1
sdv-id-iFPoNb,21a496a8-638b-4370-935d-1936d7d2f88f,1970-01-01,3,Food,15.76,ESP,ITA,1,1,1,1,0
sdv-id-wsmlEl,1a64f27d-0bcf-40fc-a3a1-af9777852ddb,1970-01-01,0,Tech,2083.41,ESP,JPN,0,0,1,1,0
sdv-id-VgVXds,3427e466-17f4-485d-997f-aaf01fa7cddf,1970-01-01,0,Travel,33.61,ESP,PRT,0,1,0,1,1
sdv-id-zNKBmB,ee926321-245f-4d94-aac1-4fd1eb74e721,1970-01-01,0,Travel,348.53,ESP,NGA,0,0,0,1,0
sdv-id-EppSrv,b38adf82-6e02-4a88-a00f-8ed9b2086418,1970-01-01,0,Retail,2168.55,ESP,FRA,1,0,1,1,1
sdv-id-KrLszl,3649f585-6e75-4e7a-9abb-b78f1585665d,1970-01-01,5,Gaming,767.01,ESP,JPN,1,1,0,0,1
sdv-id-uvcEWz,0478c8cd-ca37-473b-a082-6fe9bf0c6693,1970-01-01,5,Food,506.93,ESP,ITA,0,1,1,0,1
sdv-id-XjhKFb,9eed7567-e3ee-42db-8680-ee6db3831f62,1970-01-01,0,Travel,1205.95,ESP,USA,1,0,0,0,0
sdv-id-fvGgYB,88802d4d-89b8-47ee-85f8-33cff4ce8477,1970-01-01,0,Gaming,2083.85,ESP,IND,0,0,1,0,0
sdv-id-FPWnMk,76c42543-e7fd-4630-8daf-3bea22a6df25,1970-01-01,0,Travel,2365.25,ESP,CHN,0,0,0,0,0
sdv-id-gxqcSA,6be8c756-2d36-426c-827e-789cce40483b,1970-01-01,0,Tech,1724.07,ESP,ITA,0,0,0,0,1
sdv-id-QYnPNW,5708d618-9def-43a1-9042-26f62dfc60b7,1970-01-01,0,Travel,742.4,ESP,JPN,0,0,0,0,1
sdv-id-ZPIkPv,9ab8180f-5647-4889-81c4-f6187925b7d5,1970-01-01,0,Food,306.93,ESP,DEU,0,1,0,1,1
sdv-id-lyiSxu,856b1c79-a4f1-4bc1-9353-db1c3d596f7b,1970-01-01,5,Travel,1715.42,ESP,ARE,0,0,1,0,1
sdv-id-zefdzm,4674a0eb-47ed-46dd-9da4-ec0f21ee0f6c,1970-01-01,0,Retail,2348.75,ESP,DEU,1,0,0,0,0
sdv-id-qbPOSN,bf06d520-d88a-417b-a543-38df173d5030,1970-01-01,1,Travel,989.71,ESP,RUS,1,0,1,0,1
sdv-id-fbwTBc,f060470c-b1c3-49d5-91e3-42b1cfc85399,1970-01-01,1,Gaming,1028.5,ESP,ITA,0,0,0,0,1
sdv-id-onXspg,e79bd439-4236-4b0e-9e2f-9c71b6a033e6,1970-01-01,1,Travel,1883.45,ESP,FRA,0,1,0,1,0
sdv-id-WvuVXk,1755028b-8b5e-4d91-a8a1-3331404482f9,1970-01-01,0,Tech,218.91,ESP,ITA,1,0,1,1,0
sdv-id-kNbbmK,ed343b0f-9cca-4d2a-972a-355cfe5e9b1c,1970-01-01,0,Food,763.16,ESP,NGA,0,1,0,0,1
sdv-id-aTImwS,507ffc32-c78e-4415-a521-51f95f390d2b,1970-01-01,0,Travel,1426.25,ESP,JPN,1,1,0,1,0
sdv-id-lGXobr,a5e55d3a-94ee-42af-b56f-89942f0dfbce,1970-01-01,0,Gaming,1782.58,ESP,ARE,1,0,0,1,1
sdv-id-JTuSoF,7a03d8a0-9f5b-4ced-9765-e2bb52ce32e8,1970-01-01,2,Food,2470.58,ESP,ARE,0,0,1,1,1
sdv-id-dmMuUF,1ea822bb-5738-4567-82f7-2b1fb9d4d2d3,1970-01-01,0,Travel,2344.3,ESP,JPN,0,1,0,1,0
sdv-id-aCKvBG,0a677292-755a-4c3d-91ae-757c8607f228,1970-01-01,3,Food,99.18,ESP,RUS,1,0,0,1,0
sdv-id-YdakgP,4a7109c6-74f8-4694-bc95-9cad75e7f531,1970-01-01,3,Retail,796.09,ESP,FRA,0,0,1,1,0
sdv-id-rDvVpR,e31db345-7b6b-411e-8aeb-99597ca2f582,1970-01-01,0,Travel,195.71,ESP,JPN,1,0,0,0,1
sdv-id-KDpwrf,48cd42c0-5a66-419e-a5f9-80460c1d180e,1970-01-01,0,Tech,87.91,ESP,BGD,0,0,0,0,0
sdv-id-ANajeq,17f85f5b-f1e2-4ce7-bd73-0c3bbade33a0,1970-01-01,0,Travel,760.35,ESP,BGD,1,1,0,1,1
sdv-id-QJDDYh,e9ebd446-2622-40d6-b23d-9820977e5877,1970-01-01,0,Travel,1293.01,ESP,PRT,1,0,0,0,1
sdv-id-ykmtLL,fe600c12-da87-46db-8338-b815cd9afa65,1970-01-01,0,Gaming,1440.91,ESP,RUS,0,0,0,0,0
sdv-id-rqOUWR,0a35653c-f57a-431e-be6b-74fd9f027cbf,1970-01-01,0,Retail,2121.14,ESP,DEU,0,0,1,0,1
sdv-id-yfgXuW,ec1b8ca1-f91e-4d4c-9ff4-9b7889463e85,1970-01-01,0,Tech,989.84,ESP,FRA,0,1,0,1,1
sdv-id-fkgMNF,7b6c7129-cd63-4ba8-b03c-664b3abf9c65,1970-01-01,0,Tech,2214.09,ESP,VNM,0,1,0,1,0
sdv-id-pGxwDx,d2e08e57-a6cb-4dda-93a0-181bcbafd542,1970-01-01,0,Travel,1662.02,ESP,BRA,1,1,0,1,0
sdv-id-bHJfrV,be30cae9-5c83-498e-8f5e-7840bdc551bb,1970-01-01,0,Retail,2363.07,ESP,CHN,0,0,0,1,1
sdv-id-PjxGRR,9f0fda8d-0537-4ff6-96d7-b3b833094d35,1970-01-01,3,Travel,363.91,ESP,FRA,0,1,1,0,0
sdv-id-TBOnGK,c0f2b34e-7365-449b-b770-28e6a53d2350,1970-01-01,0,Food,756.36,ESP,BGD,1,0,0,1,1
sdv-id-TPFrwo,8593d3a2-08a6-4a64-bb03-f61b5705a33e,1970-01-01,0,Tech,649.9,ESP,DEU,0,1,1,1,0
sdv-id-sGTbMQ,0afc13fb-6e8f-49bc-809b-61e40f46bb11,1970-01-01,0,Food,1407.39,ESP,UKR,0,0,0,1,0
sdv-id-jZXdjM,fa2fbd74-fd19-45cc-b4ed-a60e3b2d520b,1970-01-01,0,Gaming,2135.32,ESP,FRA,0,0,1,0,1
sdv-id-yFSZkg,ff49a81c-d42a-4238-a84b-2e1d73fb6c56,1970-01-01,0,Travel,994.88,ESP,BRA,0,1,0,1,0
sdv-id-TXNVhr,6c543e3f-1715-40b8-b37d-1ad9a282cd49,1970-01-01,0,Gaming,1815.83,ESP,JPN,1,1,1,0,0
sdv-id-NMvHPQ,1863f159-5ab2-4279-ae14-5fa48ee58a98,1970-01-01,0,Retail,1516.86,ESP,IND,0,0,0,0,1
sdv-id-taBDib,2ccda2af-4d64-4b63-866c-fb2b3754f16f,1970-01-01,0,Tech,1105.87,ESP,CHN,0,0,1,1,1
sdv-id-ehgfMl,fc21109b-ba27-4c64-b96d-1ffb3a799efa,1970-01-01,0,Gaming,370.88,ESP,USA,1,1,1,1,1
sdv-id-bzjSmO,3a1b16b9-57ea-48ad-b5b0-0f9f4fc86ae9,1970-01-01,0,Gaming,2312.95,ESP,ITA,0,0,1,1,1
sdv-id-WLPbfp,aac5e8a3-2567-4f2a-9227-b7accdca6bef,1970-01-01,0,Gaming,2056.72,ESP,GBR,0,1,1,1,0
sdv-id-RHpGCu,0c8bf152-d74c-4860-b2fb-62c6d25b53f5,1970-01-01,0,Gaming,1669.65,ESP,IND,1,1,1,1,1
sdv-id-OXNbcS,ffbb4bcc-a5cb-4f6f-bd33-31644bb8ebe2,1970-01-01,1,Tech,112.73,ESP,FRA,1,1,1,1,1
sdv-id-avkbME,dff0b9bf-8db3-42c1-82da-bd76f3102525,1970-01-01,2,Gaming,1440.49,ESP,BGD,1,0,1,0,1
sdv-id-ZoIoGg,fcba6c80-8c7a-4939-bf0d-d3c2ac4dcd33,1970-01-01,0,Food,1922.42,ESP,FRA,1,0,1,0,0
sdv-id-XECzod,6de59332-9364-43d0-9024-bdc6dcb33df3,1970-01-01,0,Retail,345.3,ESP,BRA,1,1,0,1,0
sdv-id-ipkZOo,7707ac0e-0d96-4eb3-8572-b3859e32f085,1970-01-01,1,Travel,201.49,ESP,NGA,0,1,1,0,1
sdv-id-kgLevT,7d883d25-fe54-4772-92fe-2d04640fac70,1970-01-01,0,Gaming,2055.01,ESP,JPN,0,0,0,0,1
sdv-id-tSctaP,b08647e1-fa64-4958-b9c2-c1a2bcc9245c,1970-01-01,5,Travel,2343.19,ESP,FRA,0,1,0,1,0
sdv-id-xedoWw,49694032-5808-4790-a2e4-9628d913057d,1970-01-01,0,Tech,870.26,ESP,BGD,0,0,0,0,1
sdv-id-cMUGYQ,77242041-1e43-4bd2-aaf4-07f70fe76149,1970-01-01,4,Retail,2053.52,ESP,GBR,0,0,1,1,0
sdv-id-aylLDB,27e7a6bd-c2a4-4fd8-aef5-4ceebc243f9f,1970-01-01,0,Food,1995.77,ESP,DEU,1,0,1,0,1
sdv-id-OWXHGZ,c00579db-6a4f-4052-801f-30df80433a6a,1970-01-01,1,Food,404.72,ESP,IND,1,1,1,0,0
sdv-id-TUuVXq,d9d09e8b-8576-4c2a-95c7-dc6ee5326380,1970-01-01,0,Gaming,806.42,ESP,UKR,1,0,1,0,0
sdv-id-HfDmzx,4767d76c-162f-4a24-af43-613cd4aac9a3,1970-01-01,0,Tech,1712.93,ESP,CHN,0,0,0,0,1
sdv-id-anKPSS,fa2c9e79-2758-4f1a-a39e-5593ec11a44d,1970-01-01,0,Retail,1863.49,ESP,NGA,1,0,0,1,0
sdv-id-fbsmpJ,a3a868d7-86a5-4845-9eef-79951f884ed9,1970-01-01,0,Gaming,1243.67,ESP,NGA,0,1,0,1,0
sdv-id-EVnQDv,a29a7e5f-57b6-41aa-b206-4a1cae9e2bbf,1970-01-01,1,Travel,2331.05,ESP,BRA,1,0,1,0,0
sdv-id-CIVSJD,bf335ada-2e20-466f-a603-5c26079313db,1970-01-01,0,Travel,1931.59,ESP,UKR,1,0,0,1,0
sdv-id-UepeXL,7f6bf62c-a1c1-4b96-baab-d9f2850b7073,1970-01-01,0,Food,2202.64,ESP,ARE,0,0,1,0,1
sdv-id-lYSWqs,e57977ec-4816-4644-81a9-abd0ed71d874,1970-01-01,0,Retail,842.7,ESP,JPN,0,0,0,1,0
sdv-id-HoHfAG,cf18d1b9-b281-48f0-865e-b4e1fe801c84,1970-01-01,1,Gaming,629.75,ESP,BGD,1,1,0,0,1
sdv-id-eeqGOb,3e4c23fb-1f0b-4094-997c-e0cf50ad9cd5,1970-01-01,0,Food,235.38,ESP,FRA,0,0,0,1,0
sdv-id-IUiblI,f21dfe36-2c27-4031-97ef-f6da6cd7f2a3,1970-01-01,0,Retail,1993.96,ESP,ARE,1,1,1,0,0
sdv-id-VECKnT,32389b8d-2689-4cec-b687-6db2ac9ca563,1970-01-01,2,Tech,2376.93,ESP,PRT,1,0,1,0,1
sdv-id-JkNxUg,3d9ffe59-9bc0-4a93-92cd-adefb9d276f4,1970-01-01,0,Retail,487.7,ESP,USA,0,1,1,0,0
sdv-id-jzqqzC,a86de251-7c98-456f-a288-109db8a9b014,1970-01-01,0,Gaming,2322.5,ESP,JPN,0,1,1,0,1
sdv-id-GeOXEH,a6276167-1d12-4daf-8a25-71593d170879,1970-01-01,5,Travel,1443.75,ESP,GBR,0,0,0,1,1
sdv-id-HauXNq,f2c84743-9027-4770-a460-d0d2904883c1,1970-01-01,0,Food,2154.92,ESP,PRT,0,1,1,1,1
sdv-id-ljaojm,41afeb2a-62c8-43f4-9d06-149ef1eab64a,1970-01-01,0,Travel,2027.7,ESP,FRA,0,1,1,0,1
sdv-id-ydZGxo,53332e5d-3ac3-4c05-ba96-a00dcaf6a7d4,1970-01-01,0,Food,994.28,ESP,USA,0,0,0,1,0
sdv-id-LYjDZd,076979d6-4477-4442-b187-53e6d4578ad9,1970-01-01,0,Food,823.03,ESP,PRT,0,0,1,1,0
sdv-id-ZSIBRX,cb317618-daaf-463a-8a06-3bf5839818fc,1970-01-01,4,Travel,820.58,ESP,CHN,0,0,0,1,0
sdv-id-XuXCdp,deaaacaa-748a-489c-bc1c-09a3b98d15a7,1970-01-01,0,Retail,1279.62,ESP,UKR,0,0,1,1,0
sdv-id-WUzOFA,f6d4017d-f849-4b53-bacc-2e3535b6c692,1970-01-01,1,Food,1726.89,ESP,VNM,0,1,0,1,0
sdv-id-WKXlxU,6a3eed4f-c754-4e4d-95a7-97311b53b124,1970-01-01,0,Gaming,2019.46,ESP,DEU,0,0,0,0,1
sdv-id-cQjpTD,2804335a-3311-45e0-ac5c-ce54210c78d9,1970-01-01,0,Food,2433.35,ESP,VNM,0,1,0,0,1
sdv-id-EyqNTH,3fa7c199-d76f-4813-8ce7-94d7e724b119,1970-01-01,0,Retail,18.5,ESP,USA,0,1,1,1,0
sdv-id-OtCPmh,4311fb26-6e15-4de8-8b3a-da7fa10d0623,1970-01-01,0,Food,1927.76,ESP,USA,1,1,1,0,1
sdv-id-SzxkWR,faf846f7-65ec-4cf2-9486-1b41c31844cf,1970-01-01,0,Travel,144.52,ESP,BRA,1,0,0,1,0
sdv-id-hyWOqF,e2fef46e-6a06-4108-934f-86eff0719a6a,1970-01-01,0,Travel,1890.6,ESP,VNM,1,1,0,1,0
sdv-id-hrbWAG,592c1107-2444-4301-baeb-286bf0d0270f,1970-01-01,0,Gaming,1121.77,ESP,CHN,0,0,1,1,0
sdv-id-tfQodz,638e1388-8faf-4d4a-a5a9-9ebcbe0ec2da,1970-01-01,5,Retail,898.11,ESP,ITA,1,1,1,0,1
sdv-id-IEQpUQ,3b59475e-c88a-4a74-80af-085d2b088fcd,1970-01-01,0,Travel,2182.26,ESP,ITA,0,0,1,0,0
sdv-id-PNYNcO,a97c696b-3567-46ec-b3c4-3cd1b44f8e12,1970-01-01,0,Tech,304.26,ESP,BGD,0,1,0,1,0
sdv-id-cMveBi,1d4dfdb1-4e0e-4e2e-9e72-d97010c49f9e,1970-01-01,0,Retail,388.08,ESP,BGD,0,0,1,1,0
sdv-id-minVYT,9bafcc20-0e16-4f3f-938c-c0ca17acd7e9,1970-01-01,0,Retail,1801.38,ESP,IND,0,0,1,1,0
sdv-id-nnEeIK,753840d9-87ea-49f2-9e85-95360c11c74d,1970-01-01,0,Tech,1412.06,ESP,BGD,0,1,0,1,0
sdv-id-nGwdVP,598336e3-75d6-4ed4-ab1f-a9f2d10bd1d0,1970-01-01,0,Food,377.38,ESP,ITA,0,1,1,0,0
sdv-id-jrjwVa,7f695b97-e581-4601-84cd-c4e87225539d,1970-01-01,0,Travel,27.92,ESP,NGA,1,0,1,1,0
sdv-id-bmRGCq,25637cc3-ca97-4bf5-95d5-96afa663d2cd,1970-01-01,0,Retail,1289.76,ESP,PRT,0,0,1,1,0
sdv-id-biEKzc,210f2a8a-1c59-4736-bd56-1b27283379b8,1970-01-01,1,Tech,1514.96,ESP,CHN,0,1,0,0,1
sdv-id-YJipUt,b9744cde-d259-4960-aee3-560792ea1324,1970-01-01,0,Retail,1561.96,ESP,NGA,1,0,0,0,0
sdv-id-ZXmeAF,78612769-242e-4cff-a490-7a6336a8d53d,1970-01-01,1,Retail,16.95,ESP,DEU,0,1,0,1,0
sdv-id-RdpHpz,5f1930e0-cda7-4451-8dfe-f6332a31edfd,1970-01-01,5,Tech,385.15,ESP,NGA,1,0,0,0,1
sdv-id-uBsHoX,74bd0c93-8177-4661-b7fe-032c02571851,1970-01-01,2,Gaming,1488.9,ESP,RUS,1,0,0,1,0
sdv-id-LgqWTW,552dad08-c536-40a2-8850-4c6b12cd1aeb,1970-01-01,0,Gaming,697.37,ESP,ESP,1,1,0,1,1
sdv-id-QjEgHo,c3933447-f3dc-40bf-8486-0bee8bef4a76,1970-01-01,0,Food,1614.04,ESP,UKR,0,0,1,0,1
sdv-id-KSqjIM,1fac6d85-c433-44f0-9683-541bd1801014,1970-01-01,0,Food,2182.08,ESP,ARE,1,1,1,0,1
sdv-id-sApAod,edcb8cb6-0692-4c63-9424-aed51bac5c15,1970-01-01,1,Food,2053.69,ESP,VNM,1,1,1,0,1
sdv-id-rzDctP,878644b9-59b3-4931-a116-8f53590d674b,1970-01-01,0,Food,2054.82,ESP,BRA,1,1,1,1,1
sdv-id-cvDzCZ,25dbbe8d-a534-4425-aa69-b7f7b28d7cb8,1970-01-01,0,Gaming,2061.87,ESP,GBR,1,1,1,0,0
sdv-id-vlTiqD,b24beb96-c092-4b74-a6b0-7ff60fc79913,1970-01-01,0,Food,1400.07,ESP,UKR,1,1,0,1,1
sdv-id-aICjGV,7942000a-cf24-4413-95b6-54383ecd0888,1970-01-01,0,Tech,866.76,ESP,ITA,1,1,1,0,0
sdv-id-kMraty,b172ec53-032e-4730-80c9-c3ed8ef90060,1970-01-01,0,Tech,627.62,ESP,FRA,0,0,1,0,1
sdv-id-RFYFgk,fe034a0e-74cd-473b-816b-44e19d4a305f,1970-01-01,3,Tech,1241.37,ESP,VNM,1,0,1,1,1
sdv-id-nMheft,5fa9a39e-ee47-48d4-b9fb-97b9abf1a574,1970-01-01,0,Travel,2351.99,ESP,ITA,0,0,1,1,0
sdv-id-jfyVpD,03ef0f77-848a-4924-b347-8a919609598e,1970-01-01,0,Tech,1525.38,ESP,ESP,1,1,1,0,1
sdv-id-yHvQXq,e57977ec-4816-4644-81a9-abd0ed71d874,1970-01-01,0,Retail,494.5,ESP,ESP,0,1,0,0,1
sdv-id-vZTeCa,7279101c-93f3-403d-9d96-232d63d5e750,1970-01-01,4,Retail,645.96,ESP,BGD,1,0,1,0,1
sdv-id-EZTnEE,83117efc-b0b4-474e-8d72-441d07099bf8,1970-01-01,3,Tech,253.62,ESP,UKR,1,0,0,1,0
sdv-id-TfuLEu,bec094b8-b02d-45b4-bccc-d4b3055c1cac,1970-01-01,0,Food,130.28,ESP,CHN,0,0,0,0,1
sdv-id-FppACw,57232faa-b578-4525-af0a-c5d6ee5e1fb5,1970-01-01,5,Retail,726.91,ESP,PRT,1,0,1,0,1
sdv-id-HKdnYm,31d83f78-6843-4031-bf36-fe7fc1ab5f4c,1970-01-01,0,Travel,1086.85,ESP,BRA,1,0,1,0,1
sdv-id-hfaRob,1415c20e-58dc-4a99-97d4-b6bd89c8521e,1970-01-01,0,Travel,2167.3,ESP,DEU,1,0,0,1,0
sdv-id-QruJJU,21a1b343-77a4-402c-995d-48ed6a020dca,1970-01-01,0,Retail,513.64,ESP,BRA,1,0,1,0,1
sdv-id-RynxhD,6abb6c41-f928-42a9-bb51-cd747d52903f,1970-01-01,1,Travel,752.48,ESP,USA,0,1,0,1,1
sdv-id-akeXDr,259a5d6c-07ba-408b-a87e-09f1ded7945e,1970-01-01,0,Tech,1219.96,ESP,ESP,0,0,1,1,0
sdv-id-GIbPIj,22fc31db-0bf6-4417-a404-595da6d62d00,1970-01-01,5,Travel,2498.26,ESP,USA,0,1,0,1,1
sdv-id-YNDddI,0516d89d-73df-4835-9043-0a9fbaedb77c,1970-01-01,0,Tech,627.48,ESP,ESP,1,1,1,1,0
sdv-id-idKzix,6c944bca-e8c0-4c02-b200-fc98b963c2fc,1970-01-01,1,Retail,43.05,ESP,BRA,1,1,0,1,0
sdv-id-BzlwrH,cf8dc32d-252f-48ef-a914-7761db2d3a13,1970-01-01,0,Travel,83.53,ESP,DEU,0,1,0,1,0
sdv-id-hVPrZa,be30cae9-5c83-498e-8f5e-7840bdc551bb,1970-01-01,1,Travel,396.4,ESP,DEU,1,0,0,1,1
sdv-id-cKAInG,5aea6352-5763-4e1e-808f-fab938c46b38,1970-01-01,0,Tech,495.75,ESP,PRT,1,0,0,1,0
sdv-id-CUeatL,d34585a2-c6d1-40fa-9f14-4f16e7744ce2,1970-01-01,1,Travel,1440.45,ESP,UKR,1,0,0,1,1
sdv-id-pDGezp,6ff66a79-4278-400e-a4a8-d5fa3509b022,1970-01-01,3,Travel,1591.53,ESP,UKR,0,0,0,0,1
sdv-id-yUVKKa,f28f9444-a015-4d65-91ed-554a3faeef01,1970-01-01,0,Gaming,404.28,ESP,ARE,1,0,1,0,1
sdv-id-jeovhr,f367043b-dadf-4f67-ac6d-eaa2f1b4159f,1970-01-01,0,Retail,2269.16,ESP,JPN,1,0,1,0,0
sdv-id-fnMZmn,a760a7df-ce01-4a3f-a2d8-d2e6272a64fa,1970-01-01,5,Food,2298.79,ESP,ITA,0,1,1,1,0
sdv-id-GVatTL,474f9205-8f9d-4375-a805-4a24f785dcc1,1970-01-01,0,Retail,727.46,ESP,BGD,1,0,1,0,1
sdv-id-jKIint,f505b662-5937-4710-a829-1eebe614a0d9,1970-01-01,3,Tech,786.63,ESP,CHN,1,0,0,1,0
sdv-id-kaHjAV,6334db06-52ac-4e30-91c8-10ef802643c4,1970-01-01,0,Tech,1194.06,ESP,DEU,1,0,1,0,1
sdv-id-BMcmJX,c9cbc148-23b1-4124-9f94-a2f806444f36,1970-01-01,0,Food,245.9,ESP,CHN,1,0,0,1,0
sdv-id-NKoLbW,a4c487d5-5b46-4364-816d-ea2630890e76,1970-01-01,0,Travel,2254.97,ESP,GBR,0,1,0,0,0
sdv-id-zhIwjJ,06617f95-eba1-4fa8-9f19-f85b4d330569,1970-01-01,0,Retail,426.29,ESP,FRA,0,0,0,1,0
sdv-id-iMlFHj,da06e439-88d0-44a9-92ea-e3b645c9db9b,1970-01-01,0,Gaming,1838.24,ESP,FRA,1,1,0,1,1
sdv-id-JLeJVb,c1de6d58-518e-48fd-a252-439052a3069d,1970-01-01,1,Travel,1029.36,ESP,UKR,0,0,0,0,1
sdv-id-aSjPxl,69eb337c-059e-48d8-8ba2-0d387db4990d,1970-01-01,5,Gaming,552.77,ESP,FRA,1,0,1,1,1
sdv-id-YqPBGh,a70a409d-ac50-4260-b0f2-4933d544c79b,1970-01-01,0,Gaming,1825.42,ESP,BGD,1,0,0,0,1
sdv-id-ipNzWv,2ea4790b-fdd0-4c32-b405-e657d1a37650,1970-01-01,4,Tech,324.26,ESP,FRA,1,0,1,0,1
sdv-id-HhWSnC,ba9b0f09-6960-40a4-b224-2914432ad235,1970-01-01,5,Travel,2251.4,ESP,GBR,1,1,0,1,0
sdv-id-GOzwbx,9ec5405d-c6a9-4598-9d34-0833db592a19,1970-01-01,0,Retail,1031.22,ESP,DEU,1,1,0,0,1
sdv-id-NMolkQ,0c443b8c-0686-44e7-9abd-385cd2c569ab,1970-01-01,0,Food,1061.82,ESP,UKR,1,0,1,1,0
sdv-id-nzjpCY,7e45fee4-6ea8-4b32-a38d-9fb071c487bc,1970-01-01,0,Gaming,122.63,ESP,PRT,0,0,1,0,1
sdv-id-kFTrLk,d123f7c1-b7a1-467e-9a1e-00365cbaa496,1970-01-01,0,Food,847.99,ESP,NGA,1,1,1,1,0
sdv-id-IraGZK,08e5ed83-f8d4-466f-999a-20f181dcd57c,1970-01-01,1,Retail,461.27,ESP,CHN,0,0,0,1,1
sdv-id-LULbcF,69fc339f-e9dc-4dd1-8e47-fb7d8a7fe26e,1970-01-01,0,Tech,1217.37,ESP,DEU,1,0,1,0,1
sdv-id-qJJadq,47aadc66-c1b9-49a5-9f69-f5d2b7680e3d,1970-01-01,0,Retail,2127.06,ESP,RUS,0,1,0,1,0
sdv-id-pBccxF,f320194e-feb2-4833-b141-dd1317745bc2,1970-01-01,0,Gaming,1549.85,ESP,USA,1,1,0,0,0
sdv-id-LsPpiY,a6276167-1d12-4daf-8a25-71593d170879,1970-01-01,1,Travel,1197.3,ESP,GBR,1,0,0,0,1
sdv-id-IHLymx,e1e669e5-c055-4921-a35b-8f49823483a8,1970-01-01,0,Food,1968.31,ESP,ITA,1,1,0,1,0
sdv-id-uzvzhq,781e2d35-2fa1-42bc-b4ce-5f319aff48af,1970-01-01,1,Travel,1986.24,ESP,USA,0,0,0,0,1
sdv-id-unUqUD,a45ee904-717d-4042-b30d-6ea3951c4200,1970-01-01,1,Food,892.9,ESP,PRT,0,0,0,1,0
sdv-id-NBDZkg,db591d88-4b0a-41e0-8d31-5b7cc273973b,1970-01-01,0,Travel,984.98,ESP,IND,0,1,1,0,0
sdv-id-kOAIIC,82f2a59e-2bb7-4146-bd9d-542aa84fa67f,1970-01-01,0,Food,2166.27,ESP,USA,0,1,0,0,1
sdv-id-xhYYWt,70adf7ed-4277-471c-9694-4fa8afb77dcd,1970-01-01,0,Travel,91.28,ESP,ITA,0,1,0,1,0
sdv-id-PgagrY,6359d5ce-e2aa-4dc7-b208-838e7d57ef69,1970-01-01,0,Retail,1292.89,ESP,ARE,0,1,1,0,1
sdv-id-RzFJrg,f2ce7eeb-4c56-4b8f-8bb4-32b3d2e76deb,1970-01-01,2,Retail,2051.09,ESP,ARE,0,0,1,1,0
sdv-id-hxuuqQ,4ba17233-1ac3-4f31-bb96-e2d10649bcf6,1970-01-01,0,Gaming,1701.15,ESP,DEU,1,1,1,0,0
sdv-id-ABwnbW,8844bc0c-accf-4130-a487-2e7708d16094,1970-01-01,1,Tech,173.86,ESP,GBR,1,0,1,0,1
sdv-id-uTAelv,349eb0da-7e50-4ec4-81db-9a6210a437d5,1970-01-01,4,Retail,795.81,ESP,ITA,0,1,0,1,0
sdv-id-JvjTKA,3fa916f9-eeb1-4cb9-b008-f9e0c28c36b8,1970-01-01,0,Retail,2071.64,ESP,VNM,1,0,0,1,1
sdv-id-CaQiUq,167b6ea0-2945-4370-a713-72ab34cb7b9a,1970-01-01,0,Tech,642.56,ESP,VNM,1,0,0,0,1
sdv-id-MRoemb,e49a3cd9-86df-42bd-be84-455fa7553468,1970-01-01,3,Gaming,1658.11,ESP,USA,0,1,0,0,1
sdv-id-FltVFM,62ca8797-c059-486e-ae2b-918650634f9e,1970-01-01,5,Gaming,1472.49,ESP,ESP,0,0,0,1,0
sdv-id-SyxgWd,005476f5-082d-4c63-8c12-b1b49872643b,1970-01-01,1,Tech,2429.26,ESP,FRA,0,1,1,0,1
sdv-id-BAaFcS,d48f5ba3-0d87-4c72-bce0-5a63197f9b8d,1970-01-01,5,Travel,2384.22,ESP,CHN,1,1,0,0,0
sdv-id-jKiaxb,3d46aa7f-9392-4100-9b32-bc3b0c7acf96,1970-01-01,0,Retail,44.38,ESP,JPN,1,0,1,0,1
sdv-id-ryJPJN,681ff528-52ec-43ca-ae95-7e1c667a6370,1970-01-01,0,Gaming,2239.75,ESP,DEU,0,0,1,1,0
sdv-id-frydvm,cdebdd3c-528e-4ae8-a03d-1b30adcde95f,1970-01-01,3,Food,822.08,ESP,BRA,0,0,0,0,1
sdv-id-HQBMvi,96de8576-09a7-45f9-b8ee-05310e8eaab3,1970-01-01,2,Food,2346.59,ESP,JPN,1,0,1,0,1
sdv-id-mZQpmJ,ed99b044-54a5-4767-8c65-2ac066ba9945,1970-01-01,0,Tech,1398.24,ESP,IND,0,1,0,0,1
sdv-id-wlxJxW,06e2e080-2a0f-41e4-b229-0f1c8e68d0c1,1970-01-01,0,Travel,1887.32,ESP,NGA,1,1,1,0,1
sdv-id-rhSdFt,56ab087a-8bc7-4e81-9a30-45280b599562,1970-01-01,4,Gaming,2461.76,ESP,NGA,1,0,1,0,1
sdv-id-fiNkNZ,50a6eb22-00c6-4ec8-92fc-bafc4501a390,1970-01-01,0,Retail,982.17,ESP,CHN,1,0,0,0,0
sdv-id-WsmrTl,80b04e3d-dd2f-4be8-9fda-be67801d04d5,1970-01-01,0,Retail,1708.42,ESP,GBR,1,1,1,0,1
sdv-id-uhbYyJ,7500d6ef-0453-4b6d-be9d-21c3c5e98866,1970-01-01,0,Tech,1310.34,ESP,GBR,1,0,0,1,0
sdv-id-EELeDF,da970edb-a841-488d-93b3-4dafcca5ac2e,1970-01-01,0,Travel,2264.66,ESP,PRT,0,0,1,1,0
sdv-id-NxgKzl,aaf2f24e-fe54-4eed-9475-e3a1aa39c161,1970-01-01,0,Food,2421.54,ESP,JPN,0,0,0,0,0
sdv-id-NOJHOx,9a861a16-3dca-4d82-965e-b679bfc1e2f1,1970-01-01,0,Food,2329.74,ESP,CHN,1,0,0,0,1
sdv-id-HGSpTW,31440c35-9266-4acc-8b2a-2bb4097a575d,1970-01-01,0,Retail,2373.39,ESP,ITA,0,1,0,0,0
sdv-id-dyUIxP,c6991c22-be14-4c81-833b-b2f3e9972938,1970-01-01,1,Retail,723.76,ESP,UKR,1,0,0,0,1
sdv-id-EmhBwo,ca9f1d59-83e8-4700-8e63-813ed22e3226,1970-01-01,0,Retail,992.07,ESP,JPN,0,1,0,1,0
sdv-id-rWdyqw,4931b2d4-d3de-487c-860f-b2524df742ae,1970-01-01,0,Tech,1360.37,ESP,BGD,0,1,1,1,0
sdv-id-iuFayA,1b6e6353-8d6e-4e62-88c6-7501b45f252f,1970-01-01,0,Travel,1428.65,ESP,VNM,1,0,0,0,1
sdv-id-htyiwJ,54ea3718-46af-457c-8252-0d78cdbfaa37,1970-01-01,0,Travel,292.83,ESP,CHN,1,0,0,1,0
sdv-id-fIqIKB,683c510e-d2ef-493b-a9d6-bb7e361db014,1970-01-01,0,Food,2339.92,ESP,GBR,1,0,0,1,0
sdv-id-KnGGpP,8c490e4c-c780-4892-aa93-f2c4094183bf,1970-01-01,0,Tech,276.66,ESP,IND,0,1,0,1,0
sdv-id-fYQfGO,f013a170-d5cf-4b4c-8b34-fc841111ee29,1970-01-01,0,Travel,1661.6,ESP,VNM,0,0,1,1,1
sdv-id-jjpRas,4830effe-dd8a-4f0a-9278-f380b3510ddc,1970-01-01,0,Retail,1424.75,ESP,CHN,0,1,0,1,1
sdv-id-tfBKqE,12cb7604-34f6-40dd-8952-9a77ce09e92a,1970-01-01,5,Tech,1961.28,ESP,ESP,1,1,1,1,1
sdv-id-KgDIXW,c5b9cf38-0459-4e16-bfad-7df2c95995ec,1970-01-01,0,Gaming,434.78,ESP,ESP,1,1,1,1,0
sdv-id-yxYRwS,2dd86931-d31c-4274-a8c7-c8678231b35c,1970-01-01,0,Travel,1167.42,ESP,ITA,0,0,0,1,1
sdv-id-qmDmsX,4d7efc8e-b68f-40dc-b18b-f53a3864bf75,1970-01-01,0,Gaming,2266.18,ESP,CHN,0,1,0,0,1
sdv-id-ieQKJB,aebfaef7-c940-438d-b673-99cd7aa38b4e,1970-01-01,0,Retail,2181.84,ESP,JPN,0,1,0,1,0
sdv-id-lyxJkF,9fff8f80-2e01-42a2-8189-18c699a28e9a,1970-01-01,3,Travel,1632.53,ESP,DEU,1,0,1,1,0
sdv-id-FFPicP,3ff69f41-9508-4801-a3be-7ca05df924fb,1970-01-01,0,Retail,2382.03,ESP,GBR,0,1,1,0,1
sdv-id-bCdNde,c958e75e-21d5-4971-b367-49b52cf6bf75,1970-01-01,0,Travel,1046.86,ESP,ITA,1,1,0,0,1
sdv-id-rBhPWT,c7e2a618-8029-43b1-9aea-544a291a4905,1970-01-01,4,Travel,1015.97,ESP,ARE,1,1,1,0,1
sdv-id-UPPNiC,966be275-c2fe-4954-8dfd-9531302b7831,1970-01-01,0,Gaming,158.2,ESP,VNM,0,1,1,0,1
sdv-id-ftGcdi,af5db99c-85f3-4b12-8a4a-5612243a7f53,1970-01-01,0,Gaming,1838.16,ESP,PRT,0,0,0,0,0
sdv-id-NnNRBJ,8a2509a4-cde4-436f-94d8-eae02d9f3daf,1970-01-01,0,Gaming,293.75,ESP,CHN,1,0,1,1,0
sdv-id-DkKSZX,09a0a0f6-73b0-4091-b634-c1694f76e388,1970-01-01,0,Food,1809.35,ESP,ARE,0,1,0,1,0
sdv-id-hJVRrM,13a8fde4-bb30-40c3-af65-6bef326dbb01,1970-01-01,0,Retail,762.73,ESP,VNM,0,0,1,0,1
sdv-id-WkBEMF,9a663d0a-333c-42bf-93ce-8fb6187c3bb0,1970-01-01,1,Food,122.86,ESP,DEU,1,1,0,1,0
sdv-id-IpyvKY,48d5e760-b17a-4315-9ca1-eca40570b7f6,1970-01-01,0,Gaming,885.9,ESP,CHN,0,0,0,0,0
sdv-id-EoOBoE,69d4de06-342e-49b4-8a00-ae9986375844,1970-01-01,0,Food,1264.58,ESP,ITA,1,0,0,0,1
sdv-id-rtCCmB,1521e825-1177-4dd5-b61b-7e117c192e61,1970-01-01,0,Retail,849.22,ESP,BRA,1,1,0,1,0
sdv-id-PDRgyQ,397b5f51-5ffa-46ef-94e4-180cfe9936a3,1970-01-01,0,Retail,2332.07,ESP,ESP,1,0,0,1,0
sdv-id-FmaQzY,7a5653b3-4354-47e1-8eaf-b35b5f91b1af,1970-01-01,0,Gaming,2038.82,ESP,UKR,0,0,1,1,0
sdv-id-rgkpoI,903506bb-ef6d-4fc6-afbd-f3690636f35e,1970-01-01,0,Retail,2272.79,ESP,VNM,0,1,0,1,0
sdv-id-YxGWQF,f195321d-6c20-4e70-8153-af6cba5c543e,1970-01-01,0,Retail,2038.45,ESP,NGA,0,1,0,1,1
sdv-id-qVzFcQ,bb30e92a-60c2-4d65-86a7-7fbe5c776b87,1970-01-01,0,Tech,2176.68,ESP,RUS,0,1,0,0,0
sdv-id-tFpSwq,55e7cbb3-da10-464f-823b-efcb6195b4ec,1970-01-01,0,Gaming,1282.87,ESP,BRA,1,1,1,1,0
sdv-id-IHsLEi,a4119211-f42f-4497-a07c-db47a24efba7,1970-01-01,1,Food,1611.63,ESP,ARE,1,1,1,0,1
sdv-id-AsVTrj,f66c7331-a172-4ee3-83e1-847c8420e0d8,1970-01-01,1,Travel,1670.11,ESP,CHN,1,0,0,1,0
sdv-id-CwiBol,66f0c1f5-28ca-4d6f-b44a-7cf510ca8162,1970-01-01,0,Tech,2220.31,ESP,FRA,0,1,0,1,0
sdv-id-BODfjC,13b96213-b668-4e19-9a46-3e703204c06d,1970-01-01,1,Retail,1462.04,ESP,NGA,1,1,0,1,0
sdv-id-xKvmdK,28d04562-beaa-400d-94fe-cf58a1f875a4,1970-01-01,0,Retail,643.17,ESP,GBR,0,0,0,1,0
sdv-id-vrRprC,6fa5f03f-e92d-4961-9e0f-d29bb7a2ab33,1970-01-01,0,Retail,2327.38,ESP,USA,0,1,1,1,0
sdv-id-LyyNEw,ded89c47-bb88-454e-bf96-8d71818270d2,1970-01-01,0,Food,990.98,ESP,GBR,1,0,0,0,1
sdv-id-zELaVE,8ba5944f-9037-421c-9355-94550babd139,1970-01-01,0,Travel,2035.21,ESP,NGA,0,1,0,1,0
sdv-id-OkajqM,973a9058-67d1-4b6f-9d57-20cdfa5223bb,1970-01-01,3,Tech,781.35,ESP,ESP,0,1,1,1,1
sdv-id-wYCkFk,7656af72-29d4-4eef-beab-edcbbaa80dd4,1970-01-01,3,Gaming,835.37,ESP,JPN,0,0,1,0,1
sdv-id-nflrDE,4d654036-a00f-430b-9afa-0fb35a16f9d9,1970-01-01,5,Travel,1655.9,ESP,USA,0,1,0,1,0
sdv-id-MNBJMN,f9287d26-37c0-487a-aaac-826edd18ab28,1970-01-01,0,Food,2303.88,ESP,USA,0,0,0,0,1
sdv-id-pkSTuw,46d7a3ea-3e14-4cb6-9229-6fceddf1b853,1970-01-01,0,Travel,524.28,ESP,RUS,1,1,0,1,0
sdv-id-pZfPKu,897e2ce5-4fe3-4b6d-befc-5196512b4c10,1970-01-01,0,Travel,581.71,ESP,VNM,0,0,1,1,0
sdv-id-hYUtzp,0a199083-d83e-462a-b1ca-680c9a178669,1970-01-01,3,Retail,397.51,ESP,RUS,1,1,1,1,0
sdv-id-KRsLaS,f84a9bca-2ab7-413d-899b-316743b6c14b,1970-01-01,0,Food,787.7,ESP,RUS,1,0,0,0,1
sdv-id-LoesPi,5a64b5e8-cdc7-43a0-a349-2ba3d084b7df,1970-01-01,4,Retail,2344.23,ESP,UKR,0,1,1,0,0
sdv-id-qYPFaF,0516d89d-73df-4835-9043-0a9fbaedb77c,1970-01-01,0,Tech,1443.43,ESP,BRA,1,0,1,1,0
sdv-id-srRkeJ,deeff82a-0dd7-4158-a9c1-65ae4c610ae8,1970-01-01,0,Tech,2039.85,ESP,GBR,0,0,1,0,1
sdv-id-FNjxxF,ead217d1-cefd-4dee-8590-f851fb385671,1970-01-01,2,Gaming,1353.55,ESP,VNM,1,1,0,1,0
sdv-id-QfHmOV,05028ad9-f568-484d-a62b-2cda00dce949,1970-01-01,0,Travel,744.82,ESP,CHN,1,0,1,0,0
sdv-id-PeTeXz,6b0115ca-bf94-4bfa-af61-e25eec6874df,1970-01-01,0,Gaming,1662.14,ESP,VNM,1,1,1,1,0
sdv-id-vLSrdp,5ca260c9-eb76-47c9-b08a-4895d4ffa666,1970-01-01,0,Tech,1112.39,ESP,ITA,1,1,0,0,1
sdv-id-COHjet,b9744cde-d259-4960-aee3-560792ea1324,1970-01-01,1,Gaming,411.49,ESP,VNM,0,0,0,1,0
sdv-id-ULRQLE,cfd0b040-d591-4d49-b707-371288b04b77,1970-01-01,2,Food,1342.52,ESP,GBR,0,1,1,0,1
sdv-id-rDTPrd,a6b595be-6288-45b8-a79a-52b22c3a11e7,1970-01-01,5,Food,1481.07,ESP,BRA,1,0,1,1,0
sdv-id-MkZfJN,ee58d695-e15a-48f3-87c6-2bd3caf27c2a,1970-01-01,0,Tech,86.17,ESP,PRT,1,0,1,1,1
sdv-id-OIHZzo,2403b9a9-7b2a-4997-a63a-80fd8ca0a958,1970-01-01,0,Retail,2214.86,ESP,DEU,0,1,1,1,0
sdv-id-deVhDn,ec264a0c-c09f-4c91-b2c0-a0cfbf03b8c2,1970-01-01,1,Travel,1408.96,ESP,GBR,0,0,1,1,1
sdv-id-HwMwmb,710dcbb7-6e93-4789-a788-32d0dcfca748,1970-01-01,5,Tech,30.52,ESP,JPN,1,0,0,1,0
sdv-id-IWzZLG,0a707ba8-df9a-49f5-b643-5b4e1508faec,1970-01-01,0,Retail,230.7,ESP,PRT,1,0,1,0,0
sdv-id-qUARdb,7671b52a-293d-4fae-876d-9b132958d9ab,1970-01-01,5,Travel,2488.44,ESP,JPN,0,1,1,1,0
sdv-id-siqRGC,7cafd9ae-1c28-4b82-b287-68d148262846,1970-01-01,0,Food,663.09,ESP,ITA,0,1,0,0,1
sdv-id-ErslqJ,4a2597ae-2772-4577-bff5-9f4ebf78d7c8,1970-01-01,2,Food,2017.84,ESP,ESP,1,1,1,1,0
sdv-id-tMWLxv,5f1f05c3-7717-47cb-b67f-fa237762a6bb,1970-01-01,0,Gaming,1867.86,ESP,PRT,0,1,0,1,0
sdv-id-shceuZ,199f4960-5716-4810-9bbc-b1d653ea4b54,1970-01-01,2,Travel,2275.39,ESP,VNM,1,0,0,0,1
sdv-id-GijINr,eb01bba7-4b81-4a84-b42f-790ed4bee4e4,1970-01-01,1,Food,2298.27,ESP,BRA,1,0,1,0,1
sdv-id-wYXAqY,971965f5-239a-4d42-92ad-d2a6f411d9d1,1970-01-01,3,Food,722.62,ESP,GBR,1,1,0,1,1
sdv-id-Lohjkn,2cc09f87-399e-4823-a75f-58ba86052bef,1970-01-01,0,Tech,1496.22,ESP,DEU,1,1,1,1,0
sdv-id-zFrTdK,549e87aa-471c-4a45-b37a-31106806afc4,1970-01-01,0,Tech,990.03,ESP,RUS,1,1,1,1,0
sdv-id-CZddgv,099fbb57-d2f7-4a83-ba59-5dc815b66499,1970-01-01,5,Gaming,1778.14,ESP,NGA,0,1,0,0,1
sdv-id-XhDiXQ,3664cafa-0f6d-4751-be9e-7b8af8c59ac6,1970-01-01,0,Retail,603.73,ESP,CHN,0,1,0,1,0
sdv-id-djcdRi,d2c07522-9cb1-4954-8e83-2587315eb39f,1970-01-01,3,Retail,1911.97,ESP,DEU,0,0,1,1,1
sdv-id-wkfwbq,0912fddc-0d36-415b-9f32-04afd414763f,1970-01-01,2,Travel,238.72,ESP,NGA,1,0,1,1,0
sdv-id-OlNMzs,60ebb712-710a-4cd6-9eff-7485c4613bbc,1970-01-01,0,Food,1992.35,ESP,ITA,1,0,1,1,0
sdv-id-WxqKdh,ff33c8fc-187c-4e97-838f-e1188cb2214e,1970-01-01,0,Gaming,518.75,ESP,VNM,1,0,1,1,0
sdv-id-mWLCgk,cb1f999b-4c6d-48a8-978c-20517efa70ae,1970-01-01,0,Gaming,1523.68,ESP,CHN,0,1,1,0,1
sdv-id-YisQLt,5e8f7d7e-3c36-4559-956c-992bcc977171,1970-01-01,0,Travel,2292.82,ESP,PRT,0,0,0,0,1
sdv-id-AfsvmU,89b1cad1-84c9-4276-bee7-9d31feef21f8,1970-01-01,0,Tech,1150.63,ESP,BGD,1,0,1,1,1
sdv-id-BAUUhn,e214d458-f0dd-4de0-ba63-bde0cf0d3f06,1970-01-01,0,Food,810.05,ESP,IND,1,1,0,1,0
sdv-id-konLss,45957a60-194d-497d-b09d-cd19413b4e20,1970-01-01,0,Food,1154.9,ESP,UKR,0,1,0,0,1
sdv-id-qfLCNo,9d77a45e-f206-4269-b8b7-7c0780fb9296,1970-01-01,0,Food,627.34,ESP,PRT,1,0,1,1,0
sdv-id-OuVtfb,0e6bbde0-ed0d-4017-ab10-a823d7770933,1970-01-01,0,Travel,190.36,ESP,JPN,1,1,0,0,1
sdv-id-HjLjIe,aabe05a3-66e7-403c-a522-67569c4b1428,1970-01-01,2,Retail,1698.82,ESP,VNM,1,0,0,0,1
sdv-id-eoRmvp,9df2372e-9e82-4aae-9d36-16a108dec921,1970-01-01,0,Travel,556.36,ESP,USA,0,0,1,0,0
sdv-id-QjMqQl,b8ab8e09-c5da-4dcc-8dd7-0974f84716b7,1970-01-01,0,Tech,114.12,ESP,IND,0,0,0,1,0
sdv-id-aajSvl,1138b544-d8c7-4cbe-8d1b-30400f8f2932,1970-01-01,0,Food,349.19,ESP,ARE,1,1,1,1,1
sdv-id-FcUUxc,f17fb786-7d92-4cc0-91d5-1b0630591fbc,1970-01-01,0,Food,901.95,ESP,NGA,0,1,0,0,1
sdv-id-oxmybv,df42eabd-604f-4c8d-961a-9968230a37e5,1970-01-01,0,Travel,1068.83,ESP,NGA,0,0,1,0,0
sdv-id-mShbiV,6b97c617-920f-4a6a-9b24-346346c5ab95,1970-01-01,0,Tech,1200.41,ESP,BGD,0,1,0,1,1
sdv-id-niKxyX,2bf84a05-d82d-4078-97a7-d4f6f5b77414,1970-01-01,0,Tech,325.38,ESP,RUS,0,0,0,1,0
sdv-id-hBAgtj,80b04e3d-dd2f-4be8-9fda-be67801d04d5,1970-01-01,0,Travel,1131.4,ESP,CHN,1,0,0,1,1
sdv-id-vJdrZL,d284b528-b091-4fb7-b17f-3f92d26aa790,1970-01-01,1,Tech,2024.29,ESP,JPN,0,0,0,0,0
sdv-id-BWKAyJ,bb5ad45d-5353-42bf-9dee-8ebf7d3ae67e,1970-01-01,1,Tech,411.7,ESP,UKR,1,1,0,0,1
sdv-id-WJijbT,584220f1-d310-4f4f-803e-3ee26d30a1b9,1970-01-01,0,Travel,2453.23,ESP,FRA,1,0,0,0,0
sdv-id-alFAPA,f1b159b6-1e8c-4499-b7d9-f94a87e823e5,1970-01-01,0,Retail,1368.2,ESP,BRA,1,1,1,1,1
sdv-id-eyOThR,80104995-bc06-486b-922b-4fb21ca79972,1970-01-01,0,Retail,352.29,ESP,BRA,0,1,1,0,0
sdv-id-AUedxP,d7d80594-9d98-47bc-a018-0791eeb093fe,1970-01-01,0,Food,1222.48,ESP,NGA,0,1,1,0,0
sdv-id-YbXrdF,655f7974-75c2-452d-8f3f-ba72aba9569e,1970-01-01,0,Gaming,983.19,ESP,DEU,0,0,0,1,0
sdv-id-hzAVOg,56d00a82-1564-4478-8d62-0ba689fc17cf,1970-01-01,0,Tech,837.0,ESP,DEU,0,0,1,0,1
sdv-id-igMirH,2fd1843d-9207-4602-961c-d6742978868d,1970-01-01,5,Gaming,1070.8,ESP,JPN,1,1,0,0,1
sdv-id-npIElv,58cd9df3-1100-44b8-b5d0-a2af1c06efa6,1970-01-01,5,Tech,454.1,ESP,FRA,0,1,0,1,0
sdv-id-LPLZav,62d884ee-5d89-478c-a827-62b4793909cd,1970-01-01,1,Tech,2408.08,ESP,ESP,1,1,0,0,0
sdv-id-MocAEx,4f9a5f98-4d95-4273-8b2c-c805d1403430,1970-01-01,0,Gaming,242.02,ESP,BRA,1,0,1,1,0
sdv-id-tMTyXf,8f221604-d46b-4756-b9e4-39ef48d495a4,1970-01-01,0,Gaming,1270.69,ESP,JPN,1,1,0,0,1
sdv-id-ZkpxWQ,3eb0b8d1-e3e7-432d-b23e-ab009fe70bb8,1970-01-01,0,Tech,436.13,ESP,ARE,1,1,1,0,0
sdv-id-uYnzmr,62534b28-e479-49dd-ba68-e69f2c8b2151,1970-01-01,0,Travel,2362.01,ESP,ITA,0,1,1,1,0
sdv-id-AQTNSL,51105a80-414a-465f-b8d3-9674a5b8a9ec,1970-01-01,0,Tech,263.84,ESP,FRA,0,1,1,0,0
sdv-id-RISCOC,c4f9eccd-7630-48a7-b0ca-fdd8fc043f08,1970-01-01,0,Travel,1734.12,ESP,USA,1,1,1,1,0
sdv-id-xepbQp,61f041d0-6993-4611-a777-5ef59ab9ae1b,1970-01-01,0,Travel,294.16,ESP,CHN,0,1,0,0,0
sdv-id-wGsXmx,b72dc421-6067-4542-972b-cbf9d778c1a0,1970-01-01,0,Food,1773.74,ESP,BRA,1,1,1,0,0
sdv-id-uQBkXn,520619e0-1096-4c84-954b-a5905a4d52c7,1970-01-01,1,Retail,2335.63,ESP,BRA,1,0,1,0,1
sdv-id-utYnaJ,12c33d13-4eb7-4327-a650-d90216fd7c70,1970-01-01,0,Travel,1368.91,ESP,JPN,0,1,1,0,1
sdv-id-aztuVA,b198047f-4612-4424-bac0-67a69297eaac,1970-01-01,0,Tech,324.9,ESP,ITA,0,1,1,1,0
sdv-id-xqmCvc,a1d280a2-1038-48e4-8cbe-735dbbfc3897,1970-01-01,0,Retail,1652.81,ESP,BRA,0,1,0,0,0
sdv-id-CrzbLF,6a107fb7-3338-4ec9-9037-e6698a3a0129,1970-01-01,0,Gaming,1328.26,ESP,ARE,1,0,1,1,1
sdv-id-XXFCPQ,f2c84743-9027-4770-a460-d0d2904883c1,1970-01-01,1,Food,1091.58,ESP,IND,0,0,1,0,1
sdv-id-PgPOoL,c2045288-3bde-4b66-b01c-3f0c9b43324c,1970-01-01,4,Gaming,1889.52,ESP,IND,0,0,1,1,1
sdv-id-mvdjNg,c353ac87-ceb7-438a-b67a-92b701862029,1970-01-01,0,Tech,2087.94,ESP,UKR,0,0,1,1,0
sdv-id-LIrlNy,92dae5a7-bc11-433c-82bb-c9159fc9953a,1970-01-01,0,Gaming,1362.66,ESP,NGA,0,0,0,1,0
sdv-id-QSedQT,5a995017-deb0-4c83-9c94-25d82bba86f4,1970-01-01,0,Gaming,339.45,ESP,RUS,0,1,1,0,0
sdv-id-UFOazb,05e08ea8-f812-4394-8115-90b79255bb41,1970-01-01,0,Tech,323.87,ESP,NGA,1,1,1,1,0
sdv-id-HFHFzJ,0d22af35-b648-4e8a-84e7-75b92dca365a,1970-01-01,0,Travel,1350.42,ESP,VNM,0,1,1,0,0
sdv-id-YTOPym,09c628dd-bff0-40b9-be83-5c517e70b309,1970-01-01,0,Travel,570.68,ESP,PRT,0,0,0,1,1
sdv-id-DMzvIh,ba554e35-ddc8-427b-a623-b91a72f68fe1,1970-01-01,0,Food,1972.36,ESP,IND,0,0,1,1,0
sdv-id-zpJLuf,457f4a84-1133-4ed4-81e6-0c4c545b19ba,1970-01-01,0,Tech,1948.24,ESP,UKR,1,1,0,1,0
sdv-id-uDHahz,c16d83ed-ad81-48bd-8029-13ec9ef2b93e,1970-01-01,0,Travel,2422.55,ESP,USA,1,0,0,1,1
sdv-id-EmVkFH,4c34f9de-531b-4e76-b25f-875a047c1fe5,1970-01-01,0,Tech,2397.1,ESP,PRT,0,1,0,0,1
sdv-id-sDWxqJ,46c8adfe-7bf4-4042-bd15-31c83764fbda,1970-01-01,1,Retail,2436.0,ESP,USA,0,1,0,0,1
sdv-id-WLtzrl,730ad7de-27af-4ff9-87f8-9f6211a1e557,1970-01-01,0,Retail,164.46,ESP,ITA,1,0,1,0,1
sdv-id-laVjjR,6dbbf0f8-964f-45a1-a68e-851a0bcfed34,1970-01-01,0,Gaming,2497.42,ESP,NGA,0,0,1,0,1
sdv-id-BZkoax,0cc8fa21-b601-45b2-81c3-63cd7add3695,1970-01-01,2,Retail,1314.06,ESP,FRA,0,1,1,0,1
sdv-id-gBLaIo,8a159e92-af74-4e63-8dc4-c81fa8fae904,1970-01-01,0,Gaming,932.62,ESP,BGD,0,1,1,1,1
sdv-id-HEOIVK,e2c07b0f-bc37-4a1e-917e-b16a99222b37,1970-01-01,0,Food,641.2,ESP,ARE,1,0,0,0,0
sdv-id-RMiYQS,53254d59-d6b9-4d4a-8cd2-2b5d225d3bc8,1970-01-01,0,Tech,712.98,ESP,PRT,0,0,1,1,1
sdv-id-LjAYjf,c3d08178-1d05-4dbf-add1-0250f713a7f8,1970-01-01,3,Food,1291.08,ESP,DEU,1,1,1,1,0
sdv-id-bjfnta,1c467349-ae12-44b6-b390-ca5d4bfecfa6,1970-01-01,0,Retail,1378.13,ESP,ARE,0,0,1,1,0
sdv-id-GfXCUg,31490475-e5b2-4ed0-90a0-cd0fb4e91064,1970-01-01,0,Food,223.49,ESP,ARE,0,1,0,0,1
sdv-id-yGgEcZ,7f37c8f7-5dfe-477c-9ea0-f4f1d8355a00,1970-01-01,0,Food,2115.46,ESP,BGD,0,1,0,1,0
sdv-id-lfnSWZ,d0af7986-2937-47e9-9752-db082e86d47e,1970-01-01,0,Travel,1780.02,ESP,JPN,1,1,1,0,1
sdv-id-BUqdeI,9ab7f449-ff16-4376-97a9-11b3513994a1,1970-01-01,1,Gaming,106.44,ESP,FRA,1,0,0,1,0
sdv-id-tbhUrW,cadc3379-c788-4847-95d1-0dfc9834e02f,1970-01-01,0,Food,2096.37,ESP,GBR,1,1,1,0,0
sdv-id-aWEivS,6a7a4ce6-8d84-4ad9-b038-5cd1fb8671c1,1970-01-01,1,Food,1462.5,ESP,IND,1,1,1,0,0
sdv-id-bXiutk,d26fdb7e-3d53-4342-a763-5620eaef318c,1970-01-01,3,Food,314.3,ESP,CHN,0,1,0,0,1
sdv-id-zVwnEj,7b53359e-1bac-4d0d-af35-b30b4c68eb17,1970-01-01,1,Travel,1349.94,ESP,JPN,1,1,1,1,0
sdv-id-ldXWDp,6fd8440a-5283-489c-831f-37eb2c981221,1970-01-01,1,Gaming,702.84,ESP,UKR,0,0,1,1,0
sdv-id-YcaTjI,665700be-80c4-4989-90f3-0807982d91ca,1970-01-01,1,Food,1040.37,ESP,CHN,1,0,0,1,0
sdv-id-dVxdKG,bb5ad45d-5353-42bf-9dee-8ebf7d3ae67e,1970-01-01,0,Food,1947.0,ESP,GBR,0,0,1,1,1
sdv-id-eeKVdy,7d06cba8-9aff-4070-a2f0-00fdea324e73,1970-01-01,3,Gaming,1939.73,ESP,RUS,0,1,1,1,1
sdv-id-IlxObc,0db4a7fa-18e4-4d85-a8d4-2725f611c0ec,1970-01-01,0,Travel,241.46,ESP,ESP,0,1,0,0,1
sdv-id-CUmrMO,72d932a4-1583-467e-9d6d-37c75e4532ec,1970-01-01,4,Travel,716.17,ESP,GBR,1,0,0,0,0
sdv-id-RdLLZb,c2045288-3bde-4b66-b01c-3f0c9b43324c,1970-01-01,0,Food,1506.11,ESP,BRA,0,0,0,1,0
sdv-id-XDkYNI,91be48c3-2329-4406-9bac-0279a66b3d83,1970-01-01,0,Retail,2407.79,ESP,BRA,0,1,1,0,1
sdv-id-LnUdzJ,920479ce-dba0-489e-b593-8f5ab40bc353,1970-01-01,0,Tech,2195.92,ESP,FRA,0,0,1,0,1
sdv-id-OjFaIQ,0db4a7fa-18e4-4d85-a8d4-2725f611c0ec,1970-01-01,0,Gaming,2447.3,ESP,NGA,1,1,1,0,1
sdv-id-YyBJwD,5c42952b-923c-4db6-91f0-a92322b2e0bd,1970-01-01,0,Retail,1661.6,ESP,VNM,1,0,1,0,0
sdv-id-hnmHuo,754f595f-12f6-48e6-b197-603ca45c7178,1970-01-01,4,Travel,2449.16,ESP,GBR,1,1,0,0,0
sdv-id-DCnLZC,3b4f068e-ecad-422d-9b2a-a4e4c0e354e7,1970-01-01,0,Retail,2072.01,ESP,DEU,1,0,0,1,1
sdv-id-exUnPX,dd90e79e-b888-46ed-8d24-4e3ec4dabddb,1970-01-01,0,Food,398.4,ESP,GBR,1,0,1,1,0
sdv-id-TPYZaA,1688782f-72b6-46ca-92b2-6acdcd1f75a3,1970-01-01,0,Gaming,1916.69,ESP,ESP,0,1,1,1,0
sdv-id-OtlLor,a2a8d37d-aa22-43a9-ba25-90fcd91218a9,1970-01-01,0,Gaming,1876.81,ESP,PRT,0,1,1,1,1
sdv-id-tLxlLr,ee653bb6-ec98-4b8e-8ad0-9042ef180725,1970-01-01,2,Food,1082.41,ESP,NGA,0,0,1,0,1
sdv-id-DdmPeK,3f39562d-6b06-492f-b62a-794159dcbe0f,1970-01-01,0,Tech,528.32,ESP,NGA,0,0,0,1,0
sdv-id-gVvzjI,d0e34b2b-1ca6-4c33-b0d8-67cd038d5f5a,1970-01-01,4,Tech,2400.94,ESP,GBR,1,0,0,0,1
sdv-id-pDDsNX,cac4d0eb-3373-430e-bc31-a5971f119c0f,1970-01-01,1,Travel,1759.41,ESP,CHN,0,0,1,0,1
sdv-id-zycVZA,feb3a855-48e6-4273-8680-13786e607c2f,1970-01-01,0,Travel,1798.95,ESP,VNM,0,1,0,0,0
sdv-id-ObiETb,a2ef1e21-7fb3-4568-9594-eea843816e47,1970-01-01,0,Tech,6.9,ESP,ESP,1,1,1,1,0
sdv-id-cmArjZ,701ae861-a38c-4df1-9531-06900997ed80,1970-01-01,4,Retail,1174.07,ESP,RUS,0,1,1,0,1
sdv-id-cFcEwc,c425d020-4389-4f66-9780-29e939d00762,1970-01-01,0,Tech,201.14,ESP,ARE,1,0,0,1,1
sdv-id-cZWOJC,bbff1e4b-7236-4469-b06e-cef93c7ff37d,1970-01-01,0,Gaming,2290.0,ESP,UKR,1,0,0,1,1
sdv-id-oQddcn,0ce87570-b4d6-43e6-9aa9-0d26ab636d66,1970-01-01,0,Gaming,123.64,ESP,NGA,1,0,1,1,0
sdv-id-VJfclq,7420431e-2bf0-4535-92f5-c7bc54c4c8ba,1970-01-01,5,Food,875.18,ESP,BGD,1,1,0,1,1
sdv-id-NaPNJC,87690baa-a104-4dce-bab6-ad91bacf7cfc,1970-01-01,1,Retail,2141.76,ESP,NGA,1,1,0,1,0
sdv-id-RYPIxX,c074718e-425a-409f-b337-c59979844388,1970-01-01,0,Tech,1757.11,ESP,DEU,1,0,1,1,1
sdv-id-vFcdcI,b9046b52-13eb-4599-b2d4-d3a598dd6c3c,1970-01-01,0,Retail,2152.28,ESP,BRA,1,0,1,0,1
sdv-id-MahTUQ,232e84ea-dfe3-48d5-90be-629444c1a38c,1970-01-01,0,Tech,547.7,ESP,ESP,1,0,0,1,1
sdv-id-OhFKWM,677c8f55-0321-4d27-b238-9612be3842e3,1970-01-01,0,Retail,1061.89,ESP,RUS,1,0,1,0,0
sdv-id-nUpbiV,51045a16-ef15-4b72-9c70-ee97fca45567,1970-01-01,2,Gaming,284.25,ESP,FRA,1,1,0,0,0
sdv-id-DPhPCH,3c1689c2-4dbc-417c-be64-c44ffe678797,1970-01-01,4,Tech,1279.9,ESP,FRA,1,0,0,0,1
sdv-id-oJKlmZ,b0d515ab-c891-455d-94c1-76b90ac013d5,1970-01-01,4,Food,475.19,ESP,PRT,0,0,1,1,1
sdv-id-PaTwld,5199839c-d0de-4fb6-858c-6c02bf409640,1970-01-01,2,Retail,2484.24,ESP,BRA,0,0,0,0,0
sdv-id-DLSTQM,8f940a73-9c2e-4760-8dde-dd24c57dfa49,1970-01-01,4,Gaming,348.5,ESP,IND,0,1,1,1,0
sdv-id-kxBGwR,151248e1-1504-4b41-99c4-d7d61537846c,1970-01-01,0,Food,2467.12,ESP,ARE,0,1,0,1,1
sdv-id-hpDSdN,c1ff9427-9477-49d7-9265-80c067dfc9af,1970-01-01,0,Gaming,1968.51,ESP,GBR,1,1,1,0,1
sdv-id-zWgYJA,735bea93-923a-4413-8778-9daee4787edc,1970-01-01,0,Tech,2496.35,ESP,CHN,0,0,1,0,1
sdv-id-QNwHBk,1d34d08e-7a4c-45d4-9c99-e04cf0e98b3b,1970-01-01,0,Travel,1795.45,ESP,ITA,0,1,0,0,0
sdv-id-UoIFMF,44a8ddc2-ddf1-4e0b-865e-23c798656bba,1970-01-01,0,Gaming,1584.87,ESP,VNM,1,0,1,1,0
sdv-id-lBcbVJ,3cfc7050-ecb6-47a2-be1b-e3e9bee1dc65,1970-01-01,2,Travel,1452.56,ESP,NGA,1,1,1,0,1
sdv-id-KDQHpN,e8920b25-ab35-475a-a433-66c97d3d6b72,1970-01-01,2,Food,660.3,ESP,DEU,1,0,0,1,0
sdv-id-LnjKrO,4b68d94d-40da-4c7d-af2b-dc13b2165b5a,1970-01-01,0,Gaming,2341.67,ESP,RUS,1,1,0,0,1
sdv-id-fwVdNk,1a85fd69-344c-46cc-bf48-e5f018cc0e29,1970-01-01,0,Food,2042.8,ESP,NGA,0,0,0,0,1
sdv-id-IrLzaE,b2a7c9b5-4e5a-446b-9279-68e997a4acb5,1970-01-01,0,Tech,369.63,ESP,JPN,1,1,0,1,1
sdv-id-RrFHSE,55b2f82a-3469-40de-a442-c26ca27589cd,1970-01-01,0,Tech,1653.84,ESP,VNM,0,0,0,1,1
sdv-id-yJkxOo,85cc2c2d-89c9-4243-af30-681ce61b4afc,1970-01-01,0,Gaming,296.44,ESP,JPN,0,0,1,1,0
sdv-id-syQkdF,167b6ea0-2945-4370-a713-72ab34cb7b9a,1970-01-01,5,Travel,89.01,ESP,NGA,1,1,0,0,1
sdv-id-KlWNHL,7c12d198-50c1-48f7-a764-28c4197fa0fd,1970-01-01,0,Tech,233.09,ESP,VNM,0,1,1,1,0
sdv-id-BKfdSb,6a107fb7-3338-4ec9-9037-e6698a3a0129,1970-01-01,1,Retail,740.26,ESP,ITA,1,0,0,0,1
sdv-id-zapcNb,c9425b82-0c20-4760-814f-5b9f82a54c56,1970-01-01,5,Tech,2144.24,ESP,USA,0,0,1,0,0
sdv-id-QLkYJh,2a07a49f-c880-4bae-9e82-328501e780a0,1970-01-01,1,Travel,1061.49,ESP,UKR,0,0,1,1,1
sdv-id-RCJHzu,0c4d862e-5ef8-4a9b-8cfc-a54b8ac31e08,1970-01-01,0,Food,534.97,ESP,GBR,1,0,1,0,1
sdv-id-utOhrX,6182f347-533f-4a72-b64f-a54a8c611654,1970-01-01,0,Food,1050.55,ESP,NGA,1,1,0,1,0
sdv-id-tjaChg,96721e98-5d84-46e0-a0e6-96ffa75743f9,1970-01-01,4,Tech,2310.69,ESP,UKR,1,0,0,0,0
sdv-id-noOHEc,652fd941-e057-4014-b699-febb228c4f0c,1970-01-01,0,Retail,1964.71,ESP,FRA,1,0,1,1,0
sdv-id-opDpAO,9364ecb5-db29-420a-8886-b7c6a4c755b0,1970-01-01,0,Tech,2409.9,ESP,ESP,1,1,0,1,0
sdv-id-eyLNjk,cac4d0eb-3373-430e-bc31-a5971f119c0f,1970-01-01,0,Tech,116.97,ESP,BRA,1,0,1,1,0
sdv-id-ebfNEY,69eb337c-059e-48d8-8ba2-0d387db4990d,1970-01-01,5,Food,326.39,ESP,CHN,0,1,1,1,0
sdv-id-YQWecg,ef7cef26-3c66-4012-be74-1860bf957403,1970-01-01,0,Food,307.21,ESP,GBR,0,0,1,0,1
sdv-id-tyCMLS,8d2349a4-2ec1-483f-824a-dee93fa72273,1970-01-01,0,Gaming,1977.47,ESP,GBR,1,0,0,0,1
sdv-id-obRzoA,22af711f-1b62-4a9d-b536-6b9f320f72c0,1970-01-01,0,Travel,1312.96,ESP,ARE,1,1,1,0,1
sdv-id-AhHQcM,44656d6b-81fb-48b3-89a7-d91fef2ae713,1970-01-01,0,Food,565.03,ESP,PRT,1,1,1,1,1
sdv-id-FbdKWq,7914c120-c8dc-419f-be35-11287900f7f9,1970-01-01,0,Retail,1378.9,ESP,JPN,1,0,0,0,0
sdv-id-vzaWzK,d448bf65-6f18-45e8-bd1b-d63a6553c98b,1970-01-01,0,Travel,72.04,ESP,PRT,1,1,0,0,1
sdv-id-sxJrTe,42186e6d-ab24-474a-9f2b-e8ba3f05344c,1970-01-01,0,Food,810.32,ESP,BGD,1,1,1,0,1
sdv-id-wEWwLF,bbc10bbe-ed1c-4d70-b6d2-58239b354089,1970-01-01,0,Gaming,1301.49,ESP,IND,1,0,0,1,0
sdv-id-mLZHmf,b1ddfdbb-80cf-4dc7-ab10-862175ecc919,1970-01-01,1,Food,1930.41,ESP,GBR,1,1,1,0,1
sdv-id-qMuagY,7ab7b78f-2098-45b2-a852-7018bfa4ce84,1970-01-01,4,Gaming,1952.57,ESP,JPN,0,1,1,0,0
sdv-id-LgQUFG,334dd7aa-25c1-4899-a89a-92c5003742ae,1970-01-01,0,Gaming,988.78,ESP,USA,0,1,0,0,1
sdv-id-mOoABf,a2aba713-e5a7-4d2f-9547-19323e03a5ea,1970-01-01,0,Travel,1034.64,ESP,IND,1,1,1,1,0
sdv-id-jzpoRk,91bed6c8-3fad-466f-821d-1d13dd99d991,1970-01-01,0,Food,1484.1,ESP,CHN,1,1,0,1,0
sdv-id-qzczdw,98b8e4cc-1bc0-44fc-89cb-394243f59a85,1970-01-01,0,Food,728.91,ESP,JPN,1,1,0,1,0
sdv-id-srfsfd,b66e550b-5c8a-4866-af9c-5cfbafe601c5,1970-01-01,0,Gaming,545.47,ESP,JPN,1,1,0,0,0
sdv-id-Sjwjbr,ae4f26c6-32f4-4b84-b473-db445fdc889f,1970-01-01,0,Retail,651.63,ESP,DEU,1,0,0,1,0
sdv-id-NjfUXR,19eef9d6-fdfa-4cb1-82d4-93eb2a7b65de,1970-01-01,1,Food,1697.46,ESP,JPN,1,1,1,0,0
sdv-id-AGzngp,008d4127-6104-41e3-aa25-a8880f02bad0,1970-01-01,4,Food,599.18,ESP,FRA,1,0,1,0,1
sdv-id-ruRwpM,58578862-3105-45b6-a40b-1814281269bc,1970-01-01,0,Travel,2099.66,ESP,CHN,0,0,1,0,1
sdv-id-myTDMy,fc9e1dcb-cb7e-4268-9f89-ed1264d6dfbf,1970-01-01,0,Tech,747.76,ESP,GBR,0,1,0,1,0
sdv-id-wBjaYD,eabd37da-c357-4620-be24-5711b4cb1a42,1970-01-01,0,Food,1273.6,ESP,DEU,1,0,1,0,1
sdv-id-wxiRMQ,e82b5b36-4269-428c-8bac-bedfff5a229e,1970-01-01,0,Gaming,2439.26,ESP,GBR,0,0,1,0,1
sdv-id-BOTPIk,e4ba28fc-9b50-4366-8da3-b59e633b35fd,1970-01-01,0,Food,1603.23,ESP,JPN,1,1,1,1,0
sdv-id-qMhxYe,dfe223fd-605b-4b1b-816d-074a2c2459bf,1970-01-01,2,Gaming,948.44,ESP,IND,0,0,0,0,0
sdv-id-GKDWJM,46556f9a-7692-4681-ae65-4dcc8087d4bc,1970-01-01,0,Tech,1037.96,ESP,JPN,0,0,0,1,0
sdv-id-nIgHzA,edfc1ab2-c198-4cfb-a5cf-9236bdce8c96,1970-01-01,0,Travel,518.97,ESP,ESP,1,0,0,1,1
sdv-id-bBbZOP,d9d5d66c-072b-40ed-ba58-d606a302db2f,1970-01-01,0,Tech,1054.24,ESP,DEU,1,0,1,1,1
sdv-id-QbgbjH,86fbbcdb-7ecd-4062-ae40-3b9f27b2a5c1,1970-01-01,0,Gaming,1210.15,ESP,JPN,0,1,0,1,1
sdv-id-AhZeSy,df4e713e-f64e-4dfc-bfbe-ac7aefc59738,1970-01-01,0,Food,1829.59,ESP,BGD,1,1,0,0,1
sdv-id-WIbUhK,37663e35-cdba-4cac-be85-f617f17e993d,1970-01-01,0,Food,348.35,ESP,ARE,0,1,0,1,1
sdv-id-RTuULp,a3b44efe-25c3-4c9d-a856-1badee287a92,1970-01-01,0,Tech,377.22,ESP,PRT,1,0,1,0,1
sdv-id-JjpbKC,9ae1a991-524f-43ff-b030-7633a6ded1d8,1970-01-01,0,Tech,1541.36,ESP,USA,1,1,1,0,0
sdv-id-DJNFfc,8e9a8e72-93fc-4973-b631-5c550ca3e980,1970-01-01,0,Travel,2444.35,ESP,USA,1,0,0,0,0
sdv-id-RsbcWm,bf6e074d-865f-433c-9c39-9fe1bfd285d7,1970-01-01,0,Tech,993.8,ESP,UKR,1,1,0,1,1
sdv-id-RVfZRD,8e242b1d-c573-4b1c-80b1-5ca389ae67cb,1970-01-01,0,Food,1594.11,ESP,DEU,1,0,0,0,0
sdv-id-ieOTiW,a9230810-c346-44f9-8bed-0104929ea405,1970-01-01,5,Retail,1973.79,ESP,CHN,0,1,0,1,1
sdv-id-madljG,8d2434f9-963d-48bf-b97e-3984ded7d3ef,1970-01-01,2,Food,164.56,ESP,GBR,1,1,0,1,0
sdv-id-alCkrK,12aa48cf-f18c-4581-bc9b-3b84cb4addc6,1970-01-01,0,Food,1174.3,ESP,ARE,1,0,1,1,0
sdv-id-PYtZFf,53332e5d-3ac3-4c05-ba96-a00dcaf6a7d4,1970-01-01,0,Travel,270.52,ESP,RUS,0,1,1,0,0
sdv-id-UXzNsU,9a37ef9d-5983-4e94-906a-8dd30b31324f,1970-01-01,3,Tech,328.86,ESP,IND,0,0,1,0,1
sdv-id-FOyALF,247474b3-1d7d-4bb3-8e00-44e207af3b8a,1970-01-01,0,Food,1143.22,ESP,ESP,0,1,1,1,0
sdv-id-tHOpzN,18246315-ad49-4072-bf84-3004c4ac41b5,1970-01-01,0,Travel,1383.67,ESP,USA,1,1,1,0,0
sdv-id-RxrWaX,a77a5aff-cb61-456c-870f-c7e9cb55bdaf,1970-01-01,0,Travel,352.03,ESP,PRT,1,1,0,0,1
sdv-id-mMYiGz,eb34d8de-3e7d-423e-9e03-83d4b061c6ff,1970-01-01,1,Food,886.04,ESP,ESP,0,1,0,0,1
sdv-id-vNGMMG,9bfe7b18-b091-4536-9182-45136fb90ec6,1970-01-01,0,Tech,1675.09,ESP,BRA,1,0,1,0,1
sdv-id-mQhyYY,1f93bb9d-263f-4b57-9ef9-81f8af927913,1970-01-01,0,Gaming,1170.25,ESP,ITA,1,1,0,0,1
sdv-id-oVkcgF,9179703b-47a9-4b30-ab57-abeceacf6180,1970-01-01,5,Travel,956.07,ESP,BGD,0,1,1,1,0
sdv-id-rquuNU,2c7e254b-19fc-4491-a20a-558241e04166,1970-01-01,0,Travel,196.25,ESP,UKR,0,1,1,1,1
sdv-id-HdSPdV,d8253010-3911-4943-910b-f4dc0de4faf4,1970-01-01,0,Tech,1815.55,ESP,JPN,1,0,1,1,0
sdv-id-PGtyvL,c3c49506-1e8e-46ed-8748-03793ea7f419,1970-01-01,0,Food,740.33,ESP,NGA,1,1,1,0,1
sdv-id-OveIeT,734eab10-85e9-454f-855c-f668a3cb9e18,1970-01-01,0,Gaming,1164.08,ESP,PRT,1,0,1,0,1
sdv-id-jjDasi,5d2d904f-78c5-4073-8bc5-72073e9aec86,1970-01-01,0,Tech,439.7,ESP,ESP,1,0,1,0,1
sdv-id-SagpBi,727dda84-8e02-4ef0-815c-e9f42e106355,1970-01-01,1,Travel,2439.5,ESP,VNM,1,0,0,0,0
sdv-id-VlgSnM,d6cd3155-08a8-4c7f-8621-38ad0f09105c,1970-01-01,0,Food,1491.79,ESP,GBR,1,0,1,1,0
sdv-id-zoPGFV,2e2d0681-a8b2-4070-9b18-72ac78c4c27f,1970-01-01,4,Food,14.52,ESP,UKR,1,1,1,0,1
sdv-id-SupUss,76e51a12-79c6-4757-b7fe-b7351cc6f0a0,1970-01-01,0,Retail,1916.07,ESP,DEU,1,1,1,1,1
sdv-id-ppZJpx,25db5946-a091-45b4-9293-8e6eff4d0930,1970-01-01,0,Food,1483.3,ESP,ITA,1,1,0,0,1
sdv-id-PAtNna,c69aa024-7706-4602-9e5e-a4cd1426512f,1970-01-01,1,Travel,1463.9,ESP,JPN,0,1,1,0,0
sdv-id-wgRWGM,dcc8c801-8c57-4243-b69f-ce1ae67d9f00,1970-01-01,0,Travel,2039.0,ESP,ARE,0,0,0,0,1
sdv-id-sucwBd,95fbe976-ae00-4b7e-af8c-83e56e8d9644,1970-01-01,1,Food,1168.42,ESP,IND,1,1,0,0,0
sdv-id-fKJsPJ,27165ab6-73c1-4557-b6e2-6e93e62abbfe,1970-01-01,1,Travel,933.35,ESP,CHN,1,0,1,1,0
sdv-id-zLOmlu,aa1c8b53-3e2e-4201-b4ce-c306c39fcfb3,1970-01-01,0,Tech,1069.02,ESP,GBR,1,1,1,1,0
sdv-id-qBtDXg,f688677d-a6de-441f-97de-aa33738d21e8,1970-01-01,0,Retail,2071.57,ESP,UKR,1,1,0,0,1
sdv-id-jeQBEJ,11186c1a-8540-42b0-aaa8-2f4e4fc4e8cd,1970-01-01,0,Travel,2086.36,ESP,VNM,1,1,1,1,0
sdv-id-yJFZbc,ef4bd7a8-746b-402f-bebb-f6dfed84acc9,1970-01-01,0,Retail,1152.17,ESP,PRT,1,1,0,1,0
sdv-id-pjhafS,46368d12-9d94-413f-89e2-18a7650495b5,1970-01-01,0,Food,2286.42,ESP,CHN,1,0,0,1,1
sdv-id-FlnpBh,bd9277a4-1d2a-4042-842a-2f6480e1be4d,1970-01-01,2,Tech,1606.46,ESP,GBR,0,1,0,0,1
sdv-id-yYvwxT,f48f854e-5562-44f4-a2f5-b1a93e4f22ba,1970-01-01,0,Food,1119.7,ESP,ARE,1,1,1,0,1
sdv-id-DNMbmu,a417c093-80a8-423d-97ea-ec838892042f,1970-01-01,0,Tech,43.23,ESP,CHN,1,0,1,1,0
sdv-id-JdTQvN,d59ef0fd-1204-44d6-bbfb-1b710a683eb8,1970-01-01,0,Food,1865.02,ESP,IND,0,0,0,0,1
sdv-id-Umhyjg,310e8aed-07dc-4a0c-ab72-d6947d41cba8,1970-01-01,4,Food,862.13,ESP,NGA,0,0,0,1,0
sdv-id-HlyJSJ,c98a2fa2-3dba-44d7-935f-52da1f324096,1970-01-01,1,Food,1417.35,ESP,DEU,0,1,0,1,0
sdv-id-DwBzWt,6ad65b8c-3a38-4844-afbf-fde4a0226155,1970-01-01,0,Tech,1636.61,ESP,RUS,0,0,1,0,1
sdv-id-UDngBE,8c44d60f-8efe-49c3-93b9-1ea14211c052,1970-01-01,0,Retail,889.73,ESP,ESP,1,0,1,1,1
sdv-id-QmQmRO,49861a4a-0025-43ed-a2ca-9f04609eee72,1970-01-01,0,Travel,945.63,ESP,ITA,1,1,0,0,1
sdv-id-IRZLXz,5afaeb32-419b-474e-8247-23c3a32a4516,1970-01-01,0,Retail,1619.96,ESP,ESP,1,0,0,1,0
sdv-id-vXMZnb,567b9583-e679-4a4b-b3ce-cf7c90d5e87e,1970-01-01,1,Gaming,2369.32,ESP,IND,0,1,0,0,0
sdv-id-hjKMky,89fab5cc-95b0-4f8a-964f-10b584d6b400,1970-01-01,1,Retail,1804.65,ESP,UKR,1,1,1,0,1
sdv-id-EtREmI,219c5f3d-dc26-46c0-8056-c9bdbdc27e8f,1970-01-01,0,Food,824.46,ESP,ITA,0,0,1,0,1
sdv-id-YYtRnZ,151248e1-1504-4b41-99c4-d7d61537846c,1970-01-01,0,Gaming,430.42,ESP,FRA,1,0,0,1,0
sdv-id-oQtZFz,1feb1cf5-7dcb-4113-839f-f46b194274cf,1970-01-01,0,Travel,673.48,ESP,BRA,0,0,1,0,1
sdv-id-PpQakL,58d0202b-75d5-4115-9ce8-b890cc6b3a6e,1970-01-01,2,Travel,2102.73,ESP,JPN,1,1,0,0,0
sdv-id-ZVnWxz,e8e4c8de-ddd9-4c67-9ac5-169df15b854e,1970-01-01,0,Retail,2373.64,ESP,BGD,0,1,1,1,1
sdv-id-wYmSMc,0478c8cd-ca37-473b-a082-6fe9bf0c6693,1970-01-01,0,Gaming,2348.13,ESP,IND,1,0,0,1,0
sdv-id-HZqGnS,541cdfcd-da0d-4a5f-948f-8b74a65bb1f2,1970-01-01,0,Tech,1147.57,ESP,ITA,1,1,0,1,0
sdv-id-VyUDZj,afd063d6-35dd-4534-9528-68557858406c,1970-01-01,0,Retail,2315.26,ESP,USA,0,0,0,0,1
sdv-id-jlrlDR,94b58d54-67a2-4ab3-9af6-009939dd843f,1970-01-01,0,Travel,1005.08,ESP,IND,0,0,1,0,1
sdv-id-MRgDNo,d8b6a5b0-c7c2-4f1b-ad30-26db20f8260c,1970-01-01,2,Food,1752.21,ESP,CHN,1,1,0,1,0
sdv-id-mkYmax,00c99370-22d6-40a2-a41f-0d38ca803df8,1970-01-01,0,Tech,391.76,ESP,BGD,0,1,0,1,0
sdv-id-BuBqFe,8bef5d54-c0c5-4495-92bf-804e89ca1b26,1970-01-01,0,Food,2496.98,ESP,ESP,0,1,1,1,0
sdv-id-HxWJwe,f2307c22-30c7-409b-b401-55bdb6ac1c8e,1970-01-01,0,Food,890.62,ESP,GBR,1,1,0,0,1
sdv-id-UZdSpw,48d5e760-b17a-4315-9ca1-eca40570b7f6,1970-01-01,0,Retail,1055.54,ESP,GBR,0,0,1,0,1
sdv-id-psochx,61682935-b8b9-4656-9997-fbb0f7b9a2e2,1970-01-01,0,Food,761.75,ESP,BGD,1,0,1,0,1
sdv-id-EOXatT,a52aea24-9248-4bee-858f-ab602bbe35ea,1970-01-01,0,Tech,1270.73,ESP,BGD,0,1,1,1,0
sdv-id-yGZfiP,2932a211-214c-4a4d-83a5-34d28e7d3f5a,1970-01-01,0,Retail,328.48,ESP,UKR,0,1,0,1,0
sdv-id-fJPNSA,f7f3dc54-27a0-4911-afd2-9b721c13a1e7,1970-01-01,0,Food,2144.27,ESP,ITA,1,0,1,0,1
sdv-id-AdkyLl,7381c6eb-dac9-44a4-b43b-f88cc6f43468,1970-01-01,0,Food,1144.94,ESP,RUS,0,1,1,1,0
sdv-id-DamzeA,1bfc270c-8549-4255-89db-ebb5c9739495,1970-01-01,0,Tech,1476.15,ESP,ARE,1,0,0,1,0
sdv-id-VTnGLa,bc57003e-91f9-4586-827f-9590333c8c30,1970-01-01,0,Travel,869.63,ESP,GBR,1,1,0,0,0
sdv-id-FbxWtX,16b52fab-bb25-467d-8d21-4444795b325e,1970-01-01,2,Retail,1733.74,ESP,USA,0,1,0,1,0
sdv-id-GZCJFC,7077d33e-d04c-44db-a70a-4855d0b6eada,1970-01-01,0,Travel,731.22,ESP,FRA,1,1,0,1,1
sdv-id-schVUD,c55fa445-f09e-4302-b525-a4d983f023fd,1970-01-01,0,Gaming,1446.8,ESP,DEU,0,1,1,1,0
sdv-id-XFOQlj,a21f56b2-0c65-4576-a5d7-7fc8252ac83c,1970-01-01,0,Tech,1257.7,ESP,UKR,0,0,1,0,1
sdv-id-qINUWB,01440fa3-5fcf-4c27-868e-47b0d87db947,1970-01-01,2,Travel,2300.61,ESP,BGD,1,1,0,1,0
sdv-id-gWJYWI,20453d2d-5924-4739-8705-ecba00c4e208,1970-01-01,1,Gaming,618.42,ESP,NGA,1,1,0,1,1
sdv-id-fhBBCR,bc2e2b59-2c7d-4667-b664-c7202fddb26a,1970-01-01,0,Travel,1103.85,ESP,GBR,1,0,1,1,0
sdv-id-djSHyn,d42a895e-0fcf-401f-9cb9-b73a906d5c8c,1970-01-01,3,Gaming,1148.03,ESP,NGA,0,0,1,0,1
sdv-id-dAUdjf,21a496a8-638b-4370-935d-1936d7d2f88f,1970-01-01,0,Gaming,1339.13,ESP,ESP,1,1,1,1,1
sdv-id-nuGgZy,4224b70e-c29f-46c7-9370-b983945730a5,1970-01-01,4,Travel,1158.14,ESP,PRT,0,1,0,1,0
sdv-id-KQiuWU,638c254c-076e-4bba-bc53-08bf6f92f25e,1970-01-01,0,Travel,107.81,ESP,GBR,0,1,1,1,0
sdv-id-FicVGg,c1de6d58-518e-48fd-a252-439052a3069d,1970-01-01,0,Food,1322.96,ESP,ARE,0,1,1,1,0
sdv-id-zwNwov,6094413d-03c8-4477-addc-d3ff8b1096c0,1970-01-01,0,Retail,884.21,ESP,VNM,0,0,1,1,0
sdv-id-zbnAhn,22bf18f5-1f65-4a87-b33e-e3447dbf4bc1,1970-01-01,1,Travel,2296.56,ESP,JPN,0,0,1,1,1
sdv-id-lVATLg,b15e54f6-d4d3-4795-ae4b-ebc429890880,1970-01-01,0,Tech,1211.33,ESP,JPN,1,1,0,1,0
sdv-id-FTPikr,0f735617-9e61-40dc-8c69-21373df359d6,1970-01-01,0,Food,252.86,ESP,CHN,1,0,0,1,0
sdv-id-MOZHlm,51954d56-31b9-4512-907d-bc11c638be20,1970-01-01,0,Retail,238.82,ESP,BGD,1,1,1,0,1
sdv-id-mucxdp,4165964c-0b21-4308-86dc-4e34a9dcfe52,1970-01-01,0,Retail,251.35,ESP,DEU,1,0,1,1,0
sdv-id-uiHpVi,8a159e92-af74-4e63-8dc4-c81fa8fae904,1970-01-01,0,Tech,1538.86,ESP,ESP,0,1,0,0,0
sdv-id-HnOACb,3af834f2-9aef-4aec-bbf1-8cf4a740a142,1970-01-01,0,Travel,2027.71,ESP,ITA,1,0,0,1,1
sdv-id-XBjxob,b78a2037-bd46-4bd5-82c5-2802aca65492,1970-01-01,0,Retail,845.4,ESP,VNM,1,0,1,1,0
sdv-id-VFoXQg,44945e09-1d3c-45a4-929d-63771cfb655f,1970-01-01,1,Gaming,2175.31,ESP,USA,1,0,1,1,1
sdv-id-pOTMTP,143a9aff-659b-4105-8b80-f288446f64dd,1970-01-01,0,Retail,925.65,ESP,RUS,1,0,0,1,0
sdv-id-eAzWAh,cbfae8d6-b4ed-4d1d-82f1-287bbf2dcfcb,1970-01-01,1,Retail,2487.45,ESP,VNM,0,0,0,0,1
sdv-id-ACjVPH,a9ba5a27-907b-4e36-9786-48f864de82e6,1970-01-01,0,Food,1931.63,ESP,ESP,1,1,1,0,0
sdv-id-pvylMO,a30c1e0e-69cd-4159-a53d-fc49f7410b94,1970-01-01,5,Travel,1462.89,ESP,ESP,1,1,1,1,0
sdv-id-gsJxZK,3e447305-eb55-420d-81d2-31cb66bd5d42,1970-01-01,0,Gaming,455.08,ESP,GBR,1,1,0,1,0
sdv-id-YJSQMn,71fd053b-bad7-4c04-8414-777b66739343,1970-01-01,0,Tech,2185.3,ESP,DEU,1,0,0,0,1
sdv-id-woeycp,ec2530fa-98b1-451e-b25d-71f1836a2e1d,1970-01-01,0,Travel,13.38,ESP,USA,1,1,1,1,0
sdv-id-zTWliR,f00c9f5f-ea55-4e32-a006-b5386692e257,1970-01-01,2,Gaming,1884.58,ESP,CHN,1,0,0,0,1
sdv-id-pRQAyz,471c10ae-cdb4-4dab-8a27-cd6942264ba4,1970-01-01,0,Gaming,1337.47,ESP,UKR,1,0,1,1,0
sdv-id-EAmcgN,d29e8c00-bb99-4a58-aa49-8fca76a6b248,1970-01-01,0,Tech,698.07,ESP,NGA,1,1,1,1,0
sdv-id-kdJIsI,9030fb0c-45d5-4acb-9294-100f823ca34a,1970-01-01,0,Travel,2329.62,ESP,BRA,1,1,0,0,1
sdv-id-ZRmwdk,1af01dd6-4cd6-4378-aa9f-07d46aa364bd,1970-01-01,0,Travel,2087.21,ESP,DEU,0,1,1,0,1
sdv-id-aOtkia,ad7eeff7-5660-4762-851b-986031e6a645,1970-01-01,5,Retail,710.84,ESP,ARE,0,1,1,1,0
sdv-id-fyoVSx,7590a2f6-b095-4247-af51-f151687862c4,1970-01-01,3,Food,2098.1,ESP,VNM,0,0,1,1,0
sdv-id-AkIHAo,710fc415-8f7c-4071-afef-2c5dd7021edd,1970-01-01,3,Gaming,2385.0,ESP,UKR,0,0,0,1,0
sdv-id-nhEBeS,b4e48d56-39f2-4b71-a828-211d7a9410b6,1970-01-01,1,Retail,2093.3,ESP,PRT,1,0,0,1,1
sdv-id-PKLrBB,4d38a8d0-10f5-4651-8b14-7f1f40c56cf6,1970-01-01,0,Gaming,2227.91,ESP,PRT,0,1,1,0,1
sdv-id-VSdosY,b4c21dd6-2ed1-4d37-b63f-a63fa1d29dff,1970-01-01,0,Food,859.14,ESP,ITA,0,1,1,1,0
sdv-id-FcbLAm,e9ea8b10-3bd6-4a06-a22f-c33168518341,1970-01-01,0,Gaming,1027.49,ESP,VNM,1,1,0,1,0
sdv-id-lCMSWV,ad994f15-786b-4196-a7ad-053899c23641,1970-01-01,0,Food,1789.55,ESP,DEU,0,1,1,1,0
sdv-id-SVARoF,a8049463-0d36-45e4-92a6-f3e62b48c6e6,1970-01-01,3,Food,2473.25,ESP,RUS,0,1,1,0,0
sdv-id-fGSpRq,1c093b82-44cb-4cf6-8e24-1f2927219bbb,1970-01-01,2,Retail,1383.34,ESP,PRT,1,1,1,1,0
sdv-id-vvGMxT,fb04c6b1-022b-4960-8f00-ba6af189d0b1,1970-01-01,0,Food,53.88,ESP,CHN,0,1,1,1,0
sdv-id-UjevOJ,308c523d-cb7e-417c-a17b-c29eec9573e9,1970-01-01,0,Food,805.77,ESP,IND,1,1,0,1,1
sdv-id-qjrAYX,29ca6e42-d09a-42dc-a3dd-65b3998549bc,1970-01-01,0,Tech,490.25,ESP,CHN,1,1,1,1,0
sdv-id-zeNSHl,86e52753-7c93-46cc-97d7-a560adb14670,1970-01-01,0,Gaming,186.03,ESP,CHN,0,0,1,1,0
sdv-id-zdtnwb,2a35ce30-303c-404b-8007-93365bf7dda1,1970-01-01,2,Tech,1578.2,ESP,NGA,0,1,1,0,0
sdv-id-nhyczL,2ba46308-7e77-46aa-8015-575691b0af07,1970-01-01,0,Retail,1554.42,ESP,IND,0,1,0,0,1
sdv-id-XNaelL,fe3f5662-0468-4a4a-a1e5-835e3e9f069a,1970-01-01,0,Tech,637.4,ESP,DEU,0,1,1,1,0
sdv-id-GwXGyz,f5a02c0a-5021-43fc-bff3-e8188babb414,1970-01-01,0,Retail,2083.91,ESP,IND,0,1,1,0,1
sdv-id-GsMeid,f5a02c0a-5021-43fc-bff3-e8188babb414,1970-01-01,0,Retail,1725.92,ESP,JPN,0,0,0,0,1
sdv-id-IwaVgO,c74f555d-de93-49de-a37b-96309798b4e0,1970-01-01,0,Gaming,1350.08,ESP,USA,0,1,0,0,1
sdv-id-xqPvsQ,2a038ad4-a667-4982-9c3d-e1b0022b6683,1970-01-01,5,Gaming,1139.3,ESP,GBR,0,1,1,1,0
sdv-id-IhTAQB,7f6bf62c-a1c1-4b96-baab-d9f2850b7073,1970-01-01,1,Gaming,751.94,ESP,VNM,0,0,0,0,1
sdv-id-bxBsNw,fd28750f-5868-4a1b-accb-cb41d7b205e5,1970-01-01,0,Retail,912.83,ESP,UKR,1,1,0,0,1
sdv-id-perpyi,037825da-d399-456c-9c2b-498f054da360,1970-01-01,1,Travel,46.69,ESP,CHN,0,1,1,1,0
sdv-id-dORREd,4844cc49-6761-464e-b79e-e14018441abd,1970-01-01,0,Food,1172.28,ESP,BGD,1,0,1,1,1
sdv-id-GpjKRn,6f110436-b3c2-4ec5-be66-c4fa35edff38,1970-01-01,4,Travel,1448.69,ESP,IND,1,1,1,1,1
sdv-id-enpPHS,c4bbb7a9-d988-48dd-9c7c-737779a28903,1970-01-01,0,Retail,2321.64,ESP,BRA,0,0,1,0,0
sdv-id-Yzluzs,4ec75bdc-6094-474c-b846-e9c515a8cb98,1970-01-01,5,Retail,147.69,ESP,ITA,0,0,0,1,0
sdv-id-VnUsoP,1e856ded-e7b9-4323-ad44-f50ec4e3a5ed,1970-01-01,0,Tech,6.03,ESP,IND,1,1,0,0,0
sdv-id-eFAniC,d5de293b-b9a8-47ba-a6dc-e997b2c454a4,1970-01-01,0,Tech,1446.87,ESP,UKR,1,0,0,0,1
sdv-id-BXYYZA,0478c8cd-ca37-473b-a082-6fe9bf0c6693,1970-01-01,5,Travel,1057.76,ESP,PRT,0,0,1,1,0
sdv-id-aFymAD,ece57307-8fee-4edb-bddf-56880139bb86,1970-01-01,1,Tech,2127.89,ESP,CHN,1,0,0,0,1
sdv-id-sROhpE,a2f077e3-3040-4cc4-ac21-f1edf4a985b0,1970-01-01,5,Food,1308.64,ESP,CHN,0,1,1,1,1
sdv-id-UXCiKQ,86b5dd45-d41a-4093-b1bf-8a3c5ae57068,1970-01-01,1,Food,1241.09,ESP,GBR,0,1,0,0,0
sdv-id-GgajMp,fd0a5f40-113e-4dde-9ce2-0449011cb53c,1970-01-01,0,Food,990.04,ESP,JPN,0,0,1,1,0
sdv-id-pCChdt,086c030f-f0fd-4ea9-82c2-7f97af6c9a31,1970-01-01,0,Gaming,926.94,ESP,GBR,0,1,0,1,0
sdv-id-yHGWtT,372f9fb6-041b-4c79-8014-680432de3097,1970-01-01,0,Gaming,2485.7,ESP,BRA,1,1,0,0,1
sdv-id-NYknum,0b4ec2ee-3dbf-4049-82cb-0bc7f0329337,1970-01-01,1,Food,673.11,ESP,BGD,0,1,0,0,1
sdv-id-YEHiGq,9ec5405d-c6a9-4598-9d34-0833db592a19,1970-01-01,0,Gaming,1913.97,ESP,IND,0,1,1,1,1
sdv-id-gzJmuf,6f1e2050-3f71-4dab-9ad1-36d67472bd84,1970-01-01,0,Gaming,615.51,ESP,BGD,0,1,1,0,1
sdv-id-SaPXas,9db94eee-1a3c-4131-b3dd-3bc6d06405a8,1970-01-01,0,Retail,2062.28,ESP,BGD,0,0,0,0,1
sdv-id-sfDarY,db394550-3210-4c49-9d4f-f1c8618e72a7,1970-01-01,0,Food,1433.38,ESP,BRA,0,1,0,0,1
sdv-id-yBufYj,7919955c-9be4-419f-9270-1d607c4f48e4,1970-01-01,0,Gaming,159.7,ESP,NGA,1,1,0,1,0
sdv-id-EeyLaW,d48f5ba3-0d87-4c72-bce0-5a63197f9b8d,1970-01-01,4,Travel,1057.32,ESP,JPN,0,0,1,0,1
sdv-id-yThRMV,7c53ccb0-96a8-4f54-b26a-18440cf2a69a,1970-01-01,0,Retail,854.89,ESP,JPN,0,0,1,0,1
sdv-id-KcIXXI,25f5ed6f-c5e2-4dcc-b058-4d2027111b60,1970-01-01,0,Food,317.27,ESP,VNM,1,1,0,0,1
sdv-id-HXXrAz,4051dbda-d617-42cb-aabf-1a086b6de0da,1970-01-01,0,Travel,834.32,ESP,UKR,0,0,1,1,0
sdv-id-zFamqB,cf3ee4aa-594f-4d27-9dcd-0d40d6415102,1970-01-01,0,Travel,133.78,ESP,ITA,0,0,0,1,1
sdv-id-LadETj,764d7e7c-8e49-40f9-acc5-c9de6a1d9731,1970-01-01,1,Tech,2066.78,ESP,ESP,1,1,0,0,1
sdv-id-wcCHQt,fa926f97-bd87-4f11-a1ca-afcd23a2f59c,1970-01-01,0,Gaming,664.46,ESP,VNM,0,0,1,0,0
sdv-id-ZCGWRa,be54eceb-8329-4d1a-acd6-cedf52dfc152,1970-01-01,0,Retail,285.83,ESP,JPN,1,1,1,0,0
sdv-id-JPefBd,7f05fbf5-efca-4577-9aa6-f7cb90c7e6ac,1970-01-01,0,Tech,1697.75,ESP,UKR,0,0,0,1,1
sdv-id-DXVrGH,13365c0c-82ff-4f2e-878f-07cf170fa87b,1970-01-01,0,Retail,1750.63,ESP,IND,1,1,1,1,0
sdv-id-ONbZlL,e43e4288-a2b5-4498-9cb8-5aedf5f62c97,1970-01-01,4,Food,568.22,ESP,BGD,0,0,1,1,1
sdv-id-uiHFdF,7f0386fa-13ba-4c91-a0a5-fde6939f71a2,1970-01-01,5,Gaming,1725.01,ESP,NGA,1,0,0,0,1
sdv-id-jmQjHA,d9750f00-d5ab-48ae-9112-fbc03d8f95f4,1970-01-01,3,Tech,805.0,ESP,ARE,1,1,0,0,0
sdv-id-cVyxMq,a886a9fc-60be-485d-9053-317b5f4dec1d,1970-01-01,5,Gaming,2214.5,ESP,USA,0,1,0,0,0
sdv-id-BiooLF,2cf149cb-4f1e-4a37-8ac8-ad937e02921d,1970-01-01,2,Gaming,1579.9,ESP,RUS,0,1,0,1,0
sdv-id-aHqOGF,e6876705-0431-49ef-a46e-c70f3e97037d,1970-01-01,0,Travel,1737.21,ESP,UKR,1,1,1,0,1
sdv-id-pShmRo,41d0d034-abfb-4c17-8ad5-433ba84f1cf1,1970-01-01,0,Retail,1103.29,ESP,PRT,1,0,0,0,0
sdv-id-QigpxM,16884399-2b91-4ace-b9f1-80276f88e2c0,1970-01-01,0,Travel,1873.72,ESP,RUS,1,0,1,0,1
sdv-id-YkPMdO,63fe0717-f6a8-48cc-ba11-df76d6e75f73,1970-01-01,2,Food,1805.14,ESP,JPN,1,0,1,0,0
sdv-id-xInbHT,df1ee6b3-c866-4c6e-a58e-0162b2872686,1970-01-01,0,Travel,1499.66,ESP,FRA,1,1,1,0,1
sdv-id-GSpMDw,673ba8bd-c38c-4dec-9da3-9a73ba3df7ff,1970-01-01,0,Gaming,1581.63,ESP,BGD,0,1,0,1,0
sdv-id-kXMcIk,fc3a156a-531b-49d8-8b7e-42df9c8a1631,1970-01-01,0,Retail,702.17,ESP,BRA,0,0,0,1,0
sdv-id-IhEZBF,1a531cf9-b3a4-4d11-bbd5-ea4d3446d700,1970-01-01,1,Tech,1532.82,ESP,JPN,1,0,1,0,1
sdv-id-BBVwGk,55ba1dfe-a30e-4e97-9406-1f23c91f8d86,1970-01-01,1,Food,1468.84,ESP,NGA,0,1,0,1,0
sdv-id-cycDiP,15183e2c-3cca-4de2-b5c1-accc137d97fc,1970-01-01,5,Gaming,224.13,ESP,UKR,1,1,1,0,0
sdv-id-jpEndu,352ded78-0f94-4b38-8d81-bc5e85c65764,1970-01-01,0,Food,1610.15,ESP,BRA,0,0,0,0,1
sdv-id-uPyCza,10fb6052-d8d9-492e-900e-7426551fbe65,1970-01-01,0,Tech,1865.61,ESP,CHN,0,0,0,0,1
sdv-id-gmfMrK,9482e11e-5c56-43aa-bd15-d3eec39783ae,1970-01-01,0,Retail,2033.96,ESP,VNM,0,0,0,0,1
sdv-id-agiVSt,9b3d4cfa-6c14-413e-aad1-f17923d2819c,1970-01-01,0,Tech,446.24,ESP,PRT,0,1,0,1,0
sdv-id-GiDkSA,8f379da5-da41-4f0b-8255-9353f95d62ff,1970-01-01,0,Travel,1739.39,ESP,NGA,1,1,1,0,0
sdv-id-mQNFiR,05ec8e9f-a09f-4700-a4ce-1460ef5a9491,1970-01-01,2,Retail,2452.48,ESP,ESP,0,1,0,1,0
sdv-id-pWGdvh,179ee93b-a399-4919-a956-8d7dd57e4322,1970-01-01,4,Food,125.62,ESP,PRT,0,0,1,1,0
sdv-id-bQZYVk,04a1dd66-bce8-4f22-af00-1605ae93b319,1970-01-01,0,Retail,295.79,ESP,BGD,1,1,1,1,0
sdv-id-FOUCdD,cb3a6d96-d8d1-4ef1-a261-02575b5938ed,1970-01-01,0,Travel,1253.72,ESP,DEU,1,0,1,1,0
sdv-id-nUcumu,5ef7c9e1-ea88-4491-a49a-d218a5b5c511,1970-01-01,1,Gaming,243.23,ESP,USA,0,0,1,1,1
sdv-id-GPIRXz,d3e26347-1ac3-4967-8699-7fc27de50d45,1970-01-01,0,Food,1525.31,ESP,UKR,0,0,1,0,0
sdv-id-Gmgdxu,13d94ad0-d809-4e6d-b41a-d2c25ceef79c,1970-01-01,0,Food,1554.33,ESP,CHN,1,0,0,0,1
sdv-id-ZFpSpt,956269f0-e5d7-4875-adad-d6c795a76d79,1970-01-01,0,Food,825.73,ESP,FRA,1,0,1,1,1
sdv-id-nLnLBy,88118127-9359-4195-a321-2daa865394a3,1970-01-01,0,Tech,1846.58,ESP,NGA,0,1,1,0,1
sdv-id-GLMmzM,054a4d99-d999-4026-837e-60684ccb8ee7,1970-01-01,0,Tech,1626.63,ESP,FRA,0,1,0,1,0
sdv-id-FgLnRu,27d1c679-ddc7-4f59-93a5-5fb678963d04,1970-01-01,1,Food,1457.53,ESP,DEU,0,1,1,0,0
sdv-id-NxWDva,108e04ac-99c6-407f-ac81-4510c42eafc8,1970-01-01,0,Gaming,468.22,ESP,CHN,0,0,0,1,1
sdv-id-DDKCKe,e9ea8b10-3bd6-4a06-a22f-c33168518341,1970-01-01,0,Travel,134.76,ESP,FRA,1,0,1,0,1
sdv-id-eMVRFM,7319c9c0-52d6-4c9a-9cd1-ad00b58a4ffc,1970-01-01,0,Food,2076.7,ESP,IND,1,0,0,1,0
sdv-id-YReHKs,97f84962-93f1-49e1-bfd5-54ff2e65a71f,1970-01-01,0,Retail,2284.55,ESP,GBR,0,1,0,0,1
sdv-id-BtrQcR,12f776d1-c6ec-457f-ac0d-88188349c078,1970-01-01,0,Tech,1039.3,ESP,GBR,0,1,0,1,0
sdv-id-sgzrhQ,d498ede9-d286-46ac-ac42-6e1a88ad3de9,1970-01-01,0,Gaming,1231.98,ESP,NGA,1,1,0,1,0
sdv-id-zNfLqm,2c6cdb5a-ac36-4cb9-8273-be68e6c51969,1970-01-01,0,Travel,315.94,ESP,ARE,1,0,1,0,1
sdv-id-vCMpTd,63d2b7c6-ab1f-4327-a59a-5f4ef8f218d0,1970-01-01,3,Gaming,746.06,ESP,IND,1,1,0,0,1
sdv-id-USoeIF,a3ad0476-286f-456a-8207-eff89528688e,1970-01-01,0,Retail,763.21,ESP,BRA,0,1,1,0,1
sdv-id-mzsoeV,79e76f99-f8f7-4639-a6de-fc16ea6dccb6,1970-01-01,0,Travel,1074.49,ESP,DEU,0,1,1,1,0
sdv-id-oJlGzw,ae1455f4-d6e8-4ad3-803a-423a990ddc73,1970-01-01,0,Gaming,655.18,ESP,RUS,0,1,1,1,0
sdv-id-pIEslP,5176a9d1-9a36-44d6-ae9c-e8ff084a3c4b,1970-01-01,0,Tech,443.01,ESP,BRA,0,0,1,1,0
sdv-id-EixqjM,30b69f93-c438-4125-a54d-befee1dd8d91,1970-01-01,0,Travel,359.79,ESP,ARE,1,0,1,1,1
sdv-id-DLBAOW,8eda75d9-bc41-4770-baed-b7ab965ea5d5,1970-01-01,0,Gaming,362.03,ESP,CHN,1,0,0,0,1
sdv-id-wKmdlg,347cd0f4-20f6-4e5c-b716-c1dae8b3cb11,1970-01-01,0,Food,2073.03,ESP,PRT,1,0,0,0,1
sdv-id-UqUnpf,99e95433-1453-417e-b11e-be6f68ffae17,1970-01-01,3,Food,511.78,ESP,CHN,1,0,1,1,1
sdv-id-MoRdDl,331f63fb-d11f-48c0-a97c-a4fff75d599f,1970-01-01,0,Retail,357.45,ESP,CHN,0,1,1,0,1
sdv-id-ArUQou,97a6e2bc-ec7c-46e6-be6d-39b86364d40f,1970-01-01,1,Food,22.03,ESP,ESP,0,1,0,0,1
sdv-id-cagHbL,8df21ad5-2d36-4b7e-b3ff-b402a5d5bbf9,1970-01-01,2,Travel,259.65,ESP,NGA,0,1,1,1,1
sdv-id-DfRxjM,df69a560-9baa-4785-b8f2-17f0b8314c26,1970-01-01,0,Tech,2157.91,ESP,FRA,0,1,1,1,0
sdv-id-InaljW,4708cf0f-8b49-4e26-9b9e-b2e618f426dd,1970-01-01,0,Tech,397.65,ESP,GBR,0,0,0,0,0
sdv-id-wPhFQc,01e1af8f-8946-4e5b-a6fa-3d5c3678a41a,1970-01-01,4,Retail,1535.24,ESP,ITA,1,0,0,1,1
sdv-id-psxCWi,1ff49f0a-9435-4cb1-b24a-f3fba016db34,1970-01-01,0,Tech,2370.98,ESP,JPN,0,1,1,0,1
sdv-id-njgXHZ,2ea756a8-229e-4406-aab7-6dd1152b5e5f,1970-01-01,0,Tech,2025.13,ESP,GBR,0,1,0,0,0
sdv-id-IaLCli,cca8f708-df77-41cc-85d1-cfbdd2ec8e7a,1970-01-01,0,Travel,1203.28,ESP,FRA,0,0,1,0,1
sdv-id-yWWHnA,adc29178-a041-4612-acd5-8759e95d2761,1970-01-01,4,Food,2137.2,ESP,DEU,0,0,0,0,1
sdv-id-ZpIMBY,43c6b532-4b25-4483-bbae-0f3b4c96edc2,1970-01-01,0,Travel,1714.12,ESP,DEU,1,1,0,1,0
sdv-id-zHJgHr,8da5d39b-42c2-4797-8426-fcc9255b30e2,1970-01-01,4,Food,1469.46,ESP,ESP,0,1,1,0,0
sdv-id-LLtZLF,fc1b3217-83eb-4e95-9891-0c365dc57345,1970-01-01,0,Travel,2093.86,ESP,ITA,0,0,1,1,0
sdv-id-ZYJqnh,b63f93f6-46b5-48f6-851b-2922ca916df7,1970-01-01,0,Food,716.99,ESP,PRT,0,1,0,1,0
sdv-id-bdWGNI,ce92b021-8173-4a2a-83b5-b2bd1eec4d0d,1970-01-01,0,Food,615.63,ESP,JPN,0,0,0,0,1
sdv-id-WQHiyJ,7395734b-50b9-4f30-8038-32d04ab4ea29,1970-01-01,0,Gaming,2246.92,ESP,BGD,1,1,1,0,1
sdv-id-vWPVni,1e856ded-e7b9-4323-ad44-f50ec4e3a5ed,1970-01-01,0,Retail,1645.52,ESP,USA,0,0,1,1,0
sdv-id-AnJMdM,2c239586-195b-4525-b6d0-bb417a8e55a9,1970-01-01,2,Food,2008.46,ESP,NGA,1,1,1,0,1
sdv-id-SRFBXb,dabf984e-53ff-4461-aa1f-1b61265cb9d9,1970-01-01,0,Gaming,1446.57,ESP,ITA,0,1,1,1,0
sdv-id-uLjqQl,bcbd6eeb-ceab-4f76-b776-f4e846f90964,1970-01-01,1,Travel,1957.13,ESP,BRA,0,0,0,0,1
sdv-id-DPjYcw,65108131-d0c3-4c50-a9f3-18cfc359a437,1970-01-01,0,Travel,1544.42,ESP,RUS,0,1,1,1,1
sdv-id-vKaURu,0c4d862e-5ef8-4a9b-8cfc-a54b8ac31e08,1970-01-01,0,Travel,910.01,ESP,ARE,1,1,1,0,1
sdv-id-XrYjbB,26540ba4-53d0-4823-9279-86469d40ae1a,1970-01-01,4,Retail,567.21,ESP,RUS,1,0,1,1,0
sdv-id-DwIeYX,549e87aa-471c-4a45-b37a-31106806afc4,1970-01-01,2,Retail,61.57,ESP,USA,1,1,1,0,0
sdv-id-cjeYhs,f378cb94-478b-4f00-87d7-5309de772156,1970-01-01,0,Tech,881.22,ESP,ESP,0,0,1,0,1
sdv-id-GYiumC,34dbda6b-dd9e-4b6d-a751-82a4f48138b5,1970-01-01,0,Gaming,1351.06,ESP,GBR,0,0,1,1,0
sdv-id-DVDsWc,4552d0d2-f2ef-480a-be0f-d9ecc7074546,1970-01-01,0,Retail,103.63,ESP,DEU,0,1,1,1,1
sdv-id-VNhfrz,8b5b73df-d701-4ade-84a0-c5990fab3b92,1970-01-01,0,Retail,2057.93,ESP,PRT,0,0,1,0,0
sdv-id-fkOHuu,a986ee52-b115-47e2-9257-b49cd948bf57,1970-01-01,0,Travel,372.63,ESP,JPN,0,0,0,1,0
sdv-id-TyPVNo,304c9c7b-2e62-4a6f-9c71-14398098f50d,1970-01-01,0,Food,1548.58,ESP,IND,1,0,0,1,0
sdv-id-iiCXnr,184cbb24-bcde-4407-844b-f02f5b1f4979,1970-01-01,3,Tech,2389.05,ESP,DEU,0,0,1,0,1
sdv-id-mXnBPH,8bef2ae1-f873-49cc-9213-74ecd9f56388,1970-01-01,0,Retail,2366.91,ESP,GBR,0,0,1,0,1
sdv-id-JlsGXw,154ebf91-daa2-42b4-ad69-e88c61a4b230,1970-01-01,0,Travel,2454.21,ESP,GBR,0,0,1,1,0
sdv-id-KMNlsO,d69c15b2-224f-4444-a8f7-5fed0ae700f7,1970-01-01,0,Gaming,328.28,ESP,PRT,0,1,0,0,1
sdv-id-xVuQYn,1df1f3f8-aa99-4c56-9a2e-d9053fb65c7e,1970-01-01,0,Gaming,1498.95,ESP,PRT,0,1,0,0,1
sdv-id-dpEMHQ,3fc825ac-869b-400f-8c15-2a1be2789642,1970-01-01,0,Retail,2341.66,ESP,DEU,0,1,0,1,0
sdv-id-FpIiNn,793c04f7-663a-4809-bb1f-db986f5a181a,1970-01-01,0,Travel,2289.72,ESP,BGD,1,1,1,0,1
sdv-id-AYNilG,3150c323-8782-4633-a01d-9aeb52060f1c,1970-01-01,0,Retail,2390.19,ESP,BRA,1,0,0,1,0
sdv-id-gTKoGx,d10320a3-8a21-406c-b13e-3f6d0062cf68,1970-01-01,0,Gaming,1184.06,ESP,BRA,0,0,1,1,0
sdv-id-vJzFtc,90cabeeb-db72-4b14-92c2-526e737e68ed,1970-01-01,0,Tech,11.52,ESP,BRA,0,1,1,0,1
sdv-id-JpsiOG,1e287c97-a9e0-417f-a324-f5db685018bf,1970-01-01,0,Tech,1025.33,ESP,ITA,0,0,0,1,0
sdv-id-iqtNUz,d0e915d4-d503-42a8-a47f-9c7e07ec2d32,1970-01-01,0,Gaming,2186.86,ESP,ITA,1,1,0,0,0
sdv-id-yWahLe,90ae41e4-1a6a-4169-9386-5151b0921979,1970-01-01,0,Tech,2359.24,ESP,UKR,1,0,0,0,1
sdv-id-VgbYlQ,ee265c95-90f1-47ee-960a-5654b2403468,1970-01-01,0,Food,338.2,ESP,DEU,0,1,1,0,1
sdv-id-zWbckx,a7674726-61b3-48f3-b99b-70d6bc6aa8a7,1970-01-01,3,Food,1321.19,ESP,CHN,0,0,0,0,1
sdv-id-lsCwzQ,1bb1ca48-b844-4438-9e51-993207cdabeb,1970-01-01,1,Gaming,1879.87,ESP,GBR,1,1,1,0,1
sdv-id-huQWqr,8f7c1d59-594b-4a3a-bad4-65a15129950d,1970-01-01,0,Food,1431.87,ESP,DEU,0,0,0,1,0
sdv-id-LxSlOk,5a64b5e8-cdc7-43a0-a349-2ba3d084b7df,1970-01-01,0,Gaming,506.94,ESP,RUS,1,1,1,1,0
sdv-id-wmkWcl,8aedea8a-87e0-413b-a87f-edee201162af,1970-01-01,0,Travel,2152.1,ESP,PRT,1,0,1,1,1
sdv-id-kqYNAw,8da22a39-50db-4e34-938f-2b906c087d6c,1970-01-01,2,Tech,316.31,ESP,DEU,1,0,0,1,0
sdv-id-Bmhyag,7d296f9c-7d6a-45c4-be26-13aba98cb9cf,1970-01-01,0,Tech,79.79,ESP,BRA,1,1,1,1,0
sdv-id-VPHRwS,b5def807-4a96-4478-a72b-dddd511eeeb8,1970-01-01,5,Gaming,1883.78,ESP,BGD,0,0,0,0,1
sdv-id-tJgCnd,24ea2f78-24fa-450e-ac70-d93aa260f227,1970-01-01,3,Food,1411.3,ESP,PRT,1,0,1,0,0
sdv-id-KZIJBM,298ce7b4-4c5a-4b5f-a481-b50ca8624894,1970-01-01,1,Food,1503.42,ESP,VNM,1,1,0,0,1
sdv-id-gjnaGQ,3c1782b6-0317-401f-a140-387d684b724d,1970-01-01,0,Gaming,1904.87,ESP,BGD,0,0,0,1,0
sdv-id-nyrNlo,c89a0cbd-cc19-4b50-9e56-a4fbc4e7770d,1970-01-01,5,Gaming,138.36,ESP,ITA,1,1,0,0,0
sdv-id-orkbnD,00256416-b908-403c-b3e0-72cb05fd35aa,1970-01-01,0,Tech,1661.3,ESP,ITA,0,0,0,0,0
sdv-id-PySGBE,c5e3be15-f1dc-4270-8780-2d60968c77f1,1970-01-01,0,Retail,935.8,ESP,CHN,1,1,0,1,1
sdv-id-DHKVae,b495db4e-8245-4fb4-8ab7-706eb77350ca,1970-01-01,0,Retail,2317.92,ESP,ARE,0,0,0,0,1
sdv-id-jGFCtM,0bdfa5f0-c653-405e-b2e2-7aa8f081eaef,1970-01-01,0,Gaming,2047.23,ESP,BRA,0,0,1,0,1
sdv-id-JIIXKf,71203b7a-1dcc-4f24-ba71-ce7b3248f699,1970-01-01,0,Food,1856.41,ESP,FRA,0,1,0,1,0
sdv-id-njHJMf,daada0b1-2f13-4a6d-aad5-5c0b69fb2fe6,1970-01-01,0,Travel,1012.76,ESP,NGA,1,0,1,0,1
sdv-id-MczvyO,753ff3e2-71fc-4136-8c68-720ed787463d,1970-01-01,2,Food,814.34,ESP,IND,0,1,0,1,0
sdv-id-mMHxAW,7f5085e7-058c-4d44-b2a0-2b53565a4a42,1970-01-01,0,Food,2154.96,ESP,BGD,0,1,1,0,1
sdv-id-eMXetU,cb53f0be-5e7b-4866-9270-54706a7be8b1,1970-01-01,0,Food,2273.11,ESP,IND,1,0,0,1,0
sdv-id-iZWmkK,604a1fe2-9cc8-4772-a1d7-8199d8ed0649,1970-01-01,0,Food,1045.92,ESP,IND,1,0,1,1,0
sdv-id-VjKRsV,d5b26840-f4b3-493f-8b38-2c494853338d,1970-01-01,1,Gaming,1560.48,ESP,FRA,0,0,1,1,0
sdv-id-gJLywM,edef86d1-c5c9-4369-9338-a251b27bb97a,1970-01-01,0,Retail,1939.45,ESP,USA,1,1,1,0,0
sdv-id-nnTKVc,d98d214f-c2ab-4876-b71b-d82d635589f4,1970-01-01,0,Travel,2001.84,ESP,ARE,1,0,0,0,1
sdv-id-jELWGy,302b0401-efed-498b-979a-7368bd96bb0a,1970-01-01,0,Retail,486.35,ESP,JPN,0,1,1,0,1
sdv-id-Kkwhhx,7daae2b3-1a70-481a-8202-c418b6aedb91,1970-01-01,0,Retail,75.26,ESP,BRA,1,1,1,0,0
sdv-id-aeHPTZ,18209c03-0a8e-4997-a3b3-b81b86174aa0,1970-01-01,2,Retail,1430.25,ESP,ARE,0,0,1,1,0
sdv-id-KYQxDo,2ddcc829-0d24-421d-97a3-5108d7b3c866,1970-01-01,0,Food,634.33,ESP,GBR,1,1,0,0,1
sdv-id-FuXckX,253741e4-0966-4d08-9959-5d27a73d2746,1970-01-01,0,Gaming,1484.29,ESP,UKR,0,0,1,0,0
sdv-id-kNXzzM,889fe107-443b-4d0f-bdbc-3093a8284442,1970-01-01,0,Tech,1025.81,ESP,GBR,0,0,1,1,0
sdv-id-grYBYs,9fb02727-3549-4673-888a-ca21b1f4dd88,1970-01-01,0,Tech,1253.41,ESP,DEU,0,0,0,1,0
sdv-id-Mimqng,75eb89c2-3f5c-42f3-bacb-43a3d2c7bffb,1970-01-01,0,Gaming,753.38,ESP,ARE,0,1,0,0,1
sdv-id-mLTDml,f1d8cf10-9ec6-4137-b19b-583f623b6901,1970-01-01,0,Gaming,2347.93,ESP,VNM,0,0,1,1,0
sdv-id-JnQHnc,5a8d9931-5ebb-4417-b523-8331243711ee,1970-01-01,5,Gaming,1028.11,ESP,JPN,0,0,1,0,1
sdv-id-jmYNBw,3889936a-9d58-47e8-9e17-5b664b87959f,1970-01-01,0,Food,448.2,ESP,ARE,0,1,1,1,0
sdv-id-pokUUv,95055ac7-2f0b-4138-8138-aeea89887d52,1970-01-01,4,Gaming,2167.23,ESP,JPN,1,1,0,0,0
sdv-id-pxLCcc,8593d3a2-08a6-4a64-bb03-f61b5705a33e,1970-01-01,0,Food,110.33,ESP,DEU,1,0,0,1,0
sdv-id-RGcknh,ed4c8325-105a-4d40-bf26-32df21c20510,1970-01-01,0,Retail,384.08,ESP,BGD,1,0,1,0,1
sdv-id-fjxkFY,7942000a-cf24-4413-95b6-54383ecd0888,1970-01-01,0,Tech,1409.36,ESP,JPN,0,0,0,0,1
sdv-id-ASBiAK,69e83561-4557-4dcb-b15e-ae421461f0d8,1970-01-01,3,Food,1190.11,ESP,USA,0,0,0,1,0
sdv-id-kegSPe,bd2cf4eb-977e-4f2c-a8fe-60952cb37e23,1970-01-01,0,Tech,81.04,ESP,USA,1,1,1,1,0
sdv-id-mOtYiN,56a60db5-0776-449a-a88e-8d5d51856418,1970-01-01,0,Food,2033.65,ESP,USA,0,1,0,1,1
sdv-id-wBhQrv,7ec2eade-bf88-4749-ab2f-a6bc00b6cb48,1970-01-01,0,Travel,279.83,ESP,BRA,1,1,1,0,1
sdv-id-KemHZU,adc29178-a041-4612-acd5-8759e95d2761,1970-01-01,0,Gaming,30.21,ESP,BRA,0,0,0,0,0
sdv-id-KnCLPz,ca125168-09bd-4d25-95c7-d0c264051dd8,1970-01-01,0,Retail,1229.75,ESP,UKR,1,1,1,1,0
sdv-id-KAOEeK,15c2ca8c-0d2e-473e-9590-e3456ee82dd7,1970-01-01,1,Tech,456.3,ESP,BRA,0,0,1,0,1
sdv-id-hGNRGh,836392b7-d9a3-442a-83c2-8870adde98b6,1970-01-01,0,Retail,1292.54,ESP,BGD,1,1,0,1,0
sdv-id-dKcvkc,e8cdea8a-7710-499d-99bd-fac90d993ab9,1970-01-01,5,Travel,876.13,ESP,JPN,1,0,0,1,1
sdv-id-dSHnsl,3b4f068e-ecad-422d-9b2a-a4e4c0e354e7,1970-01-01,0,Travel,2109.89,ESP,ITA,0,1,0,0,0
sdv-id-iUifQd,065262a2-24a0-4b6e-8878-383ae037e953,1970-01-01,0,Tech,1444.79,ESP,BRA,1,1,0,1,0
sdv-id-qjEJNG,8b73aba7-ed5e-4fa2-9fb3-0a4dc0712a38,1970-01-01,2,Retail,140.64,ESP,IND,0,0,1,0,1
sdv-id-ISuKAf,48dc1e26-c7c2-464a-bab8-328f2cae93a2,1970-01-01,0,Travel,2245.35,ESP,RUS,0,0,1,0,0
sdv-id-suQBpg,ba2eeeb3-d6aa-4382-a144-6b45af390a9d,1970-01-01,0,Gaming,45.85,ESP,PRT,1,0,1,0,0
sdv-id-AKLccb,88cd565c-17c2-4048-8d2a-ac5b59d5d1bd,1970-01-01,0,Gaming,2052.8,ESP,RUS,1,1,1,0,1
sdv-id-dleuRN,60e565b6-39b3-442d-becf-bc0b5ea62cb9,1970-01-01,2,Retail,2264.33,ESP,NGA,1,0,1,1,0
sdv-id-sFMdGK,d8e66501-2375-4bc8-b972-c629b24841dd,1970-01-01,0,Food,711.83,ESP,DEU,0,0,1,0,1
sdv-id-AwLRjG,18246315-ad49-4072-bf84-3004c4ac41b5,1970-01-01,1,Travel,2450.95,ESP,DEU,1,1,1,0,1
sdv-id-PgRykp,54c93d44-e353-4243-994d-e8d7add74b0f,1970-01-01,1,Food,441.9,ESP,CHN,0,0,1,0,0
sdv-id-SlcwAs,a1ad9f14-3ae1-4f9c-8634-e0e64d2ce796,1970-01-01,0,Travel,282.06,ESP,ITA,1,1,0,0,0
sdv-id-kPiFJy,2cfc4fb4-268c-4b15-939c-4fd6c49acd85,1970-01-01,2,Food,1909.91,ESP,IND,0,0,1,0,1
sdv-id-PCtlHJ,a8702d97-10e6-4176-b858-3966757256f6,1970-01-01,0,Tech,911.88,ESP,RUS,0,0,0,0,0
sdv-id-QjQPPz,b1e52a90-0650-4312-a3d2-549d769f3d26,1970-01-01,0,Food,494.96,ESP,BRA,1,0,1,0,1
sdv-id-ndSxRU,e827a1b9-d4a0-4e53-ad3e-e1dc81392443,1970-01-01,0,Travel,489.84,ESP,RUS,1,1,1,0,1
sdv-id-RMSESf,a00f80d4-9d0a-44df-90f7-c7b017080bbd,1970-01-01,5,Retail,557.8,ESP,ARE,1,1,0,1,0
sdv-id-zzPccW,5d21a235-d053-47f4-9ec9-1fdc03add1a4,1970-01-01,0,Gaming,1030.04,ESP,VNM,0,1,1,1,0
sdv-id-WTJidz,d37a430a-2f2a-45e8-a67a-e277348f9ce0,1970-01-01,3,Gaming,1528.93,ESP,IND,0,0,0,0,0
sdv-id-FsqNoz,6d130705-279f-41ab-9b49-09b65cbdb682,1970-01-01,0,Tech,1428.68,ESP,ARE,1,1,0,1,0
sdv-id-YpdRLK,515ea371-f0b1-4781-a9c6-49ec2b48a034,1970-01-01,1,Travel,2467.88,ESP,DEU,0,0,0,1,0
sdv-id-kAJEdq,119bd998-f1c3-420d-b7e9-1ea49c0723c4,1970-01-01,3,Food,16.85,ESP,DEU,1,1,0,0,1
sdv-id-nykZoC,87c5577f-d091-4dcd-b5c0-b4909361b11d,1970-01-01,0,Tech,1756.22,ESP,NGA,1,1,1,1,1
sdv-id-IEoXXn,535830aa-928b-4e4d-83c5-0ab302a48d6e,1970-01-01,1,Travel,1883.34,ESP,GBR,1,0,0,1,1
sdv-id-aKylDG,6974eaee-bdb1-420f-b6cf-28af9d6422ce,1970-01-01,0,Travel,984.74,ESP,VNM,0,1,0,0,1
sdv-id-vYwsZP,3735262d-4184-4b03-84dd-7054144823f7,1970-01-01,0,Travel,1736.84,ESP,FRA,0,0,1,1,0
sdv-id-NmlIoP,e6b9d31a-361f-4d90-bad1-fa330ae4ac11,1970-01-01,0,Retail,43.52,ESP,DEU,0,0,0,1,0
sdv-id-AOwCpW,1b552618-e57e-42d3-a3dd-e733b225574e,1970-01-01,0,Food,1253.25,ESP,ITA,1,0,0,1,0
sdv-id-lqLaVA,e4ba28fc-9b50-4366-8da3-b59e633b35fd,1970-01-01,0,Tech,77.55,ESP,BGD,0,1,1,1,0
sdv-id-uokYrJ,a5a07046-1675-4989-a41d-3b6ee318f2ba,1970-01-01,0,Tech,1777.69,ESP,VNM,1,0,1,0,0
sdv-id-AODdLb,71c7ebf1-f9db-407e-9560-4ec81ca931d9,1970-01-01,0,Gaming,1161.05,ESP,ARE,0,1,1,0,1
sdv-id-FAwtHI,8471b4b0-ae1b-4f69-b740-d83173318749,1970-01-01,0,Retail,1009.74,ESP,IND,0,1,1,1,0
sdv-id-IJAXvq,156912dd-f9cf-4bd2-a142-0851cf473d72,1970-01-01,0,Food,315.13,ESP,BRA,0,1,1,0,1
sdv-id-uOExKC,f2a83faa-f11a-41f5-8826-80f934010b60,1970-01-01,0,Travel,1540.39,ESP,BRA,1,0,1,0,0
sdv-id-RoBdKu,ff4c2889-d794-40de-871d-a96db543e8c5,1970-01-01,3,Retail,508.75,ESP,CHN,1,1,0,0,1
sdv-id-yoNJfQ,d2333b12-5ad2-4e7a-8b40-601a99260664,1970-01-01,1,Gaming,1795.07,ESP,PRT,1,0,1,0,1
sdv-id-dBmRna,9b465e04-b4cf-4cd7-b2a1-c14d46a49f8d,1970-01-01,0,Retail,386.4,ESP,CHN,1,1,0,1,0
sdv-id-aKRZRT,7922b440-e0f1-444c-afd1-b5881054b2d5,1970-01-01,0,Retail,1390.65,ESP,USA,1,0,1,1,1
sdv-id-wwgvtm,422491e9-81e0-4a64-b8c5-2ae10d09a714,1970-01-01,0,Retail,380.07,ESP,IND,0,0,0,1,0
sdv-id-NCMLAB,3b70324e-36a0-4573-b237-e20d62fefcae,1970-01-01,0,Tech,1211.8,ESP,CHN,0,0,0,0,1
sdv-id-fmamiv,b59c9c87-f839-44c9-9eff-689a545a8a02,1970-01-01,0,Tech,1528.27,ESP,JPN,1,1,0,1,0
sdv-id-fQqhjZ,c0cffa73-35b5-4ec5-b3ed-8f33f587d26d,1970-01-01,0,Retail,2225.52,ESP,FRA,0,0,1,1,1
sdv-id-veSOrD,66d71d97-b193-48b8-ae49-c0799bd0d4c7,1970-01-01,1,Tech,2194.26,ESP,GBR,0,1,0,1,0
sdv-id-LipQXk,afc5c20e-4a63-4af5-b6e1-e7ac9fc97264,1970-01-01,0,Food,132.45,ESP,ARE,1,1,1,1,0
sdv-id-hNFyFr,507ffc32-c78e-4415-a521-51f95f390d2b,1970-01-01,0,Food,1616.92,ESP,GBR,0,1,1,1,1
sdv-id-UrSzBV,4051dbda-d617-42cb-aabf-1a086b6de0da,1970-01-01,1,Food,1591.35,ESP,GBR,0,1,0,0,1
sdv-id-pMcMKT,0a398bf7-27a1-48a0-afff-a2f4b5ae329d,1970-01-01,5,Retail,1295.67,ESP,FRA,0,0,0,0,1
sdv-id-lGEnua,0a14e77e-918b-4860-81a9-6b3b90cc44af,1970-01-01,5,Tech,845.64,ESP,PRT,1,1,0,1,0
sdv-id-WkXRoC,e6a98352-de8c-4a13-9bdf-d4cea125151b,1970-01-01,1,Food,671.49,ESP,BRA,1,1,1,1,1
sdv-id-uRZEcI,04d07f29-13e6-45fd-9c99-d366c8b62c18,1970-01-01,0,Food,789.0,ESP,USA,0,0,0,1,0
sdv-id-tOHAvU,ede02d33-a36d-4567-b3a4-4f408d3ba57f,1970-01-01,0,Tech,261.11,ESP,RUS,1,1,0,1,1
sdv-id-ddIgxU,b3338169-dcfc-4b72-abbb-ae74db9b4d43,1970-01-01,0,Food,222.49,ESP,ESP,0,1,1,0,1
sdv-id-gqWpsP,1422373f-8622-48d1-a683-e10796c044d0,1970-01-01,0,Travel,1238.13,ESP,RUS,0,0,0,1,0
sdv-id-wpEqMC,cd320878-e83e-43a0-9445-587e6ff6881f,1970-01-01,0,Food,2335.35,ESP,RUS,0,1,1,1,0
sdv-id-iMhpqA,37df79d8-30bd-473a-9f0b-2be660404c51,1970-01-01,0,Travel,936.8,ESP,VNM,0,1,0,1,0
sdv-id-qCjUkS,ef332684-17a1-456e-a586-5a547e1e35dd,1970-01-01,0,Gaming,2179.16,ESP,ESP,0,0,1,0,1
sdv-id-rpAKUY,5e1d47af-833b-435e-a5a9-c1be48d3ef98,1970-01-01,0,Travel,1525.25,ESP,VNM,1,1,0,1,0
sdv-id-yATZhv,b60b4f87-5dd8-4ffc-9f87-8b322b429596,1970-01-01,0,Retail,205.48,ESP,GBR,0,0,0,0,1
sdv-id-pKyVCW,b7007ce3-e25c-4f9c-afcf-ea4d627e91e1,1970-01-01,5,Food,1153.5,ESP,NGA,0,0,1,0,0
sdv-id-aLkVsh,bbd6ef33-861f-4ba0-b39f-e641377c15a4,1970-01-01,0,Retail,1428.45,ESP,ARE,1,1,0,0,1
sdv-id-uoocPg,2b589b3f-e2a6-4e3c-b940-093a705cd91e,1970-01-01,0,Retail,1738.0,ESP,ITA,1,1,0,1,1
sdv-id-frRAim,047d4bc7-2753-4c4a-9136-8ea85bd3494b,1970-01-01,0,Retail,833.1,ESP,RUS,1,1,0,1,0
sdv-id-QoDZYv,b8cf55d4-b819-4d30-ac55-6b84f69c511b,1970-01-01,0,Food,2235.42,ESP,GBR,0,1,1,0,1
sdv-id-nMmFVf,404f04e4-44b0-4797-9fe1-271fda3c3beb,1970-01-01,0,Tech,1576.22,ESP,BRA,0,0,0,0,1
sdv-id-SjFqfk,ee426792-ce2c-46df-8051-01e5a7b85447,1970-01-01,0,Travel,73.6,ESP,ITA,0,1,0,1,0
sdv-id-YtVasL,20bf262b-4f4c-4fe8-acc1-8e4d83992e41,1970-01-01,1,Retail,642.8,ESP,CHN,0,0,0,0,1
sdv-id-dhccAh,2ea9ef6c-4905-4b93-890a-83b4b639529e,1970-01-01,0,Travel,294.04,ESP,CHN,0,1,1,1,1
sdv-id-TIImjl,6182f347-533f-4a72-b64f-a54a8c611654,1970-01-01,0,Food,2182.09,ESP,ARE,0,1,1,0,1
sdv-id-TLrTOB,2c78644f-d860-45a2-bdd5-b0f8d6d744fd,1970-01-01,0,Travel,2365.0,ESP,GBR,1,1,1,1,1
sdv-id-zmmDDz,7262c8cb-5af7-433a-ad26-54a487330652,1970-01-01,3,Tech,1042.21,ESP,ARE,0,0,1,1,0
sdv-id-JmFKgS,24ea2f78-24fa-450e-ac70-d93aa260f227,1970-01-01,0,Gaming,920.98,ESP,IND,0,1,1,1,0
sdv-id-KhtGUz,8f9fdc15-dfd2-4d15-b211-4575fa3efd03,1970-01-01,0,Travel,1773.2,ESP,CHN,0,0,0,0,1
sdv-id-zrRCjc,360893b2-2feb-4c33-8f5c-8dd3df107434,1970-01-01,1,Food,378.32,ESP,ARE,1,0,1,0,0
sdv-id-RhorcQ,35f2e254-3e14-4f6a-abcb-b347e9b758ee,1970-01-01,0,Gaming,405.73,ESP,VNM,0,0,0,1,0
sdv-id-KcjMwN,3f555c7d-534d-488e-b279-ec9ef8281e0b,1970-01-01,2,Tech,1700.45,ESP,VNM,0,0,0,0,1
sdv-id-crEIyA,e8724434-69b6-475e-b6c5-3d2be9fdd358,1970-01-01,1,Travel,2119.13,ESP,NGA,1,0,0,0,1
sdv-id-VYbsvb,732fc932-ab96-4697-81e1-f813747ac231,1970-01-01,0,Travel,1162.43,ESP,FRA,0,1,1,1,1
sdv-id-yvKYNo,4a36a7c0-f0cc-4f56-9242-89ea39597465,1970-01-01,0,Travel,1640.08,ESP,JPN,0,0,0,1,1
sdv-id-hgQRUe,f7c12030-7c0e-4e33-910c-798391237a9d,1970-01-01,0,Food,1200.56,ESP,CHN,0,1,0,1,0
sdv-id-iRrJFd,ed486d9a-e69f-4f78-af4c-113dc35f4e12,1970-01-01,0,Retail,1631.8,ESP,ARE,0,1,0,1,0
sdv-id-tZVvPh,76a6b583-dcac-4b04-90ae-fe0df836a3b0,1970-01-01,0,Gaming,134.06,ESP,ITA,1,0,1,1,1
sdv-id-KpLLLV,45358d5a-2249-4a0f-ad58-35f3f87e213c,1970-01-01,0,Travel,1292.84,ESP,BRA,0,0,1,1,0
sdv-id-aRKTWw,a32c5e99-fd26-441b-a21a-7c4e60ac4a64,1970-01-01,3,Tech,706.3,ESP,DEU,1,0,0,1,0
sdv-id-eTiOEn,044251db-d0d4-4a67-b992-8faa4cbf131d,1970-01-01,4,Gaming,861.73,ESP,DEU,0,1,0,0,1
sdv-id-XCmlMi,2f88198b-4de5-4f26-b771-ad8920514ac6,1970-01-01,0,Retail,2278.86,ESP,ESP,1,1,0,1,1
sdv-id-uvtHny,1422373f-8622-48d1-a683-e10796c044d0,1970-01-01,0,Food,1480.4,ESP,IND,1,0,0,0,1
sdv-id-SqfXxl,d0d0d99d-b7a4-4237-a77f-172590ea31de,1970-01-01,0,Food,2482.48,ESP,ARE,0,1,1,1,1
sdv-id-QlDkJZ,2ad98682-f8da-4a79-a72e-dd5f4a0c408d,1970-01-01,0,Food,314.13,ESP,CHN,1,0,0,1,0
sdv-id-HCmvxB,690e1a7e-75be-4ba7-8ae4-e09624dc1ee5,1970-01-01,0,Travel,37.23,ESP,ITA,1,0,0,0,1
sdv-id-FStwoF,f54ce27a-34be-449b-93b8-fad41ed7cc8a,1970-01-01,0,Retail,356.96,ESP,USA,1,1,0,0,1
sdv-id-RpXvXE,61539a40-7efa-48a5-9600-8c5a9a6f5a60,1970-01-01,3,Retail,2252.26,ESP,NGA,0,0,1,0,1
sdv-id-jeHqkz,960be0f4-9513-4c22-9583-9b99a50a13dc,1970-01-01,0,Tech,1587.38,ESP,CHN,0,0,0,0,0
sdv-id-TPRKnZ,afb144b5-624d-4ff7-81c8-d068931e5f89,1970-01-01,0,Food,602.09,ESP,NGA,1,1,1,1,0
sdv-id-uIjRbj,a2f445e8-5563-4bf4-850f-5739e227d70e,1970-01-01,5,Gaming,1930.67,ESP,ARE,1,1,0,1,0
sdv-id-rftUAY,d034ce89-8364-4560-85b7-e83cc42f7d59,1970-01-01,0,Retail,1056.07,ESP,GBR,1,0,0,1,0
sdv-id-aWmcQV,787fb578-39e1-409d-8008-d4daa819213d,1970-01-01,1,Retail,1014.58,ESP,PRT,1,1,1,1,0
sdv-id-chNmea,d14fc8aa-9cdd-4043-ba80-c88b9da3e777,1970-01-01,0,Tech,1446.64,ESP,RUS,0,0,1,1,0
sdv-id-HDjKYv,3270e4fa-abae-4f43-bcae-8081bdf070aa,1970-01-01,1,Gaming,1813.54,ESP,ESP,0,0,1,1,0
sdv-id-qfCupy,29de65e6-2e89-46ed-b453-c9c38ebc02b1,1970-01-01,0,Food,2253.43,ESP,GBR,0,0,1,0,1
sdv-id-aBEweR,0b4ec2ee-3dbf-4049-82cb-0bc7f0329337,1970-01-01,0,Retail,82.66,ESP,VNM,1,0,0,1,0
sdv-id-jzqxuk,095b81d6-b97d-4617-b487-246c21f9c072,1970-01-01,0,Food,2403.29,ESP,BRA,1,0,0,0,1
sdv-id-KPngFM,f09fe5ab-5813-472f-b67c-b2ac94dc4c97,1970-01-01,1,Food,387.99,ESP,PRT,0,0,1,1,0
sdv-id-jjmQvb,70e13734-ee52-4a03-9cc5-3673d1654869,1970-01-01,0,Tech,669.56,ESP,CHN,0,0,0,0,1
sdv-id-RdPORx,4cc7cda2-1f2f-487d-ad11-3faf0e3f4912,1970-01-01,0,Retail,2256.64,ESP,CHN,1,0,0,0,1
sdv-id-enrXCY,eecb343b-2856-4821-a84b-1568d42d2055,1970-01-01,0,Food,587.3,ESP,BRA,1,0,1,0,1
sdv-id-lSGMSd,48ae4aba-19b1-4ec8-ae97-38692ea151aa,1970-01-01,0,Food,179.9,ESP,DEU,1,0,1,1,0
sdv-id-mptAqo,fcd6bdca-5876-4d09-b1fa-f665711533f3,1970-01-01,0,Gaming,2481.09,ESP,BRA,1,1,0,1,0
sdv-id-aStcGU,04221bf2-74fa-4bdd-b1e4-c27a1cab87e2,1970-01-01,0,Travel,1174.97,ESP,GBR,0,0,0,0,1
sdv-id-MuIngq,0ef473a2-900d-4f16-80e0-32006197337c,1970-01-01,0,Food,282.85,ESP,BGD,1,0,0,1,0
sdv-id-BaapyC,ba2eeeb3-d6aa-4382-a144-6b45af390a9d,1970-01-01,2,Travel,194.34,ESP,IND,1,1,0,0,1
sdv-id-tSJPIP,e05f8184-c115-4e8e-9586-768274dfb5ce,1970-01-01,0,Tech,525.53,ESP,VNM,0,1,1,1,0
sdv-id-BxjVGE,0c49f33a-1c5d-4fe9-8b07-0a68c8f217a3,1970-01-01,3,Tech,177.31,ESP,JPN,0,0,0,0,1
sdv-id-LSBIrs,662e9227-97fb-450f-bce0-279826a3da0d,1970-01-01,1,Food,144.34,ESP,FRA,1,0,1,1,1
sdv-id-CVimXO,f1c35294-e61c-49a3-a0ac-db752326e3d0,1970-01-01,3,Tech,835.24,ESP,NGA,0,0,1,1,1
sdv-id-vUyxib,87cb0e2a-2528-4a1b-833b-66fc797eb3e4,1970-01-01,0,Travel,412.71,ESP,BGD,0,1,0,0,1
sdv-id-LaQjqB,15534416-bf3a-4509-a66e-cec56852833e,1970-01-01,0,Tech,1575.04,ESP,RUS,0,0,1,1,0
sdv-id-EYPytv,20323ec5-2f4c-4a5e-869c-4218ecb55c92,1970-01-01,0,Travel,12.56,ESP,UKR,1,0,0,1,1
sdv-id-aeQGFy,7b814ce1-b22a-4428-b11f-4ae4233731e0,1970-01-01,0,Gaming,1559.67,ESP,BGD,0,1,1,1,0
sdv-id-czBZAz,b4bdfeed-52c2-444b-b3f4-8d531120c1b7,1970-01-01,5,Tech,1292.46,ESP,FRA,0,0,1,0,0
sdv-id-pxzjly,548e1f6b-69ce-4e4e-99a6-92c90d700ea4,1970-01-01,2,Tech,489.47,ESP,NGA,1,1,1,0,1
sdv-id-EgcEUZ,96bd5e9f-4e7a-481e-a021-8cafba73aa4e,1970-01-01,0,Food,2485.92,ESP,ARE,1,0,1,0,1
sdv-id-CRqife,242c60e4-c39d-470c-99a3-af5a1457e890,1970-01-01,0,Tech,555.48,ESP,GBR,1,1,0,1,0
sdv-id-iOOkbU,d3dd8cf8-53a7-4e7d-9b86-9a7274242892,1970-01-01,0,Retail,1819.23,ESP,ITA,0,1,0,1,0
sdv-id-FIrPud,12b99a50-8cb6-41f0-a509-6396761579e7,1970-01-01,0,Tech,1834.17,ESP,RUS,1,1,1,1,1
sdv-id-asKdKH,c00579db-6a4f-4052-801f-30df80433a6a,1970-01-01,1,Gaming,493.61,ESP,NGA,1,0,1,1,0
sdv-id-iTjuXM,b1768686-d31e-46c4-b4b0-258bcad2b7c2,1970-01-01,0,Food,724.57,ESP,ESP,1,1,1,0,1
sdv-id-IpUzNy,2207cb65-b197-4ed1-857a-e3fff8ed08ae,1970-01-01,5,Tech,320.81,ESP,RUS,1,1,0,1,1
sdv-id-oLdBVb,a59b457f-c0d7-4c73-895f-fa8140d92bce,1970-01-01,0,Retail,377.74,ESP,ITA,1,0,1,0,0
sdv-id-MGWDWQ,48d0e602-fa4f-4ba8-8437-6d895a4eb9f3,1970-01-01,0,Tech,2180.82,ESP,JPN,0,0,1,0,1
sdv-id-QeTMME,776944b8-86b5-4a8f-b46a-18dc99901c0d,1970-01-01,0,Gaming,1936.09,ESP,CHN,1,0,0,0,1
sdv-id-rnZTXD,08252b39-1947-4a42-b10d-c9d17c413a2a,1970-01-01,0,Retail,536.33,ESP,GBR,1,0,0,1,0
sdv-id-EpRigf,17e6ae99-32d8-4c29-9370-7fcbb21534f7,1970-01-01,0,Food,1612.26,ESP,DEU,1,1,1,0,1
sdv-id-wemqWO,b67af865-cfc3-445b-9464-cda8dbf7fa26,1970-01-01,0,Tech,588.36,ESP,ARE,1,0,0,1,1
sdv-id-THBKAJ,125d5ccd-a8f5-414f-a373-55f3037825ba,1970-01-01,0,Gaming,1986.27,ESP,FRA,1,1,1,1,0
sdv-id-LqFuAQ,a986ee52-b115-47e2-9257-b49cd948bf57,1970-01-01,1,Tech,1716.74,ESP,BRA,1,1,1,1,0
sdv-id-iqRUVM,a75d0978-3856-4675-a4f8-2a96b99530cf,1970-01-01,5,Travel,1172.82,ESP,BGD,0,1,0,0,1
sdv-id-mqZGbp,f66c7331-a172-4ee3-83e1-847c8420e0d8,1970-01-01,0,Travel,676.65,ESP,IND,0,1,0,1,1
sdv-id-EzdYcR,b34191b8-ed65-42b4-b5a5-f8e6b6391f04,1970-01-01,1,Tech,904.4,ESP,FRA,0,0,1,1,0
sdv-id-WLIkTP,0b2d983a-f218-4128-b2da-61f764bfc76d,1970-01-01,0,Gaming,1058.08,ESP,BGD,0,0,0,0,1
sdv-id-qhWkAx,75eff2a9-06fe-4650-9a0c-00487108f569,1970-01-01,0,Retail,1534.63,ESP,VNM,1,0,1,0,1
sdv-id-ecOmmS,b309887d-ceec-49d5-83fd-913088f45162,1970-01-01,0,Gaming,354.14,ESP,PRT,1,0,1,1,0
sdv-id-dGGxtY,53bd99f9-c5f4-456a-a65e-c4dd222ec711,1970-01-01,0,Retail,190.99,ESP,GBR,1,0,0,1,0
sdv-id-fkkzMz,94c8a69d-44b1-41ee-b948-36f27eaab0a1,1970-01-01,4,Gaming,421.66,ESP,BGD,0,0,0,1,0
sdv-id-hbBKqP,47aadc66-c1b9-49a5-9f69-f5d2b7680e3d,1970-01-01,0,Retail,1747.6,ESP,IND,0,1,1,1,1
sdv-id-eGMiMw,11186c1a-8540-42b0-aaa8-2f4e4fc4e8cd,1970-01-01,0,Retail,444.46,ESP,JPN,1,0,1,0,1
sdv-id-qCnhZQ,9c78bade-8ec7-4ccb-bd9d-ef75113808db,1970-01-01,5,Gaming,1079.82,ESP,GBR,0,1,1,0,1
sdv-id-BegQGm,1bbbefac-7988-4901-a182-74339522eda1,1970-01-01,0,Food,1771.3,ESP,BGD,0,1,0,1,1
sdv-id-pSbGZR,119bd998-f1c3-420d-b7e9-1ea49c0723c4,1970-01-01,0,Retail,963.45,ESP,UKR,0,1,1,0,0
sdv-id-cPMjpT,936c9d62-393f-4137-b585-ffbf4e86fd9c,1970-01-01,2,Tech,2442.41,ESP,RUS,0,1,0,0,1
sdv-id-MjOeLv,159b2b6b-32db-4028-8823-debeccade92e,1970-01-01,1,Gaming,1505.5,ESP,BRA,1,0,1,0,1
sdv-id-jrNxeA,d26fdb7e-3d53-4342-a763-5620eaef318c,1970-01-01,0,Retail,634.74,ESP,DEU,0,1,1,0,1
sdv-id-PkIAlm,3f58282a-899c-4e9a-8119-1db3bd26551f,1970-01-01,3,Retail,585.01,ESP,PRT,1,0,0,1,0
sdv-id-wuBDFE,f41ea3ac-5fd2-4109-8140-752caa448259,1970-01-01,0,Tech,305.96,ESP,CHN,1,1,0,0,1
sdv-id-fIecvu,37663e35-cdba-4cac-be85-f617f17e993d,1970-01-01,0,Retail,997.47,ESP,CHN,0,0,1,1,0
sdv-id-ZTqPsG,b06f0681-4b98-42c5-97aa-5681428f54aa,1970-01-01,2,Tech,537.24,ESP,ESP,0,1,1,1,0
sdv-id-AAvGWa,22460ac9-4a7e-4bc2-9b6f-1c33bbb4c0ce,1970-01-01,2,Retail,1522.62,ESP,UKR,0,0,0,0,0
sdv-id-Ktusxz,806a29ad-f6b2-4778-be50-8d4d293a60be,1970-01-01,0,Food,98.51,ESP,PRT,1,1,1,0,0
sdv-id-lYHGXZ,29fb832c-cbe6-4571-b622-e18ee83bcc84,1970-01-01,0,Tech,2331.43,ESP,BGD,0,1,0,0,1
sdv-id-MSTFun,6d9b1eb1-18eb-4ed7-a16d-41c8575c9669,1970-01-01,0,Tech,1572.88,ESP,JPN,1,1,1,1,0
sdv-id-SPnCtR,1ef15fc1-1daf-431b-8173-7ba6f33b7c4e,1970-01-01,3,Travel,2360.5,ESP,NGA,0,1,1,1,0
sdv-id-QMujoB,72176085-f3fd-4abb-be8b-a891d5c4b30a,1970-01-01,0,Retail,1550.54,ESP,UKR,0,1,0,1,1
sdv-id-ccaYiR,7e53d702-e1f8-4192-9ba4-d5a60178de26,1970-01-01,0,Gaming,1850.28,ESP,UKR,0,0,0,1,0
sdv-id-EIlhBI,fa286316-5315-4a23-92f0-ed7dbff49c48,1970-01-01,0,Gaming,1514.35,ESP,NGA,0,1,1,1,1
sdv-id-KwDVso,3d9ffe59-9bc0-4a93-92cd-adefb9d276f4,1970-01-01,0,Tech,893.22,ESP,JPN,0,1,0,1,1
sdv-id-DbBHUF,46bc55db-ae6c-4a9b-aa25-7ecc75fd7d83,1970-01-01,0,Travel,1710.99,ESP,JPN,1,1,1,0,1
sdv-id-KxfXBd,ec1f41ce-57b9-4dfb-af82-e70cb9644e4f,1970-01-01,0,Travel,1942.85,ESP,ITA,1,0,0,1,0
sdv-id-tLYdJV,6b70d4d5-6e0d-4295-b1d4-6873c29d0b1c,1970-01-01,0,Gaming,132.51,ESP,PRT,0,1,1,1,0
sdv-id-OcrxmF,c3d08178-1d05-4dbf-add1-0250f713a7f8,1970-01-01,0,Travel,1800.82,ESP,NGA,1,1,0,0,1
sdv-id-SlFJgz,151248e1-1504-4b41-99c4-d7d61537846c,1970-01-01,5,Retail,845.8,ESP,ARE,0,0,0,0,1
sdv-id-VeBQmN,aeb00fb9-26cb-4e99-a945-e93a4a454398,1970-01-01,2,Travel,850.58,ESP,JPN,1,0,1,1,1
sdv-id-bMYNmr,5063317d-da73-4817-940f-9b24fcc966c6,1970-01-01,0,Food,1263.64,ESP,DEU,1,0,1,0,0
sdv-id-fKFdiX,e40b50e4-0a08-4989-833c-8f55a1298fa2,1970-01-01,0,Tech,2039.39,ESP,CHN,0,1,0,0,1
sdv-id-zWCHZA,054da197-5273-460c-97a0-3c178620a10a,1970-01-01,0,Tech,490.88,ESP,PRT,1,1,1,0,1
sdv-id-RwcMNd,e8cdea8a-7710-499d-99bd-fac90d993ab9,1970-01-01,4,Retail,2340.79,ESP,GBR,0,0,0,0,1
sdv-id-uBfkZL,1228130b-a642-42a2-8e5f-d65f536c32d0,1970-01-01,3,Travel,2244.94,ESP,BGD,0,0,1,0,1
sdv-id-GulgJF,5421b62c-2d31-417c-a191-9e127e1b5edf,1970-01-01,0,Retail,1869.51,ESP,FRA,0,0,1,0,0
sdv-id-xOLPpP,c8f5d39e-c3ad-4a08-a64e-448e1a8777b0,1970-01-01,2,Gaming,180.41,ESP,USA,0,0,0,1,0
sdv-id-grKjHl,1d71f339-c448-42af-87f8-b6f13fdd0e2b,1970-01-01,0,Travel,1626.13,ESP,BRA,0,1,0,0,0
sdv-id-ltWhkP,d89c83f6-8098-480d-a253-80407a029a6d,1970-01-01,0,Retail,1958.97,ESP,BRA,0,1,1,1,0
sdv-id-aBKPNN,9cf021b8-4fff-4b59-9462-8786cc502a89,1970-01-01,0,Retail,1678.9,ESP,GBR,0,0,0,0,1
sdv-id-wvOYWH,010e4265-ad3f-4dd4-8496-26ba30c9a2be,1970-01-01,0,Food,12.0,ESP,FRA,1,1,1,1,0
sdv-id-fqbilY,161d5c87-53c9-4e59-8f89-e3b2d847dc53,1970-01-01,0,Travel,1317.2,ESP,PRT,1,1,0,1,0
sdv-id-nzNLVf,fe7c7d6e-a8cc-4515-b862-abcfdb3437bb,1970-01-01,0,Food,2043.44,ESP,IND,0,1,1,1,0
sdv-id-tsDSqx,d32e6dcd-83bc-4478-9d6a-c7b86778043b,1970-01-01,1,Travel,1162.98,ESP,NGA,0,1,0,1,0
sdv-id-hVdOZQ,c7f4f4f9-8222-4ad3-aca3-91d47ba16dd7,1970-01-01,0,Retail,394.76,ESP,VNM,0,1,0,1,0
sdv-id-QLfppc,6a8f7654-1552-47c7-8b96-13466498da39,1970-01-01,0,Food,2439.92,ESP,ESP,0,0,0,1,0
sdv-id-xVRtmf,e79e9573-e33d-42e9-8a9d-0590b36a7314,1970-01-01,3,Food,1945.18,ESP,BGD,0,0,0,1,0
sdv-id-myTCjR,70c92b33-ceef-4d5c-9cef-3d321cf63fae,1970-01-01,0,Retail,633.16,ESP,RUS,0,0,0,0,1
sdv-id-OMHUEX,022da24e-45ae-4092-8c2a-89d8c773d861,1970-01-01,0,Travel,484.26,ESP,BRA,1,1,1,1,0
sdv-id-HuNcxs,f0029577-e4f3-44d5-b6f3-1d0290cafac3,1970-01-01,4,Tech,149.34,ESP,VNM,1,1,0,1,0
sdv-id-RnPifX,4f9a5f98-4d95-4273-8b2c-c805d1403430,1970-01-01,1,Retail,1545.62,ESP,UKR,0,0,0,0,1
sdv-id-ejSFup,433fed33-a7b4-47c9-bfbf-f3150507a453,1970-01-01,0,Tech,1159.61,ESP,ARE,1,1,0,0,1
sdv-id-OKaaSj,9d11421a-894b-40af-861c-52c2186d5e1c,1970-01-01,0,Food,2331.16,ESP,PRT,0,1,0,1,0
sdv-id-LUYkHW,58578862-3105-45b6-a40b-1814281269bc,1970-01-01,0,Retail,126.65,ESP,USA,1,0,0,0,1
sdv-id-RDcGAF,c9254bb5-4fc3-4d4e-ab95-0c1d578799d9,1970-01-01,3,Food,1085.49,ESP,FRA,1,1,1,0,0
sdv-id-eiwvsM,9527b102-85bb-4541-a1e0-d3d7c541ea01,1970-01-01,2,Retail,2022.67,ESP,FRA,0,1,0,1,1
sdv-id-gMymPB,31ab0158-2cf6-473b-9500-c14707743c94,1970-01-01,0,Food,370.38,ESP,BRA,0,1,1,1,0
sdv-id-BtBfFh,6b0115ca-bf94-4bfa-af61-e25eec6874df,1970-01-01,1,Food,2462.48,ESP,NGA,1,1,1,1,0
sdv-id-fEEirD,d980a784-1857-48fa-826e-08b6a0b58a0c,1970-01-01,0,Food,435.2,ESP,UKR,0,0,0,1,1
sdv-id-CrKZuQ,ef4055dd-d98d-413c-8ddb-0654ce192f51,1970-01-01,0,Food,1707.41,ESP,USA,1,0,1,0,0
sdv-id-mQJVsy,7e7b7dac-bea6-4b61-af92-54fd12e184ce,1970-01-01,0,Food,999.76,ESP,ITA,0,0,1,0,1
sdv-id-nMPsun,c5ba136f-594e-461a-9d15-c12994256e90,1970-01-01,2,Gaming,1426.07,ESP,RUS,1,1,0,0,1
sdv-id-YWUxyG,5ba0c3e0-33a0-4aa7-b91e-5fcd85ece729,1970-01-01,3,Gaming,825.33,ESP,NGA,0,1,0,1,0
sdv-id-jYKvnF,3fa72bb6-c2da-49ee-be94-ff6704b43910,1970-01-01,0,Tech,2003.56,ESP,BGD,0,0,0,1,0
sdv-id-lKDegU,c996a54b-bcbb-4658-83e6-551e11dabe5e,1970-01-01,0,Gaming,2161.79,ESP,ITA,1,0,0,0,1
sdv-id-jEmlxw,73b0aaf0-e8e2-4a61-9071-75c2cf13ee0c,1970-01-01,2,Travel,1098.62,ESP,UKR,0,1,1,0,1
sdv-id-wnHQcj,cd65e328-19fb-4ed2-8da1-2b024a2c7830,1970-01-01,0,Food,511.37,ESP,UKR,1,1,0,1,0
sdv-id-fXXVBq,6c8c5d0e-3eb3-46fd-b291-bc95b8bf9cae,1970-01-01,3,Retail,2178.48,ESP,CHN,1,1,0,0,1
sdv-id-fmOfNS,074b927e-54e2-4fa6-869c-cc0ac8844f88,1970-01-01,0,Gaming,2181.77,ESP,ARE,0,0,1,1,0
sdv-id-qcysYH,8fe069b6-eeda-4802-8568-f42689e03e22,1970-01-01,4,Tech,1752.42,ESP,JPN,1,1,0,0,1
sdv-id-UTXgCx,bbc99473-4363-489c-b249-5cff89e2df24,1970-01-01,1,Gaming,670.63,ESP,JPN,0,0,1,0,1
sdv-id-UQWDZp,5887f3d2-c0f1-4a3a-9133-577b46510173,1970-01-01,0,Food,24.7,ESP,CHN,0,0,0,1,0
sdv-id-kozzas,4c60429b-a17c-4064-a98a-488827f49771,1970-01-01,2,Retail,2077.61,ESP,BRA,1,0,1,1,0
sdv-id-fTrDKS,75eff2a9-06fe-4650-9a0c-00487108f569,1970-01-01,1,Travel,542.95,ESP,GBR,0,1,1,1,0
sdv-id-tCAaMC,bece1286-09f6-4439-af77-cc548bb107de,1970-01-01,0,Tech,2002.82,ESP,ARE,1,1,0,1,0
sdv-id-LUfqqI,7656af72-29d4-4eef-beab-edcbbaa80dd4,1970-01-01,0,Travel,296.42,ESP,NGA,0,0,1,1,1
sdv-id-AKmtXQ,94866e3c-fd26-4a93-bf23-82b50d1b293b,1970-01-01,0,Travel,2162.77,ESP,VNM,0,0,0,0,0
sdv-id-YONeTI,fcce3ef8-a41b-44c2-8ecc-b0ab7d5338ca,1970-01-01,0,Gaming,2293.56,ESP,JPN,0,0,0,0,0
sdv-id-jCiCAW,dac726b6-6786-4fb3-b3bc-9a7107f4fee5,1970-01-01,0,Food,410.23,ESP,BRA,1,0,0,1,0
sdv-id-DhhBaG,094d916d-eb6d-4fed-af15-8d5b2d007d05,1970-01-01,2,Travel,1055.33,ESP,GBR,0,1,0,1,0
sdv-id-gNGzxx,37196a50-02e7-4683-8cf2-7f33e6371a1b,1970-01-01,0,Retail,542.31,ESP,ARE,1,1,1,1,1
sdv-id-gNMQln,894a05e4-30b1-47ef-b10c-0c003fa7f104,1970-01-01,0,Tech,156.32,ESP,ARE,0,0,1,1,0
sdv-id-AcuATX,edcb8cb6-0692-4c63-9424-aed51bac5c15,1970-01-01,0,Food,2296.02,ESP,BRA,1,0,0,0,1
sdv-id-PeAUiA,55af47da-31d1-46cb-a450-dd3c01521e60,1970-01-01,1,Food,997.07,ESP,ITA,1,0,0,0,1
sdv-id-qnBRul,584aa3d5-e924-45d6-8970-9b550199c165,1970-01-01,0,Tech,120.42,ESP,CHN,1,0,1,1,0
sdv-id-GZwNnC,2804335a-3311-45e0-ac5c-ce54210c78d9,1970-01-01,0,Food,1856.49,ESP,GBR,1,0,1,1,0
sdv-id-jaOJkX,56ab087a-8bc7-4e81-9a30-45280b599562,1970-01-01,0,Tech,814.54,ESP,BGD,1,1,0,0,1
sdv-id-HhRMFS,a43fdaf0-8a80-46fe-8fa5-0e3241374168,1970-01-01,0,Tech,1684.8,ESP,FRA,1,0,0,0,0
sdv-id-kDuXFv,c8f72c2d-ba1a-4160-8dd7-962bbfda55c9,1970-01-01,0,Food,184.39,ESP,USA,1,1,0,1,0
sdv-id-gsEydf,c82211cb-e48d-41a8-820e-199bc44fdf5b,1970-01-01,2,Tech,753.0,ESP,BRA,0,0,1,0,1
sdv-id-jOFLsf,94e74f26-29b0-4b37-8271-0779d864465a,1970-01-01,1,Tech,1072.6,ESP,JPN,0,1,1,1,1
sdv-id-ZNClhs,307fc576-4b43-4873-b1a5-80d76c2ec07e,1970-01-01,0,Gaming,885.71,ESP,VNM,1,1,0,0,0
sdv-id-fkBlQk,f3abbd8b-b2f2-4eb7-95ff-01293b0b4957,1970-01-01,0,Gaming,820.35,ESP,BRA,1,1,1,1,1
sdv-id-QKcOGZ,a859decd-1c77-457a-b87a-eedb9d5ac380,1970-01-01,0,Travel,2032.09,ESP,USA,1,0,1,0,1
sdv-id-nRSLZV,b166681c-b2c2-4691-aa74-b216e66d8edc,1970-01-01,0,Gaming,71.9,ESP,JPN,1,0,1,1,0
sdv-id-CXbUzP,b466fab6-962c-44dd-a5d0-7461059c1574,1970-01-01,0,Tech,178.63,ESP,FRA,0,1,1,0,0
sdv-id-gQjDak,1d9af659-82ec-4f2d-bbf6-e16f9b3080d5,1970-01-01,3,Retail,86.34,ESP,USA,0,1,1,1,1
sdv-id-BoCSxJ,d8e7012f-3968-4c81-bb70-c3b8a81fdec3,1970-01-01,0,Travel,1324.08,ESP,BRA,0,0,0,0,0
sdv-id-ScEgMk,32b8d8aa-2176-4dd7-b8e7-e019fb8986c8,1970-01-01,0,Gaming,1135.01,ESP,USA,0,0,1,0,1
sdv-id-NDsSyg,4674a0eb-47ed-46dd-9da4-ec0f21ee0f6c,1970-01-01,0,Gaming,2251.77,ESP,ITA,0,1,1,0,1
sdv-id-rWqLOx,f9adde7d-0b3d-48ad-9c23-0306c3f9f409,1970-01-01,0,Gaming,2152.47,ESP,UKR,1,1,0,1,0
sdv-id-iOZpxe,946cf4be-e134-4504-a964-aa991728c576,1970-01-01,0,Retail,2136.91,ESP,JPN,0,0,1,0,1
sdv-id-ArWHOC,57d66988-0133-49d1-a8ec-88eb60d2642e,1970-01-01,3,Food,1669.7,ESP,USA,0,0,0,1,0
sdv-id-EMbACP,ecc69033-296e-44d5-b069-acba8d9b4935,1970-01-01,0,Travel,1782.37,ESP,ITA,1,1,0,1,0
sdv-id-hlHfoF,4565e77f-f7f2-4d96-8823-bd8aefd18b7b,1970-01-01,2,Travel,353.68,ESP,RUS,0,0,1,1,0
sdv-id-QfTeTP,8468b74d-85e3-4de5-98c1-aad6f3f8dea4,1970-01-01,0,Tech,71.9,ESP,DEU,1,1,0,1,0
sdv-id-cBssRJ,cdd9f251-abc9-4bba-ab48-d8393d824b77,1970-01-01,1,Tech,1987.56,ESP,FRA,1,0,0,1,1
sdv-id-ahVrRj,b381e8b0-38ca-4da7-81f0-98fca45ccc55,1970-01-01,0,Travel,2479.19,ESP,IND,0,0,1,1,0
sdv-id-WkpCMt,b71a72c1-582c-497f-8eb4-762ed32b3c0d,1970-01-01,5,Food,2134.39,ESP,RUS,1,1,1,0,0
sdv-id-bhZxnn,f9fb722d-a51c-4d2a-b3bf-bdabb7b24f20,1970-01-01,0,Travel,1380.05,ESP,VNM,0,1,0,1,0
sdv-id-lKPtLH,60421eb5-ca6b-4ccd-bf8b-c509484f0da6,1970-01-01,0,Tech,202.74,ESP,BGD,1,1,1,0,1
sdv-id-hDaxnd,bd017e57-ea28-4bde-ba2e-cb547263e1e0,1970-01-01,0,Retail,2481.47,ESP,ITA,1,1,1,1,1
sdv-id-czKyVj,2d28a2a8-2bae-4fc7-ae52-b671bba8a7e5,1970-01-01,0,Food,899.27,ESP,FRA,1,0,1,0,0
sdv-id-ZtHGNR,040b7232-5218-43fc-9b71-a8e3a47bfb9a,1970-01-01,0,Gaming,879.31,ESP,ARE,0,0,1,1,1
sdv-id-zybTMo,1f22b194-32ce-4db1-88fb-27dce88f12a4,1970-01-01,0,Food,2065.74,ESP,BRA,0,0,0,1,0
sdv-id-GdRBwy,7d76ab58-b271-415b-8af0-9ec34b726a7c,1970-01-01,4,Tech,285.72,ESP,DEU,1,0,1,1,0
sdv-id-xdzTdE,5675c8f3-104c-4350-8e8b-76a2082f2fb9,1970-01-01,0,Retail,1646.06,ESP,BRA,1,1,1,0,1
sdv-id-ELDXeV,2679e833-df43-4659-83e0-1c800667daa2,1970-01-01,0,Food,1381.68,ESP,ESP,0,1,0,1,0
sdv-id-RblySj,d504882c-d6d2-4f63-a23d-45f4c1ef6252,1970-01-01,0,Tech,2435.6,ESP,BRA,1,1,0,0,0
sdv-id-PpOlyL,574aa942-415a-41ff-afb2-a0d7e47ca3af,1970-01-01,0,Travel,881.4,ESP,ESP,1,0,0,1,0
sdv-id-BTyXzY,242c60e4-c39d-470c-99a3-af5a1457e890,1970-01-01,0,Travel,1932.91,ESP,BRA,1,0,1,1,0
sdv-id-cFrpsY,72f0b90d-5c2f-4996-a4ba-aea10cd4ba10,1970-01-01,3,Gaming,1620.88,ESP,ITA,1,0,0,0,1
sdv-id-Lttbzb,f8e1daa7-cbce-4bde-aede-db07e623a689,1970-01-01,1,Travel,1224.19,ESP,ESP,0,1,1,1,0
sdv-id-zNVFMB,2ab8c610-e7e3-49b8-918d-a4887d5704df,1970-01-01,0,Travel,53.44,ESP,CHN,1,0,1,0,1
sdv-id-AwXQrj,9c89d374-c664-45a7-8077-3e33690e7e62,1970-01-01,0,Travel,2333.95,ESP,DEU,0,1,1,0,1
sdv-id-NJUIBO,d033dd5e-798f-4e3f-afd1-422eeb428215,1970-01-01,1,Gaming,477.56,ESP,FRA,0,0,1,1,0
sdv-id-xIHdkz,f89617fa-6493-45ef-bf53-76a4bb48bbba,1970-01-01,1,Gaming,930.34,ESP,PRT,0,1,0,0,1
sdv-id-FRubKx,8f379da5-da41-4f0b-8255-9353f95d62ff,1970-01-01,4,Food,1296.56,ESP,ITA,0,1,1,1,0
sdv-id-IVRooa,1c453357-e829-4a67-96c8-e3d7abf0263e,1970-01-01,4,Retail,397.29,ESP,ITA,0,0,0,1,0
sdv-id-KOYcBq,1d6a62d5-9c19-4073-add8-b2daec6092bb,1970-01-01,0,Travel,2302.35,ESP,ARE,1,0,0,0,1
sdv-id-QjKIHv,b4d713fb-d5b7-4c6e-9c13-1f79114e16d5,1970-01-01,0,Gaming,600.89,ESP,ITA,1,0,0,0,1
sdv-id-ovBolW,ccc42903-8bcf-43a1-bc10-fa52bf5d2fdf,1970-01-01,0,Food,1475.02,ESP,BGD,1,1,0,0,1
sdv-id-CuwQOp,a30bd3b5-58fe-4bd2-b41d-85cdc9257285,1970-01-01,0,Tech,747.16,ESP,DEU,0,1,1,1,0
sdv-id-wYYZta,51f88167-796c-49ad-ab35-a9b90bfc8c45,1970-01-01,0,Tech,1723.24,ESP,ITA,0,1,1,1,0
sdv-id-YJSgZF,04d07f29-13e6-45fd-9c99-d366c8b62c18,1970-01-01,0,Tech,715.5,ESP,UKR,1,1,1,1,1
sdv-id-GArzGA,2bba1b17-c414-4913-99ff-ec0dbd5f4732,1970-01-01,5,Tech,2016.1,ESP,CHN,0,0,1,0,0
sdv-id-oqvymh,ddca9cc3-d48f-46c5-a431-d4a9ca1ef8d9,1970-01-01,0,Travel,2221.55,ESP,IND,0,0,1,0,1
sdv-id-iwQNBA,f7222fbe-ea06-494b-a310-ff72ad62d094,1970-01-01,0,Gaming,1390.39,ESP,CHN,0,1,0,0,0
sdv-id-APuslX,f5141058-3138-4975-bbf3-3a349c2dfa97,1970-01-01,0,Travel,1761.76,ESP,NGA,1,1,1,0,0
sdv-id-tUrHcR,4a7109c6-74f8-4694-bc95-9cad75e7f531,1970-01-01,5,Food,1991.02,ESP,FRA,0,0,1,0,1
sdv-id-icSqKl,7b31dcdc-40d9-4a8e-9f44-aa88855b6c5b,1970-01-01,0,Food,1040.09,ESP,UKR,0,1,1,0,1
sdv-id-QbTADq,c1ed3940-610d-484a-b4a4-ed3c7f0643ea,1970-01-01,0,Retail,2289.61,ESP,BRA,1,0,1,1,0
sdv-id-pYQtHY,fc0145e1-4ce2-4fa2-81ae-7eb14d457ea5,1970-01-01,5,Retail,1675.29,ESP,ITA,0,0,1,0,0
sdv-id-nNdSKU,db591d88-4b0a-41e0-8d31-5b7cc273973b,1970-01-01,0,Retail,401.04,ESP,ITA,1,1,1,1,0
sdv-id-FpLTZY,0cbe938d-2b33-4734-9a11-9684b385d9de,1970-01-01,5,Gaming,1412.2,ESP,ESP,1,0,0,0,1
sdv-id-RUyKvU,2f4d7d4a-53e7-4d02-88ff-eea5fb33740c,1970-01-01,0,Retail,2296.59,ESP,IND,1,0,1,0,1
sdv-id-SiohXI,5a1ae461-11ba-41f9-960a-39741efd393b,1970-01-01,0,Food,1769.8,ESP,DEU,0,1,1,1,0
sdv-id-yJlDGp,9923fc7a-0d6b-460f-b1a9-1c814eee5680,1970-01-01,0,Gaming,154.14,ESP,DEU,1,1,0,1,0
sdv-id-UIUEwD,397b5f51-5ffa-46ef-94e4-180cfe9936a3,1970-01-01,5,Gaming,476.55,ESP,CHN,1,0,0,1,0
sdv-id-vvZmXT,119bd998-f1c3-420d-b7e9-1ea49c0723c4,1970-01-01,3,Retail,279.25,ESP,JPN,0,0,0,1,0
sdv-id-fjKnME,3558483c-568b-4a8d-bbbb-33feaabb7d32,1970-01-01,0,Travel,1075.81,ESP,FRA,0,0,0,0,1
sdv-id-YlSkRQ,4579609a-3b1d-4abe-8c2f-ded51f74c09c,1970-01-01,0,Gaming,704.02,ESP,GBR,1,1,1,1,0
sdv-id-JsNXQi,aeb00fb9-26cb-4e99-a945-e93a4a454398,1970-01-01,2,Tech,1557.79,ESP,GBR,1,0,1,0,1
sdv-id-taJVLc,3b38102b-7bdf-4546-a4a8-844f7d94a6ce,1970-01-01,0,Gaming,1713.11,ESP,RUS,1,1,0,0,1
sdv-id-hoyVdW,f3f233b7-42d4-431c-91c6-80ca57a6e460,1970-01-01,4,Tech,2233.99,ESP,PRT,1,0,0,1,1
sdv-id-mLFeoW,c4ecea32-9038-4f81-ae3d-c742bef8004b,1970-01-01,0,Retail,1362.64,ESP,IND,0,0,0,0,1
sdv-id-FDcvOk,0a707ba8-df9a-49f5-b643-5b4e1508faec,1970-01-01,0,Tech,1967.65,ESP,JPN,1,0,1,0,1
sdv-id-JpGqnN,ce68210c-1bdd-4bea-aec2-1c06f99773b2,1970-01-01,0,Travel,121.96,ESP,JPN,1,1,0,1,0
sdv-id-jNAvHm,b309887d-ceec-49d5-83fd-913088f45162,1970-01-01,0,Travel,134.79,ESP,ARE,0,1,0,1,0
sdv-id-cltuEA,b9046b52-13eb-4599-b2d4-d3a598dd6c3c,1970-01-01,0,Tech,46.55,ESP,ESP,1,1,1,1,0
sdv-id-ElLQpn,98f9bfb4-b2a4-4bf4-82b4-9d26672b0fa7,1970-01-01,0,Retail,1564.05,ESP,JPN,1,0,1,1,0
sdv-id-OBlrCS,3e6ef9f8-baac-407c-96c5-fbb19281ebd7,1970-01-01,0,Retail,1561.34,ESP,ESP,1,0,1,0,1
sdv-id-ywwoqb,cfd86194-9f24-44ca-bf5c-381594516729,1970-01-01,5,Food,2016.68,ESP,FRA,0,1,0,0,1
sdv-id-PfUBkj,6094413d-03c8-4477-addc-d3ff8b1096c0,1970-01-01,2,Travel,1002.4,ESP,PRT,1,0,0,1,1
sdv-id-dnOhHD,793c04f7-663a-4809-bb1f-db986f5a181a,1970-01-01,0,Food,17.66,ESP,ESP,1,0,1,0,1
sdv-id-MsqpGe,24057f26-e14b-4985-92ed-15070f31d27c,1970-01-01,1,Travel,1764.76,ESP,ARE,0,0,1,1,1
sdv-id-gZpNOt,38059440-2642-465f-8772-fdb6b3d42f8a,1970-01-01,0,Retail,487.78,ESP,GBR,0,0,1,0,1
sdv-id-lGRRuO,7d7771f8-a948-4c66-ba59-697d93f040c7,1970-01-01,0,Tech,471.46,ESP,IND,0,0,0,1,0
sdv-id-pGKPWh,3c8aae87-9606-406a-98d5-4b7ec08bd631,1970-01-01,0,Food,700.41,ESP,JPN,1,0,0,1,0
sdv-id-jqzjOP,d450281c-6c6f-4633-a260-772317a0df49,1970-01-01,0,Food,643.07,ESP,ITA,1,1,1,1,0
sdv-id-YoDwtB,22f50db1-6563-47d9-904a-3a7335bc040f,1970-01-01,0,Tech,527.68,ESP,ARE,1,0,1,0,1
sdv-id-LtLuFJ,3c3dbcd8-c705-4c5b-9eda-2838c7b95bd9,1970-01-01,1,Retail,1200.37,ESP,ARE,0,1,0,0,0
sdv-id-ddHOqb,cd72da7f-9af7-4848-b3ce-9813449a1d03,1970-01-01,1,Food,149.71,ESP,JPN,1,0,0,0,0
sdv-id-gwEcCh,c986f893-6bf5-4c98-8797-2916c0e5d883,1970-01-01,0,Retail,1073.78,ESP,IND,0,0,1,1,0
sdv-id-pbEmji,61fdf942-424d-4469-86a0-bfb45df0fb26,1970-01-01,0,Retail,1114.07,ESP,GBR,1,0,1,1,0
sdv-id-gPDCbE,1f5b3f8d-faad-4633-a1be-9f381e29c15e,1970-01-01,1,Gaming,1748.42,ESP,USA,1,0,0,1,1
sdv-id-SskydH,4f9a5f98-4d95-4273-8b2c-c805d1403430,1970-01-01,0,Retail,1013.71,ESP,GBR,1,1,1,0,0
sdv-id-USFfax,06927c51-6e66-469f-be4e-4d70455be7a1,1970-01-01,0,Retail,416.27,ESP,UKR,0,1,0,1,0
sdv-id-BRbmGp,1cb04376-c5d6-4362-9b3e-144b6f093f45,1970-01-01,0,Food,1000.29,ESP,ITA,0,1,1,1,1
sdv-id-JBBFtP,c353ac87-ceb7-438a-b67a-92b701862029,1970-01-01,0,Food,190.1,ESP,BGD,0,1,0,1,0
sdv-id-guMxnN,7f695b97-e581-4601-84cd-c4e87225539d,1970-01-01,5,Retail,2421.34,ESP,JPN,1,1,0,1,0
sdv-id-TjuiGt,bfca79d8-5f42-4f6b-9386-64e3c8386cbc,1970-01-01,0,Travel,101.77,ESP,ARE,1,0,0,0,1
sdv-id-ViQSGb,2e9b8fb5-01c9-4e2a-a726-f649e650cae5,1970-01-01,2,Gaming,1595.68,ESP,CHN,0,1,1,0,0
sdv-id-ECLhkH,19a6f80e-f08c-46c2-b6ff-3521c2250530,1970-01-01,0,Tech,1984.13,ESP,RUS,1,1,1,1,1
sdv-id-sSWEDW,d69cd777-4114-42dc-ac06-2d4a708183ae,1970-01-01,0,Gaming,1736.19,ESP,CHN,1,1,1,0,1
sdv-id-Kpvmah,48ef30ff-3087-47b4-9c54-956f32ce93db,1970-01-01,0,Food,717.48,ESP,FRA,0,1,1,1,0
sdv-id-knIUue,c23dd884-ca5f-4cf2-9726-6a28dd7d8ff7,1970-01-01,0,Tech,1325.0,ESP,CHN,0,0,0,0,1
sdv-id-myBzEH,d32063af-eed5-471b-a740-a29df7d75510,1970-01-01,5,Retail,271.79,ESP,NGA,0,1,0,0,1
sdv-id-VfBuvZ,d10327ba-fa9f-4b46-b908-2fbdebd4e04b,1970-01-01,1,Travel,861.97,ESP,USA,0,0,1,1,0
sdv-id-tlgIeh,f2203acf-8eed-4d34-b384-3346945f4281,1970-01-01,0,Gaming,1275.6,ESP,VNM,0,1,1,0,0
sdv-id-OjqHDl,9a00a4e2-f5ed-4b7f-9787-6a50ab7a63e3,1970-01-01,0,Food,2426.3,ESP,IND,0,0,1,0,1
sdv-id-IMGCaL,34b80226-6408-46fb-a839-ff36079d02d4,1970-01-01,0,Retail,106.36,ESP,BRA,1,0,0,1,1
sdv-id-VSuCxR,2b589b3f-e2a6-4e3c-b940-093a705cd91e,1970-01-01,0,Food,2400.35,ESP,ARE,0,1,1,0,0
sdv-id-CwGCZG,895d603d-8172-413b-ac52-75582c77a125,1970-01-01,3,Tech,1579.03,ESP,FRA,0,1,1,0,1
sdv-id-RXSBFd,96de8576-09a7-45f9-b8ee-05310e8eaab3,1970-01-01,4,Gaming,155.96,ESP,ITA,1,0,1,1,0
sdv-id-tLfcNp,971965f5-239a-4d42-92ad-d2a6f411d9d1,1970-01-01,0,Gaming,1062.12,ESP,GBR,0,0,0,0,1
sdv-id-liSQNk,e5922f7a-d525-4a88-833b-88b0b677fcbe,1970-01-01,0,Tech,913.45,ESP,IND,0,1,0,1,0
sdv-id-gNndXM,decceaea-622b-4588-8275-da34881e40c6,1970-01-01,0,Tech,1877.11,ESP,NGA,0,0,0,1,1
sdv-id-SMUiOg,ecf60826-3c1e-4ac4-9af0-9b921da9c3c5,1970-01-01,0,Retail,2343.77,ESP,IND,0,0,0,0,1
sdv-id-Rzkxlm,e3acd21a-7387-4600-b739-1bee46e09e7d,1970-01-01,0,Retail,1680.87,ESP,ARE,0,0,1,1,1
sdv-id-cmGyvA,cc62f748-54b4-48a6-99d2-c70309ac7ba5,1970-01-01,2,Tech,2228.57,ESP,IND,1,0,1,0,1
sdv-id-vhfSkF,6a8f7654-1552-47c7-8b96-13466498da39,1970-01-01,0,Retail,1967.05,ESP,CHN,0,0,1,1,0
sdv-id-DFdkJo,8baf1516-0b6a-4167-ab6d-ee52058e2844,1970-01-01,0,Retail,1886.06,ESP,USA,0,0,1,1,0
sdv-id-BHUEFF,01a4b9bd-7572-465a-b779-19832e285c72,1970-01-01,1,Gaming,672.65,ESP,BRA,0,0,0,0,0
sdv-id-XemCeQ,0f546781-a073-4e57-ba03-71f990ed01d3,1970-01-01,5,Food,1889.1,ESP,ARE,0,0,1,0,0
sdv-id-eeqQiZ,9bb2e446-ed59-4398-b649-ff09175991ea,1970-01-01,4,Travel,1550.31,ESP,DEU,1,1,1,0,1
sdv-id-TTryjM,688b4cfb-7081-45fd-8648-bbe8f84ce7a9,1970-01-01,0,Tech,939.64,ESP,DEU,1,0,0,1,1
sdv-id-fIolTA,7707ac0e-0d96-4eb3-8572-b3859e32f085,1970-01-01,1,Food,1886.91,ESP,ARE,0,0,1,0,1
sdv-id-VFvPkG,98ae0666-d066-4d21-af7d-7f211bd6b03d,1970-01-01,0,Retail,389.91,ESP,NGA,0,0,0,0,1
sdv-id-bmBvFm,676cf539-c9be-43d7-ab1b-0f5260ae9b09,1970-01-01,0,Food,1579.76,ESP,BRA,0,1,0,1,0
sdv-id-rnmwLe,f0546821-170b-4d14-95e7-b61004c0d48a,1970-01-01,0,Travel,2087.38,ESP,ITA,1,0,1,0,1
sdv-id-RDuUec,5ea2d56b-42aa-4bc7-b0de-13fc2060917a,1970-01-01,0,Food,907.07,ESP,VNM,1,1,0,1,0
sdv-id-KNkFzw,73b0aaf0-e8e2-4a61-9071-75c2cf13ee0c,1970-01-01,5,Gaming,567.0,ESP,ITA,1,0,0,0,1
sdv-id-WtLWbq,8bef2ae1-f873-49cc-9213-74ecd9f56388,1970-01-01,0,Gaming,1900.44,ESP,ESP,0,1,0,0,1
sdv-id-bLrAaO,58eba462-1976-439a-907a-61a99d8feee1,1970-01-01,0,Retail,463.27,ESP,UKR,1,1,0,0,0
sdv-id-vMmBmW,ac304971-ecc1-4ecb-aa65-04e1fb2fbe8c,1970-01-01,0,Retail,542.19,ESP,NGA,0,0,0,1,0
sdv-id-WvTrMV,05efea2a-f825-48bd-ab4c-2dacdf93b659,1970-01-01,0,Food,749.13,ESP,ITA,1,1,0,1,0
sdv-id-mpAYTy,8ffe38c9-d2d8-4eb3-9a14-0609f287b989,1970-01-01,0,Tech,722.29,ESP,VNM,0,1,0,0,0
sdv-id-cOVPBa,1e22ade1-a3e6-4bfd-a5e2-ebba27ae2220,1970-01-01,0,Food,142.91,ESP,DEU,0,1,1,1,0
sdv-id-rsUcLN,94e74f26-29b0-4b37-8271-0779d864465a,1970-01-01,3,Food,1544.84,ESP,GBR,0,0,1,1,0
sdv-id-ueUrCR,e69cdb5b-2074-45ab-b1cb-e822cbee1876,1970-01-01,0,Retail,1896.52,ESP,IND,0,1,1,1,0
sdv-id-qcnMDg,0244e4d7-5ac2-4176-a6ed-ef302fa80808,1970-01-01,2,Food,822.58,ESP,UKR,0,0,0,1,0
sdv-id-olrnni,d4e4085e-d39c-4bfc-b853-6a36923fd0d7,1970-01-01,0,Retail,1107.02,ESP,NGA,0,1,1,1,0
sdv-id-mcKXNh,a84554c3-a3f6-4c61-afb7-0dab2f383b43,1970-01-01,0,Travel,692.52,ESP,BRA,1,0,1,1,0
sdv-id-rNRhAO,5c941cf0-dc98-42c1-a2ac-f72f9e574f7a,1970-01-01,1,Gaming,1828.18,ESP,BRA,0,0,1,1,0
sdv-id-cqHuIM,e67ae19a-3c67-46b0-bf18-4a88f02d81dd,1970-01-01,0,Travel,2310.94,ESP,ITA,1,1,1,0,1
sdv-id-QCKOXe,61e561bb-ca79-4b30-ad70-881b52647c6f,1970-01-01,0,Gaming,1993.49,ESP,UKR,1,0,1,1,0
sdv-id-mBEiyJ,9f85c2dd-88e4-4a48-8570-9e30417b6634,1970-01-01,0,Travel,1951.27,ESP,ESP,1,1,0,0,1
sdv-id-gmqLqQ,945d91a5-e33d-4982-96c3-4b19b4a35c95,1970-01-01,0,Food,2363.07,ESP,CHN,0,1,0,0,0
sdv-id-jwMEzA,96ed79ef-b03e-4eb4-96e9-fa04df044782,1970-01-01,3,Gaming,1998.17,ESP,PRT,0,0,0,0,1
sdv-id-ykGPlU,c5db348f-1d29-48e0-bbea-76c1c72beda0,1970-01-01,0,Gaming,833.59,ESP,GBR,0,0,1,1,1
sdv-id-eEkifD,87d63a5b-a4a4-41c9-8421-fa752a2be014,1970-01-01,1,Travel,2312.06,ESP,ESP,0,1,1,1,1
sdv-id-GBSisd,dcbd4d9b-377a-432c-ac89-cea74e1de367,1970-01-01,0,Food,2050.5,ESP,JPN,0,0,0,1,0
sdv-id-BlYaos,e3f9899a-62ba-4966-b388-cf1bd0f383cd,1970-01-01,0,Travel,1530.97,ESP,IND,0,1,0,1,1
sdv-id-ynIYTg,143cdd5e-bdf2-468f-8b6b-7f7a58a83686,1970-01-01,1,Gaming,202.81,ESP,JPN,1,1,0,1,0
sdv-id-aYfaOh,6094413d-03c8-4477-addc-d3ff8b1096c0,1970-01-01,0,Food,642.31,ESP,ESP,1,1,0,1,0
sdv-id-LtIEUt,d4939e89-78ce-49d0-9f30-47fb2d669be9,1970-01-01,0,Gaming,1099.15,ESP,USA,1,0,0,0,1
sdv-id-GHgEuk,84aa6e12-208a-4c4f-b366-da877f7ac78c,1970-01-01,2,Retail,880.65,ESP,ARE,1,1,0,1,0
sdv-id-dfFkYO,7940964f-f2cd-4e4b-8c27-7f182d6d0a43,1970-01-01,0,Travel,2487.39,ESP,NGA,0,0,0,1,1
sdv-id-EbGhjx,3ae88926-b423-4cde-8857-511761554667,1970-01-01,1,Retail,200.21,ESP,GBR,1,0,1,1,1
sdv-id-notTvR,d65e59dd-e62d-4d06-8f9b-85581a7f195b,1970-01-01,2,Tech,1893.66,ESP,DEU,1,0,0,0,1
sdv-id-twfdLO,48cd42c0-5a66-419e-a5f9-80460c1d180e,1970-01-01,0,Food,686.67,ESP,CHN,1,1,0,0,0
sdv-id-CTJwrE,c6b33fe6-1c76-4df6-ac5a-6c93871c0884,1970-01-01,0,Gaming,1793.12,ESP,PRT,1,0,0,1,0
sdv-id-rkkZva,735741e5-fe1a-4ba9-8896-9c5b45f8c28d,1970-01-01,1,Tech,1953.48,ESP,CHN,0,0,0,0,1
sdv-id-eeDUuO,584c3ee3-adfe-4110-8bc1-b150367d9aad,1970-01-01,0,Food,256.54,ESP,NGA,1,0,1,0,0
sdv-id-JLcgTU,e993f6e9-f200-4b99-a6e6-2c018529e74f,1970-01-01,0,Gaming,763.04,ESP,UKR,0,1,1,0,0
sdv-id-sgPXRJ,f09d07f1-eac4-460c-9e4a-9260efd52c09,1970-01-01,0,Food,1173.28,ESP,VNM,1,0,1,1,0
sdv-id-BCqIVE,357cc20c-b7bf-4181-9262-d5ac8f7e91de,1970-01-01,0,Retail,2289.59,ESP,USA,0,0,1,0,0
sdv-id-sOfGoX,096b7724-5ced-43b3-b7a0-be7a7e6a3ea7,1970-01-01,5,Retail,1227.01,ESP,ESP,0,1,1,0,1
sdv-id-lUqWof,26cfbf51-4435-4e6f-a3f6-bf77aa239ba2,1970-01-01,4,Tech,645.92,ESP,ARE,0,1,1,1,1
sdv-id-RYcOUB,49c13de7-3b42-46c5-885b-15fb4a8ff810,1970-01-01,0,Gaming,2409.11,ESP,JPN,0,0,1,0,1
sdv-id-aikmhJ,4b079752-a934-49ae-bd66-c203ddc8ca37,1970-01-01,0,Gaming,880.04,ESP,UKR,1,1,0,1,0
sdv-id-ssxENL,63c4722c-27f3-4303-b4a7-c15b161fc0eb,1970-01-01,0,Retail,2471.86,ESP,UKR,0,0,0,0,1
sdv-id-qpJNfg,6370e0f7-aab8-4c30-9cfe-793d360496b6,1970-01-01,1,Retail,1072.16,ESP,RUS,0,1,0,1,0
sdv-id-egiQnG,30de0010-fe31-4408-a671-cd819c2b05eb,1970-01-01,0,Travel,1135.62,ESP,ESP,0,1,1,1,0
sdv-id-fkghAp,b3b5ab5c-9fb8-44b8-81e3-91497f309761,1970-01-01,0,Food,198.29,ESP,ITA,1,0,0,1,0
sdv-id-mJNTsj,f610f40d-69fe-490f-b90f-b6e4e15052f3,1970-01-01,5,Gaming,857.06,ESP,ESP,1,0,1,1,0
sdv-id-JycrYO,c4bb4ace-d0c8-4a67-bec6-2bbe4d7ec4b1,1970-01-01,2,Travel,1554.8,ESP,VNM,0,0,0,0,1
sdv-id-OlIFiu,6f4da8c9-8a47-455f-9ce6-dabe976865b1,1970-01-01,2,Travel,836.81,ESP,VNM,0,1,0,0,1
sdv-id-JmXhLz,df69a560-9baa-4785-b8f2-17f0b8314c26,1970-01-01,3,Food,2024.41,ESP,USA,1,1,0,0,1
sdv-id-IhzgCf,b59c9c87-f839-44c9-9eff-689a545a8a02,1970-01-01,0,Retail,1840.08,ESP,CHN,1,0,0,0,1
sdv-id-jNXEiO,7862fa7d-4138-4321-ac11-e260f74fe2b9,1970-01-01,5,Food,764.62,ESP,VNM,1,0,0,0,0
sdv-id-PMRcUE,b1768686-d31e-46c4-b4b0-258bcad2b7c2,1970-01-01,0,Food,2392.34,ESP,IND,0,0,0,0,1
sdv-id-pqUJfF,a3b44efe-25c3-4c9d-a856-1badee287a92,1970-01-01,0,Gaming,200.27,ESP,FRA,1,0,0,1,0
sdv-id-OGjzwN,632cd092-5b80-4397-b347-e18df7dea35a,1970-01-01,0,Retail,1161.79,ESP,ESP,1,1,1,1,0
sdv-id-vJLgzl,f7d0eea0-211f-432b-b52c-aa97b60df6a3,1970-01-01,1,Tech,412.42,ESP,FRA,0,1,0,0,1
sdv-id-YWPeSm,dd90e79e-b888-46ed-8d24-4e3ec4dabddb,1970-01-01,0,Retail,483.25,ESP,ARE,1,1,0,1,0
sdv-id-loFRLY,f9e421bc-1120-453d-b285-d65bbf6b8493,1970-01-01,1,Gaming,510.23,ESP,BGD,0,0,1,1,0
sdv-id-EIZjRW,d17b6fc6-e66e-40e2-88fd-5890a479dce2,1970-01-01,2,Retail,927.01,ESP,UKR,1,0,0,1,0
sdv-id-XlzZZY,2875ad5d-2d06-4862-8990-779cecc3b699,1970-01-01,0,Tech,407.27,ESP,ARE,0,0,1,1,0
sdv-id-OwgJlH,8bc85d37-09cc-4f1a-9c38-7c2a1243e838,1970-01-01,0,Food,436.69,ESP,JPN,1,0,0,1,0
sdv-id-pchdog,c23e471a-6081-4fb2-b55e-b3647da38784,1970-01-01,0,Retail,2259.33,ESP,BGD,1,0,0,0,1
sdv-id-YzkEKE,cc351e4f-703e-457f-b5ab-8466b5578b00,1970-01-01,0,Retail,2487.36,ESP,NGA,0,0,1,0,1
sdv-id-DAzXLl,849b50bc-05e5-4461-8934-4b060790eeb4,1970-01-01,3,Retail,1890.61,ESP,VNM,1,1,1,0,1
sdv-id-yPacoA,13da3505-3daa-4e57-b084-aab8cf152c06,1970-01-01,0,Tech,650.93,ESP,ITA,1,0,0,0,1
sdv-id-PyQkZm,b798e034-04cd-47c6-8a12-1024a5a2d5ac,1970-01-01,0,Food,1692.91,ESP,JPN,1,0,1,1,0
sdv-id-CFbwEj,3b4f068e-ecad-422d-9b2a-a4e4c0e354e7,1970-01-01,0,Food,586.0,ESP,IND,1,0,0,0,1
sdv-id-ADOpfW,fc3a156a-531b-49d8-8b7e-42df9c8a1631,1970-01-01,0,Retail,1049.03,ESP,GBR,0,1,0,1,0
sdv-id-tWRZjW,a7cc4274-4780-4b87-beb5-ba0f1e2964f1,1970-01-01,1,Retail,1209.45,ESP,IND,1,1,0,0,0
sdv-id-tTtFHu,d10320a3-8a21-406c-b13e-3f6d0062cf68,1970-01-01,0,Tech,1860.3,ESP,GBR,0,0,0,0,0
sdv-id-fOatSP,92e9b765-9b9b-4926-a9eb-a9fe9a5e63f5,1970-01-01,1,Tech,1027.59,ESP,ITA,0,0,1,1,0
sdv-id-TpDeOT,4d2c0893-724d-4d1e-a2ca-eb651fc08d8f,1970-01-01,0,Retail,504.25,ESP,USA,1,1,1,1,0
sdv-id-ZmZOmC,6f082598-e1b4-47ef-9f8a-4862ff68ef1a,1970-01-01,0,Travel,150.4,ESP,RUS,0,1,0,0,0
sdv-id-AnCoSi,f378cb94-478b-4f00-87d7-5309de772156,1970-01-01,0,Travel,1222.09,ESP,GBR,1,1,0,1,1
sdv-id-YoIJyt,f8e8e938-b2df-42fe-9c90-282181a8d2b0,1970-01-01,1,Retail,138.89,ESP,PRT,1,1,1,0,0
sdv-id-yOivlw,57cb9e5b-0337-4b0b-8ec2-9e07ee0c2303,1970-01-01,1,Tech,136.14,ESP,GBR,1,0,0,1,0
sdv-id-lixmSO,309b48dd-6332-4992-91ad-3e5189f90de9,1970-01-01,0,Travel,819.94,ESP,BRA,1,1,1,0,1
sdv-id-LsUpqf,2436c8de-c40c-4bde-8af9-19244f2c8cfd,1970-01-01,0,Food,460.59,ESP,ARE,0,1,1,0,0
sdv-id-yLXnQK,05e3d107-1d0f-4e16-a554-674f8240252d,1970-01-01,0,Food,1965.81,ESP,GBR,1,1,0,1,1
sdv-id-AJbsYo,f9834d4b-1c65-46bd-8179-c596d772e63e,1970-01-01,0,Food,676.29,ESP,RUS,1,0,1,1,0
sdv-id-eQDldU,edc6722f-88a9-44a1-a211-5e1753b5af5a,1970-01-01,0,Tech,2483.35,ESP,BGD,0,0,0,0,0
sdv-id-ltvRHz,b92d933d-a10f-43db-8169-9add6c286e65,1970-01-01,0,Travel,753.49,ESP,BRA,1,0,0,1,1
sdv-id-xyDBWe,dc02bc29-35db-4396-8c23-e8443c4722f3,1970-01-01,3,Food,176.93,ESP,JPN,0,1,1,0,1
sdv-id-aVuEDK,bda3c162-3a78-464a-9d86-80cbb90800f3,1970-01-01,0,Retail,676.03,ESP,ESP,0,1,1,1,1
sdv-id-ryiDpy,235aa8e9-838f-4802-bed4-6e351891c896,1970-01-01,0,Retail,1754.7,ESP,PRT,1,1,0,0,0
sdv-id-rdICEL,60b97459-09e2-456e-b0a3-be304d06b31c,1970-01-01,0,Tech,825.76,ESP,ARE,1,1,1,1,0
sdv-id-PltjlU,ef5e0d74-fe2e-4c0f-9c68-a6142644b6f9,1970-01-01,5,Travel,1576.34,ESP,IND,0,0,1,0,1
sdv-id-Rfokfp,24d6bca4-517f-4719-a629-a922153f1e28,1970-01-01,0,Food,1312.34,ESP,JPN,0,1,1,0,1
sdv-id-RsKZrK,7b7510b5-65dc-4e7f-8420-ccd08206be0c,1970-01-01,1,Food,50.87,ESP,CHN,0,0,1,0,0
sdv-id-wxygCN,4d7efc8e-b68f-40dc-b18b-f53a3864bf75,1970-01-01,5,Tech,1162.85,ESP,BGD,0,1,1,1,1
sdv-id-ivmSJI,913132de-4ac9-4390-b7f6-840c621dd512,1970-01-01,1,Food,176.13,ESP,GBR,1,0,1,0,1
sdv-id-PqtrsW,cdebdd3c-528e-4ae8-a03d-1b30adcde95f,1970-01-01,0,Retail,2265.09,ESP,ITA,0,1,0,0,0
sdv-id-dLThtk,b4c21dd6-2ed1-4d37-b63f-a63fa1d29dff,1970-01-01,0,Tech,1293.43,ESP,CHN,0,0,0,1,0
sdv-id-TJPOaY,831448cb-053f-449f-a290-8eda384ec60d,1970-01-01,3,Gaming,2162.7,ESP,PRT,1,0,1,0,1
sdv-id-EiCFwA,d6788ff7-4cc3-47ef-8361-9cd3c9a90afc,1970-01-01,0,Food,2040.97,ESP,GBR,1,1,0,0,0
sdv-id-ODTTem,ce7ae7f6-3982-4cff-8f77-a665ac3c5640,1970-01-01,0,Food,146.5,ESP,IND,0,0,0,1,0
sdv-id-oATVmH,28ef2f46-f323-423e-9cb0-c90c82fc9294,1970-01-01,0,Retail,698.46,ESP,VNM,1,0,1,0,1
sdv-id-PhSIoH,14898025-548b-4ce3-881f-ec82ca9acf77,1970-01-01,0,Tech,1074.17,ESP,ITA,1,0,0,0,1
sdv-id-ACiMew,ed5f24c3-7fb9-4e49-8222-3c10f82f2dc3,1970-01-01,0,Travel,135.27,ESP,ESP,0,0,1,0,1
sdv-id-lemfbv,5f90fc87-2edc-417e-9df0-5d184e2d6255,1970-01-01,0,Retail,2488.18,ESP,GBR,1,0,0,0,1
sdv-id-NqAKCS,856188e7-566b-4b3a-b247-fae286161c8e,1970-01-01,0,Food,2078.7,ESP,CHN,0,1,0,0,1
sdv-id-ZQFOYD,260ccfb4-c673-4380-a766-861778dbcde3,1970-01-01,0,Food,926.12,ESP,PRT,0,1,1,0,1
sdv-id-yQCuxj,abf89388-f254-450e-bde4-71bff8655d61,1970-01-01,0,Travel,187.76,ESP,NGA,0,1,0,1,0
sdv-id-SFENZk,bbbbfd67-30a4-44b0-be3c-7c84176350f5,1970-01-01,0,Gaming,2037.38,ESP,FRA,1,1,1,1,0
sdv-id-iKgsVu,cf8be8bd-d2fa-4b0a-b337-05f9894b9f90,1970-01-01,3,Travel,984.89,ESP,VNM,0,1,0,1,1
sdv-id-LEOJay,0a76e404-9bad-46c6-9d7d-08c960cc7abd,1970-01-01,0,Retail,2258.7,ESP,ARE,1,0,1,1,0
sdv-id-gLZAAk,2da5ba63-d3ff-4631-a2dc-b06c8c85328e,1970-01-01,0,Food,2334.43,ESP,VNM,0,1,1,0,0
sdv-id-CFOISX,abd13f1a-3d20-4440-80cf-a44d1b7db566,1970-01-01,1,Gaming,2027.24,ESP,JPN,1,0,1,0,1
sdv-id-SBdPdQ,d994f7ba-4b7f-4a4c-8d5d-2f648f2b892b,1970-01-01,4,Retail,662.44,ESP,BGD,0,1,0,1,1
sdv-id-BMrndv,852393d7-9a5d-476e-a02b-a25601dbeb73,1970-01-01,0,Gaming,1217.47,ESP,VNM,1,1,1,0,1
sdv-id-nieYLF,0cff84c2-eb41-4e2f-b31b-58facffd1e28,1970-01-01,0,Gaming,1183.19,ESP,VNM,0,0,1,0,1
sdv-id-TRWsyW,734eab10-85e9-454f-855c-f668a3cb9e18,1970-01-01,0,Food,1271.35,ESP,IND,0,0,0,0,1
sdv-id-gYMABM,b78a2037-bd46-4bd5-82c5-2802aca65492,1970-01-01,0,Gaming,735.98,ESP,ARE,0,1,0,0,1
sdv-id-QPjntM,bb30e92a-60c2-4d65-86a7-7fbe5c776b87,1970-01-01,0,Travel,164.4,ESP,ARE,1,1,1,0,0
sdv-id-pxJKCF,7e2ac03a-80f5-4b81-ab7c-5ee342a27950,1970-01-01,0,Travel,2072.93,ESP,ESP,1,1,0,1,0
sdv-id-bsUnuy,76e51a12-79c6-4757-b7fe-b7351cc6f0a0,1970-01-01,3,Retail,1826.0,ESP,RUS,1,0,1,0,1
sdv-id-qRXGTJ,085202b0-cc4f-4da9-95d1-92770418cd27,1970-01-01,0,Food,1184.73,ESP,RUS,0,1,0,1,0
sdv-id-amaHrL,c9cbc148-23b1-4124-9f94-a2f806444f36,1970-01-01,0,Travel,2178.51,ESP,GBR,1,1,1,1,0
sdv-id-DeaLVl,fa8f3923-7032-48e2-9351-df5f310b82d7,1970-01-01,0,Food,1243.15,ESP,VNM,0,0,0,0,0
sdv-id-dnfeAc,94e40f2f-d957-4d96-a781-80493fcc7644,1970-01-01,0,Tech,1128.27,ESP,FRA,0,0,0,1,0
sdv-id-tWktjs,ae8d67b5-953d-4f7d-9906-de77b496c0e4,1970-01-01,0,Tech,828.97,ESP,JPN,0,0,1,0,1
sdv-id-vrKbBz,005476f5-082d-4c63-8c12-b1b49872643b,1970-01-01,0,Travel,663.22,ESP,IND,0,0,0,0,0
sdv-id-GXROuN,9b8826ed-ff4a-4185-b886-f504ed758b74,1970-01-01,2,Food,424.43,ESP,IND,0,0,0,1,1
sdv-id-SYZXSx,03802b70-8d03-491e-8f8d-5238288b78b5,1970-01-01,0,Food,2287.16,ESP,PRT,0,0,0,0,1
sdv-id-GBuPKC,3a4962d1-77e4-4d33-923e-901f2f23cd0c,1970-01-01,5,Food,1693.68,ESP,JPN,0,0,1,0,1
sdv-id-jWCPNC,7ec2eade-bf88-4749-ab2f-a6bc00b6cb48,1970-01-01,0,Retail,2135.19,ESP,GBR,0,0,1,0,0
sdv-id-gpRIlx,c8f5d39e-c3ad-4a08-a64e-448e1a8777b0,1970-01-01,0,Travel,1403.04,ESP,USA,1,1,0,0,1
sdv-id-PqCzpr,7a0ffa86-5eac-415d-b274-2e763b6becb7,1970-01-01,1,Travel,1086.44,ESP,IND,1,1,0,0,0
sdv-id-aZQJkU,3d9ffe59-9bc0-4a93-92cd-adefb9d276f4,1970-01-01,1,Tech,2008.47,ESP,CHN,1,1,1,1,1
sdv-id-LOqbyx,2550e249-436c-4827-9a2a-5b5f67964bd9,1970-01-01,1,Retail,2033.57,ESP,BRA,1,1,0,0,1
sdv-id-geVknM,38617ce9-64f7-4c10-8698-3234624695b9,1970-01-01,0,Gaming,781.85,ESP,GBR,0,1,0,0,1
sdv-id-bJlvve,f9fb722d-a51c-4d2a-b3bf-bdabb7b24f20,1970-01-01,0,Travel,1909.68,ESP,ESP,0,0,0,1,0
sdv-id-RNUiGu,f7bf5244-7db2-47aa-a205-e54fb1e8c09d,1970-01-01,0,Food,786.77,ESP,UKR,1,0,1,1,1
sdv-id-VGPkYQ,2436c8de-c40c-4bde-8af9-19244f2c8cfd,1970-01-01,0,Retail,2489.3,ESP,CHN,0,0,0,0,1
sdv-id-nqNuqx,3f7dd313-6f43-4da3-a84f-3d7569f876b9,1970-01-01,0,Tech,841.98,ESP,USA,1,1,1,0,0
sdv-id-UUZnXw,9860f848-a74b-4973-b949-54dbfb2cef68,1970-01-01,0,Travel,56.07,ESP,PRT,0,1,1,0,1
sdv-id-kLgLfk,50d346e8-0e8f-43d4-99ab-20849fd0f410,1970-01-01,2,Tech,8.18,ESP,BGD,1,1,1,0,1
sdv-id-yUaeQZ,c524a1be-a6bb-451c-85d8-acf312a7186c,1970-01-01,0,Gaming,1377.77,ESP,GBR,1,0,0,0,1
sdv-id-RMWLwU,9741c0fa-1b20-457e-9e86-ca3d07d712df,1970-01-01,4,Retail,2099.0,ESP,ESP,0,1,0,1,1
sdv-id-jQEONJ,fc6795e2-c32f-421b-86b4-ed272f4b8be8,1970-01-01,0,Travel,1447.07,ESP,PRT,0,0,0,0,1
sdv-id-pQyNDA,ba7e1b86-c1fa-4753-a7ef-0a4b5fb2b838,1970-01-01,0,Food,1755.65,ESP,RUS,1,0,0,0,0
sdv-id-bJmgai,8468b74d-85e3-4de5-98c1-aad6f3f8dea4,1970-01-01,3,Retail,1502.08,ESP,RUS,1,1,0,0,1
sdv-id-borNjx,cd8563ca-193e-438d-b74c-0afa7f4d908c,1970-01-01,0,Gaming,2300.06,ESP,USA,0,0,0,1,0
sdv-id-tzTkwE,1a82833c-20dd-40ff-90b3-d752bb01b2a5,1970-01-01,0,Tech,2239.8,ESP,ITA,0,1,0,1,1
sdv-id-mBNrPV,3aa06694-0610-442d-8024-1ac149d83188,1970-01-01,0,Retail,1957.12,ESP,DEU,0,0,1,0,0
sdv-id-PDWufu,fa286316-5315-4a23-92f0-ed7dbff49c48,1970-01-01,1,Food,421.39,ESP,ESP,1,1,0,0,1
sdv-id-snSTIX,f7eae66e-ca6c-4f9b-8969-71018b2c550a,1970-01-01,0,Travel,1435.41,ESP,ESP,0,0,1,0,0
sdv-id-OtgBtD,883d9b03-de04-4086-83a2-9acd4cb50736,1970-01-01,0,Gaming,551.59,ESP,USA,1,0,1,1,0
sdv-id-GmnTxL,25db5946-a091-45b4-9293-8e6eff4d0930,1970-01-01,2,Gaming,974.24,ESP,DEU,0,0,0,0,1
sdv-id-itpJTb,83666636-68d5-46b8-a6ce-6d7a44e2a94b,1970-01-01,0,Tech,1539.54,ESP,PRT,1,0,1,0,0
sdv-id-wOOzJI,60363d28-2e27-483f-a220-134e79763bb0,1970-01-01,0,Gaming,516.98,ESP,CHN,0,1,1,1,1
sdv-id-hBkXsd,06905ba5-17e0-4df5-97df-85b33429c8cf,1970-01-01,0,Food,1870.76,ESP,PRT,1,1,1,0,0
sdv-id-dvJfLT,aec16f6c-aea7-4c2e-b146-a1c1cd044f6c,1970-01-01,0,Tech,690.16,ESP,BGD,1,1,0,1,0
sdv-id-PORQJd,0279d6d8-e869-48cd-8f0c-b156ffc6ce15,1970-01-01,0,Food,1880.32,ESP,NGA,1,0,0,0,1
sdv-id-hAcQPP,b4320daa-95f1-4f22-8c4d-2daeb7f63ccc,1970-01-01,5,Food,742.99,ESP,ARE,1,0,0,0,1
sdv-id-aeQMVF,9341dd73-a5d8-4541-ae82-2ce612b1d17e,1970-01-01,0,Food,2265.66,ESP,ITA,1,1,1,1,0
sdv-id-GzCgPv,2d5f4dd3-11a2-464d-9eb6-3bc5e2f10e16,1970-01-01,0,Tech,1968.57,ESP,FRA,1,0,1,0,1
sdv-id-AlRSzS,b3345e5b-dca3-4a0a-85c1-9ddb917f8389,1970-01-01,0,Travel,2180.71,ESP,ESP,1,1,1,0,1
sdv-id-PveloN,c43b5ba7-789f-4cfe-811f-1ed9512cd058,1970-01-01,0,Retail,1731.13,ESP,GBR,0,0,1,0,1
sdv-id-QyZEcR,4b045067-1481-496b-877c-bc8ca5f604d7,1970-01-01,3,Travel,1685.92,ESP,DEU,1,0,1,1,1
sdv-id-cGLmZF,356cd31f-9cd3-4be5-a146-fc90614e27f0,1970-01-01,3,Food,81.97,ESP,CHN,1,1,1,1,1
sdv-id-ypFOGz,9f130820-0f3b-45f9-9345-c526a4abce56,1970-01-01,0,Retail,1320.33,ESP,ARE,0,0,0,1,0
sdv-id-rJTATQ,49b868c2-cfda-4f51-9caa-2701cef1878f,1970-01-01,5,Retail,61.34,ESP,BRA,1,0,1,1,1
sdv-id-wOVRYx,0a707ba8-df9a-49f5-b643-5b4e1508faec,1970-01-01,0,Travel,2320.77,ESP,ESP,1,0,1,1,0
sdv-id-MlSDtm,c7c432a0-c3af-4d93-8047-6d80532bd70a,1970-01-01,0,Travel,425.04,ESP,DEU,0,0,0,1,0
sdv-id-IjGxFT,8188de48-719b-4dd6-97b4-e75be9d18ec2,1970-01-01,0,Tech,2186.5,ESP,IND,1,0,1,0,0
sdv-id-QBnCkP,611b92ab-34aa-4abd-b975-74330b5ed148,1970-01-01,0,Gaming,838.33,ESP,BRA,0,0,1,1,1
sdv-id-LxkrlY,f7eba7e9-1dd0-4ec8-ab30-f1b1bb4c5947,1970-01-01,0,Tech,1952.95,ESP,DEU,1,1,1,1,1
sdv-id-puAFsr,d6b1ba8c-4fcf-4f89-9ae0-bb5a797763fe,1970-01-01,0,Retail,89.43,ESP,JPN,0,1,1,1,0
sdv-id-rrYtdG,39cefff3-1b3e-4681-bcea-545ac06698e4,1970-01-01,3,Gaming,1548.47,ESP,IND,0,1,0,0,1
sdv-id-cNNDyC,7590a2f6-b095-4247-af51-f151687862c4,1970-01-01,0,Gaming,1159.85,ESP,PRT,1,1,0,1,0
sdv-id-NxQIRj,fc377a4c-4a15-444d-85e7-ce8a3a578a8e,1970-01-01,0,Retail,534.8,ESP,JPN,0,1,0,0,1
sdv-id-BHmEBK,b9aa06f5-382b-4b11-99fc-faeb722944a9,1970-01-01,0,Gaming,908.66,ESP,ITA,0,0,1,0,1
sdv-id-gVDjhm,3427fb9e-e791-4673-a1d7-ef88448e8408,1970-01-01,0,Travel,1768.1,ESP,ARE,1,0,1,0,1
sdv-id-UFCwaJ,5ab68220-1c24-4102-99e5-e402fe2895ad,1970-01-01,0,Food,1246.57,ESP,PRT,1,1,1,1,0
sdv-id-GYrWwd,96ed79ef-b03e-4eb4-96e9-fa04df044782,1970-01-01,3,Retail,1844.54,ESP,FRA,0,1,1,0,1
sdv-id-sepPxi,03a35aed-3344-4c51-a7f6-55fb8b8943fd,1970-01-01,0,Gaming,932.92,ESP,BGD,1,0,1,1,1
sdv-id-SmGEHI,2ea756a8-229e-4406-aab7-6dd1152b5e5f,1970-01-01,0,Retail,2228.76,ESP,ARE,0,0,1,1,1
sdv-id-qLBKcV,7b6ef5d2-31b5-4390-a81a-1d16129226f9,1970-01-01,0,Travel,1142.27,ESP,USA,0,1,0,1,0
sdv-id-MZqOIx,b3338169-dcfc-4b72-abbb-ae74db9b4d43,1970-01-01,1,Travel,822.33,ESP,UKR,0,0,1,0,0
sdv-id-fdJWah,c05db544-7881-4492-a320-3fa90bf3ee35,1970-01-01,0,Retail,1276.55,ESP,BRA,1,1,1,1,0
sdv-id-EenTgY,6669f679-2d78-404b-9f93-55acec8566f0,1970-01-01,0,Travel,2026.28,ESP,USA,1,0,0,0,1
sdv-id-WxOAHd,bc2e2b59-2c7d-4667-b664-c7202fddb26a,1970-01-01,1,Retail,1074.67,ESP,PRT,0,0,0,1,1
sdv-id-uFxOYN,66ea0949-adab-4b01-bce8-e033fb70fbf3,1970-01-01,2,Food,1344.85,ESP,IND,0,0,0,0,0
sdv-id-zOAcIk,07a7611d-e20d-4100-84f2-a0dbb20c651e,1970-01-01,5,Food,1385.35,ESP,FRA,1,0,1,0,0
sdv-id-JBPRnM,72dadc21-9b7c-4539-8ad7-d77c9bf41cc6,1970-01-01,0,Gaming,2022.74,ESP,IND,0,1,0,0,1
sdv-id-NiPjuO,e1eeb1f1-33b1-40dc-a552-d0a8b66f3507,1970-01-01,0,Tech,1700.47,ESP,FRA,1,1,1,0,1
sdv-id-JgyodV,d42a895e-0fcf-401f-9cb9-b73a906d5c8c,1970-01-01,0,Food,2449.87,ESP,IND,1,0,1,0,1
sdv-id-QxtIxg,1f683d6f-988c-49db-ad5c-ea4e758964f5,1970-01-01,0,Food,2442.0,ESP,NGA,0,0,1,1,1
sdv-id-sTCUsZ,9cf7ca7d-227c-45aa-b008-a20237ca34f6,1970-01-01,0,Travel,212.31,ESP,ITA,0,0,0,1,0
sdv-id-sAAeoQ,94e40f2f-d957-4d96-a781-80493fcc7644,1970-01-01,0,Gaming,2280.37,ESP,USA,0,0,1,1,0
sdv-id-zJPZKg,366eb16f-508e-4ad7-b7c9-3acfe059a0ee,1970-01-01,0,Travel,2043.67,ESP,BRA,0,1,1,0,1
sdv-id-LyODDc,4400592c-a0b3-45c7-8fe1-f0505cf9d973,1970-01-01,0,Gaming,13.36,ESP,BRA,0,1,0,1,1
sdv-id-SWpzXq,71c7ebf1-f9db-407e-9560-4ec81ca931d9,1970-01-01,3,Travel,1890.17,ESP,ESP,0,0,1,1,0
sdv-id-VXcaZY,318cd979-fab0-415d-8a5d-6ceab565f64e,1970-01-01,0,Travel,33.12,ESP,UKR,0,0,0,1,0
sdv-id-TFNFYe,b2cc4372-6532-43ae-96f7-91ac4cf6a297,1970-01-01,1,Tech,873.09,ESP,USA,1,0,1,0,1
sdv-id-AcwPaR,083f64c3-1ce3-42f8-83f7-25feb99b2b5a,1970-01-01,0,Tech,2122.31,ESP,RUS,1,0,1,0,1
sdv-id-juJCLO,87cef9a2-9b75-459c-bf09-338c422aaaa7,1970-01-01,0,Food,371.57,ESP,IND,1,1,1,1,1
sdv-id-MCESFO,a888e7af-fca3-4bae-b9e3-202eee4bd350,1970-01-01,0,Gaming,1422.15,ESP,PRT,0,1,0,1,0
sdv-id-wOawGx,7279101c-93f3-403d-9d96-232d63d5e750,1970-01-01,0,Tech,595.05,ESP,ESP,1,1,1,1,1
sdv-id-JikVyE,ff4c2889-d794-40de-871d-a96db543e8c5,1970-01-01,1,Tech,500.39,ESP,UKR,0,0,1,0,1
sdv-id-kMcqXa,0361b157-b1fb-4587-a514-b3fcc809a0b4,1970-01-01,2,Gaming,715.88,ESP,RUS,1,0,1,0,0
sdv-id-ftXMzH,993b1792-cfe5-4a88-abe3-ec98c32e6e52,1970-01-01,0,Travel,2469.46,ESP,BGD,0,0,0,0,1
sdv-id-KwJKIO,ffbb4bcc-a5cb-4f6f-bd33-31644bb8ebe2,1970-01-01,0,Gaming,502.78,ESP,CHN,0,1,1,1,0
sdv-id-CNDkSl,924d4a86-efed-4e52-b9f7-3374e92af09b,1970-01-01,0,Retail,2364.6,ESP,ARE,1,1,0,1,0
sdv-id-iRfwuC,f2f94b2c-8e10-414f-b1b2-f143078b13a9,1970-01-01,0,Tech,192.38,ESP,GBR,0,1,0,0,1
sdv-id-eSfpUy,495743a2-81b1-4b80-a5e1-b0f5ca0ee8c4,1970-01-01,3,Retail,466.13,ESP,ARE,1,1,1,1,0
sdv-id-tTwqDL,c5e3be15-f1dc-4270-8780-2d60968c77f1,1970-01-01,1,Tech,822.33,ESP,RUS,0,0,1,1,1
sdv-id-NBlTaZ,66132e69-7418-4109-93d1-bf0f56c438e4,1970-01-01,0,Food,1602.85,ESP,GBR,1,1,0,1,0
sdv-id-OSOkWF,0b458c23-eead-490c-8f9c-78bf010d583f,1970-01-01,4,Food,2436.12,ESP,DEU,1,1,1,0,0
sdv-id-JyqytQ,77242041-1e43-4bd2-aaf4-07f70fe76149,1970-01-01,0,Travel,1720.54,ESP,UKR,1,0,0,0,1
sdv-id-BrZXjH,248dbf75-0096-44d6-967d-81a6a6d5ab1c,1970-01-01,0,Food,895.53,ESP,FRA,1,0,1,1,0
sdv-id-TqTRTP,52a80809-20d1-4fc0-81c1-aee2e7235658,1970-01-01,0,Tech,372.34,ESP,BGD,1,1,1,1,0
sdv-id-ewIJqU,db0f1685-93dd-4e65-8a12-f3d93e98f09d,1970-01-01,0,Retail,1393.84,ESP,ARE,0,1,1,1,0
sdv-id-WprZbL,2023fd4b-ab89-436b-9f6b-9b3fff594778,1970-01-01,0,Food,541.14,ESP,ARE,1,1,1,1,0
sdv-id-CxHFVw,2548f600-e2f2-4f04-8bd6-a07d813ee22d,1970-01-01,0,Food,916.33,ESP,GBR,0,0,1,1,0
sdv-id-EEcbhq,91312064-101e-47fb-8532-5a3e6759d978,1970-01-01,4,Tech,270.19,ESP,RUS,1,0,1,0,1
sdv-id-ekWSDw,086c030f-f0fd-4ea9-82c2-7f97af6c9a31,1970-01-01,1,Gaming,874.62,ESP,CHN,0,0,0,1,0
sdv-id-dQvzSB,a3c595c8-fd54-44ec-afe4-fdbb4d6fc7e3,1970-01-01,1,Gaming,467.26,ESP,BGD,1,1,1,0,1
sdv-id-nCRrqx,23648766-a43a-4bdd-8ce2-85dbdb30e078,1970-01-01,0,Retail,2119.08,ESP,DEU,1,1,0,1,0
sdv-id-YdhJmg,34368737-28ff-4490-bd52-5a4e432c03e4,1970-01-01,0,Travel,467.53,ESP,PRT,0,1,0,1,1
sdv-id-UYoMYs,9b02c535-2649-4478-9396-6f0a6b77af9e,1970-01-01,0,Travel,162.28,ESP,RUS,1,0,0,0,1
sdv-id-uhidDy,698c206f-e1a4-4e10-ad53-4dd0cf8ebc5a,1970-01-01,5,Retail,241.48,ESP,ITA,0,1,0,0,1
sdv-id-KlAmnp,2a869922-f492-4b35-b6c2-1bc3d799d80d,1970-01-01,0,Travel,1815.91,ESP,VNM,1,0,1,0,1
sdv-id-XNyHvN,a5500af1-2777-440b-8ff7-16adb85f20e5,1970-01-01,0,Gaming,1543.85,ESP,VNM,1,0,1,0,1
sdv-id-QVwuAI,252b473a-d2cd-4683-8c56-4c15e507b981,1970-01-01,0,Food,159.46,ESP,IND,0,0,1,1,0
sdv-id-jDuFna,06927c51-6e66-469f-be4e-4d70455be7a1,1970-01-01,0,Travel,55.13,ESP,ITA,0,0,1,1,0
sdv-id-JQiNEO,ef7b80f1-c2be-4bac-b717-f44b79112e22,1970-01-01,1,Retail,1926.97,ESP,ITA,0,1,0,1,0
sdv-id-WTqszY,09912f46-4ce6-428b-a46a-cc9a98611260,1970-01-01,0,Food,1219.33,ESP,JPN,0,1,0,1,0
sdv-id-YZBygd,43c6b532-4b25-4483-bbae-0f3b4c96edc2,1970-01-01,0,Tech,996.12,ESP,BRA,0,1,1,0,0
sdv-id-eZykeK,fc8e920d-f692-4963-b2ea-685094bfe660,1970-01-01,4,Retail,728.89,ESP,NGA,0,0,1,1,0
sdv-id-KPMAsg,35624347-6b71-4b34-bc92-3cab2488a330,1970-01-01,0,Retail,2054.88,ESP,CHN,1,0,1,0,1
sdv-id-nvrxGX,f2b074a3-31d1-4ea8-9181-c8a230e31645,1970-01-01,0,Tech,564.83,ESP,IND,1,0,0,1,0
sdv-id-eWKXpn,877a71fc-9d9f-4eb3-a207-db6374e5e611,1970-01-01,0,Travel,1128.77,ESP,USA,0,0,1,0,1
sdv-id-fFNOOV,c50ef346-f34c-4c78-8892-111c1bee4909,1970-01-01,4,Tech,726.01,ESP,VNM,1,0,1,1,0
sdv-id-ESYink,af838c06-caa5-422a-aed7-149f00fbbb90,1970-01-01,1,Travel,677.47,ESP,DEU,1,0,1,0,1
sdv-id-KwiyJb,6725be25-9209-4726-889f-c7771b9894c5,1970-01-01,0,Tech,295.98,ESP,BRA,1,1,0,1,0
sdv-id-rfwvgN,0e98ddb8-bac9-4cc8-b3f2-72b2a6d5f800,1970-01-01,0,Travel,619.19,ESP,UKR,0,1,1,1,0
sdv-id-bLGcTB,727c1301-f2a9-40fe-85d9-b1ba2e528b8b,1970-01-01,1,Retail,465.14,ESP,IND,1,1,0,0,0
sdv-id-FCSyiJ,9f8cc29f-fd35-4c5f-9347-9a3b479bc637,1970-01-01,0,Retail,30.03,ESP,NGA,0,0,1,0,1
sdv-id-ekjCyM,e797f3ae-0cca-4c05-a1f6-19ed2c1882c9,1970-01-01,0,Travel,156.94,ESP,DEU,0,0,1,1,0
sdv-id-NjlYPP,a8fa71a6-0562-4e16-be65-f35db180e74c,1970-01-01,0,Food,196.34,ESP,ARE,0,0,0,1,0
sdv-id-Igffml,c4f4b844-46c1-42a5-bec8-8839ec35c3de,1970-01-01,0,Tech,2252.95,ESP,JPN,1,0,0,0,1
sdv-id-FGEGdf,76e51a12-79c6-4757-b7fe-b7351cc6f0a0,1970-01-01,0,Tech,2325.01,ESP,VNM,1,1,0,0,0
sdv-id-TLDrqG,9cdc546c-d4f0-4d63-9259-d65486adab8e,1970-01-01,0,Tech,2243.15,ESP,BGD,0,1,1,1,1
sdv-id-Fmnjmz,a8596f8c-d734-48fe-ab84-3ef3d86d655d,1970-01-01,0,Gaming,754.47,ESP,USA,0,1,1,1,0
sdv-id-wPCDEb,d9d09e8b-8576-4c2a-95c7-dc6ee5326380,1970-01-01,0,Tech,529.02,ESP,GBR,1,0,0,1,1
sdv-id-ZZdAHn,5e4c4fd1-4623-43a9-b2f8-dbabb462e3e8,1970-01-01,0,Gaming,935.24,ESP,BGD,1,1,0,0,1
sdv-id-ZTuUaE,0473b982-d1a5-49db-8b90-b03d1c00b895,1970-01-01,0,Food,177.46,ESP,ARE,0,1,1,1,0
sdv-id-jFxcDZ,c840789b-7c60-4399-b8f4-0e5ef6babccc,1970-01-01,0,Tech,602.06,ESP,DEU,0,0,0,1,0
sdv-id-mQVaKi,bfc00dc8-04f6-4d86-b866-076514f7ce8d,1970-01-01,0,Tech,2316.6,ESP,GBR,0,1,0,1,0
sdv-id-WtBwvc,072a5087-67d9-483b-bfdf-c5c0876cacdd,1970-01-01,0,Gaming,634.85,ESP,USA,1,0,0,0,1
sdv-id-JsjisC,0dfc73c1-e990-4f49-82bd-31c4660fdc40,1970-01-01,2,Food,1479.8,ESP,BRA,1,0,0,0,1
sdv-id-bYjfUX,ca4e5cc5-995d-455b-b662-8c4e445d9a87,1970-01-01,1,Food,2109.73,ESP,GBR,0,0,1,0,1
sdv-id-SpNqyZ,cbdc4318-4d85-43d2-a1a2-748571348c2a,1970-01-01,0,Retail,402.84,ESP,JPN,1,1,0,1,1
sdv-id-acPctu,cf5d337f-ee8d-4daa-8eb7-c3068f73198e,1970-01-01,2,Retail,354.11,ESP,BGD,1,0,1,0,1
sdv-id-DglkCc,f60ad0a3-8eee-4e95-9987-67113c20fe71,1970-01-01,5,Food,2075.79,ESP,JPN,1,1,0,1,0
sdv-id-vfDVDj,46d47d41-6fa5-43b0-a40d-fea5bd64987e,1970-01-01,0,Travel,1472.75,ESP,ESP,0,0,0,0,1
sdv-id-XvAjWs,60e565b6-39b3-442d-becf-bc0b5ea62cb9,1970-01-01,4,Tech,1943.79,ESP,ESP,0,1,1,0,1
sdv-id-cJyiOP,687e187e-ff6f-4682-a332-472ccdccd0ec,1970-01-01,0,Gaming,761.39,ESP,ARE,1,0,1,0,0
sdv-id-hmryoy,0dd4c0e6-0b09-4fcc-ac34-4cf0ab8e77a1,1970-01-01,0,Retail,1041.68,ESP,FRA,0,0,1,1,1
sdv-id-OjZBlD,f2c84743-9027-4770-a460-d0d2904883c1,1970-01-01,0,Food,593.54,ESP,ITA,1,0,1,1,0
sdv-id-IFWRiv,4e0d4d6f-f324-44fd-8f13-72bbdb55667b,1970-01-01,0,Food,470.86,ESP,ARE,0,0,1,0,0
sdv-id-DpLtLk,ceb380ac-e223-4389-b23e-d1fc9b9f9efe,1970-01-01,0,Food,622.12,ESP,FRA,1,0,1,0,0
sdv-id-HgwAnk,90208d23-86ff-46f2-a970-1e00520fc3e7,1970-01-01,1,Travel,207.23,ESP,ESP,0,0,1,0,1
sdv-id-LIgUet,eeb19ad2-01a1-4b0f-a68b-84b63ec0a285,1970-01-01,4,Tech,1441.65,ESP,BRA,0,0,0,1,0
sdv-id-dzELbg,d4a42bf0-b96a-4305-bed1-d8f8153d2c6b,1970-01-01,0,Tech,117.95,ESP,USA,1,1,0,0,1
sdv-id-jFOXXm,d3e78237-cd21-44d3-9960-6af0aa546c79,1970-01-01,0,Food,1214.06,ESP,PRT,0,0,1,0,0
sdv-id-jJSsry,57cb9e5b-0337-4b0b-8ec2-9e07ee0c2303,1970-01-01,0,Gaming,769.06,ESP,NGA,0,0,0,0,1
sdv-id-RHuKyC,e19a17f6-438a-419e-b970-5e4b2d71a040,1970-01-01,4,Food,389.54,ESP,GBR,1,0,0,1,0
sdv-id-zGVDmy,b5e5f62a-9a39-4c36-93c8-40115c2281fe,1970-01-01,0,Food,1278.1,ESP,NGA,0,1,1,1,0
sdv-id-zYPlyO,4a36a7c0-f0cc-4f56-9242-89ea39597465,1970-01-01,0,Gaming,130.21,ESP,RUS,1,0,0,0,0
sdv-id-BhCJoZ,107aad8b-821a-4ae4-a684-8d4a6b253e7b,1970-01-01,0,Retail,2306.07,ESP,FRA,0,0,0,1,0
sdv-id-HbXdXk,e58e1370-2078-4fea-9793-a319b0a6b1c9,1970-01-01,5,Gaming,363.93,ESP,ARE,0,1,1,1,1
sdv-id-LjOjJH,72f0b90d-5c2f-4996-a4ba-aea10cd4ba10,1970-01-01,0,Gaming,1583.04,ESP,IND,0,0,0,0,0
sdv-id-gvtiqj,e2ed8686-b334-42cb-9a3f-0ad169a9aff9,1970-01-01,0,Gaming,671.87,ESP,RUS,1,0,0,1,1
sdv-id-AGwkLi,357cc20c-b7bf-4181-9262-d5ac8f7e91de,1970-01-01,0,Gaming,1328.04,ESP,BRA,1,0,1,1,0
sdv-id-QLBWGq,63a35592-34ef-4156-a55a-b787a292bd6c,1970-01-01,0,Gaming,1996.34,ESP,BRA,1,1,0,0,0
sdv-id-VNihey,ceb7803e-c3fc-4c0e-95c2-c94db3fdc2b8,1970-01-01,0,Gaming,412.38,ESP,UKR,0,1,0,1,0
sdv-id-EqiKCG,c52c7f93-9aca-4159-8e61-20f3af52d77c,1970-01-01,0,Food,1340.23,ESP,DEU,0,0,1,0,1
sdv-id-wOgTUD,c09d557f-bc44-4fbc-adb6-8854baae905c,1970-01-01,0,Retail,23.46,ESP,PRT,1,0,1,0,1
sdv-id-HMOZsS,d7e4527a-6274-4240-8e30-1bcc302fa247,1970-01-01,2,Travel,72.56,ESP,VNM,1,1,1,1,1
sdv-id-YJDuvx,3270e4fa-abae-4f43-bcae-8081bdf070aa,1970-01-01,0,Tech,2111.21,ESP,GBR,0,0,0,0,1
sdv-id-pfQNyt,ead217d1-cefd-4dee-8590-f851fb385671,1970-01-01,1,Retail,139.34,ESP,CHN,1,1,1,0,0
sdv-id-KBngdG,db885d27-b761-4545-a43d-0405d3c8a4d6,1970-01-01,0,Retail,138.6,ESP,PRT,1,1,1,1,0
sdv-id-CiZcAK,ea75752d-6a8f-4acb-bf8e-2d0d52619dec,1970-01-01,2,Food,1846.38,ESP,VNM,0,0,1,1,0
sdv-id-zykDhi,ede02d33-a36d-4567-b3a4-4f408d3ba57f,1970-01-01,0,Retail,1850.05,ESP,PRT,1,1,0,1,0
sdv-id-rUmotk,f2d94421-7426-4100-b76c-703e129a98a8,1970-01-01,1,Gaming,1634.75,ESP,BRA,0,1,0,1,1
sdv-id-zUALFp,ecedf328-e669-4d22-9d50-d2eb5ec74b9e,1970-01-01,0,Travel,832.74,ESP,ESP,0,0,0,0,0
sdv-id-NbjrRU,0279d6d8-e869-48cd-8f0c-b156ffc6ce15,1970-01-01,5,Retail,1392.75,ESP,ARE,1,1,0,0,1
sdv-id-hZZUgk,75eff2a9-06fe-4650-9a0c-00487108f569,1970-01-01,4,Retail,1247.38,ESP,RUS,1,1,0,1,1
sdv-id-KpSyZt,b0ee1d54-78b6-4685-8f16-1581612981b0,1970-01-01,0,Gaming,1499.06,ESP,USA,0,1,0,0,1
sdv-id-kHpDmI,e7e0fe25-11d6-4820-a684-9b6434e2b1b8,1970-01-01,0,Retail,254.26,ESP,ARE,0,0,1,1,0
sdv-id-fmaDsJ,1e856ded-e7b9-4323-ad44-f50ec4e3a5ed,1970-01-01,5,Food,2459.81,ESP,JPN,0,1,1,1,0
sdv-id-CazrsP,00b02a82-7054-4f5f-950f-5effdc5136e4,1970-01-01,0,Tech,1235.23,ESP,CHN,0,0,0,1,1
sdv-id-fVYQiJ,edc6722f-88a9-44a1-a211-5e1753b5af5a,1970-01-01,0,Gaming,1268.0,ESP,VNM,1,0,1,1,0
sdv-id-XGvbCd,dd8d0747-42d3-41aa-9526-db8e922febcf,1970-01-01,4,Travel,2355.02,ESP,PRT,0,1,1,0,0
sdv-id-BveoPu,ce92b021-8173-4a2a-83b5-b2bd1eec4d0d,1970-01-01,0,Retail,1295.22,ESP,USA,0,1,0,1,1
sdv-id-UNjCjb,683c510e-d2ef-493b-a9d6-bb7e361db014,1970-01-01,1,Tech,261.29,ESP,ITA,0,0,0,1,0
sdv-id-yHuBzD,75175f39-7354-44fb-a44a-0371c5ab4e57,1970-01-01,0,Tech,2190.39,ESP,GBR,1,0,0,1,0
sdv-id-DlvDmA,7d05121c-ceee-4d65-9904-8ca79291e493,1970-01-01,0,Retail,1454.73,ESP,FRA,0,0,1,1,0
sdv-id-wbwfxq,7a8104de-b205-47bb-bb16-f75776f186ab,1970-01-01,0,Travel,1000.98,ESP,PRT,0,1,1,1,1
sdv-id-mGGEFB,4083dcf3-91db-4fbc-86ad-dbe7b807c910,1970-01-01,2,Travel,1822.29,ESP,IND,0,0,0,0,1
sdv-id-snDAgK,bf415c98-5a8e-4f05-a3ce-cf1e296df91f,1970-01-01,0,Gaming,2136.75,ESP,BRA,0,1,1,1,0
sdv-id-XPxlAd,c05db544-7881-4492-a320-3fa90bf3ee35,1970-01-01,5,Gaming,1881.43,ESP,DEU,0,1,1,0,0
sdv-id-GvhpWo,3a0e618f-428f-4941-8a0d-72ce2bf6f6c4,1970-01-01,0,Tech,753.94,ESP,VNM,0,1,0,0,1
sdv-id-xBAmhp,e79e9573-e33d-42e9-8a9d-0590b36a7314,1970-01-01,0,Food,831.72,ESP,PRT,1,1,1,0,1
sdv-id-nSvWRo,4e1c3762-1c7c-46ed-8de5-5848b19c905e,1970-01-01,0,Food,614.18,ESP,CHN,0,1,0,1,0
sdv-id-EznoFd,0173c12e-6ac8-4d70-833f-fef764bf2e8c,1970-01-01,0,Food,1110.72,ESP,VNM,0,1,0,1,0
sdv-id-VDAZQJ,d35ac07a-aa02-47d0-8d4f-8b2b899ac252,1970-01-01,0,Retail,1961.2,ESP,DEU,1,0,0,0,1
sdv-id-eDHNHu,71594914-b1b6-4ecd-8009-45ce932c3ec9,1970-01-01,4,Retail,1048.55,ESP,BRA,1,1,0,0,1
sdv-id-HNvult,b2288b79-5e5f-47a9-a07a-93ea640ac369,1970-01-01,4,Food,817.59,ESP,ARE,1,0,1,0,1
sdv-id-hHCLzo,904d0a50-6925-4881-b614-37f12a70ec30,1970-01-01,0,Travel,495.76,ESP,PRT,0,1,1,0,0
sdv-id-QlZryi,3150c323-8782-4633-a01d-9aeb52060f1c,1970-01-01,1,Gaming,491.93,ESP,ARE,0,1,1,0,1
sdv-id-QYoyjw,bf337a15-1e08-4f20-bdd1-51b0f64ab6ec,1970-01-01,0,Retail,1584.79,ESP,VNM,0,1,1,0,1
sdv-id-pjIWLj,611b92ab-34aa-4abd-b975-74330b5ed148,1970-01-01,0,Tech,329.26,ESP,ARE,0,0,1,1,0
sdv-id-rbLxNu,55f3ad50-e2fb-4984-bab2-7bcea39c3bd5,1970-01-01,0,Retail,2137.86,ESP,GBR,0,0,1,0,1
sdv-id-MAhHsW,d25b1508-5c9f-448d-92c5-ab6b61a8fcee,1970-01-01,0,Travel,227.32,ESP,USA,0,1,0,1,0
sdv-id-nXgxBz,9ad75b94-6634-43e9-9317-d8c91060573a,1970-01-01,0,Tech,1603.31,ESP,JPN,1,0,1,0,1
sdv-id-QSwchd,d298404d-96f6-4fa1-9951-9ab3bf5eaf8e,1970-01-01,0,Gaming,130.08,ESP,ARE,1,1,1,0,1
sdv-id-GNinbr,4212173f-5e99-4f0d-8840-42f9db66cc53,1970-01-01,0,Travel,1097.46,ESP,VNM,0,1,1,0,1
sdv-id-rQRnsD,2c3aacdc-aed5-4a46-8bde-005b5d8babd7,1970-01-01,0,Tech,2168.92,ESP,FRA,0,1,1,0,1
sdv-id-VvzCKH,d4a42bf0-b96a-4305-bed1-d8f8153d2c6b,1970-01-01,4,Food,411.68,ESP,JPN,0,0,1,0,1
sdv-id-VakCqJ,cef483f6-71d5-4861-b6bd-6dbe3a8e36fd,1970-01-01,0,Tech,940.93,ESP,JPN,0,0,0,0,1
sdv-id-eiQJNP,752fbd7e-7c36-4908-8f94-2977b582ef0c,1970-01-01,1,Gaming,2018.54,ESP,BRA,1,0,0,1,1
sdv-id-XUyFxj,92d13d77-da53-4699-a02a-9ced885afb35,1970-01-01,0,Gaming,697.38,ESP,ESP,1,1,1,1,1
sdv-id-bmSHsY,91be48c3-2329-4406-9bac-0279a66b3d83,1970-01-01,0,Food,240.15,ESP,IND,0,1,0,1,0
sdv-id-NyZFqT,bdedcb7a-d5ba-404c-8603-c9eed463c183,1970-01-01,0,Gaming,132.01,ESP,BRA,1,1,0,0,0
sdv-id-zFxBnb,11f20d9b-c90e-4689-8ff1-4c0ec7eb7d43,1970-01-01,0,Tech,470.75,ESP,ARE,1,0,1,1,0
sdv-id-jFaehg,8208fd42-209c-44a5-931e-1d4d9abc9859,1970-01-01,0,Food,1622.48,ESP,JPN,0,1,0,0,0
sdv-id-ghOuUB,78a118df-0088-4a76-8d25-c8d0fde90c2d,1970-01-01,1,Retail,2273.19,ESP,JPN,0,1,0,0,0
sdv-id-ubTeKy,4d53280e-1ebd-45b6-a605-84a208f548e7,1970-01-01,0,Retail,804.08,ESP,IND,1,0,0,1,0
sdv-id-BcUZEm,c3ad6ffd-b447-4e70-ae4a-e0717da5b648,1970-01-01,0,Travel,298.93,ESP,IND,1,0,1,1,0
sdv-id-PkOrvE,363fbae9-10b8-41c5-9b41-42aa8aa431e9,1970-01-01,0,Gaming,6.01,ESP,JPN,0,1,0,1,0
sdv-id-ymnQyq,206250f2-44b7-4a0b-ab08-fc4380dd7f64,1970-01-01,0,Travel,2012.1,ESP,UKR,1,0,1,1,0
sdv-id-EHIFpd,a021c0ca-3531-468d-8342-bd2bf295456e,1970-01-01,0,Retail,2404.69,ESP,PRT,0,0,0,0,1
sdv-id-sAmvAI,f996cbae-99b8-4c76-87cb-5208e94e1303,1970-01-01,4,Gaming,2194.09,ESP,PRT,1,0,0,0,1
sdv-id-RQvbFD,ec4f9838-3b1f-4a0d-9267-e2789bd7b9be,1970-01-01,1,Travel,1287.15,ESP,CHN,0,1,0,1,0
sdv-id-IcMbBE,7ef74fdb-17fc-4335-baa0-3208e6f47dcf,1970-01-01,0,Food,1442.57,ESP,ESP,1,0,0,1,0
sdv-id-AzIWVz,da3465d9-89cd-40e7-825a-2dd465333140,1970-01-01,0,Retail,322.34,ESP,RUS,0,0,1,1,0
sdv-id-xMuUik,e08596db-1d87-4966-8710-d430f071d879,1970-01-01,0,Tech,1104.09,ESP,DEU,1,0,1,1,0
sdv-id-dUSSqr,388211e0-59cd-420b-831c-313952b52069,1970-01-01,0,Food,2392.62,ESP,ARE,1,0,1,0,1
sdv-id-BTvepZ,ec2597eb-9482-40ec-9966-80b38231f16b,1970-01-01,0,Travel,1697.4,ESP,RUS,1,0,0,1,0
sdv-id-UHlBjA,5be4bf51-9269-4698-a1a1-17293cb98350,1970-01-01,4,Food,2307.7,ESP,ESP,0,1,1,0,1
sdv-id-uEfEwE,223bd9be-b11c-420e-a9fd-197204105bd1,1970-01-01,0,Food,173.02,ESP,UKR,0,1,1,1,0
sdv-id-LdUAjs,eb19071b-0b35-40a1-bfa5-e99ffb23a4b7,1970-01-01,0,Travel,1587.74,ESP,PRT,0,0,1,0,0
sdv-id-FakoeW,b9ba04a8-54e0-4a94-8682-ca38fb780253,1970-01-01,1,Gaming,1281.79,ESP,PRT,1,0,0,0,1
sdv-id-HgndKX,74ed53ce-ef0e-4fd3-b398-39aa7e95b992,1970-01-01,0,Travel,57.43,ESP,FRA,1,0,0,1,1
sdv-id-SnyjOC,78dc340b-4051-491c-9ac1-ad6984f612df,1970-01-01,2,Tech,2395.52,ESP,BRA,1,0,1,0,1
sdv-id-BHxzOP,00c99370-22d6-40a2-a41f-0d38ca803df8,1970-01-01,0,Retail,2335.23,ESP,CHN,0,0,0,0,0
sdv-id-coMEfg,d85a4e1a-66ed-471c-aa98-979991354949,1970-01-01,0,Travel,1093.57,ESP,BGD,0,1,1,1,1
sdv-id-qfWFta,695ae210-973c-4616-b945-cfd4678ea95f,1970-01-01,4,Travel,549.79,ESP,DEU,1,1,0,0,1
sdv-id-sGzAmF,8ffe38c9-d2d8-4eb3-9a14-0609f287b989,1970-01-01,0,Retail,344.19,ESP,GBR,1,0,1,1,1
sdv-id-lxuTwB,d9add770-308d-4579-b78e-38ad3decdd27,1970-01-01,0,Travel,810.91,ESP,VNM,1,0,0,1,0
sdv-id-jfVdIT,7b5fb427-8fd1-4c4e-83d2-a7ca377533ab,1970-01-01,0,Travel,1132.07,ESP,FRA,0,1,1,0,1
sdv-id-ebfxSK,c9e116b9-7e2a-40da-95a6-b3ef1d3042ee,1970-01-01,0,Retail,224.77,ESP,ESP,1,1,0,0,0
sdv-id-yBZJQF,430493f0-d7c7-43b7-ad13-68f305808066,1970-01-01,0,Food,1033.07,ESP,ESP,0,1,1,0,0
sdv-id-plPAhG,d6b1ba8c-4fcf-4f89-9ae0-bb5a797763fe,1970-01-01,0,Gaming,726.77,ESP,RUS,1,0,1,1,0
sdv-id-PHTXDT,adb231a2-cfcc-4abd-bfac-abcc5ac92db2,1970-01-01,0,Retail,1760.88,ESP,ARE,0,0,1,1,1
sdv-id-ZDYfxJ,ded89c47-bb88-454e-bf96-8d71818270d2,1970-01-01,3,Travel,1640.47,ESP,USA,0,0,0,0,1
sdv-id-CbEUbX,0937a982-96f4-4688-b33b-5a5d0a45f604,1970-01-01,3,Food,2216.82,ESP,PRT,1,0,0,1,0
sdv-id-SaNaOr,58d0202b-75d5-4115-9ce8-b890cc6b3a6e,1970-01-01,0,Food,973.65,ESP,ITA,1,0,0,0,0
sdv-id-xTBpDG,0476444d-0658-45a8-b251-561eb43d9643,1970-01-01,0,Retail,1931.9,ESP,VNM,1,0,1,0,1
sdv-id-QuGxQQ,5c780e70-7603-4584-88b1-ef8c12a59eaf,1970-01-01,0,Gaming,586.26,ESP,VNM,0,0,1,1,1
sdv-id-iWcyPk,5a4a96ae-e987-4fb2-9552-5e11b4693821,1970-01-01,4,Food,1546.93,ESP,JPN,0,1,0,0,1
sdv-id-kEVHJN,7671b52a-293d-4fae-876d-9b132958d9ab,1970-01-01,0,Retail,331.08,ESP,ARE,1,1,0,1,0
sdv-id-lczeSQ,7862fa7d-4138-4321-ac11-e260f74fe2b9,1970-01-01,0,Tech,1990.16,ESP,UKR,1,1,0,1,0
sdv-id-XpzLdQ,5a4a96ae-e987-4fb2-9552-5e11b4693821,1970-01-01,2,Food,108.56,ESP,ITA,0,0,0,1,0
sdv-id-WDhBNA,9ac1b7f0-a5b0-4be6-8d63-96fe022f6ca5,1970-01-01,0,Travel,1663.15,ESP,UKR,0,1,0,1,0
sdv-id-npVtUb,81e6935f-3c7e-4208-b451-cf94ee8b46d3,1970-01-01,1,Food,1223.07,ESP,GBR,1,0,1,0,1
sdv-id-iFCiVr,1270c935-ecc0-4aa6-bba4-f2ba94500024,1970-01-01,0,Travel,30.6,ESP,NGA,1,1,0,1,0
sdv-id-IAqagc,22460ac9-4a7e-4bc2-9b6f-1c33bbb4c0ce,1970-01-01,0,Tech,1000.35,ESP,NGA,1,0,1,0,1
sdv-id-SUBoaR,a00f80d4-9d0a-44df-90f7-c7b017080bbd,1970-01-01,0,Gaming,1252.05,ESP,ESP,0,1,1,0,1
sdv-id-MJqYrY,fcce96f6-250a-4578-bbe9-4499dbc080fd,1970-01-01,0,Tech,2128.75,ESP,IND,0,0,0,0,1
sdv-id-kOmhNm,53f8382b-8fb8-44e4-b173-8856e25d36eb,1970-01-01,0,Retail,20.27,ESP,ESP,1,0,0,1,0
sdv-id-oUEyQG,8120053d-1aef-4f21-8161-b06c1397b542,1970-01-01,0,Gaming,1571.56,ESP,CHN,0,1,1,1,0
sdv-id-gSaGfn,da8295a0-4b1b-4280-b3a4-4f97e6faa03b,1970-01-01,0,Retail,1937.72,ESP,CHN,1,1,0,1,0
sdv-id-kzQBBh,68353c7e-3eb0-49ec-8e6f-c9d441bff5b9,1970-01-01,0,Tech,2420.31,ESP,GBR,1,1,0,1,0
sdv-id-KWkAWR,796512e3-b9b0-44ac-8d2d-8efd57c8294c,1970-01-01,1,Travel,197.91,ESP,PRT,0,0,0,1,0
sdv-id-ZHYGvv,8eed7ac9-76f3-46e1-ba33-3fa4fed1aaf9,1970-01-01,0,Travel,1030.61,ESP,ESP,0,1,1,0,1
sdv-id-hoHZYi,9e009ef4-5bab-4aec-bcfc-206b6bc515b3,1970-01-01,0,Retail,1319.44,ESP,PRT,0,1,1,0,1
sdv-id-SjTEoj,199f4960-5716-4810-9bbc-b1d653ea4b54,1970-01-01,0,Tech,565.08,ESP,PRT,0,0,1,0,1
sdv-id-TPqmHW,e5c482ff-5e5a-40c1-92a4-73f94c9e903a,1970-01-01,0,Retail,1255.29,ESP,GBR,1,1,0,0,1
sdv-id-KjsnBL,e8646e0c-80d4-48b9-af61-5360182047f7,1970-01-01,0,Retail,1209.21,ESP,RUS,0,0,0,0,0
sdv-id-XXFtCM,2f981e44-ca78-4f58-adec-4b0d529b3b96,1970-01-01,0,Retail,602.78,ESP,USA,0,1,1,0,0
sdv-id-rEhkJY,d9996d9d-61eb-4774-a563-7759e10abc64,1970-01-01,0,Gaming,1245.54,ESP,ITA,1,0,1,0,1
sdv-id-WqVjiN,87d01cf2-95e8-4a39-8411-3459aa7927f8,1970-01-01,0,Tech,718.3,ESP,VNM,0,0,1,0,1
sdv-id-Jizikr,f168c605-ce1a-4669-9bbc-6cbc409ca8f2,1970-01-01,3,Gaming,1345.69,ESP,CHN,1,1,0,0,0
sdv-id-uxrtoI,30e4541b-f07c-4ca7-abac-d8e1ff7661bb,1970-01-01,3,Tech,2480.16,ESP,JPN,0,1,0,0,1
sdv-id-LLLTVT,e25ff355-f8f4-4249-bc02-c906aa34d26d,1970-01-01,1,Travel,428.38,ESP,BGD,0,1,0,1,1
sdv-id-MEDFBX,9c0f37d5-75a2-49b1-bdf5-516b3891b7f7,1970-01-01,0,Gaming,1109.19,ESP,USA,1,0,0,0,1
sdv-id-vNVPTy,347cd0f4-20f6-4e5c-b716-c1dae8b3cb11,1970-01-01,1,Tech,248.88,ESP,PRT,0,0,1,0,0
sdv-id-jViyFx,17841919-3c29-49ed-b6bf-1f51f0abe316,1970-01-01,0,Tech,970.15,ESP,NGA,0,1,1,0,0
sdv-id-gxDcLS,8f5e248e-b40f-440e-8037-447f0d99c071,1970-01-01,4,Food,68.17,ESP,RUS,0,0,1,0,1
sdv-id-OvLjHw,e28b40c6-852f-48aa-8e2d-df52fd8190c8,1970-01-01,5,Tech,1619.82,ESP,BRA,1,0,0,0,1
sdv-id-ykVLwG,039dfd70-a0fa-4665-984f-218a39dd11e1,1970-01-01,0,Food,1130.09,ESP,ARE,0,0,1,1,0
sdv-id-oVYxDg,7a0ffa86-5eac-415d-b274-2e763b6becb7,1970-01-01,0,Retail,949.87,ESP,ESP,0,1,1,1,0
sdv-id-ggJioN,00b02a82-7054-4f5f-950f-5effdc5136e4,1970-01-01,5,Retail,2372.71,ESP,CHN,0,0,1,0,1
sdv-id-ExSWjm,c60e35b6-6864-4e6b-b400-c7a10de825b2,1970-01-01,0,Gaming,1856.86,ESP,UKR,0,0,1,0,1
sdv-id-GjehOW,d147a0bf-2d7f-4e23-a29f-f19c29b50942,1970-01-01,0,Gaming,506.38,ESP,VNM,1,1,1,0,1
sdv-id-yXtbfX,a3c595c8-fd54-44ec-afe4-fdbb4d6fc7e3,1970-01-01,2,Gaming,1029.53,ESP,RUS,0,1,0,0,1
sdv-id-uLAWgu,665173fa-7ccc-4258-8979-f5d34a703330,1970-01-01,0,Travel,1258.94,ESP,ITA,1,1,1,0,0
sdv-id-peGhKl,58fae8c7-1d10-46f6-a91d-ecb251a3d21b,1970-01-01,0,Travel,1735.64,ESP,PRT,1,0,1,1,0
sdv-id-RInwkP,2c910cd0-cb5e-4dab-9a45-b8cc117d3f63,1970-01-01,2,Retail,868.1,ESP,ESP,0,0,1,0,0
sdv-id-FCMeaY,a046d4d3-e0a8-48af-966f-3fffa93fd7ec,1970-01-01,0,Retail,1019.95,ESP,JPN,1,1,1,1,0
sdv-id-pZTTGp,5308e1f2-9990-44a9-9841-2e07f5834c69,1970-01-01,0,Travel,2167.15,ESP,JPN,0,1,0,1,0
sdv-id-yFOsoU,9611116b-a54b-4dbb-bc56-ea1b9852bf02,1970-01-01,0,Gaming,161.78,ESP,JPN,0,1,1,1,0
sdv-id-EJTxOR,d0d0d99d-b7a4-4237-a77f-172590ea31de,1970-01-01,0,Gaming,1880.88,ESP,FRA,1,0,0,1,1
sdv-id-EenfOS,1b6e6353-8d6e-4e62-88c6-7501b45f252f,1970-01-01,0,Retail,109.46,ESP,ITA,1,0,0,0,1
sdv-id-miyeiD,73b9c2ac-0134-476b-8ed9-fa95a26e865b,1970-01-01,4,Gaming,669.01,ESP,PRT,1,0,0,1,0
sdv-id-DEJjov,ae19e2b4-3c02-433f-9e19-6147d2011306,1970-01-01,0,Retail,1222.17,ESP,USA,0,0,1,0,0
sdv-id-PxccIo,f5a02c0a-5021-43fc-bff3-e8188babb414,1970-01-01,0,Retail,1863.91,ESP,BRA,1,0,0,1,1
sdv-id-EfgExh,1b41a61e-85d1-41ef-8344-edb3ceed0ffc,1970-01-01,5,Food,998.82,ESP,ITA,1,0,0,0,1
sdv-id-DKsnYT,8dffb34c-8b42-4ee7-921d-d567ea53a09d,1970-01-01,0,Travel,2072.09,ESP,ESP,1,1,1,0,0
sdv-id-AWPkEQ,ef0ec9cb-756a-4e2d-a581-18d126879443,1970-01-01,0,Food,1834.93,ESP,RUS,0,0,0,0,1
sdv-id-sNQIPL,7bd90579-f33b-49d7-aabb-1647d8386f30,1970-01-01,5,Gaming,1464.3,ESP,VNM,0,0,1,0,0
sdv-id-jhuPNY,c4b27b21-bc0d-46ed-bb12-2ee53d305a07,1970-01-01,5,Food,390.79,ESP,RUS,1,1,1,1,0
sdv-id-tXTOWB,81f7f3fb-19e4-4c6a-89c2-3e69d82c7565,1970-01-01,0,Food,1003.4,ESP,RUS,1,1,0,0,1
sdv-id-zNHsbY,2ad9c360-84bb-4f7a-9711-35452e2fcae7,1970-01-01,0,Tech,280.49,ESP,JPN,0,1,0,1,0
sdv-id-CzKzdW,9239b3a0-65d5-4310-84eb-b4a9a4e565b7,1970-01-01,2,Retail,221.84,ESP,BGD,0,1,0,0,1
sdv-id-wpkDaF,366eb16f-508e-4ad7-b7c9-3acfe059a0ee,1970-01-01,4,Gaming,59.03,ESP,ARE,0,0,0,1,0
sdv-id-cNZcft,9527b102-85bb-4541-a1e0-d3d7c541ea01,1970-01-01,0,Travel,47.04,ESP,RUS,1,0,1,1,0
sdv-id-ornJhs,ecfedb99-2790-4ebd-bfdd-c3d99ee3ac2a,1970-01-01,1,Retail,1472.97,ESP,ESP,0,0,1,0,1
sdv-id-ZVuAFq,d7eaa90f-2e8a-4175-a721-837f624a7cab,1970-01-01,2,Retail,888.98,ESP,CHN,0,1,1,0,1
sdv-id-gOvwEr,ba92992e-44f8-453c-9224-6d05d3692867,1970-01-01,0,Food,1639.63,ESP,DEU,0,0,0,0,0
sdv-id-kXEmpn,655f7974-75c2-452d-8f3f-ba72aba9569e,1970-01-01,0,Food,2275.08,ESP,GBR,0,1,1,1,0
sdv-id-FGZnGL,a7674726-61b3-48f3-b99b-70d6bc6aa8a7,1970-01-01,1,Gaming,343.53,ESP,USA,0,0,0,0,0
sdv-id-ajkWsz,1c467349-ae12-44b6-b390-ca5d4bfecfa6,1970-01-01,0,Gaming,36.67,ESP,DEU,0,0,1,0,1
sdv-id-fzzgcw,70a5e979-a505-4cab-bba8-f78b6577b891,1970-01-01,5,Gaming,1176.21,ESP,PRT,1,0,0,0,1
sdv-id-hYrkRZ,9110c9fd-747c-418f-8b9a-efff6ef735aa,1970-01-01,4,Tech,2336.82,ESP,JPN,1,0,0,0,1
sdv-id-dwcuWj,4187222b-257d-4e52-9a51-65ca3c7c1d85,1970-01-01,0,Travel,1555.76,ESP,USA,1,0,1,1,0
sdv-id-Lfxryf,9089bcfd-9145-4617-b9c1-f1b288c79c98,1970-01-01,0,Travel,242.71,ESP,UKR,1,0,1,1,0
sdv-id-SDpBbw,5f5258ab-cf3a-4723-9ea0-c5033d7a774e,1970-01-01,0,Gaming,1372.88,ESP,UKR,0,1,0,0,1
sdv-id-jhCauR,6e6f8060-c1b0-4882-a1c5-8ede42717ada,1970-01-01,0,Tech,1349.67,ESP,RUS,0,1,0,0,1
sdv-id-cLPDRn,f0a9b97f-7557-428c-85eb-2b3faad53fb8,1970-01-01,1,Travel,641.93,ESP,GBR,0,1,1,0,1
sdv-id-rnHcOy,4d3d22c1-d72d-4882-92a9-4f75d2433439,1970-01-01,0,Retail,823.73,ESP,FRA,0,0,0,1,0
sdv-id-jUHcMO,4cdcffaf-7fec-41d8-9ed5-60c37afeb17e,1970-01-01,0,Food,2424.17,ESP,GBR,0,1,1,0,1
sdv-id-xQZOWH,63d2b7c6-ab1f-4327-a59a-5f4ef8f218d0,1970-01-01,1,Tech,125.37,ESP,ESP,1,1,0,0,1
sdv-id-rdlXuL,2ea756a8-229e-4406-aab7-6dd1152b5e5f,1970-01-01,0,Tech,1416.03,ESP,PRT,0,1,0,1,1
sdv-id-hbkdGE,0d8a16f3-29ce-4bfa-9b7d-9d2d22aff503,1970-01-01,0,Tech,1826.16,ESP,USA,0,0,0,1,0
sdv-id-XAQfVJ,385dbb33-fa95-4e1c-b2ee-47dbae17b72b,1970-01-01,0,Travel,1434.95,ESP,CHN,1,0,0,0,0
sdv-id-eSLXHl,5e2bcab9-c102-4fc8-9637-7a84cefa8037,1970-01-01,1,Gaming,499.12,ESP,USA,0,0,1,0,1
sdv-id-kFAPOu,9d9daa19-72d5-4a20-80b6-11a2ef6c1067,1970-01-01,0,Food,1051.33,ESP,IND,1,1,0,1,1
sdv-id-SbkxlK,4bfaa29e-032d-496d-a537-68573749af64,1970-01-01,0,Retail,570.77,ESP,DEU,1,0,1,0,0
sdv-id-LpdCLx,2b0e63fd-fc3d-4138-8a5a-42725f90ee57,1970-01-01,0,Retail,1316.46,ESP,DEU,0,1,0,0,1
sdv-id-IDCyhl,b5fc4489-e570-4947-b865-871a3e12400c,1970-01-01,0,Retail,727.95,ESP,VNM,0,1,0,1,1
sdv-id-qnRFiX,4c60429b-a17c-4064-a98a-488827f49771,1970-01-01,0,Food,1187.38,ESP,USA,1,1,0,0,1
sdv-id-HabuYS,0b6d35d7-818d-42af-b516-567d40b55023,1970-01-01,0,Food,501.63,ESP,ITA,1,1,0,1,1
sdv-id-eybhxu,0d8a16f3-29ce-4bfa-9b7d-9d2d22aff503,1970-01-01,0,Gaming,683.52,ESP,BGD,1,0,0,1,0
sdv-id-egLjoN,fef518a6-4dea-4645-8986-bbebf23e323d,1970-01-01,0,Travel,1764.63,ESP,ITA,0,1,0,0,1
sdv-id-VDBsYw,6231ee73-42c2-42eb-81bf-9e733f800385,1970-01-01,0,Tech,1231.35,ESP,RUS,0,0,1,0,1
sdv-id-DNcXnd,5d21a235-d053-47f4-9ec9-1fdc03add1a4,1970-01-01,0,Tech,1919.28,ESP,GBR,1,0,0,0,1
sdv-id-PJBquv,421becca-0f60-40f3-bef7-24105528dc45,1970-01-01,0,Gaming,2202.55,ESP,JPN,0,1,0,0,1
sdv-id-MWJsiS,0d22af35-b648-4e8a-84e7-75b92dca365a,1970-01-01,0,Food,2364.4,ESP,USA,0,1,1,1,1
sdv-id-NZITCG,436ae2bb-d509-4e07-b368-d836027d3808,1970-01-01,0,Tech,2387.26,ESP,IND,0,0,0,0,1
sdv-id-haFkWW,92779574-c457-4cc3-b5f7-89bca6b07458,1970-01-01,1,Food,325.1,ESP,VNM,0,1,1,1,0
sdv-id-QKDmza,7a37f3d6-77eb-4d89-b142-de87d109ffe5,1970-01-01,1,Travel,770.57,ESP,CHN,1,1,0,1,0
sdv-id-NtOrFP,f5dbed2c-3d4c-4f01-a431-91eb5d9e1717,1970-01-01,0,Retail,1597.46,ESP,IND,0,0,0,1,1
sdv-id-IrfXSH,25e050f6-b273-493c-9cad-a48a46a42ee1,1970-01-01,4,Gaming,1367.82,ESP,USA,1,0,0,0,1
sdv-id-fBNiVE,d619e0ce-69d5-4df5-9d95-cdeac417fe56,1970-01-01,0,Food,2364.51,ESP,USA,0,0,0,0,0
sdv-id-GEgBVu,83d97b4c-b245-4b9c-ab4e-1135d02e4ccc,1970-01-01,4,Retail,403.49,ESP,BGD,1,0,1,0,1
sdv-id-mbquPW,70c92b33-ceef-4d5c-9cef-3d321cf63fae,1970-01-01,5,Food,1146.34,ESP,GBR,1,0,0,1,1
sdv-id-Yiukjv,0c06df90-aa1c-4023-b164-423549a2afde,1970-01-01,2,Retail,2118.29,ESP,ESP,1,0,1,0,1
sdv-id-QEWWRb,48cd42c0-5a66-419e-a5f9-80460c1d180e,1970-01-01,0,Gaming,927.24,ESP,PRT,1,1,0,1,0
sdv-id-AJPxEZ,baed6f49-245f-4841-947f-0413b0c46ddc,1970-01-01,0,Gaming,605.49,ESP,NGA,1,1,1,1,0
sdv-id-iynVVw,5308e1f2-9990-44a9-9841-2e07f5834c69,1970-01-01,4,Tech,627.21,ESP,ESP,1,0,1,0,0
sdv-id-ALNVZk,21df5609-e959-437f-b95e-6f2b02472360,1970-01-01,0,Tech,1927.27,ESP,UKR,0,1,1,0,1
sdv-id-FwZxLn,f3abd246-7570-4730-a5e7-9add68c87ed8,1970-01-01,0,Tech,2103.21,ESP,BGD,0,1,1,0,1
sdv-id-eYGNSv,2e2a485c-9738-4a4d-9c05-a85bca8d3149,1970-01-01,0,Gaming,214.56,ESP,GBR,1,0,0,1,1
sdv-id-tahErk,55ba1dfe-a30e-4e97-9406-1f23c91f8d86,1970-01-01,0,Tech,251.12,ESP,USA,0,1,0,1,0
sdv-id-dKMhEO,0c35bf2d-ec4f-4141-a26c-d59aec3e83c3,1970-01-01,0,Tech,2335.1,ESP,JPN,1,1,0,0,1
sdv-id-NHlFBT,81c6af40-13d5-4c4f-9bf2-235c5987e1e6,1970-01-01,0,Tech,2200.49,ESP,ESP,1,1,1,0,1
sdv-id-DhOolR,ece9504b-03d7-4962-b804-43eec3b8d179,1970-01-01,0,Retail,533.08,ESP,FRA,1,0,0,1,0
sdv-id-srIRyy,84c86c46-2359-4fa4-b4ad-af890ff1aa9f,1970-01-01,0,Travel,200.61,ESP,VNM,1,0,0,0,1
sdv-id-PsmxYy,cac29f1d-c72c-4764-8570-ea72a16700f7,1970-01-01,0,Travel,2408.79,ESP,RUS,0,0,0,0,1
sdv-id-EUCocx,ef8b07d0-99c8-4ca7-9518-78a7c9628855,1970-01-01,0,Tech,1308.71,ESP,IND,1,0,1,1,0
sdv-id-Dtschg,0abdbcd1-782c-4fec-9e5d-78a1c5bdb495,1970-01-01,0,Gaming,1908.97,ESP,BRA,1,1,0,0,1
sdv-id-XPIOgj,c28fa16b-0aa6-4cb9-81bc-be59d296a12d,1970-01-01,1,Food,1467.61,ESP,GBR,1,1,1,0,0
sdv-id-YkhtED,849b50bc-05e5-4461-8934-4b060790eeb4,1970-01-01,3,Travel,1299.8,ESP,GBR,1,1,0,1,1
sdv-id-rhVLmG,7077d33e-d04c-44db-a70a-4855d0b6eada,1970-01-01,0,Travel,2086.47,ESP,IND,1,1,1,0,1
sdv-id-ZTFSiF,f4e82b6c-45d3-408a-889f-884f2568221b,1970-01-01,0,Food,442.89,ESP,ITA,1,0,1,0,1
sdv-id-VaZqhy,6dd49c96-6744-4b9e-aded-cba5a22c3d4f,1970-01-01,1,Travel,526.34,ESP,PRT,0,1,1,1,1
sdv-id-yokIcv,87cef9a2-9b75-459c-bf09-338c422aaaa7,1970-01-01,0,Food,808.84,ESP,NGA,1,0,0,0,1
sdv-id-wMfkQn,edfc1ab2-c198-4cfb-a5cf-9236bdce8c96,1970-01-01,0,Retail,2182.88,ESP,PRT,1,1,1,0,1
sdv-id-vbzAjj,ba2eeeb3-d6aa-4382-a144-6b45af390a9d,1970-01-01,0,Travel,2275.63,ESP,USA,0,1,1,1,0
sdv-id-sNsqQo,f8c88fae-a217-4f84-bdb0-25ff2451e5a4,1970-01-01,4,Food,404.48,ESP,BRA,0,0,1,1,0
sdv-id-jzhRIn,149c0766-ffb8-4ef4-80dc-48739eb318ad,1970-01-01,0,Food,2131.58,ESP,GBR,1,0,0,1,1
sdv-id-GNVvMj,5efa9c5b-7421-4f46-a37e-4b0122bae10e,1970-01-01,1,Food,2038.39,ESP,ESP,1,0,1,0,0
sdv-id-AJFpjP,45d81a45-9a33-46ee-b938-5322537e95ed,1970-01-01,0,Food,1555.6,ESP,CHN,1,1,0,1,0
sdv-id-fyKIzQ,454e1370-28d8-4df4-b710-3c3f90a58dd6,1970-01-01,0,Food,471.14,ESP,GBR,0,0,0,1,0
sdv-id-FogSbK,0912fddc-0d36-415b-9f32-04afd414763f,1970-01-01,1,Retail,981.27,ESP,RUS,1,1,0,0,1
sdv-id-KswvpO,9a9eb406-d591-41ce-b18f-2155865b0427,1970-01-01,5,Food,1733.82,ESP,JPN,0,1,0,1,0
sdv-id-YzLdvq,f27292b6-7621-42ed-9d0b-c9bde9b5c5cf,1970-01-01,0,Travel,1717.3,ESP,DEU,0,1,0,1,0
sdv-id-eDaarF,151071bc-c15d-4abb-8516-bb3996745e86,1970-01-01,4,Retail,295.31,ESP,ARE,1,1,1,1,0
sdv-id-GkQNhD,6c8c5d0e-3eb3-46fd-b291-bc95b8bf9cae,1970-01-01,0,Retail,390.56,ESP,RUS,1,0,0,1,0
sdv-id-SJiRsI,0a23b722-c2af-4a28-8976-ec61a4c31af7,1970-01-01,0,Gaming,1041.1,ESP,NGA,1,1,0,1,0
sdv-id-bkciHC,cea6e9bc-82ff-4dad-a310-c9fb0d5c4547,1970-01-01,0,Food,1929.74,ESP,CHN,1,1,0,1,1
sdv-id-Lucxev,135769cb-bc03-4aa7-912e-1621a266530e,1970-01-01,0,Gaming,428.83,ESP,BRA,1,1,1,1,0
sdv-id-yMaUKr,fae96dd3-a220-4a31-b33d-9c7c4e733dcc,1970-01-01,1,Retail,83.42,ESP,BRA,0,0,0,0,1
sdv-id-whEmbW,973a1f21-3ecb-4673-b58d-66161336b1b5,1970-01-01,0,Tech,393.07,ESP,FRA,0,1,0,0,0
sdv-id-YmcgNB,96bfbee0-09a2-4373-b2fd-73447862f1cf,1970-01-01,4,Gaming,498.43,ESP,NGA,1,1,1,0,1
sdv-id-bjIeXn,377f35c1-076f-432f-bc28-29392bae3b70,1970-01-01,0,Gaming,2367.98,ESP,ARE,1,0,1,1,1
sdv-id-ZzPZpd,f23657ec-5acc-4d2f-a81b-a82763cf3b51,1970-01-01,0,Travel,333.66,ESP,PRT,1,1,1,1,0
sdv-id-dBCsHW,d56f0350-8c45-4ce2-a7f4-8ad54d0b0d1a,1970-01-01,0,Tech,776.13,ESP,USA,1,1,0,0,1
sdv-id-clSgDU,0d41de26-91c9-4644-b2e6-3a676e971b5a,1970-01-01,4,Retail,2281.45,ESP,IND,0,1,1,1,0
sdv-id-zmgNgR,83c5c510-0e08-4343-aea7-7ea8bc5ad195,1970-01-01,0,Retail,1509.15,ESP,FRA,0,0,1,1,0
sdv-id-PHoMOX,4362262d-e07e-4721-a71d-6ba3486dce57,1970-01-01,2,Retail,1736.71,ESP,ARE,0,0,0,0,0
sdv-id-GtOaea,bf337a15-1e08-4f20-bdd1-51b0f64ab6ec,1970-01-01,5,Food,1342.75,ESP,IND,1,0,1,0,1
sdv-id-BbvUzR,7845a524-b1f0-4f04-a3e5-7b5027dfc6e0,1970-01-01,2,Travel,475.61,ESP,ITA,1,0,1,1,0
sdv-id-ahCNkl,0b4ec2ee-3dbf-4049-82cb-0bc7f0329337,1970-01-01,0,Travel,612.18,ESP,JPN,1,1,0,0,1
sdv-id-ygTzHE,0be23972-5d2d-44f9-b297-8c7d37b3b0f6,1970-01-01,0,Retail,1506.79,ESP,RUS,0,1,1,0,1
sdv-id-HOYXvT,42cc32f8-23c0-490e-a341-0b6f7603ccca,1970-01-01,2,Retail,2187.91,ESP,PRT,1,0,0,0,0
sdv-id-DFmBFf,aab9278d-92df-4f99-be7b-178dfb0e7c28,1970-01-01,0,Tech,1595.87,ESP,GBR,1,0,0,1,1
sdv-id-CTWuBo,300c0f07-c38b-4bdd-b7da-bc6860ca5ead,1970-01-01,0,Tech,611.01,ESP,PRT,1,0,0,1,1
sdv-id-nzlcJD,78bf46fa-2534-4e85-92c0-dec2175194d7,1970-01-01,0,Gaming,61.4,ESP,NGA,1,1,0,1,0
sdv-id-vCBCPG,e78e4df0-955c-41d2-90c4-9c2be8c451fc,1970-01-01,0,Retail,2189.07,ESP,RUS,1,0,1,1,0
sdv-id-EUxRiP,a9d3c2e6-505c-4686-9f87-1ce75487fd4f,1970-01-01,0,Tech,1263.51,ESP,CHN,0,1,0,0,0
sdv-id-QynbmT,105f86aa-974e-4f83-95d9-a3852bb24cbc,1970-01-01,5,Food,531.83,ESP,DEU,1,0,1,0,1
sdv-id-nIOPDb,65843875-53c7-4de6-b21d-856b426664cf,1970-01-01,3,Food,1378.12,ESP,UKR,0,0,1,0,1
sdv-id-lBRuPG,03864649-c4e0-41c7-ad18-50e92d53cf30,1970-01-01,0,Gaming,950.27,ESP,USA,1,0,1,1,1
sdv-id-dizNrx,d3e7acd9-7b16-4453-b042-eb9e061285a7,1970-01-01,0,Gaming,2374.09,ESP,CHN,0,0,1,1,0
sdv-id-FEKMhX,ba0266ef-be05-4787-965b-efdf6b4be411,1970-01-01,2,Food,2080.85,ESP,VNM,0,0,0,1,0
sdv-id-JyWsnQ,38059440-2642-465f-8772-fdb6b3d42f8a,1970-01-01,0,Gaming,1576.78,ESP,ITA,0,0,0,0,0
sdv-id-tMNUTk,9af853fb-9c7c-4702-bfcf-648cfc3ac087,1970-01-01,0,Gaming,1977.14,ESP,GBR,0,1,1,0,0
sdv-id-EhNOjK,c0249b51-307c-4f63-8591-a81891fb8925,1970-01-01,5,Travel,1437.36,ESP,IND,0,0,0,1,0
sdv-id-lInNpY,7d296f9c-7d6a-45c4-be26-13aba98cb9cf,1970-01-01,0,Travel,1315.51,ESP,ARE,0,0,0,0,0
sdv-id-dOVEmP,318c6ee8-f1c8-4a37-a3d3-59b81c84f34f,1970-01-01,0,Tech,649.92,ESP,DEU,0,1,1,0,1
sdv-id-ojCVJd,c0539b74-fa00-4281-9fb2-591df9b5a1db,1970-01-01,1,Travel,526.74,ESP,IND,1,1,1,0,1
sdv-id-bmagEu,8bd959db-4776-4cba-9c41-c9cf1fce1d86,1970-01-01,0,Travel,313.03,ESP,ESP,0,0,1,1,0
sdv-id-cYkWLm,3fe604f4-2867-4d3b-9c5f-3cba150d28eb,1970-01-01,0,Gaming,1225.66,ESP,DEU,0,1,1,0,1
sdv-id-ZCDkwP,b348f0fe-d47e-4b90-879e-46ae551b7d7f,1970-01-01,1,Food,2001.33,ESP,PRT,1,1,1,1,0
sdv-id-xlgKrq,bd00ff19-608d-4135-8f19-9b9217b4e6d0,1970-01-01,0,Gaming,1978.38,ESP,BGD,1,0,0,0,1
sdv-id-cJYOvK,6d6d91e1-93ed-42c5-9cf8-5164113b776e,1970-01-01,0,Tech,1083.14,ESP,PRT,1,1,1,0,0
sdv-id-obqMMl,0db4897a-4b18-4a0d-a0b7-d81890c97f32,1970-01-01,0,Tech,732.88,ESP,BGD,0,0,0,1,0
sdv-id-MwUUSH,4c60b543-541b-489c-b5d9-c07c9d9363ea,1970-01-01,0,Retail,2206.13,ESP,DEU,1,0,0,0,1
sdv-id-EKfISb,7e63f654-53ff-4f1f-950e-33880a6552a5,1970-01-01,5,Gaming,2164.34,ESP,JPN,0,1,0,0,1
sdv-id-Tavwir,1383883b-118f-4972-a396-fc578c76560f,1970-01-01,5,Gaming,747.67,ESP,BRA,0,1,1,1,0
sdv-id-fJwDHs,af36b8cc-1308-4974-ac95-b3ac0beb7c34,1970-01-01,0,Gaming,1113.04,ESP,ITA,1,0,1,0,1
sdv-id-HCXDXh,698c206f-e1a4-4e10-ad53-4dd0cf8ebc5a,1970-01-01,5,Retail,820.49,ESP,IND,0,0,0,1,1
sdv-id-PJBWOk,ac608144-6cb5-4299-a0e8-6fd500903816,1970-01-01,0,Tech,63.46,ESP,UKR,0,1,1,1,1
sdv-id-lvYBvs,141283fb-e3be-43d6-b26a-030dbc8cfa8f,1970-01-01,0,Retail,1485.8,ESP,DEU,0,1,1,1,0
sdv-id-tEMspV,a1c7cc8a-0435-4b64-893a-d23298c3e3ca,1970-01-01,0,Food,1473.76,ESP,ITA,0,0,1,1,1
sdv-id-XrMpOu,6c44821e-af05-4764-8234-af07f3e08b1f,1970-01-01,0,Food,167.35,ESP,NGA,1,0,1,1,0
sdv-id-eQwKMJ,e904ee42-8845-46f5-9e52-1d486a499f0b,1970-01-01,0,Gaming,1723.28,ESP,UKR,0,0,0,1,0
sdv-id-eSxQWF,089f4c42-2407-4ed2-a41d-f3f9e403cbbb,1970-01-01,0,Tech,1977.54,ESP,VNM,1,0,1,0,1
sdv-id-mYRCEt,e0ad01a0-936b-4322-a533-f1c5d23eb130,1970-01-01,0,Travel,20.87,ESP,IND,1,1,0,0,0
sdv-id-ddQvLH,cb0568b6-6d9e-4e0f-b155-fedf9c026b25,1970-01-01,3,Travel,1218.8,ESP,USA,1,0,1,1,0
sdv-id-OxttAf,c6b33fe6-1c76-4df6-ac5a-6c93871c0884,1970-01-01,0,Food,2068.5,ESP,DEU,0,0,1,1,1
sdv-id-dSoZQB,bca0258e-b63d-45d5-905c-7527dc57546d,1970-01-01,0,Tech,1117.73,ESP,RUS,1,0,1,0,0
sdv-id-rcMoWk,209595a4-602c-4604-93d7-54d6b30269aa,1970-01-01,0,Travel,1118.88,ESP,BRA,0,0,0,0,1
sdv-id-kcpAHK,539ea196-aa38-4ce6-9390-e315023ced0d,1970-01-01,1,Retail,697.48,ESP,DEU,0,0,0,1,0
sdv-id-MgiRQh,ff0173e9-3ddb-49d1-a53b-7727b20921cd,1970-01-01,0,Gaming,2440.25,ESP,NGA,0,0,1,0,0
sdv-id-VLjlmq,d926fe41-b36d-4121-8ba6-fe0995ea6825,1970-01-01,1,Tech,1266.11,ESP,BRA,1,0,0,0,1
sdv-id-LPFheW,9daeceaa-b306-4396-ba12-2631715463ee,1970-01-01,1,Tech,46.4,ESP,ARE,0,1,0,1,1
sdv-id-GaRXTC,ec5412b4-0d74-4c38-bc58-82ecb34de663,1970-01-01,0,Retail,2292.24,ESP,VNM,0,0,0,1,1
sdv-id-lSBTlq,04aac1b7-5ca0-4428-822c-4d326c645c15,1970-01-01,1,Retail,2430.24,ESP,ESP,1,1,1,0,1
sdv-id-SvIgZo,3f0cd8c9-d98c-4dc3-8b67-2fac298604bc,1970-01-01,0,Tech,1528.8,ESP,ESP,1,0,0,0,1
sdv-id-MqEBhL,f485e944-3142-40c7-95cc-861a8f31bf2e,1970-01-01,0,Food,2204.4,ESP,DEU,1,0,0,1,0
sdv-id-CeKhXi,69d99775-acda-4a9c-ac4d-9dd16d91e8b9,1970-01-01,0,Tech,64.37,ESP,ARE,1,0,1,1,0
sdv-id-WuBXOa,e65664ac-9e54-4175-9b42-9d0e5a239f52,1970-01-01,0,Travel,22.76,ESP,BRA,1,0,1,0,1
sdv-id-yxVdMu,c94f6ed3-4a2f-4876-ae93-561538da9a90,1970-01-01,1,Travel,1075.13,ESP,ESP,0,0,0,0,1
sdv-id-nvLiEp,cfd0b040-d591-4d49-b707-371288b04b77,1970-01-01,0,Food,495.65,ESP,ARE,1,1,1,1,0
sdv-id-yzDciI,542fbdd4-e714-41a3-9bf9-bfad03b93598,1970-01-01,1,Gaming,559.67,ESP,ITA,0,0,0,0,1
sdv-id-YHaTFQ,2932a211-214c-4a4d-83a5-34d28e7d3f5a,1970-01-01,0,Retail,206.04,ESP,PRT,0,1,0,1,0
sdv-id-IXXCLY,813a3aa5-7d81-4c21-bf76-4fcea97ef131,1970-01-01,0,Travel,1266.74,ESP,BRA,1,0,1,1,0
sdv-id-BeDLbo,664d49fa-94b5-4339-84c1-1826d910498c,1970-01-01,1,Gaming,2474.17,ESP,ITA,1,1,0,0,1
sdv-id-jterhi,13da3505-3daa-4e57-b084-aab8cf152c06,1970-01-01,0,Gaming,2300.85,ESP,IND,1,0,0,0,0
sdv-id-qzjkGr,c53a8da2-2f2f-4254-a22f-3da5dab2a215,1970-01-01,0,Travel,919.62,ESP,UKR,1,1,0,0,0
sdv-id-PoFsCg,af376fbe-2cd3-4317-8874-a1c508fe3f40,1970-01-01,5,Food,1659.98,ESP,PRT,1,0,0,1,1
sdv-id-uFchAC,21483249-414e-4cc1-9027-8ec26125cb48,1970-01-01,0,Travel,713.35,ESP,GBR,0,1,1,1,0
sdv-id-JsisWc,564e7d79-582a-444f-906c-0d9240d65c8b,1970-01-01,0,Food,1793.19,ESP,UKR,1,0,1,0,0
sdv-id-xfJYux,d4a42bf0-b96a-4305-bed1-d8f8153d2c6b,1970-01-01,0,Food,2143.92,ESP,USA,1,1,0,1,0
sdv-id-YeEEvd,6f1e2050-3f71-4dab-9ad1-36d67472bd84,1970-01-01,1,Travel,1310.35,ESP,GBR,0,1,1,1,0
sdv-id-YyfTRc,73253aa3-ec17-4298-943d-f5b3a58e83dd,1970-01-01,1,Tech,2219.61,ESP,VNM,0,1,1,0,1
sdv-id-FRPBOM,8f091ace-8d1b-4e2f-a09d-941037694eb6,1970-01-01,0,Gaming,1822.11,ESP,CHN,0,1,0,0,1
sdv-id-rXUANZ,065262a2-24a0-4b6e-8878-383ae037e953,1970-01-01,0,Tech,104.49,ESP,NGA,1,1,1,1,0
sdv-id-BKcGvz,c50ef346-f34c-4c78-8892-111c1bee4909,1970-01-01,2,Tech,391.56,ESP,BRA,1,1,0,0,1
sdv-id-eXwvLu,9ecc4181-f256-4a65-a7eb-7bae6e143f9d,1970-01-01,1,Travel,2147.1,ESP,ESP,0,1,1,1,0
sdv-id-UwlZir,c7de01a9-2976-4b0f-81e0-cfaf52ca9ced,1970-01-01,0,Gaming,1610.1,ESP,ITA,0,0,1,1,0
sdv-id-PdqkLO,a49bed7b-06f4-4c1e-9212-c8d8c7a7a071,1970-01-01,1,Tech,2165.94,ESP,PRT,0,0,0,0,1
sdv-id-EHcQpA,87e3c955-1e49-46e1-a754-251d04fe52e3,1970-01-01,0,Food,846.16,ESP,VNM,0,0,1,0,1
sdv-id-VTYdNS,9fa4a627-d306-48be-8548-867bad5cba24,1970-01-01,0,Travel,1135.14,ESP,ESP,1,1,1,0,1
sdv-id-PpVojZ,5a995017-deb0-4c83-9c94-25d82bba86f4,1970-01-01,0,Gaming,83.97,ESP,PRT,1,1,0,1,0
sdv-id-EmhBtS,94c8a69d-44b1-41ee-b948-36f27eaab0a1,1970-01-01,0,Retail,725.5,ESP,ESP,0,0,0,0,1
sdv-id-brOKHB,ddebaa54-9f6c-407f-9234-f67203d11260,1970-01-01,4,Gaming,47.14,ESP,ARE,0,0,1,1,0
sdv-id-gpOWKd,7ab4d358-8f60-48e7-9cf8-5fc4db6fdf8b,1970-01-01,0,Tech,2142.03,ESP,PRT,0,1,0,0,1
sdv-id-hnCjqC,c02ac52a-582f-4c69-8be9-e5d7b3d916f2,1970-01-01,0,Food,16.06,ESP,PRT,1,1,0,1,0
sdv-id-NkTiQb,5c94563a-e936-4d1b-b494-3114def14d58,1970-01-01,0,Travel,1158.68,ESP,VNM,1,1,1,1,0
sdv-id-MqYKFa,ec5412b4-0d74-4c38-bc58-82ecb34de663,1970-01-01,0,Retail,1124.71,ESP,IND,1,0,0,1,1
sdv-id-cocjUX,8a5abc61-9924-45ee-bc8a-fb1dba99267e,1970-01-01,2,Gaming,799.74,ESP,ARE,0,0,1,0,1
sdv-id-fMyKdy,d83940c9-7e86-47f8-93cf-44fe17c03e28,1970-01-01,0,Tech,2363.42,ESP,ESP,0,1,1,1,1
sdv-id-NSwqns,deaeb0c0-a8ac-4ab1-afa9-d02c9e4c4be7,1970-01-01,0,Retail,2055.45,ESP,DEU,1,0,1,1,0
sdv-id-pZmnDB,71594914-b1b6-4ecd-8009-45ce932c3ec9,1970-01-01,0,Travel,1749.78,ESP,PRT,0,0,1,0,0
sdv-id-dKJzGp,7845a524-b1f0-4f04-a3e5-7b5027dfc6e0,1970-01-01,0,Food,134.98,ESP,NGA,0,1,0,0,1
sdv-id-aQYRXM,a525c6d1-71d8-47b8-b16c-e5583e364321,1970-01-01,0,Food,2497.25,ESP,ARE,1,1,0,0,1
sdv-id-FkgepM,c55f30a1-34a4-40e3-b2d9-ec3e66308af8,1970-01-01,1,Food,1164.83,ESP,GBR,0,0,0,1,1
sdv-id-weIGEt,5e1d47af-833b-435e-a5a9-c1be48d3ef98,1970-01-01,1,Travel,393.19,ESP,BGD,0,0,1,1,0
sdv-id-tOpBku,c0ff8a48-8050-4038-817e-dfa06cc72e8c,1970-01-01,0,Food,2489.88,ESP,GBR,0,1,0,0,1
sdv-id-NRuFdp,48a0d015-6862-49e7-8768-95c2f85c24c3,1970-01-01,0,Tech,1976.66,ESP,USA,1,1,0,0,1
sdv-id-aReBpA,6b0ffa79-3113-413a-a0b9-98300b373468,1970-01-01,0,Tech,30.07,ESP,ARE,0,0,1,0,1
sdv-id-iZZICk,11654cb3-d4e9-4a65-822b-7e76ac3cbe34,1970-01-01,0,Gaming,661.78,ESP,BGD,0,1,1,0,1
sdv-id-ZbBVnD,114c440d-675d-493b-9473-6d379e12d7cf,1970-01-01,0,Retail,2340.19,ESP,GBR,1,0,1,1,0
sdv-id-DbuAjP,71f34593-a737-419b-a1e0-9bf146748ee4,1970-01-01,1,Tech,596.81,ESP,PRT,0,0,0,0,0
sdv-id-kQadXb,f1aab637-72ab-47ff-88b8-547b638b66ac,1970-01-01,0,Tech,1512.13,ESP,CHN,0,1,1,0,1
sdv-id-iPNPmh,5887f3d2-c0f1-4a3a-9133-577b46510173,1970-01-01,0,Food,1041.94,ESP,IND,0,0,0,0,0
sdv-id-msIMDL,0eb7a76e-aeec-4022-8a8a-205221feaf01,1970-01-01,0,Gaming,2157.56,ESP,BGD,1,0,0,0,1
sdv-id-NSmLVd,0a35653c-f57a-431e-be6b-74fd9f027cbf,1970-01-01,0,Tech,2386.53,ESP,UKR,1,1,0,1,0
sdv-id-aDasKc,fa372989-2429-4112-acfa-60c983c17063,1970-01-01,0,Gaming,93.25,ESP,GBR,0,0,0,1,1
sdv-id-IltoPk,31f436ea-cc8a-4d69-89b4-db808a32484a,1970-01-01,0,Retail,2104.48,ESP,RUS,0,0,1,0,1
sdv-id-LTBThE,4135b443-2576-4869-9765-f41889939c6e,1970-01-01,5,Retail,1726.52,ESP,UKR,0,0,0,1,0
sdv-id-qmLwLV,89458e1b-cb0d-465c-8ec7-b903e369f1c0,1970-01-01,1,Retail,1510.67,ESP,ARE,0,1,1,0,1
sdv-id-rpVsiC,92a54d04-f2dd-41f5-b3b6-d344f2e3c6f0,1970-01-01,1,Food,7.53,ESP,VNM,1,0,0,1,0
sdv-id-TClvAo,b04fd83c-1773-4d21-a906-222b8a00cf6f,1970-01-01,0,Food,1422.6,ESP,BGD,0,1,1,0,0
sdv-id-cMaeUg,c3528ba4-3f0e-424b-99fc-8579acd32f62,1970-01-01,0,Gaming,52.7,ESP,PRT,0,0,0,0,1
sdv-id-CBDQfg,1521e825-1177-4dd5-b61b-7e117c192e61,1970-01-01,0,Food,156.33,ESP,UKR,0,1,1,1,1
sdv-id-xsJdFJ,2c7e254b-19fc-4491-a20a-558241e04166,1970-01-01,0,Travel,2402.44,ESP,PRT,0,1,0,0,1
sdv-id-gWxgaW,0ba40fdb-105f-4f51-b0af-70d24e3e4f5f,1970-01-01,0,Retail,1900.09,ESP,ARE,1,0,0,0,1
sdv-id-gkzVYw,12916e60-f5e7-4daf-9d69-6bc8dc54d59b,1970-01-01,5,Food,619.97,ESP,PRT,0,1,1,1,0
sdv-id-EuLEcS,80e6d3de-5539-4a02-86ca-565f84114531,1970-01-01,0,Travel,2482.13,ESP,VNM,1,1,1,0,1
sdv-id-YAHAmc,1e19f010-4bf7-4012-825e-c446663f730d,1970-01-01,1,Food,2118.7,ESP,GBR,1,1,0,0,1
sdv-id-aiiLDs,4f418193-e328-4c3a-801c-bac1c5b56b89,1970-01-01,0,Retail,744.78,ESP,UKR,1,1,1,1,0
sdv-id-JvnMqg,1a85fd69-344c-46cc-bf48-e5f018cc0e29,1970-01-01,0,Gaming,186.33,ESP,VNM,0,0,0,1,0
sdv-id-xlvzOJ,5e1885c3-5037-4d6b-9a6b-6a7d1a38aad6,1970-01-01,0,Gaming,2470.55,ESP,CHN,0,0,0,0,1
sdv-id-Xyqnef,76e51a12-79c6-4757-b7fe-b7351cc6f0a0,1970-01-01,2,Food,859.79,ESP,ESP,0,0,1,1,0
sdv-id-cIfins,e52a33e6-fec5-4a89-9db3-c0756fb9de37,1970-01-01,0,Food,1883.42,ESP,UKR,0,1,0,1,0
sdv-id-mWMyoI,98ae0666-d066-4d21-af7d-7f211bd6b03d,1970-01-01,0,Food,153.47,ESP,BRA,0,1,1,0,1
sdv-id-RbSIpZ,4bfaa29e-032d-496d-a537-68573749af64,1970-01-01,0,Food,212.56,ESP,NGA,1,0,0,1,1
sdv-id-rRoAzx,2f4d7d4a-53e7-4d02-88ff-eea5fb33740c,1970-01-01,5,Travel,2196.57,ESP,PRT,1,0,1,0,0
sdv-id-oJPBBo,5afaeb32-419b-474e-8247-23c3a32a4516,1970-01-01,4,Tech,340.0,ESP,PRT,0,1,0,1,1
sdv-id-hNDgDR,565fa125-eb85-405d-9cfa-2010ff51cc96,1970-01-01,0,Gaming,925.71,ESP,USA,1,0,0,0,0
sdv-id-NhRpMm,628cdff8-67d9-48e4-993b-f230105a1242,1970-01-01,0,Food,2324.24,ESP,BRA,0,1,1,1,0
sdv-id-rIHQmR,d239abdf-570b-4e97-b446-9c3244dc6f42,1970-01-01,3,Travel,2319.65,ESP,IND,0,1,1,1,0
sdv-id-bOtvlF,dc32f8a0-6a75-40e2-8e52-309da46a07c2,1970-01-01,2,Travel,906.16,ESP,RUS,1,1,0,0,1
sdv-id-RRztZn,f195321d-6c20-4e70-8153-af6cba5c543e,1970-01-01,0,Retail,1362.49,ESP,PRT,0,1,1,1,1
sdv-id-RgzRMi,cd72da7f-9af7-4848-b3ce-9813449a1d03,1970-01-01,0,Gaming,1147.11,ESP,JPN,1,1,0,1,0
sdv-id-DIFoso,8bcd7eb4-0552-4111-a428-f9e0a8677ad1,1970-01-01,0,Retail,944.86,ESP,DEU,0,0,1,0,1
sdv-id-pVkywM,5a64b5e8-cdc7-43a0-a349-2ba3d084b7df,1970-01-01,4,Tech,679.07,ESP,JPN,0,1,0,1,0
sdv-id-RcfyNR,3ae28023-5472-4d2d-b239-9ffb27046f25,1970-01-01,0,Food,2076.1,ESP,BGD,1,0,1,0,0
sdv-id-RqilXG,0ea66dbf-a011-48d8-8630-419c40c71862,1970-01-01,5,Gaming,1606.72,ESP,JPN,0,1,1,0,0
sdv-id-HmkWwH,53ab3cce-264a-404f-909e-21ba8a38d5aa,1970-01-01,0,Retail,2057.59,ESP,BRA,1,1,1,1,0
sdv-id-OJiwOe,5ef787b8-f2e6-495f-b32e-2016add702c9,1970-01-01,4,Tech,1597.82,ESP,BRA,1,1,0,0,1
sdv-id-fCaQUr,e9ea8b10-3bd6-4a06-a22f-c33168518341,1970-01-01,0,Travel,900.03,ESP,IND,0,0,0,1,1
sdv-id-KETzjL,3b44f3d7-cabe-4348-bd10-257cb3f45487,1970-01-01,0,Tech,2260.88,ESP,UKR,1,1,1,0,0
sdv-id-Oilgvz,7fdae666-1b31-4321-aa4e-8b0318b6dfc7,1970-01-01,1,Food,70.11,ESP,FRA,1,0,1,1,0
sdv-id-vxsuSy,4ab1ab59-54f0-4ec2-a61f-c0611bb85112,1970-01-01,0,Food,243.73,ESP,GBR,0,1,0,1,1
sdv-id-qHWAgT,19ecb4a0-c8e8-4531-a9b7-aabc06b0bb2f,1970-01-01,0,Gaming,800.76,ESP,CHN,1,0,1,0,0
sdv-id-rjZsEI,bbc51a50-787c-40d3-bdc4-19b20a414919,1970-01-01,5,Food,2098.82,ESP,JPN,0,1,0,0,1
sdv-id-egLmoK,a417c093-80a8-423d-97ea-ec838892042f,1970-01-01,4,Gaming,1313.88,ESP,FRA,0,1,0,0,0
sdv-id-oRGeHD,bbc99473-4363-489c-b249-5cff89e2df24,1970-01-01,0,Travel,726.98,ESP,RUS,0,0,1,1,0
sdv-id-zgTRQc,4e1c3762-1c7c-46ed-8de5-5848b19c905e,1970-01-01,0,Tech,803.28,ESP,VNM,1,0,0,1,0
sdv-id-pzTtCm,24a0aaad-b436-48fb-b21e-afabf64909e8,1970-01-01,1,Retail,2316.58,ESP,CHN,0,1,1,0,0
sdv-id-TOzOzW,0217ea0e-8964-40ab-8926-ce5f78786140,1970-01-01,0,Travel,1743.09,ESP,DEU,0,0,1,0,1
sdv-id-WHVtac,6c27316b-dd05-4827-a863-782e75fe2857,1970-01-01,0,Travel,1673.46,ESP,BGD,0,0,1,1,0
sdv-id-BpocYw,c34b9fbb-8d4a-45b8-951a-c8ea585a0afa,1970-01-01,0,Food,990.96,ESP,FRA,0,0,1,0,0
sdv-id-xKZocF,b8dddfc2-963b-431c-bc7c-356de7dd93a5,1970-01-01,0,Gaming,900.38,ESP,ITA,1,0,0,0,1
sdv-id-cUVvrA,da3465d9-89cd-40e7-825a-2dd465333140,1970-01-01,1,Retail,1255.78,ESP,NGA,0,1,1,0,1
sdv-id-eYkLPR,385dbb33-fa95-4e1c-b2ee-47dbae17b72b,1970-01-01,1,Tech,1863.18,ESP,UKR,1,1,0,0,1
sdv-id-inivUV,fa286316-5315-4a23-92f0-ed7dbff49c48,1970-01-01,0,Food,1667.28,ESP,CHN,1,0,0,1,0
sdv-id-FlcRJP,7e2840a1-7a50-4f60-98ad-8eebb7607067,1970-01-01,0,Retail,1967.84,ESP,DEU,0,0,0,1,1
sdv-id-BnFRlp,28ef2f46-f323-423e-9cb0-c90c82fc9294,1970-01-01,0,Food,1757.83,ESP,VNM,0,1,1,0,1
sdv-id-EooAuD,97e3e23f-0c38-474b-b97a-b7cc256714d6,1970-01-01,2,Retail,616.13,ESP,ITA,0,1,1,1,0
sdv-id-yuKJdy,59e1ac09-5970-4859-86b6-e4ade7ea8d5a,1970-01-01,1,Food,357.18,ESP,JPN,1,0,0,0,1
sdv-id-XDZZgM,e208945f-04c6-4509-93e1-eeef84622ac5,1970-01-01,0,Retail,505.5,ESP,IND,1,0,0,0,1
sdv-id-seBMkC,2cf149cb-4f1e-4a37-8ac8-ad937e02921d,1970-01-01,0,Travel,2142.81,ESP,GBR,0,0,0,1,0
sdv-id-JzNFOc,7e2840a1-7a50-4f60-98ad-8eebb7607067,1970-01-01,3,Tech,2261.8,ESP,IND,0,1,1,1,1
sdv-id-sJzgYR,28a625e1-4133-4ed1-9821-8c7556c8c3c7,1970-01-01,0,Gaming,899.05,ESP,JPN,0,1,1,0,1
sdv-id-LHjqwi,4223623b-cc3e-4dde-9ad5-cf06364d7c87,1970-01-01,0,Food,666.18,ESP,NGA,1,0,0,0,1
sdv-id-kgTxmZ,75eb89c2-3f5c-42f3-bacb-43a3d2c7bffb,1970-01-01,0,Travel,1820.99,ESP,BRA,1,0,1,1,0
sdv-id-eQPpdT,75f321cb-c59d-44aa-b5ed-7ce82ddf2675,1970-01-01,0,Gaming,1389.37,ESP,GBR,0,0,1,0,1
sdv-id-yvVoXS,592448ee-7ac1-44f9-8472-f9f6ec6494e0,1970-01-01,1,Retail,435.39,ESP,UKR,1,1,0,0,1
sdv-id-ojNOIv,58c6b1c6-74d0-42c5-ab3c-c270e188d3d7,1970-01-01,0,Food,1929.97,ESP,GBR,1,1,0,1,0
sdv-id-WWhqVZ,4eeb87ff-c064-4074-8847-b130dd56030e,1970-01-01,4,Tech,1345.61,ESP,UKR,1,1,1,0,0
sdv-id-oLlQDW,e4cb277f-bc95-4041-8cdf-b034e9a84c51,1970-01-01,0,Retail,1154.77,ESP,BGD,1,1,0,1,0
sdv-id-bZOIWv,e2c94a44-2248-4e75-9885-dca5cac5ebc7,1970-01-01,0,Food,2468.11,ESP,CHN,0,1,1,0,1
sdv-id-eeAvSH,8b8a7166-09cc-4f05-b45f-44334743968f,1970-01-01,0,Tech,1968.01,ESP,FRA,0,0,0,0,0
sdv-id-pqlHML,1eca85b3-1c73-48e6-947f-fd35751a5b9a,1970-01-01,0,Travel,531.1,ESP,PRT,1,0,1,1,0
sdv-id-zfASEV,64bc999b-8250-4470-9abd-edcf3bc80f65,1970-01-01,1,Travel,2330.72,ESP,GBR,1,1,0,0,1
sdv-id-UBtyvF,5401e034-45ae-45d2-bbbf-d6926f125321,1970-01-01,0,Travel,2153.77,ESP,UKR,1,0,0,0,1
sdv-id-zRWVMH,16bcbb52-468e-41e5-a19f-e22a778881a1,1970-01-01,1,Tech,397.04,ESP,IND,1,0,1,0,1
sdv-id-yeiOwu,377f35c1-076f-432f-bc28-29392bae3b70,1970-01-01,0,Gaming,917.98,ESP,ARE,0,0,1,1,0
sdv-id-akxKyB,8a77444a-77ff-4810-971f-bdfac3acd9ca,1970-01-01,2,Travel,31.9,ESP,NGA,1,0,1,1,0
sdv-id-eUERzK,f14dfb3e-fe3c-4361-a44d-9a28d739a70f,1970-01-01,0,Retail,1773.83,ESP,RUS,0,1,0,1,0
sdv-id-Tjeiwj,c23b4ffa-f69f-4ce8-86bc-b3c014aee34d,1970-01-01,1,Gaming,142.71,ESP,GBR,0,1,1,1,1
sdv-id-afHCgi,5cb5e69c-5dc7-43e6-a529-64ffc74cc890,1970-01-01,0,Gaming,2354.46,ESP,CHN,1,1,0,1,0
sdv-id-finUKO,daea3e48-da75-4fd5-b345-8e147523b4be,1970-01-01,0,Retail,857.34,ESP,FRA,0,1,0,1,1
sdv-id-dpSvAP,45957a60-194d-497d-b09d-cd19413b4e20,1970-01-01,3,Food,1934.35,ESP,ITA,1,1,0,1,0
sdv-id-mAXWJY,1ad4e764-85fb-44a6-bb67-24376426e700,1970-01-01,0,Gaming,286.15,ESP,CHN,1,0,1,0,1
sdv-id-YUjdOp,f4adfa22-ad02-45f5-9417-c2f9eb91731a,1970-01-01,0,Gaming,1377.93,ESP,PRT,0,1,1,1,1
sdv-id-CKfMWo,901919b7-26da-4a1c-87a9-ff3099d6f609,1970-01-01,3,Travel,773.55,ESP,USA,0,1,0,0,0
sdv-id-tHDMvT,6de59332-9364-43d0-9024-bdc6dcb33df3,1970-01-01,0,Food,1804.1,ESP,UKR,1,1,1,1,0
sdv-id-JXXUcA,64ab851b-f1fa-46e7-970d-750705eee1d4,1970-01-01,4,Food,1080.23,ESP,DEU,1,1,1,0,1
sdv-id-OViXse,7cafd9ae-1c28-4b82-b287-68d148262846,1970-01-01,0,Gaming,1081.93,ESP,PRT,0,0,0,1,0
sdv-id-XSNnXI,2023fd4b-ab89-436b-9f6b-9b3fff594778,1970-01-01,0,Travel,2022.16,ESP,USA,0,1,1,0,1
sdv-id-ntzqKm,48fb95d1-736d-4da9-940c-bc1d469a09ee,1970-01-01,0,Retail,1545.54,ESP,VNM,1,1,0,1,0
sdv-id-AuAYhT,c5404be9-e6d5-4568-b695-6a3815280e7c,1970-01-01,0,Travel,1815.71,ESP,UKR,1,1,1,0,1
sdv-id-EeXPiR,de78c603-8ca3-4793-8d97-bade647a96e9,1970-01-01,0,Food,2039.93,ESP,ESP,1,0,1,1,0
sdv-id-sXFVSn,97f9580e-6e20-4c72-8f46-0215122533fd,1970-01-01,0,Travel,259.8,ESP,USA,1,1,0,1,0
sdv-id-zpWEYy,ef7cef26-3c66-4012-be74-1860bf957403,1970-01-01,0,Gaming,781.85,ESP,CHN,1,1,0,0,1
sdv-id-AGwkvx,ffba331a-dbe8-43ef-8b47-88c1153fb118,1970-01-01,0,Gaming,1458.46,ESP,PRT,0,1,1,0,1
sdv-id-uSUoOI,ca23792c-ac55-4173-a2a7-3ff5e498d1a8,1970-01-01,0,Travel,1210.59,ESP,DEU,0,1,0,1,0
sdv-id-dYjtHj,d5dbcbee-cc03-48d3-98ba-fcc9e1dd7fdf,1970-01-01,5,Gaming,5.35,ESP,ESP,1,1,0,1,1
sdv-id-LMEufz,6ad65b8c-3a38-4844-afbf-fde4a0226155,1970-01-01,0,Food,2010.16,ESP,CHN,0,0,1,1,0
sdv-id-rOrPNc,246c4e5b-7f25-4908-bd5e-1fbff22af6f6,1970-01-01,0,Gaming,1424.43,ESP,DEU,0,1,1,0,0
sdv-id-WjgiLv,5ef36d4d-9d85-4a72-af9a-544a3de372e9,1970-01-01,0,Retail,95.57,ESP,BGD,0,0,0,1,0
sdv-id-SGuLkh,fe568d34-12da-4c46-b864-cb10b7c23f92,1970-01-01,0,Food,556.61,ESP,PRT,0,1,1,1,1
sdv-id-duecZe,1c36036f-beba-4619-9b6f-b706e04e6585,1970-01-01,0,Food,1823.16,ESP,BRA,0,1,0,0,0
sdv-id-IFGqYW,4d3485c5-c5c1-4eb4-b27b-3d901a16342c,1970-01-01,0,Gaming,537.56,ESP,FRA,0,1,1,1,0
sdv-id-smuDEA,6182f347-533f-4a72-b64f-a54a8c611654,1970-01-01,0,Food,1652.76,ESP,UKR,1,1,1,0,1
sdv-id-GnsqXH,7d2e11bd-1708-496e-b176-2fbdc37114e3,1970-01-01,1,Travel,1472.38,ESP,IND,1,0,0,0,1
sdv-id-exHhWT,c4130c74-6bf4-4fd0-9dca-4b450de27365,1970-01-01,0,Tech,1326.58,ESP,BGD,1,0,0,1,1
sdv-id-TiYtSs,52a80809-20d1-4fc0-81c1-aee2e7235658,1970-01-01,5,Travel,1062.02,ESP,ARE,0,0,0,1,1
sdv-id-erVaOc,baed6f49-245f-4841-947f-0413b0c46ddc,1970-01-01,0,Gaming,2226.62,ESP,UKR,0,0,0,1,0
sdv-id-LqYqJw,9fff8f80-2e01-42a2-8189-18c699a28e9a,1970-01-01,0,Retail,5.34,ESP,ESP,0,0,0,1,0
sdv-id-KobPff,8ab0d57f-4f41-4e69-a3b8-e0d6d72199da,1970-01-01,1,Tech,393.82,ESP,ARE,1,0,0,0,1
sdv-id-PhXzpU,c8a134aa-722d-4397-86d1-62d63faadfd6,1970-01-01,0,Travel,1674.92,ESP,DEU,1,1,0,1,0
sdv-id-xxTKeA,0a4434d1-994a-461f-9110-7df927d23eca,1970-01-01,0,Food,115.08,ESP,BGD,1,1,0,1,0
sdv-id-YxEgnz,0ca37885-d760-4ffe-aa8b-73eb3cde0596,1970-01-01,3,Retail,292.8,ESP,DEU,1,1,1,1,1
sdv-id-JJoail,f81d4272-6d8b-443e-bfbb-667df95a5a97,1970-01-01,1,Gaming,1056.91,ESP,NGA,0,0,0,1,1
sdv-id-tKGSYc,b77dff3a-d3f0-4058-a717-7e595548f613,1970-01-01,0,Retail,1274.02,ESP,UKR,0,0,0,1,1
sdv-id-qaXyEn,b72583e4-3336-43e7-b04e-11b52320a56a,1970-01-01,0,Gaming,1845.27,ESP,PRT,1,0,1,0,1
sdv-id-QBhEIh,62a40afe-dcb7-4b1f-b85f-a1adfedb5a32,1970-01-01,0,Food,2132.8,ESP,ITA,0,1,0,1,1
sdv-id-XtjZCo,22fc31db-0bf6-4417-a404-595da6d62d00,1970-01-01,0,Food,2412.34,ESP,ESP,1,0,0,0,1
sdv-id-DengrO,e7a33be5-5323-44aa-b056-fa5a4317abe4,1970-01-01,0,Tech,193.29,ESP,NGA,0,0,1,0,1
sdv-id-rjCmYn,ae22fa57-aae5-4054-ad3e-9fa290ba2411,1970-01-01,0,Gaming,152.37,ESP,IND,0,1,1,1,1
sdv-id-uLJPNo,35b86d0a-864f-46dd-a9ec-09d586eced99,1970-01-01,0,Retail,1685.36,ESP,PRT,1,1,1,0,1
sdv-id-BucETR,1bbbefac-7988-4901-a182-74339522eda1,1970-01-01,0,Gaming,2216.78,ESP,VNM,0,0,0,0,1
sdv-id-utwjGp,4187222b-257d-4e52-9a51-65ca3c7c1d85,1970-01-01,0,Gaming,2406.55,ESP,USA,1,1,0,1,0
sdv-id-jepMKR,b3b5ab5c-9fb8-44b8-81e3-91497f309761,1970-01-01,1,Tech,20.12,ESP,CHN,0,1,1,0,0
sdv-id-XBvwca,3c299c68-2138-4e3c-9c69-9e1f458cf41d,1970-01-01,3,Travel,2455.27,ESP,IND,0,0,0,1,0
sdv-id-bPeVGV,48f975a1-0cf2-4534-80b0-7a66790915e4,1970-01-01,0,Retail,1235.38,ESP,JPN,1,0,0,0,0
sdv-id-jAGtTa,2e421840-a05f-46c8-89ed-856e723dfacd,1970-01-01,0,Gaming,707.26,ESP,FRA,1,0,0,1,1
sdv-id-eIiyLT,878644b9-59b3-4931-a116-8f53590d674b,1970-01-01,0,Retail,946.81,ESP,VNM,0,0,0,1,0
sdv-id-VAUBwk,63582706-d545-4254-89bc-6a803a887bed,1970-01-01,0,Food,1484.96,ESP,ITA,0,0,1,0,1
sdv-id-qHUaYA,fbf8b1fe-3232-4e72-81d3-a0333586ae6f,1970-01-01,0,Retail,522.3,ESP,UKR,1,0,0,1,1
sdv-id-EuxSWZ,7e2840a1-7a50-4f60-98ad-8eebb7607067,1970-01-01,0,Tech,979.28,ESP,GBR,1,0,1,0,1
sdv-id-hjYlZs,0c35bf2d-ec4f-4141-a26c-d59aec3e83c3,1970-01-01,0,Food,1757.35,ESP,JPN,1,1,1,0,1
sdv-id-BkVEwc,c342adc9-df09-451f-9173-bd6d16a00e13,1970-01-01,0,Travel,1514.52,ESP,PRT,1,0,1,1,0
sdv-id-WIBAPB,ace1415e-4830-4db7-8810-a1690257ac68,1970-01-01,0,Retail,1651.35,ESP,ITA,0,0,0,0,1
sdv-id-LCVLiD,6abb6c41-f928-42a9-bb51-cd747d52903f,1970-01-01,3,Food,789.7,ESP,ITA,1,1,1,0,1
sdv-id-fVphAY,8e6b2439-6a1e-4d9a-b05f-052bd682a0b4,1970-01-01,3,Tech,156.72,ESP,PRT,0,0,1,0,1
sdv-id-LKOoai,5063317d-da73-4817-940f-9b24fcc966c6,1970-01-01,0,Retail,1948.01,ESP,USA,1,1,0,0,1
sdv-id-JxPhYe,ed343b0f-9cca-4d2a-972a-355cfe5e9b1c,1970-01-01,0,Gaming,1715.27,ESP,FRA,1,1,1,1,0
sdv-id-lsDTGO,2978ad8f-0cc0-423f-a221-6ec62e5a7731,1970-01-01,0,Tech,1397.96,ESP,IND,0,0,0,0,1
sdv-id-zRTMvg,390fecf5-e841-4a39-b901-2b9c6057153a,1970-01-01,4,Tech,397.34,ESP,DEU,0,0,0,1,0
sdv-id-JTRpEA,08eca4c8-1a71-464d-824d-9430b72479b7,1970-01-01,3,Retail,91.72,ESP,NGA,1,0,0,0,1
sdv-id-GCsvbg,d1aa0c74-f944-4817-99b0-d3998dd9ff68,1970-01-01,0,Retail,961.99,ESP,IND,0,0,0,0,1
sdv-id-wbSnZv,c9cbc148-23b1-4124-9f94-a2f806444f36,1970-01-01,0,Retail,1390.93,ESP,UKR,0,1,1,0,1
sdv-id-SrWqyB,9d1c0838-edc8-4ca8-a3bc-d6f3b18d2c8c,1970-01-01,5,Gaming,1487.06,ESP,ARE,1,0,1,0,1
sdv-id-GAxAfp,43470982-6808-4471-ac87-ae14f8505ae9,1970-01-01,0,Retail,1590.59,ESP,USA,0,0,0,0,1
sdv-id-qOjifh,b87ad896-8278-4194-9943-0636b0b169f7,1970-01-01,4,Retail,1458.09,ESP,RUS,0,0,1,0,1
sdv-id-PoYvhS,ec4f9838-3b1f-4a0d-9267-e2789bd7b9be,1970-01-01,3,Food,365.34,ESP,JPN,1,1,0,1,1
sdv-id-eVbhdq,7799fddb-79e5-46e7-9d3e-e854534064b0,1970-01-01,5,Food,68.2,ESP,ESP,0,1,1,0,0
sdv-id-SzQKcr,14bac9b7-ba9f-45d6-972a-30629e666d60,1970-01-01,0,Food,2265.33,ESP,USA,1,0,1,1,1
sdv-id-ooavxJ,c3dd1d6a-18fc-4899-9c86-a6f929f5d43d,1970-01-01,0,Food,1780.48,ESP,GBR,1,1,0,0,0
sdv-id-bFIgQs,b297fa7f-f719-4e43-98cb-3cb4e2f7e7ea,1970-01-01,0,Tech,1756.83,ESP,BRA,1,1,1,0,1
sdv-id-OeyUsv,2bf14f70-a684-4cf3-a1f2-57f24e3dc31a,1970-01-01,0,Retail,2376.82,ESP,BGD,0,0,0,1,0
sdv-id-AaOoSz,38973d15-5319-4080-b581-94e004a06d55,1970-01-01,0,Retail,1108.39,ESP,JPN,1,1,1,0,1
sdv-id-hPjgOC,c75795ba-2570-4104-9d67-ef186c5c3ffe,1970-01-01,0,Food,459.74,ESP,BGD,0,0,1,1,0
sdv-id-DIpMdG,b970c05d-9def-4281-970f-34bb25944c4e,1970-01-01,0,Tech,798.88,ESP,JPN,1,1,1,1,0
sdv-id-xYSHDS,dca02eec-acda-4acc-9165-e21098543881,1970-01-01,1,Food,2382.38,ESP,DEU,0,1,1,0,1
sdv-id-eCJnzr,1e19f010-4bf7-4012-825e-c446663f730d,1970-01-01,1,Retail,1926.37,ESP,DEU,0,0,1,1,1
sdv-id-EZVvhn,37196a50-02e7-4683-8cf2-7f33e6371a1b,1970-01-01,0,Retail,1688.77,ESP,IND,0,1,1,0,1
sdv-id-SvDQCI,23648766-a43a-4bdd-8ce2-85dbdb30e078,1970-01-01,4,Travel,1383.47,ESP,CHN,0,0,1,0,1
sdv-id-DDIzzD,8188de48-719b-4dd6-97b4-e75be9d18ec2,1970-01-01,0,Retail,2094.67,ESP,CHN,1,1,1,0,1
sdv-id-yPstpA,c5384872-deaa-443e-9edb-be71de2a2ddf,1970-01-01,0,Gaming,566.32,ESP,VNM,1,0,0,1,0
sdv-id-pgeCjG,e5c482ff-5e5a-40c1-92a4-73f94c9e903a,1970-01-01,0,Tech,1086.78,ESP,JPN,0,1,1,1,0
sdv-id-teXniE,a43e558c-2215-4f00-9fdf-0e05c0cef31b,1970-01-01,3,Travel,2462.13,ESP,GBR,1,0,1,0,0
sdv-id-NfIZTX,5ab68220-1c24-4102-99e5-e402fe2895ad,1970-01-01,1,Travel,2199.03,ESP,NGA,0,0,0,0,1
sdv-id-CWrMBV,11186c1a-8540-42b0-aaa8-2f4e4fc4e8cd,1970-01-01,0,Tech,2137.52,ESP,RUS,0,0,0,1,1
sdv-id-BEbxzQ,26c8fd99-fb0e-4501-86e7-d333944b2371,1970-01-01,2,Travel,1662.4,ESP,DEU,0,1,0,0,1
sdv-id-IUuKtf,4552d0d2-f2ef-480a-be0f-d9ecc7074546,1970-01-01,0,Tech,698.47,ESP,IND,0,1,0,1,0
sdv-id-WXBlmg,1ba362e7-afa4-45e5-ad20-449666d06371,1970-01-01,1,Gaming,914.01,ESP,DEU,1,1,1,1,0
sdv-id-InDWWF,a2ded1de-c302-40d5-a214-5243f5d23fc6,1970-01-01,0,Retail,1768.45,ESP,VNM,1,0,1,1,0
sdv-id-ifspVK,1d7b8363-0db2-4722-a3bf-1f71a901bdb8,1970-01-01,0,Retail,1086.73,ESP,RUS,1,0,0,0,0
sdv-id-itYSsH,bfa4cfdd-01c3-4adc-91e1-2ee9f664b2b9,1970-01-01,0,Travel,669.16,ESP,ESP,0,1,1,0,0
sdv-id-gzkyWQ,fcba6c80-8c7a-4939-bf0d-d3c2ac4dcd33,1970-01-01,0,Gaming,333.18,ESP,CHN,0,1,1,0,0
sdv-id-BcbpuZ,01440fa3-5fcf-4c27-868e-47b0d87db947,1970-01-01,0,Retail,1854.64,ESP,BGD,1,1,1,0,1
sdv-id-hsUESf,1e786fa2-de5c-45a3-b553-f9c6a9729e19,1970-01-01,4,Tech,753.28,ESP,VNM,0,1,1,1,0
sdv-id-suOpVD,11f20d9b-c90e-4689-8ff1-4c0ec7eb7d43,1970-01-01,0,Travel,1436.41,ESP,GBR,0,0,0,0,1
sdv-id-pFHQqY,32ae5cb9-d457-4672-948b-e5484adb6da1,1970-01-01,1,Travel,1087.66,ESP,RUS,0,1,1,1,0
sdv-id-vkNgip,61547769-f43d-4740-9039-2a8cda73dae0,1970-01-01,1,Tech,522.68,ESP,CHN,1,0,0,0,1
sdv-id-VvuTOg,28d04562-beaa-400d-94fe-cf58a1f875a4,1970-01-01,1,Food,1269.82,ESP,USA,0,0,1,0,1
sdv-id-ScDrHw,fc96fd06-ce8b-40ce-a671-55cd76e9efdc,1970-01-01,0,Food,348.44,ESP,ITA,1,1,0,1,0
sdv-id-hPKjvU,5e1d47af-833b-435e-a5a9-c1be48d3ef98,1970-01-01,0,Travel,113.21,ESP,BRA,0,0,1,0,1
sdv-id-OxRLRt,323132fa-6181-42de-9b37-0ca76ea5e341,1970-01-01,0,Retail,639.87,ESP,UKR,0,1,1,0,1
sdv-id-WYQiEG,b64a46f5-eb6d-435f-a950-94bbf3c8e316,1970-01-01,3,Retail,1539.33,ESP,DEU,0,1,1,0,0
sdv-id-aoRwoU,8df71647-1376-4ff9-978c-d875d231f372,1970-01-01,0,Gaming,2457.64,ESP,FRA,1,1,1,0,1
sdv-id-ATOUDS,920479ce-dba0-489e-b593-8f5ab40bc353,1970-01-01,0,Food,712.57,ESP,CHN,1,0,0,0,0
sdv-id-Oxqrgx,1d34d08e-7a4c-45d4-9c99-e04cf0e98b3b,1970-01-01,0,Retail,949.78,ESP,DEU,1,0,1,1,0
sdv-id-AOulGc,b4e48d56-39f2-4b71-a828-211d7a9410b6,1970-01-01,0,Tech,585.36,ESP,ESP,0,0,1,1,0
sdv-id-OSmnRj,5a1ae461-11ba-41f9-960a-39741efd393b,1970-01-01,1,Travel,1518.78,ESP,NGA,0,1,0,0,1
sdv-id-KKsbcn,68992584-0ade-4b41-8224-153c320b5ab7,1970-01-01,0,Travel,2247.66,ESP,FRA,1,1,1,1,0
sdv-id-woOVTl,e31db345-7b6b-411e-8aeb-99597ca2f582,1970-01-01,0,Gaming,1560.65,ESP,PRT,1,0,0,1,0
sdv-id-HAUSRV,c4a360a6-925d-4ff4-8566-4da48422edc7,1970-01-01,0,Retail,2372.14,ESP,GBR,0,1,0,1,1
sdv-id-nGVfLb,3427e466-17f4-485d-997f-aaf01fa7cddf,1970-01-01,1,Food,1877.86,ESP,ITA,1,1,0,0,1
sdv-id-LaOBhi,a7edc8d8-713f-4f8c-ac8b-e53758ab4778,1970-01-01,0,Tech,1007.8,ESP,UKR,0,0,1,0,1
sdv-id-awYhNd,4ed992e0-1e44-45f4-9ed1-3afef006296b,1970-01-01,0,Retail,1860.67,ESP,GBR,0,0,1,0,0
sdv-id-NkgOZs,f7bf5244-7db2-47aa-a205-e54fb1e8c09d,1970-01-01,0,Food,712.44,ESP,ARE,1,1,0,0,1
sdv-id-hlZThs,30a04e0b-3a4d-4f57-8715-5ad38ca0cd2a,1970-01-01,0,Travel,508.61,ESP,ESP,0,0,1,1,0
sdv-id-FxtARt,ab7f089a-cd5f-4822-a966-08aaee49f329,1970-01-01,5,Food,527.88,ESP,VNM,1,1,0,0,1
sdv-id-GnOQFd,eeb44055-ea62-4d3d-80a2-4679ed95e829,1970-01-01,0,Food,145.16,ESP,BRA,0,1,0,1,0
sdv-id-PrViOg,4a9f6c5c-7eb9-4e2d-b738-7270d424d9f3,1970-01-01,1,Tech,2303.79,ESP,DEU,1,1,1,1,1
sdv-id-OqBXUl,f1cf851b-ad02-44a0-880c-28ad0c11f642,1970-01-01,1,Food,984.72,ESP,ARE,1,0,0,0,1
sdv-id-IqtbUp,57cc6c2a-b61c-47e8-9c58-a3bea1ac78c9,1970-01-01,0,Tech,1427.99,ESP,RUS,0,1,0,1,1
sdv-id-EUwvTl,74cd4a41-5e07-4fb2-9919-be9116a26e58,1970-01-01,4,Gaming,1181.31,ESP,FRA,0,0,0,1,0
sdv-id-gzryOy,f543c14d-5095-4881-a88d-37de6c1f0650,1970-01-01,0,Gaming,261.53,ESP,USA,0,0,1,0,1
sdv-id-OtcQNU,2b8d2c49-5e30-43e1-b541-a44e16ccb813,1970-01-01,0,Gaming,419.51,ESP,ARE,0,1,1,0,1
sdv-id-zNmbbC,2b0e63fd-fc3d-4138-8a5a-42725f90ee57,1970-01-01,0,Retail,1829.22,ESP,UKR,0,1,1,0,1
sdv-id-DNUXhl,074b927e-54e2-4fa6-869c-cc0ac8844f88,1970-01-01,0,Travel,1395.74,ESP,DEU,0,1,0,1,0
sdv-id-YhMqyL,4cca3dda-7cbb-4627-9929-c7c73709d7d3,1970-01-01,0,Gaming,2197.84,ESP,BGD,1,0,1,0,1
sdv-id-fvUoQd,c950824d-5a9b-441d-8508-2f78f17b25ef,1970-01-01,0,Travel,1628.87,ESP,GBR,0,0,1,0,1
sdv-id-ceRlUC,13abd39b-b92e-4cab-88e5-dd93dad50f42,1970-01-01,1,Travel,1620.57,ESP,BRA,0,0,0,0,1
sdv-id-fuQNyH,6399c513-ae96-4e3e-b1f7-a87cf1430eea,1970-01-01,1,Food,376.14,ESP,BGD,1,1,0,1,0
sdv-id-EJnOMQ,1bf384ef-6efe-4368-84c4-2de17e5da21a,1970-01-01,0,Retail,580.59,ESP,VNM,0,0,1,1,0
sdv-id-oRpazq,bd5bfece-dbd0-4d57-8e07-d8fc83b1c1ec,1970-01-01,0,Food,1604.25,ESP,USA,1,1,1,1,1
sdv-id-ykzkzX,43e1346d-4990-4258-b6cd-f42f892c6b33,1970-01-01,0,Travel,1703.54,ESP,JPN,1,0,1,0,0
sdv-id-iNhooh,9341dd73-a5d8-4541-ae82-2ce612b1d17e,1970-01-01,0,Travel,2489.67,ESP,JPN,0,0,1,0,1
sdv-id-lyNYoX,e7f3072a-86a5-4dc3-8b74-89366eb48828,1970-01-01,0,Retail,343.92,ESP,ITA,1,0,1,1,0
sdv-id-uNONar,04036d53-8f90-4934-a24d-084d1e7b1fdd,1970-01-01,4,Gaming,1094.45,ESP,FRA,1,0,1,0,1
sdv-id-OodcUn,6e28b3e9-5c7e-454d-94a9-922ef67ed93e,1970-01-01,0,Travel,2390.09,ESP,FRA,0,0,0,0,1
sdv-id-aYwGSP,8bc85d37-09cc-4f1a-9c38-7c2a1243e838,1970-01-01,3,Retail,1109.2,ESP,USA,0,1,1,1,0
sdv-id-vXUpRM,a898dac4-f736-4f7e-b51c-586ac0c3d59e,1970-01-01,5,Food,1058.99,ESP,NGA,0,0,0,1,0
sdv-id-VOMVnO,635b729c-eb2a-408b-8780-d6caddebd8d4,1970-01-01,1,Travel,2332.98,ESP,FRA,1,1,1,0,1
sdv-id-zUsSkZ,b3700e92-92f1-4a69-a74f-6635f236b2ee,1970-01-01,1,Gaming,1866.1,ESP,ITA,0,0,0,1,0
sdv-id-IvKKpU,f02a1b37-9865-496f-99f8-d29021abbbf2,1970-01-01,0,Food,714.88,ESP,RUS,1,0,0,0,1
sdv-id-xMmmKg,66db005e-9488-4285-ac88-d2576831429e,1970-01-01,1,Food,1975.65,ESP,VNM,1,0,1,0,1
sdv-id-xohboc,608e149e-44b9-4602-8d31-812e30c36756,1970-01-01,2,Tech,287.12,ESP,CHN,0,1,0,0,0
sdv-id-YiHVJM,5a1ae461-11ba-41f9-960a-39741efd393b,1970-01-01,0,Retail,2207.85,ESP,UKR,0,0,0,0,0
sdv-id-gpWQCq,2cfaa174-ba05-4e68-8d87-b7be271dd0f1,1970-01-01,0,Gaming,1065.49,ESP,DEU,0,0,1,1,0
sdv-id-VtteDO,84aa6e12-208a-4c4f-b366-da877f7ac78c,1970-01-01,3,Retail,1734.15,ESP,RUS,0,0,0,1,0
sdv-id-OsddYz,9dec2b83-3885-4f7e-af1a-25a829344e15,1970-01-01,0,Food,775.57,ESP,JPN,1,1,1,0,0
sdv-id-vruHQq,ded89c47-bb88-454e-bf96-8d71818270d2,1970-01-01,0,Travel,154.8,ESP,JPN,0,0,0,1,0
sdv-id-mxOnKR,26366874-b225-48de-b6e2-887aefe61690,1970-01-01,1,Retail,1355.18,ESP,FRA,0,0,0,0,1
sdv-id-ZWwtXj,a9b29770-2aaa-4394-9adc-8fe3cad67b77,1970-01-01,5,Retail,1781.61,ESP,IND,1,1,1,0,0
sdv-id-xfqHUG,3464fd00-ea21-4067-8cf1-493afbb8704e,1970-01-01,5,Retail,1163.9,ESP,IND,0,0,0,1,0
sdv-id-rgobdj,0227e56b-0474-4ebc-b455-c604fee931f4,1970-01-01,3,Gaming,191.03,ESP,ARE,0,0,1,1,0
sdv-id-tpsNSz,93e0f235-4e80-410b-bd0e-e0b640f7924b,1970-01-01,0,Travel,1243.38,ESP,ESP,0,0,1,0,0
sdv-id-vyXyDP,639ac771-b739-428a-8ffd-5b7a226dd24f,1970-01-01,0,Gaming,1105.91,ESP,VNM,1,0,0,1,1
sdv-id-JABQTx,5e6e7e00-dc12-4f44-80f3-78ccebb06b15,1970-01-01,0,Retail,2105.35,ESP,GBR,1,0,0,1,0
sdv-id-lRNXnL,a84554c3-a3f6-4c61-afb7-0dab2f383b43,1970-01-01,0,Tech,1907.43,ESP,BGD,1,1,1,1,0
sdv-id-CVQzbX,57cc6c2a-b61c-47e8-9c58-a3bea1ac78c9,1970-01-01,0,Travel,1535.53,ESP,BGD,1,0,0,1,0
sdv-id-ZwPZiB,d9c099f6-fe70-4416-b40a-22d700bbd543,1970-01-01,1,Food,1838.57,ESP,NGA,0,1,1,0,0
sdv-id-YlHPaL,4cb50625-89a0-4a99-b0c5-d3d5c7552c99,1970-01-01,0,Travel,110.67,ESP,BRA,0,1,0,0,0
sdv-id-xsrVxw,12d15585-b68e-47fa-bf17-5534cc4d5819,1970-01-01,0,Food,75.97,ESP,JPN,1,1,0,0,0
sdv-id-kaIEBa,686cd27d-fd59-4efd-bd14-01de827aae2c,1970-01-01,0,Food,2222.17,ESP,ARE,0,0,1,0,1
sdv-id-SZKUJa,11365b34-5b86-4d34-bea3-40522af32711,1970-01-01,1,Travel,1085.83,ESP,VNM,0,1,0,0,1
sdv-id-OyVgxB,ad20c3fa-d501-48d7-90ff-14bf96b525c7,1970-01-01,0,Gaming,596.0,ESP,VNM,0,1,0,0,0
sdv-id-CmPkTC,a83b9212-38bc-4ce7-b680-4804c34cafdf,1970-01-01,2,Retail,119.86,ESP,CHN,1,1,1,1,1
sdv-id-IrWkjg,520c31d3-ab65-49eb-b9dc-e742ccea7dd0,1970-01-01,2,Food,2232.86,ESP,CHN,1,0,1,1,0
sdv-id-PnBrFb,aeb00fb9-26cb-4e99-a945-e93a4a454398,1970-01-01,1,Tech,2368.92,ESP,PRT,0,1,0,0,1
sdv-id-TqfPuq,21a4344f-bb7b-4e03-9d67-8bb1945ef2e4,1970-01-01,0,Tech,646.95,ESP,GBR,1,0,0,0,1
sdv-id-yvOZTX,1c894d39-70a6-45fc-a03c-67ff4f0dc7bc,1970-01-01,0,Gaming,1496.19,ESP,FRA,1,1,1,0,1
sdv-id-IGAIHP,436ae2bb-d509-4e07-b368-d836027d3808,1970-01-01,0,Tech,1669.79,ESP,IND,0,1,1,1,0
sdv-id-tXASXU,b4c313eb-7e22-4d5c-a362-53032ae72b5d,1970-01-01,2,Tech,253.38,ESP,RUS,1,1,0,0,1
sdv-id-bmIzaS,f66c7331-a172-4ee3-83e1-847c8420e0d8,1970-01-01,3,Travel,884.61,ESP,RUS,1,1,1,0,1
sdv-id-GnvzBS,79510a45-32cb-48ba-addd-5c02d2137565,1970-01-01,0,Retail,680.94,ESP,PRT,1,0,1,1,0
sdv-id-Bzyjfa,81d9cff9-9de2-48ca-8edc-3a083442853a,1970-01-01,0,Travel,1703.8,ESP,BGD,0,1,1,0,0
sdv-id-qulImf,a55f65b7-e709-4ba6-b29f-c41710813d45,1970-01-01,0,Gaming,2050.68,ESP,BGD,0,0,0,0,1
sdv-id-BblRWO,86e52753-7c93-46cc-97d7-a560adb14670,1970-01-01,0,Retail,1145.73,ESP,FRA,1,0,1,0,1
sdv-id-AbPpRn,300a491a-faa1-4736-bee6-b06e37f7a96a,1970-01-01,5,Food,2413.41,ESP,ARE,0,0,1,0,1
sdv-id-drrwbH,902f3465-0b57-4720-9cd8-758ba5a1c825,1970-01-01,0,Food,1286.75,ESP,VNM,0,1,0,0,0
sdv-id-AtPsIr,5e7e2813-a967-4fe1-bfce-e629ea8e55a5,1970-01-01,0,Tech,2416.96,ESP,IND,1,1,0,0,0
sdv-id-lsyhWW,471994c9-3d3a-49ab-833c-518f52eddbdb,1970-01-01,0,Retail,1788.73,ESP,PRT,1,1,0,0,1
sdv-id-BbHzQf,c60e35b6-6864-4e6b-b400-c7a10de825b2,1970-01-01,2,Retail,1619.11,ESP,GBR,0,0,0,0,1
sdv-id-sEgzBV,c1ed3940-610d-484a-b4a4-ed3c7f0643ea,1970-01-01,0,Food,1424.61,ESP,BRA,1,0,0,0,1
sdv-id-UwjCJW,c8d0f9e5-9919-45ea-98d0-0c2c17d30f32,1970-01-01,0,Tech,2211.39,ESP,VNM,0,0,0,1,0
sdv-id-vTHCrp,9cbf7b8c-7410-4d5d-9db1-4bfc6f3a5115,1970-01-01,0,Food,1510.97,ESP,ITA,1,0,1,1,0
sdv-id-FqkVOD,cef483f6-71d5-4861-b6bd-6dbe3a8e36fd,1970-01-01,0,Travel,2026.32,ESP,GBR,0,0,0,0,0
sdv-id-HjEHCP,6f110436-b3c2-4ec5-be66-c4fa35edff38,1970-01-01,1,Travel,2395.45,ESP,GBR,0,0,1,0,1
sdv-id-KyHJhQ,d5411860-8583-40bb-b2fb-59fd0c00f8ff,1970-01-01,0,Retail,211.33,ESP,CHN,0,1,0,1,0
sdv-id-UiGAYk,7a52cd11-cb32-42ab-b5e9-fa216fef2a24,1970-01-01,0,Tech,2125.16,ESP,USA,0,1,0,0,1
sdv-id-oqnybu,9db94eee-1a3c-4131-b3dd-3bc6d06405a8,1970-01-01,0,Travel,723.88,ESP,BRA,0,1,1,1,0
sdv-id-dwIxda,72984bb6-4efa-4dc3-8bae-4fc1d18ad3ca,1970-01-01,0,Food,956.06,ESP,VNM,0,0,1,0,1
sdv-id-OCFdOo,085202b0-cc4f-4da9-95d1-92770418cd27,1970-01-01,1,Gaming,1792.89,ESP,GBR,1,1,0,0,0
sdv-id-RiuFqO,57059671-b031-4179-ac76-25b80fc06f77,1970-01-01,4,Retail,2473.32,ESP,JPN,0,1,1,1,0
sdv-id-XTSCFU,52ce55e3-69df-45c7-a4a0-053f22a37556,1970-01-01,1,Food,847.44,ESP,ITA,0,0,1,0,1
sdv-id-xmGfNY,84d465df-a8d6-4147-a0f4-1905693f9bc7,1970-01-01,0,Gaming,625.9,ESP,BGD,1,1,1,1,0
sdv-id-QnIOJc,137b41c2-5f71-41e1-a05e-ad1cbde9a6a8,1970-01-01,0,Travel,751.96,ESP,PRT,1,0,0,1,0
sdv-id-PomrVW,d89c83f6-8098-480d-a253-80407a029a6d,1970-01-01,0,Tech,1295.89,ESP,UKR,0,0,0,1,0
sdv-id-IDLwmF,30de0010-fe31-4408-a671-cd819c2b05eb,1970-01-01,1,Food,254.27,ESP,USA,1,1,1,1,1
sdv-id-cNrSkF,47fefddb-fbb9-4f21-b32a-322878359656,1970-01-01,5,Food,675.71,ESP,CHN,0,0,0,0,1
sdv-id-GIcscq,436ae2bb-d509-4e07-b368-d836027d3808,1970-01-01,0,Gaming,1326.34,ESP,RUS,0,0,0,0,0
sdv-id-OfJPpI,d4eddb5a-adc4-4057-889c-0d72da626326,1970-01-01,0,Tech,1125.27,ESP,BRA,1,1,1,0,1
sdv-id-OlPBAi,c0249b51-307c-4f63-8591-a81891fb8925,1970-01-01,0,Food,419.18,ESP,ITA,1,0,0,1,1
sdv-id-pmKYqt,f3981e9e-7cb8-42a0-94a1-eab0b9c037aa,1970-01-01,0,Food,2287.86,ESP,CHN,0,1,0,0,1
sdv-id-dbJVzs,339b7663-33a3-410e-954b-cec5d9187ff5,1970-01-01,0,Retail,1153.3,ESP,ITA,1,1,1,0,1
sdv-id-oRxnGj,11c70935-f032-46d8-ab2e-258eafc63d34,1970-01-01,3,Food,836.69,ESP,BGD,0,1,0,0,1
sdv-id-ahTnDd,96721e98-5d84-46e0-a0e6-96ffa75743f9,1970-01-01,0,Tech,1758.2,ESP,BGD,0,0,0,1,1
sdv-id-VTJIJD,054a4d99-d999-4026-837e-60684ccb8ee7,1970-01-01,0,Tech,1431.97,ESP,ITA,0,1,0,1,1
sdv-id-AveNNZ,e43e4288-a2b5-4498-9cb8-5aedf5f62c97,1970-01-01,1,Gaming,691.61,ESP,FRA,1,1,1,1,1
sdv-id-bwkovS,b1063540-067b-4c70-ad3c-919fd0dcb7a3,1970-01-01,2,Tech,207.73,ESP,FRA,1,0,0,0,1
sdv-id-uNrOzh,b6e5dd9a-3150-47d2-a544-27ecb261ad5c,1970-01-01,1,Food,868.54,ESP,IND,0,1,0,1,0
sdv-id-YpexVQ,83117efc-b0b4-474e-8d72-441d07099bf8,1970-01-01,0,Food,788.51,ESP,UKR,0,0,1,1,0
sdv-id-kFDMKx,eeb44055-ea62-4d3d-80a2-4679ed95e829,1970-01-01,0,Travel,1040.57,ESP,USA,0,0,1,0,1
sdv-id-DoPVkf,7393c675-a3cc-47c1-84b6-ae47ea0970c6,1970-01-01,0,Tech,542.59,ESP,BGD,0,1,1,1,0
sdv-id-wuSscU,43799d48-ce35-45ea-a25f-c9245c9557ea,1970-01-01,0,Retail,1452.9,ESP,JPN,1,0,1,0,1
sdv-id-itcwlC,ec1f41ce-57b9-4dfb-af82-e70cb9644e4f,1970-01-01,3,Food,57.86,ESP,JPN,0,1,1,1,0
sdv-id-jLJqAN,7e7b7dac-bea6-4b61-af92-54fd12e184ce,1970-01-01,0,Gaming,2396.83,ESP,PRT,0,0,1,0,1
sdv-id-VLRUJX,2c6cdb5a-ac36-4cb9-8273-be68e6c51969,1970-01-01,0,Travel,2459.37,ESP,GBR,1,1,0,1,0
sdv-id-upZGhk,f68ae9b7-9b3a-41d1-b9ee-80ab46c937e0,1970-01-01,0,Tech,480.57,ESP,PRT,0,0,0,0,0
sdv-id-ymnJye,119bd998-f1c3-420d-b7e9-1ea49c0723c4,1970-01-01,0,Food,1065.53,ESP,PRT,1,0,1,1,0
sdv-id-qzwanP,72d980c1-5a36-43df-9532-94885dd4797b,1970-01-01,0,Gaming,1743.34,ESP,BGD,1,1,0,1,0
sdv-id-kDVBfI,e83f4e25-8e36-4254-901d-c98b7c7519b7,1970-01-01,0,Food,553.78,ESP,NGA,1,0,0,1,0
sdv-id-wLdPVd,98069315-ce62-465f-876a-3991aebef7a2,1970-01-01,1,Tech,1717.01,ESP,NGA,1,0,0,1,0
sdv-id-aPZRIc,cde44f3a-0663-4c73-9eb5-10092f85f6a6,1970-01-01,0,Travel,1002.0,ESP,UKR,1,0,0,0,1
sdv-id-DFdljM,2dd86931-d31c-4274-a8c7-c8678231b35c,1970-01-01,0,Travel,2279.65,ESP,DEU,1,1,0,1,0
sdv-id-MhbaDL,ad32a7c6-8b64-412c-9bd5-37b1c35adde3,1970-01-01,3,Tech,1505.92,ESP,CHN,0,0,1,1,0
sdv-id-Rjwxkn,603cbf33-9383-4620-824a-2989b3ffde9b,1970-01-01,0,Travel,1620.17,ESP,USA,0,0,0,0,1
sdv-id-msSTaI,19a6f80e-f08c-46c2-b6ff-3521c2250530,1970-01-01,0,Gaming,1311.15,ESP,USA,1,0,1,1,1
sdv-id-eNGnvJ,44725ab7-bc44-4417-914b-a9bb60f91495,1970-01-01,0,Food,117.67,ESP,CHN,0,0,1,0,1
sdv-id-dlcSup,2ede3ede-7ce3-4a45-a4fd-f258ce3413ea,1970-01-01,0,Tech,2200.95,ESP,DEU,1,0,0,0,0
sdv-id-hfPtbw,360893b2-2feb-4c33-8f5c-8dd3df107434,1970-01-01,1,Food,1764.03,ESP,CHN,0,0,1,1,0
sdv-id-XiJMEt,e5dc6ce5-5fbb-4fd7-9a58-abba91303877,1970-01-01,0,Food,484.54,ESP,DEU,0,1,0,1,0
sdv-id-RgkEbZ,eb19071b-0b35-40a1-bfa5-e99ffb23a4b7,1970-01-01,1,Retail,1016.31,ESP,ARE,0,1,1,0,0
sdv-id-UcFOue,9cf2f216-539c-4e4f-ad91-4e296541f574,1970-01-01,0,Food,430.35,ESP,FRA,0,0,1,0,1
sdv-id-TRjBfI,baf6e89f-14e0-48d3-8cf4-31de8cdc6715,1970-01-01,0,Food,2043.27,ESP,UKR,1,1,1,1,1
sdv-id-JQWiFu,8cfe8711-725c-4c5f-983c-96861ae38baa,1970-01-01,0,Travel,212.8,ESP,ARE,1,0,0,1,0
sdv-id-KjaqWy,22bf18f5-1f65-4a87-b33e-e3447dbf4bc1,1970-01-01,1,Food,2178.64,ESP,FRA,0,1,1,1,0
sdv-id-icGsTn,d926fe41-b36d-4121-8ba6-fe0995ea6825,1970-01-01,0,Retail,1067.08,ESP,IND,1,0,1,1,0
sdv-id-uyOVqT,5c42952b-923c-4db6-91f0-a92322b2e0bd,1970-01-01,5,Tech,2349.84,ESP,VNM,1,1,1,1,0
sdv-id-IFBFWP,5d21a235-d053-47f4-9ec9-1fdc03add1a4,1970-01-01,0,Tech,296.18,ESP,RUS,1,0,0,1,0
sdv-id-QtjFxb,5200044b-3148-4df8-a6ca-8d50e5f5c891,1970-01-01,0,Travel,269.48,ESP,GBR,1,1,0,1,0
sdv-id-ObeVkj,fe034a0e-74cd-473b-816b-44e19d4a305f,1970-01-01,0,Gaming,2137.16,ESP,BGD,1,0,0,0,1
sdv-id-TizBYj,d6521e08-c2f4-4c10-a869-707cbdcbfffc,1970-01-01,0,Gaming,1221.15,ESP,VNM,0,0,1,1,0
sdv-id-sjrAhm,5ba0c3e0-33a0-4aa7-b91e-5fcd85ece729,1970-01-01,2,Gaming,1011.14,ESP,CHN,0,1,0,1,0
sdv-id-TlbfMS,372bb847-c712-423d-9595-212570db85f9,1970-01-01,2,Travel,34.61,ESP,PRT,1,1,0,0,1
sdv-id-MYKyJi,58fae8c7-1d10-46f6-a91d-ecb251a3d21b,1970-01-01,0,Retail,1322.04,ESP,ARE,1,1,0,0,1
sdv-id-TCZrjF,c344819d-1d80-47cd-a8b8-2fa172d0c649,1970-01-01,3,Tech,2424.28,ESP,ESP,1,0,1,1,0
sdv-id-BJeLlA,656e5170-bd1a-4704-8801-36fc095f6d43,1970-01-01,0,Travel,1848.75,ESP,ITA,1,1,1,1,1
sdv-id-BGKsSP,360893b2-2feb-4c33-8f5c-8dd3df107434,1970-01-01,0,Food,1810.1,ESP,UKR,0,0,1,0,1
sdv-id-fpAnXt,2ea756a8-229e-4406-aab7-6dd1152b5e5f,1970-01-01,0,Food,1361.83,ESP,CHN,0,0,0,0,0
sdv-id-GFFntw,4a36a7c0-f0cc-4f56-9242-89ea39597465,1970-01-01,0,Tech,457.56,ESP,FRA,1,1,0,1,0
sdv-id-jkuMtp,2adfedf8-786f-486a-b90a-3610b0b55ce7,1970-01-01,0,Gaming,1312.18,ESP,IND,1,1,0,0,1
sdv-id-uzOxOW,a9b29770-2aaa-4394-9adc-8fe3cad67b77,1970-01-01,4,Food,1423.17,ESP,VNM,1,0,0,0,1
sdv-id-BNzSaF,b5878d33-1d5b-48b0-8027-b28302bfaf1c,1970-01-01,0,Tech,1486.14,ESP,UKR,0,1,1,0,1
sdv-id-fSIbew,a05fa3ef-0cbf-40ca-be0f-1bc9768aceb7,1970-01-01,3,Tech,749.2,ESP,FRA,0,1,0,0,0
sdv-id-GhwDYc,85650e0b-d5c9-4d5d-8e57-79ecbe1a070f,1970-01-01,3,Food,1360.77,ESP,BGD,1,0,0,0,0
sdv-id-tWHpVk,d4868d2d-741c-4cde-bead-e9ecbf17d94f,1970-01-01,0,Food,1123.63,ESP,IND,1,0,1,0,0
sdv-id-amtYDu,612e1fcf-20d4-41ba-8069-60367d577db0,1970-01-01,0,Travel,2156.48,ESP,FRA,1,1,1,0,1
sdv-id-Auqyns,7bbaf123-16fe-4ed9-9b76-b287f998d44f,1970-01-01,0,Gaming,455.87,ESP,BGD,1,1,0,1,0
sdv-id-yjGtoY,04aac1b7-5ca0-4428-822c-4d326c645c15,1970-01-01,0,Gaming,766.7,ESP,ITA,0,1,0,0,1
sdv-id-aIZzTa,525f38eb-00fc-4ce3-98ab-202bdf7ad7b0,1970-01-01,0,Travel,1143.69,ESP,NGA,1,0,0,0,0
sdv-id-kCdYah,d98f5e83-cf5b-494d-92cc-48539cef5ef4,1970-01-01,5,Tech,2231.35,ESP,RUS,0,0,1,0,1
sdv-id-eArOdt,0dec644c-da2d-4156-913a-1734ccb68571,1970-01-01,0,Gaming,1263.77,ESP,ESP,0,1,0,0,0
sdv-id-JAjRiA,a29a7e5f-57b6-41aa-b206-4a1cae9e2bbf,1970-01-01,0,Gaming,1043.37,ESP,ARE,0,0,0,1,0
sdv-id-FhZUqr,bcbd6eeb-ceab-4f76-b776-f4e846f90964,1970-01-01,0,Gaming,404.02,ESP,DEU,0,1,1,1,0
sdv-id-gPgzBi,e5228d31-0d9a-4fce-9d7c-f46d3836613c,1970-01-01,0,Tech,1488.63,ESP,DEU,1,0,0,1,0
sdv-id-czDDhF,a701d096-0cb7-421f-8c28-5c294a22c21e,1970-01-01,5,Food,1908.54,ESP,VNM,1,1,0,0,1
sdv-id-zEXyct,5d42b9e9-692e-47b6-8b2f-6d5c700b5d5f,1970-01-01,2,Gaming,771.21,ESP,CHN,1,0,0,0,1
sdv-id-qDoJUo,040b7232-5218-43fc-9b71-a8e3a47bfb9a,1970-01-01,0,Travel,312.16,ESP,PRT,1,0,0,1,0
sdv-id-FViHSu,87c5577f-d091-4dcd-b5c0-b4909361b11d,1970-01-01,0,Tech,2054.83,ESP,FRA,1,1,1,1,0
sdv-id-MNVGNq,ec7e91c6-0800-4a94-b2d3-5cb174295188,1970-01-01,0,Retail,1475.56,ESP,ARE,0,1,0,1,0
sdv-id-hrCluH,23ef5561-839e-4623-81d8-41d32a74b90c,1970-01-01,0,Travel,1163.66,ESP,ITA,1,0,1,0,0
sdv-id-Nxiprf,b04dee79-4ff6-408a-9135-6bfe6193dc3d,1970-01-01,0,Gaming,1396.97,ESP,ESP,0,0,1,1,0
sdv-id-RZxJpX,c33a8761-618f-478a-a66b-4b6db9ec28ff,1970-01-01,0,Gaming,606.21,ESP,DEU,1,1,1,0,0
sdv-id-cTShfT,0a2c827e-9832-4856-9434-0a033f07f814,1970-01-01,0,Gaming,579.64,ESP,JPN,0,1,1,0,1
sdv-id-mgSQkd,9dec2b83-3885-4f7e-af1a-25a829344e15,1970-01-01,0,Tech,932.21,ESP,UKR,0,1,0,0,0
sdv-id-YtruIQ,ef3dc5a8-9295-4d18-ac7c-44a8e6c9e05e,1970-01-01,0,Travel,1691.22,ESP,BRA,0,0,0,0,0
sdv-id-pUaqSq,0dff01ba-f0db-4ecb-8c87-6b1ca987799b,1970-01-01,0,Retail,2017.3,ESP,USA,1,1,1,1,0
sdv-id-lqtiTq,e9ebd446-2622-40d6-b23d-9820977e5877,1970-01-01,0,Retail,2191.86,ESP,BRA,0,1,1,1,0
sdv-id-iMdbbV,77215daa-5d97-4cdc-a209-56a81c684db0,1970-01-01,0,Retail,1350.28,ESP,ITA,1,0,1,1,1
sdv-id-jOvtwY,0614ac41-275c-45dc-afa0-8cbebf343ca7,1970-01-01,1,Food,1361.76,ESP,BGD,1,1,0,1,1
sdv-id-mLoeOq,fb1eaa6e-d19b-4b23-9602-3639047ad506,1970-01-01,1,Gaming,1547.72,ESP,PRT,1,1,0,0,1
sdv-id-XcJKIX,ad32a7c6-8b64-412c-9bd5-37b1c35adde3,1970-01-01,0,Retail,2424.49,ESP,CHN,0,0,1,1,0
sdv-id-LkmjGC,9fff8f80-2e01-42a2-8189-18c699a28e9a,1970-01-01,0,Food,2477.62,ESP,CHN,0,1,0,1,0
sdv-id-KAfENF,a310ca23-eddc-40d8-a3b6-83d4d3a35339,1970-01-01,0,Retail,411.25,ESP,ITA,1,1,0,0,1
sdv-id-SUzbKu,1bbbefac-7988-4901-a182-74339522eda1,1970-01-01,0,Retail,2019.63,ESP,PRT,1,1,1,0,0
sdv-id-BqDMxV,9d79c79e-0b9b-49e4-98e9-d1fd74c377c5,1970-01-01,0,Retail,1650.51,ESP,UKR,0,0,1,1,0
sdv-id-fwGmkx,9fb83bc9-2b62-4afd-902d-58d99d46df41,1970-01-01,3,Travel,1027.82,ESP,VNM,0,1,0,1,0
sdv-id-OnXSRN,1b6e6353-8d6e-4e62-88c6-7501b45f252f,1970-01-01,4,Retail,370.97,ESP,PRT,0,0,1,1,1
sdv-id-aVeVsW,ceb7803e-c3fc-4c0e-95c2-c94db3fdc2b8,1970-01-01,2,Retail,516.33,ESP,JPN,1,0,1,1,1
sdv-id-TeHRCj,735bea93-923a-4413-8778-9daee4787edc,1970-01-01,0,Travel,2104.29,ESP,NGA,0,1,1,0,0
sdv-id-MpGCvx,849b50bc-05e5-4461-8934-4b060790eeb4,1970-01-01,1,Retail,1664.76,ESP,IND,1,0,1,1,0
sdv-id-zynpGT,2d79a2d1-506e-40c7-baa0-61e9336b00cb,1970-01-01,0,Food,99.61,ESP,VNM,1,1,0,1,0
sdv-id-hWDolZ,d9c1ab2d-7b59-46b1-a734-bf111fa85609,1970-01-01,0,Tech,2398.26,ESP,RUS,0,1,0,0,0
sdv-id-cEwbRs,0abf1903-8b43-4eca-805a-adb5fd91aa63,1970-01-01,1,Gaming,1030.91,ESP,JPN,1,1,0,1,0
sdv-id-KriOms,7428a656-b3ee-4d3b-9a10-412954aebd1b,1970-01-01,5,Retail,226.45,ESP,ITA,1,1,1,1,0
sdv-id-SClIsi,cc0b200d-3ede-438e-8717-9ef331216863,1970-01-01,0,Tech,1264.76,ESP,ARE,0,1,0,1,1
sdv-id-GpIryE,806a29ad-f6b2-4778-be50-8d4d293a60be,1970-01-01,0,Travel,2357.21,ESP,RUS,1,0,1,1,0
sdv-id-dzxPqU,41c3c01d-a6bd-4f11-ab72-895b03c5607e,1970-01-01,0,Food,305.24,ESP,ITA,0,1,1,1,0
sdv-id-CFKyoD,a68f75ac-7491-4018-adc8-4e80a90bdc3a,1970-01-01,0,Gaming,102.11,ESP,ARE,1,1,1,1,1
sdv-id-UvTjep,f2f9ade1-59de-4c39-a171-582b9ec78199,1970-01-01,0,Gaming,1236.67,ESP,IND,0,0,1,1,0
sdv-id-fIYjSF,2cc09f87-399e-4823-a75f-58ba86052bef,1970-01-01,0,Food,889.41,ESP,IND,1,1,0,0,1
sdv-id-pbCgWR,57d66988-0133-49d1-a8ec-88eb60d2642e,1970-01-01,0,Travel,2418.28,ESP,RUS,0,1,1,1,1
sdv-id-uXZTnd,9b5c4b58-9c42-4665-bf3c-03a6357544ee,1970-01-01,0,Gaming,870.16,ESP,FRA,0,0,1,1,0
sdv-id-McVoxO,b253d218-6c4a-47ea-8906-17f2747b6dba,1970-01-01,0,Travel,2005.49,ESP,GBR,0,1,0,1,0
sdv-id-ZhslcF,ef4bd7a8-746b-402f-bebb-f6dfed84acc9,1970-01-01,0,Retail,2336.0,ESP,CHN,1,1,0,0,1
sdv-id-YyfOaC,d98d214f-c2ab-4876-b71b-d82d635589f4,1970-01-01,0,Gaming,956.62,ESP,NGA,0,1,0,1,0
sdv-id-TcLrwI,aa68a301-734a-494f-8ab9-e0dff4a3ee30,1970-01-01,0,Food,1899.58,ESP,BGD,0,1,0,0,1
sdv-id-DASspV,b8e44b7b-98fd-43b5-9575-cb44d5f8a246,1970-01-01,1,Retail,14.47,ESP,ITA,1,1,1,1,0
sdv-id-URzXmw,d0d74aa0-eecc-4146-9d7d-c0fd74cfb32b,1970-01-01,0,Food,588.08,ESP,GBR,1,1,0,1,0
sdv-id-zdgtZJ,bfd467e7-7491-450c-b75e-fed82d6b5953,1970-01-01,0,Travel,1862.79,ESP,JPN,1,1,1,1,0
sdv-id-DvIrbv,c7f4f4f9-8222-4ad3-aca3-91d47ba16dd7,1970-01-01,0,Gaming,817.67,ESP,FRA,1,1,0,0,1
sdv-id-UZdHPc,d751af9c-f9e6-4ebb-afe2-487f4fdfaf5d,1970-01-01,0,Travel,103.3,ESP,CHN,1,1,1,0,0
sdv-id-jGNewR,932cae01-d2c6-4ee4-a8d0-a2a8c4e7f7dd,1970-01-01,0,Retail,1548.08,ESP,ITA,0,1,0,1,0
sdv-id-rjqqRt,9cbf4d7d-e70c-4280-afa9-7de7619987c0,1970-01-01,2,Tech,1823.44,ESP,PRT,0,0,1,1,1
sdv-id-kkUEPK,2c9c763b-e454-4286-9dd9-76469d892032,1970-01-01,1,Food,461.79,ESP,UKR,0,1,1,1,0
sdv-id-gdOrSe,8ba17407-2663-4334-b4a1-7f7a709240bc,1970-01-01,1,Tech,1116.38,ESP,USA,1,0,0,1,1
sdv-id-aVEXjc,5cb5e69c-5dc7-43e6-a529-64ffc74cc890,1970-01-01,0,Retail,1210.25,ESP,CHN,1,1,1,1,0
sdv-id-zvWbAV,76e31e8e-f67f-4352-afbc-98349dd03cde,1970-01-01,0,Food,1719.78,ESP,PRT,0,1,1,0,0
sdv-id-KgIzYe,87cef9a2-9b75-459c-bf09-338c422aaaa7,1970-01-01,0,Retail,33.27,ESP,DEU,0,0,0,0,1
sdv-id-ZSzowa,c0d9863f-66bc-46f0-bd9e-d3fc5266cd86,1970-01-01,0,Travel,413.92,ESP,FRA,1,0,0,0,0
sdv-id-HQrdLB,21bddb41-0699-4731-9dcf-8766a93b12cd,1970-01-01,0,Travel,107.37,ESP,BRA,0,0,0,0,1
sdv-id-CtvfYk,6a36af18-06d3-4b93-ae33-688d597e6845,1970-01-01,0,Travel,615.81,ESP,JPN,0,0,1,0,1
sdv-id-XmCjdL,dc404104-91af-4892-a40f-f1c4e5ae01ed,1970-01-01,2,Retail,709.18,ESP,BRA,1,0,1,1,0
sdv-id-cqStOX,1415c20e-58dc-4a99-97d4-b6bd89c8521e,1970-01-01,0,Tech,1136.03,ESP,UKR,0,0,0,1,0
sdv-id-dEGrrh,c9cbc148-23b1-4124-9f94-a2f806444f36,1970-01-01,0,Gaming,1613.18,ESP,FRA,1,1,1,1,0
sdv-id-drfajA,9d88e7a4-f763-41e6-9f9f-9701b819544a,1970-01-01,0,Tech,58.04,ESP,CHN,1,1,1,1,0
sdv-id-EfWfdC,3f6eed9d-23cb-4943-8a84-000350834fef,1970-01-01,0,Travel,46.79,ESP,ARE,0,1,1,0,1
sdv-id-jSTDWs,852393d7-9a5d-476e-a02b-a25601dbeb73,1970-01-01,0,Gaming,1859.33,ESP,GBR,1,0,1,1,0
sdv-id-eXSUgG,da55f825-5086-4384-b33a-c54f62359144,1970-01-01,5,Food,594.73,ESP,PRT,0,0,0,1,0
sdv-id-tiNSLY,21a496a8-638b-4370-935d-1936d7d2f88f,1970-01-01,0,Tech,304.6,ESP,NGA,0,1,1,0,0
sdv-id-DaQCoi,38dd71fd-4b29-4ee5-9807-6bffbcae99f6,1970-01-01,4,Retail,1667.81,ESP,ARE,0,1,0,0,1
sdv-id-pikKqg,295d6fbf-430f-401d-bad4-09e2a319dcb4,1970-01-01,0,Gaming,1881.84,ESP,CHN,1,1,0,0,0
sdv-id-QrXSCl,4b5305e5-17d2-482e-846a-0df5cafda613,1970-01-01,0,Travel,1916.18,ESP,BRA,0,1,0,0,1
sdv-id-rfxhwo,86df605b-b0ce-4eff-934b-45a847165e93,1970-01-01,0,Retail,1019.06,ESP,ESP,0,1,1,0,0
sdv-id-oIqtVW,5256f928-bea8-4e9f-a911-fd6d0d586ee2,1970-01-01,0,Retail,410.07,ESP,BRA,0,0,1,1,0
sdv-id-eEeIAb,aef0244b-2c19-4e3d-a7fc-1bad76ca1cbe,1970-01-01,0,Tech,1494.74,ESP,PRT,0,1,0,1,0
sdv-id-QkMrIW,bec094b8-b02d-45b4-bccc-d4b3055c1cac,1970-01-01,3,Travel,320.17,ESP,BGD,1,0,0,1,1
sdv-id-JWOxTI,548e1f6b-69ce-4e4e-99a6-92c90d700ea4,1970-01-01,2,Travel,2392.76,ESP,BRA,1,0,1,0,1
sdv-id-vnTnNf,11586f46-7abd-4b0f-98e0-6ea2de5e78e5,1970-01-01,0,Gaming,881.97,ESP,ESP,1,0,0,0,0
sdv-id-ugcqKE,e4c4e73c-4c46-4ad8-a6c6-4e18fdce9d79,1970-01-01,3,Food,2171.54,ESP,RUS,1,0,0,0,0
sdv-id-aPPSKs,e74f232b-fb87-4271-9d9b-72b9e5ab686c,1970-01-01,0,Retail,2186.09,ESP,NGA,0,1,1,0,1
sdv-id-UOajsp,01e1af8f-8946-4e5b-a6fa-3d5c3678a41a,1970-01-01,2,Travel,2264.69,ESP,ITA,0,0,0,0,1
sdv-id-HnawUd,b9398e8e-25fc-47c7-9068-1724edcc6a95,1970-01-01,0,Gaming,2426.06,ESP,CHN,0,1,0,1,1
sdv-id-gnovOj,4674a0eb-47ed-46dd-9da4-ec0f21ee0f6c,1970-01-01,0,Travel,1812.92,ESP,BRA,0,1,0,1,1
sdv-id-QRiWQD,4a12c64f-921c-4875-9c52-6dd1fdfc4a9d,1970-01-01,0,Gaming,2276.31,ESP,BGD,1,0,0,1,0
sdv-id-CLpwlo,e0c2442e-eb38-4cdf-8fd8-2aba0a6dc4ac,1970-01-01,0,Gaming,218.23,ESP,FRA,1,1,1,0,1
sdv-id-FDuaaK,dc6bf2c8-db18-4d46-8029-d6335b9559d0,1970-01-01,0,Gaming,744.82,ESP,BGD,0,1,0,1,0
sdv-id-pKYRhv,7acf41f0-902f-4243-b3ef-baa905c66c4d,1970-01-01,5,Food,2291.74,ESP,UKR,1,0,0,0,1
sdv-id-tqQPtp,c8edabdd-4ef0-4f80-9d91-fe39d8014004,1970-01-01,3,Tech,883.32,ESP,BRA,1,0,0,0,1
sdv-id-zhugJj,d980a784-1857-48fa-826e-08b6a0b58a0c,1970-01-01,0,Tech,1602.06,ESP,GBR,1,1,1,0,1
sdv-id-IeXtuW,9c18e0ba-3eea-4cf0-93ff-d1ea14f872f6,1970-01-01,4,Tech,405.47,ESP,GBR,1,0,0,0,0
sdv-id-YexDKc,49e2b4f4-67b2-4af7-8938-3fb32018925e,1970-01-01,2,Food,1833.72,ESP,BRA,0,0,0,0,0
sdv-id-IBZIId,9e87e04c-a208-4977-a9f2-533683f4a9a9,1970-01-01,2,Gaming,1153.18,ESP,PRT,1,0,0,0,0
sdv-id-jTZNnS,cd72da7f-9af7-4848-b3ce-9813449a1d03,1970-01-01,4,Tech,223.2,ESP,PRT,1,0,1,1,0
sdv-id-bgiGaE,d783b9d0-5820-4a4f-8d18-5ea51740e77b,1970-01-01,0,Travel,158.49,ESP,JPN,1,0,1,0,1
sdv-id-pwMjqh,df40fe04-54cd-47b4-967f-017d9aa03078,1970-01-01,5,Tech,2307.72,ESP,ESP,0,1,1,0,1
sdv-id-KTkHYv,345512f7-01f7-47ec-8e06-30cd996d5c50,1970-01-01,0,Tech,1714.9,ESP,ITA,1,0,0,1,0
sdv-id-VScuMs,7acf41f0-902f-4243-b3ef-baa905c66c4d,1970-01-01,5,Tech,1559.62,ESP,VNM,0,1,0,1,0
sdv-id-tmBSig,d5bf1edb-3b79-4a1e-8d4f-2875df2ddf20,1970-01-01,0,Retail,2432.56,ESP,CHN,0,0,1,1,1
sdv-id-JmFAtl,58d0202b-75d5-4115-9ce8-b890cc6b3a6e,1970-01-01,0,Travel,1219.91,ESP,PRT,1,0,0,0,0
sdv-id-MCmIOJ,e0f02008-24a9-44d7-9b48-c6fb333f117b,1970-01-01,0,Gaming,865.4,ESP,BRA,0,1,0,0,0
sdv-id-TWjCAI,9d482c49-f53f-42d3-8df6-720520ff622c,1970-01-01,0,Gaming,1516.82,ESP,CHN,1,0,0,0,1
sdv-id-uQQhtZ,e57513a5-447a-4e2c-8e99-0457e0b1d762,1970-01-01,0,Tech,337.3,ESP,BRA,1,1,1,1,0
sdv-id-iuWAtQ,a44a0d54-472a-4d93-ac6e-7aa80e81a1fd,1970-01-01,0,Food,993.33,ESP,USA,0,0,0,1,1
sdv-id-WTiokj,199ae3da-aae3-4bc0-8a19-54ec4a3fcfda,1970-01-01,1,Travel,2053.46,ESP,GBR,0,1,1,0,1
sdv-id-puWIMo,420079f5-1dc3-426e-bb62-659e0700749a,1970-01-01,0,Gaming,1786.77,ESP,CHN,0,0,1,0,1
sdv-id-FMXGJG,198a6a0c-8bfc-446c-8ea9-e905e0e4fb32,1970-01-01,0,Gaming,8.87,ESP,PRT,0,0,0,1,0
sdv-id-BEhoPd,cf367c1b-9a6f-4965-9b5e-d35a2268645f,1970-01-01,0,Food,59.31,ESP,CHN,1,1,1,1,0
sdv-id-XDvYlv,eea00af9-6283-450f-9fdd-c20aebee30cf,1970-01-01,5,Gaming,2472.28,ESP,BGD,1,1,0,0,1
sdv-id-coMiaQ,248941f4-79a5-4d6f-a09d-63de44a3521a,1970-01-01,1,Retail,1093.65,ESP,FRA,1,0,0,0,0
sdv-id-GCAArA,58ed7798-9c26-4a1b-9c13-7f717a77a4de,1970-01-01,0,Tech,1649.19,ESP,JPN,1,0,0,0,0
sdv-id-dIWzOP,bf7c4122-0871-46e1-bfce-f7598b56abbc,1970-01-01,0,Retail,1276.74,ESP,VNM,1,1,0,0,1
sdv-id-UvamKU,84fbcda0-164e-43e0-b1aa-6e6de1dc5188,1970-01-01,0,Tech,2187.78,ESP,NGA,0,1,0,0,1
sdv-id-PiAkmF,bc2e2b59-2c7d-4667-b664-c7202fddb26a,1970-01-01,0,Retail,898.47,ESP,ITA,0,0,0,0,0
sdv-id-NnGDKO,4224b70e-c29f-46c7-9370-b983945730a5,1970-01-01,0,Food,470.79,ESP,JPN,0,1,0,1,0
sdv-id-VYFBPD,c918a346-c00c-400c-8458-b006332cce0a,1970-01-01,0,Travel,1818.93,ESP,FRA,0,1,0,1,0
sdv-id-rQdCAN,ad973b67-9b89-45cb-9942-644c248d31ec,1970-01-01,5,Tech,894.27,ESP,USA,0,1,0,1,0
sdv-id-kednqx,4a76a0ea-0b6b-4944-9e49-08c8290a42d2,1970-01-01,0,Gaming,1162.99,ESP,RUS,0,0,1,0,1
sdv-id-GBHbPo,372bb847-c712-423d-9595-212570db85f9,1970-01-01,1,Gaming,1807.4,ESP,UKR,1,0,0,0,1
sdv-id-JgLLan,445dff54-427f-4c4b-b5ed-76cfcc29a582,1970-01-01,0,Gaming,2432.79,ESP,GBR,1,0,0,1,0
sdv-id-DWXOBN,8f72d6af-e825-449a-9899-39bada7aee9f,1970-01-01,0,Travel,1914.15,ESP,JPN,0,1,0,1,0
sdv-id-LSYmXy,1a531cf9-b3a4-4d11-bbd5-ea4d3446d700,1970-01-01,0,Gaming,726.85,ESP,GBR,1,0,0,1,1
sdv-id-PJTmwk,5e6e7e00-dc12-4f44-80f3-78ccebb06b15,1970-01-01,0,Travel,2268.09,ESP,ITA,1,0,1,0,1
sdv-id-fuUPCd,e5d23d41-12a1-420b-91d4-6f582b728139,1970-01-01,0,Food,356.66,ESP,PRT,1,0,1,1,1
sdv-id-pIVYGK,ff2d10f4-1555-4b95-b377-7cff1987e58e,1970-01-01,3,Retail,1535.26,ESP,RUS,0,0,0,1,0
sdv-id-xJhNMp,e79bd439-4236-4b0e-9e2f-9c71b6a033e6,1970-01-01,0,Tech,606.05,ESP,ESP,1,0,0,0,1
sdv-id-UvAmeO,3d76c659-256d-4405-b93d-f0b6b60301aa,1970-01-01,0,Food,1377.49,ESP,BRA,0,1,0,0,1
sdv-id-wGInED,3f58282a-899c-4e9a-8119-1db3bd26551f,1970-01-01,1,Tech,382.4,ESP,USA,1,0,1,1,0
sdv-id-FqKbzy,25dfac07-5806-4bae-ba5f-afdb512339fa,1970-01-01,0,Travel,1453.03,ESP,PRT,0,0,1,1,0
sdv-id-UXGpNZ,94743809-8717-4af0-a52b-d100e20e22b8,1970-01-01,5,Gaming,1488.76,ESP,IND,0,0,0,0,1
sdv-id-iyHqLL,2c6fc084-c04a-4f68-9aab-1efb0838f528,1970-01-01,0,Tech,1039.37,ESP,CHN,0,0,1,1,0
sdv-id-wqBSBY,b9cd213b-5748-418a-8700-1750c1db480a,1970-01-01,1,Food,806.24,ESP,PRT,1,0,1,0,0
sdv-id-wGUOiH,fe600c12-da87-46db-8338-b815cd9afa65,1970-01-01,0,Tech,46.65,ESP,ESP,1,0,0,0,0
sdv-id-MWkloN,5d124a22-33d9-414f-bdca-f0893a768ae2,1970-01-01,0,Tech,1095.53,ESP,DEU,1,0,0,1,0
sdv-id-dXdfLK,96c78cad-304e-461b-a943-b1548d6eb73f,1970-01-01,0,Travel,1317.2,ESP,FRA,1,0,0,1,0
sdv-id-BistTo,25b85a8e-2fa0-4dbd-811e-6a9de6aa2fe6,1970-01-01,0,Food,1190.14,ESP,UKR,0,1,1,0,0
sdv-id-JIUlWH,f168c605-ce1a-4669-9bbc-6cbc409ca8f2,1970-01-01,3,Gaming,1231.02,ESP,FRA,0,1,1,0,0
sdv-id-WaxJBb,2ec46bfe-bd4b-49cd-8c19-e0ac418df073,1970-01-01,3,Tech,1733.63,ESP,ITA,0,1,0,0,0
sdv-id-lflDVF,725aa10d-63fe-457c-a5d4-ec1951fc4c23,1970-01-01,0,Tech,454.41,ESP,NGA,0,0,0,1,0
sdv-id-wEBkox,b06f0681-4b98-42c5-97aa-5681428f54aa,1970-01-01,0,Tech,2132.02,ESP,FRA,1,1,1,0,1
sdv-id-UsaFOE,55545bb9-7622-459a-9d20-525ebbdcdd1f,1970-01-01,0,Food,1519.63,ESP,BGD,1,1,1,0,1
sdv-id-JAdkaF,f5321352-b544-48e4-9f2d-a344a3596667,1970-01-01,1,Food,712.18,ESP,ARE,0,1,1,0,1
sdv-id-DnOLUG,d5f0fb6a-4596-4a75-b4df-b83ff659f188,1970-01-01,0,Food,952.94,ESP,USA,1,1,1,1,1
sdv-id-SSQqAf,a538c6a7-0565-4e80-8ee4-5227d2450039,1970-01-01,1,Retail,1760.04,ESP,BGD,1,1,0,1,1
sdv-id-fHRDKI,ac9204b4-0306-4258-8227-b8d5b0701a53,1970-01-01,2,Travel,2278.4,ESP,NGA,0,0,0,1,0
sdv-id-jnYhVd,db4862c2-d5ff-4a1f-b70b-9a290a530df9,1970-01-01,1,Retail,770.32,ESP,ARE,1,1,1,1,0
sdv-id-RUqzEn,aefcfad8-efc8-4849-b3aa-7efe4458a885,1970-01-01,0,Gaming,594.73,ESP,FRA,1,1,1,0,1
sdv-id-YBPthW,8df21ad5-2d36-4b7e-b3ff-b402a5d5bbf9,1970-01-01,5,Gaming,2263.92,ESP,DEU,0,1,1,0,1
sdv-id-DsIgfP,60ee64ba-a4b0-418e-8ced-470739034b65,1970-01-01,1,Food,648.44,ESP,ARE,0,1,0,0,0
sdv-id-KuLbIp,f2f9ade1-59de-4c39-a171-582b9ec78199,1970-01-01,0,Tech,2151.47,ESP,BGD,1,0,0,0,1
sdv-id-xXmuES,b257e257-cc4a-402c-8f49-94e07ab16533,1970-01-01,3,Gaming,435.42,ESP,ITA,0,1,0,1,0
sdv-id-yVlnSi,fb8985bc-027d-4094-8c53-32b310d5d5b8,1970-01-01,0,Retail,372.17,ESP,UKR,0,0,0,1,0
sdv-id-FMIBEm,dd8181b2-f523-4ab5-9aa9-f6dcaf493e2f,1970-01-01,1,Tech,1512.13,ESP,CHN,0,0,0,1,0
sdv-id-FiSDfT,693da46c-37f3-4aac-a2ad-828b113c9f25,1970-01-01,0,Retail,520.53,ESP,RUS,1,0,1,0,0
sdv-id-OWHGlv,8268690b-a438-45b5-99e4-b6714774bc58,1970-01-01,0,Gaming,1503.46,ESP,JPN,1,0,1,1,0
sdv-id-kgBIoV,4814e14e-b5bc-4efc-87e4-02c5e05a2a8a,1970-01-01,0,Food,212.84,ESP,IND,1,1,1,1,0
sdv-id-twpWMo,23cc6ecc-60b6-4cc6-9f58-1cc50c14bea9,1970-01-01,0,Food,1725.7,ESP,PRT,0,0,1,1,1
sdv-id-ZONdMf,ace1415e-4830-4db7-8810-a1690257ac68,1970-01-01,0,Retail,2243.05,ESP,RUS,0,0,1,0,0
sdv-id-IrOJRt,6a9f687a-d04f-4197-94c0-df2891b5fcb4,1970-01-01,0,Food,702.32,ESP,GBR,0,1,0,0,1
sdv-id-ZYxvrE,0f9027d5-90f0-447c-b4af-80050ba24c4f,1970-01-01,0,Retail,612.18,ESP,VNM,1,1,0,1,1
sdv-id-XVoiZf,54fd9ad3-9716-408e-b721-69bb80962718,1970-01-01,4,Travel,1195.86,ESP,FRA,0,0,1,0,1
sdv-id-EaQjwC,15458478-5865-4721-bc25-7ff18fb30b07,1970-01-01,0,Retail,2347.52,ESP,GBR,1,1,0,1,1
sdv-id-VCydZg,318beb4e-8251-4fd9-b41f-acd11344c2f6,1970-01-01,0,Tech,798.47,ESP,ITA,0,1,1,1,0
sdv-id-lqhhkt,7a5d7c82-86c5-447c-851a-00393803dcee,1970-01-01,0,Retail,636.99,ESP,IND,1,0,0,1,0
sdv-id-VwkaOx,b93c3567-b432-4669-ad5b-a4d9ea14c6e5,1970-01-01,5,Retail,733.41,ESP,RUS,0,1,0,1,1
sdv-id-NHfrPS,edb49f8d-e606-432f-920d-5830ba5b70e7,1970-01-01,0,Retail,2468.31,ESP,USA,0,1,0,1,1
sdv-id-JLzDLl,ded255d0-bf1e-4366-8b8e-63d4ce7607ad,1970-01-01,0,Gaming,68.87,ESP,DEU,1,0,0,1,0
sdv-id-onWeKX,f801a8bf-1467-473a-9507-14a73aac2179,1970-01-01,0,Retail,681.33,ESP,BGD,0,1,0,1,1
sdv-id-GryTvB,8db4daaa-831f-4884-9c17-4363bc44cb36,1970-01-01,0,Gaming,677.81,ESP,IND,0,0,1,0,0
sdv-id-BHEvyu,13da3505-3daa-4e57-b084-aab8cf152c06,1970-01-01,0,Food,2126.31,ESP,CHN,1,1,0,0,0
sdv-id-DDfYiw,a9d3c2e6-505c-4686-9f87-1ce75487fd4f,1970-01-01,5,Retail,1725.74,ESP,JPN,1,1,1,1,0
sdv-id-vtTYDD,0a3e4918-6e4f-4ea3-b0ad-16f7db1fb4d4,1970-01-01,0,Tech,2451.43,ESP,IND,0,1,1,0,1
sdv-id-ACxwBM,7b1137b3-bb84-417e-b17b-b80020d6697c,1970-01-01,0,Food,467.86,ESP,ARE,1,0,0,1,0
sdv-id-sipfxt,541a1fab-8c6c-4191-a92b-c7c4495fe032,1970-01-01,0,Retail,482.54,ESP,GBR,1,0,1,1,0
sdv-id-PSgjsk,dbc21e42-fd0d-4cb1-8916-7a93ada63c4b,1970-01-01,0,Tech,1986.05,ESP,ITA,1,1,0,0,1
sdv-id-dnDLym,b166681c-b2c2-4691-aa74-b216e66d8edc,1970-01-01,0,Gaming,1327.28,ESP,USA,1,1,0,1,0
sdv-id-biSDcf,b0c5b8f2-5ab4-45ac-969c-16ba30e5f5eb,1970-01-01,0,Retail,307.97,ESP,ESP,1,1,1,1,0
sdv-id-qvvOlO,b2676a5d-e869-441d-9089-94b189b21c3b,1970-01-01,0,Tech,877.62,ESP,BGD,0,1,1,1,1
sdv-id-ZHQrHJ,a6b78891-bc3d-4bfc-b216-7340bf95ff33,1970-01-01,0,Food,160.03,ESP,VNM,0,0,1,0,0
sdv-id-UtLIGD,599f5901-e65c-4d51-ae40-1311c973c84e,1970-01-01,0,Retail,141.96,ESP,PRT,1,0,1,1,0
sdv-id-DgTrqe,7f37c8f7-5dfe-477c-9ea0-f4f1d8355a00,1970-01-01,0,Food,1849.08,ESP,USA,1,0,0,0,0
sdv-id-CufgQo,223bd9be-b11c-420e-a9fd-197204105bd1,1970-01-01,0,Food,2201.08,ESP,RUS,1,0,1,0,1
sdv-id-eUCKKH,861d3a8f-d24c-49a6-b776-fc5da2d99503,1970-01-01,5,Travel,726.31,ESP,PRT,1,0,0,1,1
sdv-id-wqgjpG,f7bf5244-7db2-47aa-a205-e54fb1e8c09d,1970-01-01,0,Retail,1435.4,ESP,BRA,1,0,1,1,0
sdv-id-ToeawG,4cd7e6f7-433e-4d2c-a76e-1d6700a0586e,1970-01-01,0,Tech,1109.51,ESP,ARE,1,0,1,0,0
sdv-id-rvPcUd,3d46aa7f-9392-4100-9b32-bc3b0c7acf96,1970-01-01,0,Travel,622.3,ESP,ITA,0,0,1,1,0
sdv-id-CrHheF,4b079752-a934-49ae-bd66-c203ddc8ca37,1970-01-01,0,Food,1282.45,ESP,ESP,1,1,1,0,1
sdv-id-DiTcti,03edd1f8-74f9-4d17-a912-b4bf86a4bae4,1970-01-01,1,Retail,1011.31,ESP,BGD,0,0,0,0,1
sdv-id-xwaACU,7230b85b-27d8-4ea0-a53d-171fc0bde748,1970-01-01,0,Tech,1444.18,ESP,ITA,1,1,1,0,1
sdv-id-jqoXBN,a92a9880-3684-4339-bfcb-cf3193ac009a,1970-01-01,0,Travel,1038.3,ESP,JPN,0,0,1,1,0
sdv-id-bdGeIA,f8c88fae-a217-4f84-bdb0-25ff2451e5a4,1970-01-01,0,Travel,571.12,ESP,CHN,1,0,1,0,1
sdv-id-mAvgDS,4565e77f-f7f2-4d96-8823-bd8aefd18b7b,1970-01-01,0,Gaming,1612.55,ESP,IND,1,1,0,1,0
sdv-id-zvZXOZ,fc1b3217-83eb-4e95-9891-0c365dc57345,1970-01-01,0,Travel,1382.05,ESP,DEU,1,1,0,1,0
sdv-id-xAhcsS,0cc8fa21-b601-45b2-81c3-63cd7add3695,1970-01-01,0,Retail,573.82,ESP,ARE,0,0,0,1,0
sdv-id-hrrtLn,37663e35-cdba-4cac-be85-f617f17e993d,1970-01-01,0,Retail,1067.33,ESP,ESP,0,1,0,0,1
sdv-id-HrAFjF,61ee411a-1bac-47a7-b386-f7a4c991603f,1970-01-01,0,Tech,1723.07,ESP,IND,0,0,0,0,0
sdv-id-ryVQbF,ef2adff8-cea4-49c4-9eca-df24f0d1fa72,1970-01-01,0,Food,1916.32,ESP,CHN,0,1,1,0,0
sdv-id-YfKpBc,c971d849-e3fb-4c48-9cf1-16dcc4b03ad1,1970-01-01,0,Travel,1851.78,ESP,IND,1,0,0,0,1
sdv-id-GwODnb,6150e216-2fd0-49b1-9f68-1283d4bed77b,1970-01-01,2,Gaming,942.32,ESP,RUS,0,0,0,1,1
sdv-id-UiOQHg,c4e3f862-41a5-42f0-bb3c-8d94b2894d6f,1970-01-01,5,Tech,1454.98,ESP,IND,1,0,0,1,0
sdv-id-BOstEc,534b3dbb-7a14-430b-8742-45861034794e,1970-01-01,4,Tech,435.41,ESP,ITA,0,0,1,0,0
sdv-id-zbGFma,367d9053-bec2-440d-b0b8-1b2952044e75,1970-01-01,0,Retail,1339.26,ESP,ARE,0,1,1,1,0
sdv-id-sITuBD,686cd27d-fd59-4efd-bd14-01de827aae2c,1970-01-01,3,Food,2340.68,ESP,GBR,0,1,0,0,1
sdv-id-MylyHD,cd320878-e83e-43a0-9445-587e6ff6881f,1970-01-01,0,Travel,1805.31,ESP,ITA,0,1,1,1,0
sdv-id-UqSoUY,289ac251-52b4-44e8-afab-cd734fe66636,1970-01-01,0,Food,504.06,ESP,VNM,0,1,1,0,1
sdv-id-HkusML,8d4363a2-3f2d-4955-b8f3-0ce351ef467b,1970-01-01,2,Gaming,1993.13,ESP,PRT,0,1,1,0,1
sdv-id-roQHbp,0dec644c-da2d-4156-913a-1734ccb68571,1970-01-01,4,Food,1958.95,ESP,ARE,1,1,0,1,0
sdv-id-yKUDio,47660299-8429-4d10-acd9-1139cc6262d5,1970-01-01,0,Retail,1072.81,ESP,ARE,0,0,1,0,0
sdv-id-ncqspa,1d69047d-d29c-4307-a3b5-4f0456a372ff,1970-01-01,5,Travel,1166.49,ESP,FRA,0,1,0,1,1
sdv-id-zBsyTw,96721e98-5d84-46e0-a0e6-96ffa75743f9,1970-01-01,0,Travel,1303.99,ESP,DEU,1,0,0,1,0
sdv-id-HOYSLk,be2d740a-1e9b-43bc-90c7-c006314d3441,1970-01-01,5,Gaming,200.32,ESP,BGD,1,0,0,1,0
sdv-id-anHhYE,4362262d-e07e-4721-a71d-6ba3486dce57,1970-01-01,0,Travel,1632.98,ESP,DEU,1,1,1,0,0
sdv-id-hYHgTd,28a625e1-4133-4ed1-9821-8c7556c8c3c7,1970-01-01,0,Tech,2010.75,ESP,ARE,0,1,1,1,1
sdv-id-qKCyKW,39323a07-2ec3-48e0-8d62-00500b3b5efa,1970-01-01,0,Food,1655.19,ESP,FRA,0,1,0,0,1
sdv-id-dtlMCp,a3c595c8-fd54-44ec-afe4-fdbb4d6fc7e3,1970-01-01,0,Travel,1161.71,ESP,BRA,1,1,1,1,0
sdv-id-PRcmqp,a38bbaa4-4fe8-48d8-822c-a6a893daf60d,1970-01-01,3,Tech,2229.06,ESP,CHN,0,1,0,0,0
sdv-id-MNiKtA,06e2e080-2a0f-41e4-b229-0f1c8e68d0c1,1970-01-01,0,Tech,104.34,ESP,ARE,0,0,1,0,1
sdv-id-RklrQy,aee4f488-df41-4155-98d2-bfd058622bb4,1970-01-01,0,Retail,7.19,ESP,IND,0,0,0,1,0
sdv-id-iKaEFc,73cd050a-3bc8-4160-bd97-7c5f75aec072,1970-01-01,0,Retail,2068.92,ESP,ESP,1,0,0,0,1
sdv-id-PjqQqE,45f3dc5a-ad68-4b45-82de-b2e6c37a927b,1970-01-01,0,Travel,102.29,ESP,FRA,0,1,0,0,1
sdv-id-GZijFv,c1bf7df8-7ead-43bc-a76a-504cdbeb21e2,1970-01-01,0,Retail,500.46,ESP,BRA,1,1,1,0,1
sdv-id-RADlqg,4cd7e6f7-433e-4d2c-a76e-1d6700a0586e,1970-01-01,0,Gaming,1928.37,ESP,USA,0,0,1,0,1
sdv-id-xTxaqo,3347216c-7a7d-4d78-a70c-ada1c783870a,1970-01-01,3,Food,1981.91,ESP,ARE,0,0,0,0,0
sdv-id-CMvrmh,24ea2f78-24fa-450e-ac70-d93aa260f227,1970-01-01,4,Tech,2447.27,ESP,JPN,1,0,1,0,0
sdv-id-KpGpwl,e5278ea2-c80c-4031-8c21-4b4ef80ceb1a,1970-01-01,0,Retail,1652.54,ESP,PRT,1,0,1,0,1
sdv-id-gXErMX,54ddbff4-0d81-439d-9e95-2d1ddcbc5e3f,1970-01-01,0,Tech,1830.49,ESP,GBR,1,1,0,0,1
sdv-id-BfbwPF,9fafc17e-92a2-419d-b4c7-0241990cb8bf,1970-01-01,0,Retail,2129.44,ESP,UKR,0,0,0,1,0
sdv-id-fpvilZ,e5c482ff-5e5a-40c1-92a4-73f94c9e903a,1970-01-01,0,Retail,129.33,ESP,RUS,1,0,0,0,0
sdv-id-rGtZUK,6a36af18-06d3-4b93-ae33-688d597e6845,1970-01-01,0,Travel,1065.04,ESP,NGA,1,0,0,0,1
sdv-id-hUtYMF,91be48c3-2329-4406-9bac-0279a66b3d83,1970-01-01,0,Retail,1521.27,ESP,ESP,0,0,0,1,0
sdv-id-EVQAtJ,adb94a81-6843-44a1-b3c1-114d4e8a10cb,1970-01-01,0,Food,551.46,ESP,UKR,0,0,1,0,0
sdv-id-GGldLr,acdf286c-04d4-45cb-b204-11c9e8f2b844,1970-01-01,0,Tech,1901.9,ESP,CHN,0,1,0,0,1
sdv-id-OWSmgk,64ab851b-f1fa-46e7-970d-750705eee1d4,1970-01-01,0,Food,1926.96,ESP,BGD,0,1,0,1,0
sdv-id-pxmEvN,c4a360a6-925d-4ff4-8566-4da48422edc7,1970-01-01,3,Gaming,1876.24,ESP,UKR,0,1,1,1,0
sdv-id-wmZxEM,d751af9c-f9e6-4ebb-afe2-487f4fdfaf5d,1970-01-01,0,Tech,1542.1,ESP,BRA,0,0,1,1,0
sdv-id-htUOBx,41241bb4-655c-4508-8592-bfa5b928e23f,1970-01-01,0,Travel,1312.74,ESP,ARE,0,1,0,0,0
sdv-id-PfbBIm,afca225a-fc7c-4c3e-99dc-e8191841d873,1970-01-01,3,Tech,1986.34,ESP,FRA,1,0,1,1,0
sdv-id-LnLuzz,f996cbae-99b8-4c76-87cb-5208e94e1303,1970-01-01,0,Gaming,382.99,ESP,IND,1,0,1,0,1
sdv-id-rbQJgP,74ed53ce-ef0e-4fd3-b398-39aa7e95b992,1970-01-01,0,Gaming,140.86,ESP,BRA,1,0,0,1,0
sdv-id-rLnOPW,c33a8761-618f-478a-a66b-4b6db9ec28ff,1970-01-01,0,Travel,1575.14,ESP,PRT,0,1,0,0,0
sdv-id-oJsxxZ,3ab742a1-4cfa-4f8a-a6e9-97aed909f489,1970-01-01,0,Food,2327.25,ESP,RUS,1,1,1,0,1
sdv-id-nymCVE,3c861a6a-f55d-48b9-929f-9fa53b6a38cf,1970-01-01,0,Gaming,722.75,ESP,USA,0,1,0,0,1
sdv-id-rOsfKo,525f38eb-00fc-4ce3-98ab-202bdf7ad7b0,1970-01-01,3,Gaming,1329.99,ESP,ITA,0,1,0,1,0
sdv-id-ejUpbs,d69c15b2-224f-4444-a8f7-5fed0ae700f7,1970-01-01,5,Food,1130.04,ESP,DEU,1,1,1,0,1
sdv-id-OJStRj,dcb9d394-e8ac-44c4-b6b9-824010416cbc,1970-01-01,2,Food,86.37,ESP,ITA,0,0,0,0,1
sdv-id-wWqYFT,6725be25-9209-4726-889f-c7771b9894c5,1970-01-01,0,Travel,2317.17,ESP,ESP,0,0,1,0,0
sdv-id-JHxERl,e67ae19a-3c67-46b0-bf18-4a88f02d81dd,1970-01-01,0,Food,1028.05,ESP,CHN,1,1,1,1,0
sdv-id-QXsYzg,4c80d6c6-11b1-44fc-8f65-4132a9f42e23,1970-01-01,0,Food,269.07,ESP,RUS,1,1,0,1,1
sdv-id-tTIhuO,d0af7986-2937-47e9-9752-db082e86d47e,1970-01-01,0,Food,2384.79,ESP,IND,0,0,0,1,1
sdv-id-hKeiqY,946cf4be-e134-4504-a964-aa991728c576,1970-01-01,0,Food,1371.32,ESP,UKR,1,0,1,1,0
sdv-id-btlpOm,9696e833-4728-4df6-8532-499e08a43ec0,1970-01-01,1,Retail,2091.55,ESP,VNM,0,1,1,1,1
sdv-id-rWhhOE,75d1d776-14c0-4f6d-8764-51d3275dd459,1970-01-01,0,Food,2330.48,ESP,DEU,0,1,1,0,0
sdv-id-BmltVM,a5aa9765-a8d3-4b7d-be0c-5ec5df748fb5,1970-01-01,0,Gaming,175.42,ESP,JPN,0,1,1,1,0
sdv-id-bktqyw,58625813-b28d-4506-b130-5648a6ebe702,1970-01-01,1,Tech,161.75,ESP,NGA,1,0,1,0,1
sdv-id-AyjYcN,008d4127-6104-41e3-aa25-a8880f02bad0,1970-01-01,0,Gaming,1918.61,ESP,CHN,0,1,0,0,0
sdv-id-dnwwPU,72fcc072-544c-4132-9af9-7493e8e46b31,1970-01-01,0,Gaming,20.47,ESP,BGD,0,0,0,1,0
sdv-id-YpeqYw,3730dfba-6494-4d5c-9a29-6905ee22a70b,1970-01-01,0,Food,1201.99,ESP,JPN,0,1,1,1,0
sdv-id-EeMJSZ,3af31608-b0ea-44df-9a94-ca8a10134e94,1970-01-01,0,Travel,1468.76,ESP,BRA,1,1,1,1,1
sdv-id-vSywcY,d58842de-a2bc-472f-b412-b29347294739,1970-01-01,0,Retail,2360.98,ESP,CHN,1,1,1,0,1
sdv-id-gsleLQ,ecc9d15a-e10b-4781-9d75-18d42e7e4cef,1970-01-01,0,Gaming,667.84,ESP,ARE,1,0,0,1,0
sdv-id-YkPpUj,b81f9c64-1cc1-4f92-af77-e12497a35a49,1970-01-01,0,Travel,2145.06,ESP,PRT,0,1,1,1,1
sdv-id-CHXcSn,f9285706-577c-4717-836a-58870a5a2698,1970-01-01,0,Tech,1137.24,ESP,IND,1,1,0,1,0
sdv-id-ylBAzp,721df83c-b464-49f4-b163-b27430c041a9,1970-01-01,5,Food,653.76,ESP,GBR,1,1,1,1,0
sdv-id-fEVUsk,719d722f-2dc4-4065-98fb-d54243b76bf2,1970-01-01,0,Gaming,1081.52,ESP,FRA,0,1,1,0,0
sdv-id-frXOSj,cba88a28-1727-40d8-bdf1-02c2b9b4c225,1970-01-01,4,Travel,175.8,ESP,CHN,0,0,0,1,1
sdv-id-UqzXqW,ce7ae7f6-3982-4cff-8f77-a665ac3c5640,1970-01-01,0,Retail,1038.28,ESP,CHN,1,0,0,0,1
sdv-id-ZhPKYd,c59ac867-b844-41e9-b5ba-f0bd455a14d6,1970-01-01,0,Gaming,2464.3,ESP,VNM,1,1,1,0,0
sdv-id-PgyYfP,13b8905e-b291-49a9-a269-53e60caa73c9,1970-01-01,0,Food,1403.5,ESP,RUS,0,0,0,1,1
sdv-id-WSyjPg,afc93fac-af0c-463b-8593-49d143cb74f5,1970-01-01,0,Gaming,302.05,ESP,ARE,1,1,1,1,0
sdv-id-HgwUfx,2977fb6e-29d2-45d6-8c03-b6d6f27eec3b,1970-01-01,0,Retail,2471.06,ESP,DEU,0,0,1,1,1
sdv-id-IApSDl,a30bd3b5-58fe-4bd2-b41d-85cdc9257285,1970-01-01,5,Tech,2494.33,ESP,RUS,1,1,0,0,1
sdv-id-pLmWzv,b5cbe3f5-6a66-4184-bde1-bf5daf4847f0,1970-01-01,0,Gaming,107.4,ESP,IND,1,1,0,1,0
sdv-id-uHgghY,f6d20b48-7477-4444-8a17-c5acccdf1d3e,1970-01-01,0,Food,2404.56,ESP,IND,1,1,1,1,0
sdv-id-LgGACK,76185aee-62cc-43b9-85a3-3467b110f489,1970-01-01,1,Gaming,80.08,ESP,ARE,0,1,0,1,0
sdv-id-kogHlA,70d0ebcb-6949-4ce5-a339-5b1a1ce97871,1970-01-01,0,Food,2321.98,ESP,IND,0,1,0,1,0
sdv-id-jLbDFU,338a673a-2777-4076-b1dc-b5e1eb1797ed,1970-01-01,1,Retail,703.24,ESP,RUS,0,1,1,0,1
sdv-id-nQUleS,5ea9f259-45c8-4249-b0fb-b28e0d9bb3b5,1970-01-01,0,Gaming,727.56,ESP,FRA,0,1,0,1,1
sdv-id-zKwqYa,0cf2b69b-0577-4ea9-b899-924698de8ebb,1970-01-01,0,Travel,313.63,ESP,VNM,1,0,0,0,1
sdv-id-qQpEea,d85195ac-d3aa-4b27-90f3-2ab5df586eff,1970-01-01,0,Gaming,538.65,ESP,BRA,1,0,0,0,1
sdv-id-KLEcJP,37df79d8-30bd-473a-9f0b-2be660404c51,1970-01-01,0,Gaming,2020.46,ESP,RUS,1,0,1,0,1
sdv-id-VhXcXE,14c62aba-89c2-4ba5-a48d-f4c0c330ec14,1970-01-01,0,Food,2341.08,ESP,UKR,0,1,0,1,1
sdv-id-gfzEVn,15534416-bf3a-4509-a66e-cec56852833e,1970-01-01,5,Retail,325.19,ESP,UKR,1,1,1,1,0
sdv-id-PxhRzr,b0cab249-7b41-4aed-90c0-e6074a633fc3,1970-01-01,0,Tech,471.51,ESP,FRA,0,0,0,0,1
sdv-id-jAuyuZ,11defebf-9e98-461d-88fe-bf6d199c8d94,1970-01-01,0,Gaming,2182.14,ESP,VNM,0,0,1,0,1
sdv-id-mEyMKX,9645dec1-840d-414b-bbd5-48637974c90b,1970-01-01,0,Gaming,1788.5,ESP,VNM,0,1,1,1,1
sdv-id-vIjpCx,a444c040-4663-4755-a5b0-163908954db1,1970-01-01,0,Tech,1250.82,ESP,DEU,1,0,0,0,1
sdv-id-MEXKdQ,901919b7-26da-4a1c-87a9-ff3099d6f609,1970-01-01,3,Gaming,812.79,ESP,JPN,0,1,1,1,0
sdv-id-tvNkbO,00595e29-a226-475b-b432-ece976dc16b5,1970-01-01,0,Gaming,646.51,ESP,NGA,1,1,0,1,0
sdv-id-sqZxZh,78d9a88a-ef0b-4a4f-bc73-7d9211ab3d11,1970-01-01,2,Travel,1307.9,ESP,ITA,1,0,0,1,0
sdv-id-RYUulS,44fcc054-cfc1-4689-8953-4e152ea37b78,1970-01-01,3,Tech,476.37,ESP,ARE,0,0,0,0,1
sdv-id-WxPTkh,4362262d-e07e-4721-a71d-6ba3486dce57,1970-01-01,0,Food,1252.92,ESP,GBR,0,1,0,0,1
sdv-id-kwNHPH,b34efd5b-6e73-4276-b065-42ee2e519870,1970-01-01,0,Food,1986.59,ESP,JPN,1,1,1,0,0
sdv-id-obYOEv,31ab2c49-ec81-4e3e-a66a-786114941dbd,1970-01-01,0,Food,1214.96,ESP,DEU,0,0,0,1,0
sdv-id-PXoDMP,2d085b30-619a-47cd-a2c0-45e664176a88,1970-01-01,4,Travel,2068.06,ESP,PRT,0,0,1,0,1
sdv-id-aMwZQQ,693c3019-a31d-44f8-879c-b953b942190f,1970-01-01,0,Travel,770.55,ESP,USA,0,0,0,1,1
sdv-id-hIiWJB,c4130c74-6bf4-4fd0-9dca-4b450de27365,1970-01-01,0,Gaming,2288.19,ESP,BGD,1,0,1,0,1
sdv-id-XEwrRe,0473b982-d1a5-49db-8b90-b03d1c00b895,1970-01-01,1,Gaming,2013.6,ESP,ITA,1,0,0,0,1
sdv-id-GdJZCN,624a2a50-d0b1-4de0-b1f3-f0c022f3f068,1970-01-01,1,Tech,821.05,ESP,ARE,0,0,1,1,1
sdv-id-gWVyOY,e83f4e25-8e36-4254-901d-c98b7c7519b7,1970-01-01,0,Travel,1447.16,ESP,ARE,1,0,0,1,0
sdv-id-mjgSDi,2b66201c-f21d-46e7-99e0-7cbd17342957,1970-01-01,0,Gaming,1064.23,ESP,UKR,1,1,1,0,0
sdv-id-tRxcid,aebfaef7-c940-438d-b673-99cd7aa38b4e,1970-01-01,0,Travel,1496.38,ESP,BRA,1,0,1,1,0
sdv-id-rXELzP,7590a2f6-b095-4247-af51-f151687862c4,1970-01-01,5,Food,1075.32,ESP,ITA,0,1,1,0,1
sdv-id-tGQoHo,cfb30320-e9bd-4511-8ad6-34a7f6a64d7f,1970-01-01,0,Retail,2043.38,ESP,VNM,1,1,0,1,0
sdv-id-dVXhzX,fc75de3d-d473-43b5-852a-2da70e00583d,1970-01-01,1,Tech,1507.22,ESP,ITA,1,0,0,0,1
sdv-id-guLHVb,6ee2f9bf-8ad3-43b1-977d-d689a98d61ec,1970-01-01,5,Food,1015.53,ESP,PRT,1,0,0,0,0
sdv-id-TsCKnT,af1e0ecd-c555-430a-8985-8ab5c54f447e,1970-01-01,0,Gaming,1073.55,ESP,ITA,1,0,0,0,1
sdv-id-xMCnxf,d3916dcf-d6ca-4e2c-a60e-37cc62874624,1970-01-01,0,Tech,185.48,ESP,ARE,1,0,1,1,0
sdv-id-YSjdxZ,e0e660c2-b477-4af7-b8d7-e825bd6f6707,1970-01-01,0,Gaming,88.3,ESP,RUS,0,0,0,0,1
sdv-id-accJAT,70adf7ed-4277-471c-9694-4fa8afb77dcd,1970-01-01,0,Tech,283.44,ESP,ARE,1,1,1,0,0
sdv-id-kxQPsX,054da197-5273-460c-97a0-3c178620a10a,1970-01-01,3,Tech,1373.32,ESP,BRA,0,0,0,0,0
sdv-id-FiWqXC,179ee93b-a399-4919-a956-8d7dd57e4322,1970-01-01,1,Travel,639.33,ESP,PRT,1,0,0,1,1
sdv-id-TWVlCS,4f612217-eef1-4694-90ca-e32d0aba590e,1970-01-01,5,Travel,921.12,ESP,NGA,0,0,1,1,1
sdv-id-bokDKm,c48d276c-acae-4af8-9599-b267390f516d,1970-01-01,0,Tech,1712.8,ESP,GBR,1,1,0,0,0
sdv-id-RwUQRb,0a707ba8-df9a-49f5-b643-5b4e1508faec,1970-01-01,0,Gaming,1790.85,ESP,JPN,0,1,1,0,1
sdv-id-lNuGZk,099fbb57-d2f7-4a83-ba59-5dc815b66499,1970-01-01,0,Tech,2426.97,ESP,JPN,0,1,1,0,1
sdv-id-nnOUOV,083759f8-2090-435e-95fc-f99133c417d5,1970-01-01,1,Travel,1560.65,ESP,IND,0,1,0,1,0
sdv-id-cclCrq,bbd6ef33-861f-4ba0-b39f-e641377c15a4,1970-01-01,0,Food,498.43,ESP,RUS,1,1,1,1,0
sdv-id-nOcTre,e61d9cde-1747-4387-bd23-d47995492a82,1970-01-01,2,Travel,501.2,ESP,VNM,1,1,1,1,0
sdv-id-DUCSkj,97f9580e-6e20-4c72-8f46-0215122533fd,1970-01-01,0,Tech,14.76,ESP,JPN,0,0,1,1,0
sdv-id-ObTQVO,d47262cf-6442-4305-ba87-fb096f26324b,1970-01-01,0,Travel,1898.44,ESP,ARE,1,1,1,0,1
sdv-id-WzmCNg,b8943df8-c9ab-4a91-9674-b9e20e5995aa,1970-01-01,0,Travel,1210.81,ESP,BGD,0,0,1,1,1
sdv-id-cLifXY,e67b6ad3-34be-4f01-a1a9-3ecfec0dd9ba,1970-01-01,4,Gaming,293.87,ESP,VNM,1,0,0,0,1
sdv-id-DpaVsh,27165ab6-73c1-4557-b6e2-6e93e62abbfe,1970-01-01,0,Retail,1877.1,ESP,DEU,1,0,1,1,1
sdv-id-giAXjb,7acf41f0-902f-4243-b3ef-baa905c66c4d,1970-01-01,0,Food,1095.1,ESP,BRA,0,1,0,0,1
sdv-id-cyFtNn,79b8023d-2a31-49ba-a4b1-7e4525807a2c,1970-01-01,0,Retail,213.28,ESP,JPN,1,0,1,0,1
sdv-id-YcrYxu,aaf2f24e-fe54-4eed-9475-e3a1aa39c161,1970-01-01,0,Tech,467.38,ESP,BGD,0,0,0,0,1
sdv-id-YeYapl,48a0d015-6862-49e7-8768-95c2f85c24c3,1970-01-01,5,Tech,1662.16,ESP,BRA,1,1,0,1,0
sdv-id-dnQQEs,07f800a2-6dea-4a22-a439-5bfef8984efa,1970-01-01,0,Food,112.12,ESP,IND,0,0,1,1,0
sdv-id-piZSXB,2a1f955a-d499-4a99-85c4-5a3ee9da484a,1970-01-01,0,Tech,2102.99,ESP,CHN,0,0,0,1,0
sdv-id-MRXWEM,2c910cd0-cb5e-4dab-9a45-b8cc117d3f63,1970-01-01,2,Food,1975.98,ESP,BGD,1,1,0,0,0
sdv-id-GGUyah,2c591da8-fff9-4acf-ae42-05eea52fc3ec,1970-01-01,0,Travel,2461.55,ESP,PRT,0,0,1,1,1
sdv-id-SABujM,7230b85b-27d8-4ea0-a53d-171fc0bde748,1970-01-01,0,Tech,1434.34,ESP,BGD,1,0,0,0,1
sdv-id-CMeHaZ,73b6b143-9d96-46dd-af14-5b3606b63727,1970-01-01,1,Tech,413.2,ESP,ITA,0,1,1,0,1
sdv-id-QWgxhA,108e04ac-99c6-407f-ac81-4510c42eafc8,1970-01-01,0,Tech,1408.28,ESP,JPN,1,0,0,1,0
sdv-id-GRXvLi,b5def807-4a96-4478-a72b-dddd511eeeb8,1970-01-01,0,Food,1649.29,ESP,DEU,1,1,1,0,1
sdv-id-UsubHi,84c86c46-2359-4fa4-b4ad-af890ff1aa9f,1970-01-01,0,Tech,799.04,ESP,IND,0,0,1,1,0
sdv-id-cqesuw,334477eb-56b0-4052-b2f7-5350f9a732dc,1970-01-01,4,Gaming,100.78,ESP,UKR,0,0,1,0,1
sdv-id-cxCnpg,a1943347-b9eb-4e1f-935b-67b42fbd9d23,1970-01-01,0,Travel,2181.97,ESP,GBR,1,0,0,0,1
sdv-id-rgvqsS,e51728b2-3832-4fc1-b50b-0860095ee97c,1970-01-01,0,Gaming,2180.9,ESP,CHN,0,1,1,0,1
sdv-id-ffbDdG,21a4344f-bb7b-4e03-9d67-8bb1945ef2e4,1970-01-01,0,Tech,900.43,ESP,UKR,1,0,1,1,0
sdv-id-vYNcYI,8d3a5b2d-881c-4211-89eb-597bf7ceddc4,1970-01-01,1,Retail,2271.66,ESP,IND,0,0,1,1,0
sdv-id-Sczpde,daada0b1-2f13-4a6d-aad5-5c0b69fb2fe6,1970-01-01,2,Gaming,1817.92,ESP,ARE,1,0,0,0,1
sdv-id-hmmedT,07e3c39a-a925-4745-9276-9c9665262474,1970-01-01,1,Gaming,1134.75,ESP,PRT,0,1,0,0,1
sdv-id-tNYMsb,f3896fad-0ced-4b07-bf9d-599222880c89,1970-01-01,0,Travel,2142.77,ESP,USA,1,0,0,1,0
sdv-id-UDPVvw,dd763717-995b-4485-b5b1-27e19a72ebf3,1970-01-01,5,Gaming,2405.06,ESP,JPN,0,0,0,0,0
sdv-id-zvXfVi,d34585a2-c6d1-40fa-9f14-4f16e7744ce2,1970-01-01,0,Retail,991.24,ESP,GBR,1,1,0,1,1
sdv-id-yQJJxf,88802d4d-89b8-47ee-85f8-33cff4ce8477,1970-01-01,0,Food,170.01,ESP,ESP,0,0,0,1,0
sdv-id-veLdem,7ce34563-2036-4a73-9b7e-0502ca9d8831,1970-01-01,1,Travel,887.81,ESP,CHN,1,0,0,0,0
sdv-id-eanLDk,e9c7eb29-d9ad-49e0-b16a-8466dd0a4a6e,1970-01-01,1,Gaming,2221.74,ESP,USA,0,0,1,0,1
sdv-id-pwdqzy,e217a6df-2193-4b93-b7ed-78d9a82e6889,1970-01-01,4,Food,683.06,ESP,USA,0,0,1,0,0
sdv-id-gxxGxs,73b6b143-9d96-46dd-af14-5b3606b63727,1970-01-01,3,Travel,765.23,ESP,GBR,1,0,0,1,0
sdv-id-zAPsSo,9fb83bc9-2b62-4afd-902d-58d99d46df41,1970-01-01,0,Retail,1829.89,ESP,JPN,1,1,0,1,0
sdv-id-rmMkNn,9d482c49-f53f-42d3-8df6-720520ff622c,1970-01-01,0,Retail,281.08,ESP,USA,0,0,0,0,1
sdv-id-yCVTZs,ae92d5ea-6964-45b4-868c-1237ac1796a6,1970-01-01,0,Food,508.71,ESP,USA,1,0,0,0,0
sdv-id-uvexmN,3ca5be29-5217-4bf3-9181-83d1ac2b0cfc,1970-01-01,2,Gaming,2451.46,ESP,ARE,0,0,0,1,0
sdv-id-uTabzH,dcb91d5f-593c-472b-8347-dbca7321a8b2,1970-01-01,4,Food,1451.58,ESP,IND,0,1,0,0,1
sdv-id-ljlOGC,8ba17407-2663-4334-b4a1-7f7a709240bc,1970-01-01,5,Gaming,2021.96,ESP,USA,1,0,0,1,1
sdv-id-iDUSuu,87c97761-f6bd-4f6e-93a7-9138b2093314,1970-01-01,5,Retail,2000.81,ESP,BGD,0,0,0,1,1
sdv-id-IzYfsX,abd13f1a-3d20-4440-80cf-a44d1b7db566,1970-01-01,0,Travel,674.06,ESP,DEU,1,1,1,1,1
sdv-id-eeosWy,4855f44a-3370-4903-a4a8-a8448bdfa208,1970-01-01,2,Tech,835.39,ESP,IND,1,0,0,1,1
sdv-id-TdODoe,3a8c8ed5-a06a-468a-9cac-3d21a5a8c8af,1970-01-01,0,Tech,1734.89,ESP,CHN,0,1,0,1,0
sdv-id-GDAOQk,1c96c12a-19be-4adf-a7d8-8614b991f5ea,1970-01-01,0,Retail,539.95,ESP,BRA,1,0,1,0,0
sdv-id-xajGvL,3dfa45fa-1da6-40f0-8a53-d7c4f68fa05b,1970-01-01,0,Gaming,2391.29,ESP,USA,1,1,0,0,1
sdv-id-YhDKhQ,a021c0ca-3531-468d-8342-bd2bf295456e,1970-01-01,0,Travel,291.08,ESP,RUS,1,0,1,0,0
sdv-id-SCZSEL,bd1eb06f-bf49-4d20-a0a5-25ef99061aac,1970-01-01,0,Retail,779.35,ESP,IND,0,1,0,0,0
sdv-id-nfJmor,5f642a53-17cb-485d-bbaa-574fe0e3c5ce,1970-01-01,0,Gaming,1785.27,ESP,BGD,0,1,1,1,1
sdv-id-TJdktN,00937ba0-65a0-4e43-bd2d-ca8673020b26,1970-01-01,0,Tech,531.49,ESP,PRT,0,0,1,1,0
sdv-id-NclamT,753840d9-87ea-49f2-9e85-95360c11c74d,1970-01-01,0,Tech,2165.03,ESP,BGD,0,1,1,0,1
sdv-id-BKJfSB,5256e276-fba7-4385-a98a-fcb03ef527fe,1970-01-01,5,Retail,1747.52,ESP,VNM,0,1,0,1,1
sdv-id-JXjDgg,e0c2442e-eb38-4cdf-8fd8-2aba0a6dc4ac,1970-01-01,0,Food,39.94,ESP,DEU,1,1,0,1,0
sdv-id-tnDXbl,945b3711-0a85-4722-b0c9-5ec44f2fcfd6,1970-01-01,0,Gaming,736.33,ESP,CHN,1,0,1,1,0
sdv-id-XeQaNt,1802f730-e8ec-4834-9d09-cf19a079f65a,1970-01-01,2,Gaming,333.49,ESP,ITA,1,1,1,0,1
sdv-id-PrnhZw,c16d83ed-ad81-48bd-8029-13ec9ef2b93e,1970-01-01,0,Gaming,490.92,ESP,UKR,1,0,1,1,0
sdv-id-iCXfUX,5d124a22-33d9-414f-bdca-f0893a768ae2,1970-01-01,0,Retail,1205.31,ESP,GBR,1,0,1,0,1
sdv-id-nnbqTN,e22f3884-1f90-41b1-95eb-44d98459f302,1970-01-01,0,Gaming,2241.94,ESP,USA,0,1,0,0,1
sdv-id-gomihy,67037089-c78c-42c3-a374-ed1429b67b14,1970-01-01,3,Gaming,1838.51,ESP,DEU,0,0,1,0,1
sdv-id-hIFsKM,f2a83faa-f11a-41f5-8826-80f934010b60,1970-01-01,1,Retail,1915.91,ESP,CHN,0,1,0,1,0
sdv-id-LZZplE,0a76e404-9bad-46c6-9d7d-08c960cc7abd,1970-01-01,5,Travel,117.66,ESP,ESP,1,0,1,0,1
sdv-id-KTtfQP,2c9de90a-b805-4e3c-8312-5b58e2a868e7,1970-01-01,0,Gaming,415.28,ESP,UKR,0,0,0,0,0
sdv-id-NSgYmN,22fc31db-0bf6-4417-a404-595da6d62d00,1970-01-01,0,Food,1462.98,ESP,BGD,0,0,0,0,1
sdv-id-SsvUGN,71c7ebf1-f9db-407e-9560-4ec81ca931d9,1970-01-01,0,Food,1700.23,ESP,USA,1,0,1,0,1
sdv-id-EuNehC,14fe9960-a539-4212-a34a-35ebec2be308,1970-01-01,0,Food,445.6,ESP,ARE,1,1,1,0,1
sdv-id-rfdWTx,de1d4653-d112-4bb8-a7b2-df91adbd2e33,1970-01-01,0,Retail,1211.65,ESP,CHN,1,0,0,1,1
sdv-id-CSCfeP,cef483f6-71d5-4861-b6bd-6dbe3a8e36fd,1970-01-01,0,Retail,2193.97,ESP,ESP,1,0,0,0,1
sdv-id-SAEKWK,55ba1dfe-a30e-4e97-9406-1f23c91f8d86,1970-01-01,2,Tech,35.48,ESP,GBR,1,0,0,0,1
sdv-id-UdEqcX,86df605b-b0ce-4eff-934b-45a847165e93,1970-01-01,0,Retail,1799.96,ESP,BRA,1,0,0,1,1
sdv-id-wVNcaq,7cb923f5-f5ed-4382-a3a6-ef83cab63107,1970-01-01,0,Retail,1064.91,ESP,UKR,1,1,0,0,1
sdv-id-FOHTeU,4cb34663-7a21-4151-8166-a8b3f26bcebf,1970-01-01,1,Retail,1854.83,ESP,ARE,0,1,0,1,1
sdv-id-CbBMQg,71594914-b1b6-4ecd-8009-45ce932c3ec9,1970-01-01,0,Retail,1273.61,ESP,FRA,0,1,0,1,0
sdv-id-AkRJJJ,065262a2-24a0-4b6e-8878-383ae037e953,1970-01-01,0,Gaming,1603.47,ESP,RUS,1,1,1,0,0
sdv-id-chqDWm,d2eb35a1-355e-4329-87a1-31685681f41d,1970-01-01,4,Gaming,1430.98,ESP,BGD,0,1,0,0,1
sdv-id-WIQdeK,0abf1903-8b43-4eca-805a-adb5fd91aa63,1970-01-01,0,Travel,2076.35,ESP,ESP,0,1,1,0,1
sdv-id-AseraU,75f1f413-cfb8-4cef-a9ba-1163dc554e9c,1970-01-01,0,Food,343.69,ESP,ITA,0,0,1,0,0
sdv-id-Xaidrp,7e2840a1-7a50-4f60-98ad-8eebb7607067,1970-01-01,0,Food,2487.03,ESP,NGA,0,0,0,1,1
sdv-id-PUTvSA,61607459-85c7-404b-8693-da1139c6a1ca,1970-01-01,3,Gaming,1802.9,ESP,NGA,1,0,0,0,1
sdv-id-XwPZkd,037e7f60-8000-4fac-9818-48c527d19990,1970-01-01,0,Travel,754.08,ESP,ESP,0,0,1,1,0
sdv-id-GYaVST,da968e7d-0d46-4159-a668-5e80f16d4fe8,1970-01-01,4,Tech,1892.56,ESP,RUS,1,1,0,1,1
sdv-id-spfjXo,0466cd04-8a5a-4470-ad37-e6c820ac14c2,1970-01-01,0,Travel,1801.73,ESP,DEU,0,1,0,1,0
sdv-id-WBZrmK,3c03032c-c7f0-40cf-8463-aa5e222c2fd2,1970-01-01,0,Travel,1696.97,ESP,BRA,1,0,0,1,0
sdv-id-JdAUau,e2aebd53-b89b-4995-a32e-3ac453fe40e3,1970-01-01,5,Gaming,643.69,ESP,ARE,0,1,0,1,0
sdv-id-cMOyZI,c8271dd9-8da1-4439-80fc-21fd8ffbcc0f,1970-01-01,0,Gaming,2498.11,ESP,FRA,1,1,0,0,0
sdv-id-azbVxJ,b257e257-cc4a-402c-8f49-94e07ab16533,1970-01-01,3,Gaming,1806.51,ESP,BRA,1,0,1,1,0
sdv-id-SMmBjx,c1581092-f335-4ba3-913a-7052986f9025,1970-01-01,0,Travel,249.5,ESP,VNM,1,1,0,0,1
sdv-id-ALmCWk,599f5901-e65c-4d51-ae40-1311c973c84e,1970-01-01,0,Retail,2127.18,ESP,PRT,1,1,0,0,1
sdv-id-NukSZM,a75d0978-3856-4675-a4f8-2a96b99530cf,1970-01-01,1,Gaming,424.11,ESP,PRT,0,0,1,1,0
sdv-id-iaHXke,54aba577-e331-4ee6-a96c-5060cbb474a3,1970-01-01,0,Food,106.01,ESP,BGD,0,1,0,0,1
sdv-id-NMwxTS,b297fa7f-f719-4e43-98cb-3cb4e2f7e7ea,1970-01-01,2,Travel,831.33,ESP,ITA,0,1,0,1,0
sdv-id-nGgeUv,cbccd4fe-5c95-4249-ab47-72f48c01f5cd,1970-01-01,0,Retail,1553.86,ESP,BRA,1,0,1,0,1
sdv-id-rvFYxX,5a1ae461-11ba-41f9-960a-39741efd393b,1970-01-01,0,Gaming,197.03,ESP,VNM,0,0,0,0,0
sdv-id-hzPeeU,c438eae0-b5d0-4595-a4f8-9e23af39f2ce,1970-01-01,0,Travel,1412.52,ESP,CHN,0,1,1,1,0
sdv-id-qzstIT,3e59034b-c1da-4b7d-adb2-094bbce7e298,1970-01-01,0,Retail,1645.99,ESP,BRA,1,1,1,0,0
sdv-id-bagLMr,014d9829-4e4a-416f-bd05-955b0d9e1328,1970-01-01,0,Tech,1865.29,ESP,GBR,1,1,0,1,1
sdv-id-EVIUcd,8b5b73df-d701-4ade-84a0-c5990fab3b92,1970-01-01,0,Tech,258.26,ESP,ARE,0,1,1,0,1
sdv-id-EwUthE,66132e69-7418-4109-93d1-bf0f56c438e4,1970-01-01,5,Gaming,1985.16,ESP,ITA,1,1,1,0,1
sdv-id-bsbgHC,12f776d1-c6ec-457f-ac0d-88188349c078,1970-01-01,0,Tech,1429.03,ESP,ARE,0,0,1,1,0
sdv-id-BXXEqU,46d7a3ea-3e14-4cb6-9229-6fceddf1b853,1970-01-01,0,Retail,1326.19,ESP,ITA,1,1,0,0,0
sdv-id-TmLcLj,7862fa7d-4138-4321-ac11-e260f74fe2b9,1970-01-01,0,Food,977.79,ESP,ARE,1,0,1,1,0
sdv-id-nabeHv,f2ce7eeb-4c56-4b8f-8bb4-32b3d2e76deb,1970-01-01,3,Retail,11.34,ESP,NGA,1,1,1,0,0
sdv-id-dfoVAv,cf367c1b-9a6f-4965-9b5e-d35a2268645f,1970-01-01,3,Tech,1910.17,ESP,DEU,0,0,0,0,1
sdv-id-vfUajA,964db03f-9340-4fad-9c4a-d56bd6016237,1970-01-01,0,Tech,1446.87,ESP,ESP,1,0,0,1,0
sdv-id-MOHzjR,d98f5e83-cf5b-494d-92cc-48539cef5ef4,1970-01-01,0,Retail,127.65,ESP,NGA,1,1,1,0,1
sdv-id-rSyjkg,611b92ab-34aa-4abd-b975-74330b5ed148,1970-01-01,0,Retail,2421.55,ESP,CHN,0,0,1,0,1
sdv-id-yAknOt,b0ee1d54-78b6-4685-8f16-1581612981b0,1970-01-01,0,Retail,1970.89,ESP,DEU,1,1,1,0,1
sdv-id-kMAfnh,d6eaf269-514e-4353-af23-7c4d1e4ea133,1970-01-01,5,Food,240.85,ESP,GBR,0,0,1,0,1
sdv-id-BsKCRN,326acdea-a666-4e73-9e9d-8b00ca0de08e,1970-01-01,1,Food,2180.85,ESP,FRA,1,0,1,1,0
sdv-id-iLpjSw,a86de251-7c98-456f-a288-109db8a9b014,1970-01-01,0,Food,2445.15,ESP,ARE,0,0,1,0,1
sdv-id-yjRSwr,21bddb41-0699-4731-9dcf-8766a93b12cd,1970-01-01,1,Retail,1227.29,ESP,FRA,0,1,0,1,0
sdv-id-LNGCNy,4a0dff8a-1888-40b8-9877-b282bdaba6d8,1970-01-01,1,Tech,2073.39,ESP,USA,0,1,0,0,1
sdv-id-GIfljJ,c971d849-e3fb-4c48-9cf1-16dcc4b03ad1,1970-01-01,4,Travel,2051.25,ESP,ARE,1,0,0,0,0
sdv-id-tIFnzz,3fab0c74-bbbb-4ccc-8d8e-352b37328d15,1970-01-01,0,Tech,2382.87,ESP,BRA,1,0,1,1,0
sdv-id-xRSNXm,9482e11e-5c56-43aa-bd15-d3eec39783ae,1970-01-01,0,Tech,577.87,ESP,VNM,0,0,1,1,0
sdv-id-WuXsrl,7387928a-29a3-4b6d-b9bf-ca38afe9be90,1970-01-01,0,Travel,1824.81,ESP,BRA,1,0,1,1,1
sdv-id-ubtfcO,13d01698-865b-4878-97e5-ae8933d8ae7b,1970-01-01,1,Food,985.58,ESP,JPN,0,0,1,1,1
sdv-id-oiNPZP,9082140a-ed00-4657-b79f-0075ba72186e,1970-01-01,0,Tech,1734.75,ESP,DEU,0,1,1,1,1
sdv-id-oQSGls,d56891ca-11da-487e-85b7-5b82cf086740,1970-01-01,0,Gaming,1893.08,ESP,ARE,0,0,1,0,1
sdv-id-QtFine,82c273a9-771d-4808-88db-039cc78fc57d,1970-01-01,0,Travel,1884.14,ESP,BRA,0,1,1,1,1
sdv-id-eJHvMG,deaeb0c0-a8ac-4ab1-afa9-d02c9e4c4be7,1970-01-01,0,Travel,465.28,ESP,BRA,0,1,1,1,1
sdv-id-ZeQVjL,59423395-03d3-41cf-99a1-2723287dff8e,1970-01-01,0,Travel,1793.81,ESP,BRA,0,0,1,1,0
sdv-id-PzQumy,d284b528-b091-4fb7-b17f-3f92d26aa790,1970-01-01,0,Gaming,595.95,ESP,FRA,0,0,0,1,1
sdv-id-qFLgZE,8a3c3b5e-801e-41da-85b1-ed25f1533ae8,1970-01-01,0,Food,961.89,ESP,JPN,0,1,1,1,0
sdv-id-ZoBAJY,9a00a4e2-f5ed-4b7f-9787-6a50ab7a63e3,1970-01-01,0,Retail,1840.97,ESP,VNM,1,0,1,0,1
sdv-id-zJfGKh,48d3d2ce-fba3-491f-88df-aaf8b9efaad6,1970-01-01,5,Retail,2089.57,ESP,USA,1,1,1,1,0
sdv-id-DVMIgf,15f2f85a-754a-4e48-a5b1-3afdaf2c20ac,1970-01-01,4,Tech,1029.58,ESP,ARE,0,1,0,1,0
sdv-id-mAadez,a6b78891-bc3d-4bfc-b216-7340bf95ff33,1970-01-01,0,Travel,935.26,ESP,ESP,1,1,0,0,1
sdv-id-lfuEpD,64bc999b-8250-4470-9abd-edcf3bc80f65,1970-01-01,1,Food,1163.63,ESP,RUS,0,1,1,1,0
sdv-id-ZZVllD,0118d2a5-43ef-4542-a512-6fe3410f71df,1970-01-01,0,Tech,1520.26,ESP,ARE,1,0,1,0,1
sdv-id-NqrFeE,6f90d9af-ca07-406e-93ae-0bce0cccf432,1970-01-01,0,Food,1749.16,ESP,VNM,1,0,0,1,0
sdv-id-ObPYfv,40f895ff-2335-4f7f-ae57-927f730cce0e,1970-01-01,0,Retail,2400.32,ESP,IND,1,0,1,0,1
sdv-id-mfPdUX,a9230810-c346-44f9-8bed-0104929ea405,1970-01-01,0,Travel,1116.17,ESP,BGD,0,0,0,0,1
sdv-id-sCGEbF,c7e2a618-8029-43b1-9aea-544a291a4905,1970-01-01,0,Retail,1095.27,ESP,JPN,0,1,0,1,1
sdv-id-hYMows,681ff528-52ec-43ca-ae95-7e1c667a6370,1970-01-01,3,Food,1304.15,ESP,ITA,0,0,0,0,1
sdv-id-JQIGHO,6cdb930c-dc87-485e-8f6e-1e3025d6ad40,1970-01-01,0,Travel,1836.09,ESP,CHN,0,1,0,1,0
sdv-id-TZFZbv,2da6b974-47ad-41dd-b768-b54abb0c686a,1970-01-01,0,Retail,562.95,ESP,VNM,0,1,0,1,0
sdv-id-rSOYuq,b5def807-4a96-4478-a72b-dddd511eeeb8,1970-01-01,4,Travel,218.98,ESP,BGD,0,1,1,1,0
sdv-id-xvPDKI,0d1d5dbc-7500-46ea-b657-e50a469b4fde,1970-01-01,1,Food,1072.89,ESP,JPN,0,1,0,1,1
sdv-id-BktrIJ,0659010a-4ede-49b6-9deb-979d8d0bb6d7,1970-01-01,0,Gaming,461.41,ESP,ITA,0,0,1,1,1
sdv-id-pORECg,198a6a0c-8bfc-446c-8ea9-e905e0e4fb32,1970-01-01,0,Tech,2491.52,ESP,ESP,0,0,0,0,0
sdv-id-siMGtV,9c0f37d5-75a2-49b1-bdf5-516b3891b7f7,1970-01-01,0,Gaming,500.81,ESP,UKR,1,0,0,1,0
sdv-id-HyyqHR,6ee2f9bf-8ad3-43b1-977d-d689a98d61ec,1970-01-01,0,Gaming,1082.17,ESP,UKR,0,1,1,0,1
sdv-id-DzGyLN,a5aa9765-a8d3-4b7d-be0c-5ec5df748fb5,1970-01-01,0,Retail,1551.59,ESP,ARE,1,0,1,0,1
sdv-id-okRPHJ,8eed7ac9-76f3-46e1-ba33-3fa4fed1aaf9,1970-01-01,1,Travel,234.22,ESP,USA,1,1,1,1,0
sdv-id-LcABLb,80ddb386-2790-492f-b7c6-bc5d1a380e8e,1970-01-01,1,Travel,1916.55,ESP,DEU,0,1,1,1,1
sdv-id-ZdDPSR,f2a83faa-f11a-41f5-8826-80f934010b60,1970-01-01,0,Gaming,1375.96,ESP,BRA,1,0,1,1,1
sdv-id-PDaSSr,dd0885b1-7529-42f6-a415-8988281a7dd1,1970-01-01,3,Gaming,1620.49,ESP,UKR,1,1,0,1,0
sdv-id-VOiIqi,993b1792-cfe5-4a88-abe3-ec98c32e6e52,1970-01-01,0,Food,1651.82,ESP,UKR,1,1,0,1,0
sdv-id-upjoGD,a43fdaf0-8a80-46fe-8fa5-0e3241374168,1970-01-01,3,Retail,472.39,ESP,ESP,1,0,1,0,1
sdv-id-qDLDfs,cf7dcb43-1679-442f-bf4c-96d671f2ce8f,1970-01-01,0,Retail,1592.63,ESP,GBR,1,1,0,0,0
sdv-id-unjaTj,e4ba28fc-9b50-4366-8da3-b59e633b35fd,1970-01-01,0,Food,161.74,ESP,PRT,0,1,1,0,1
sdv-id-VmPsIF,9191b363-4e2d-4645-adc7-cac7fd72b050,1970-01-01,1,Tech,2496.69,ESP,DEU,1,0,0,1,0
sdv-id-PhKwBZ,0e5bf328-2b7a-423e-a71d-c051b1c80969,1970-01-01,0,Food,2009.44,ESP,IND,1,1,0,1,0
sdv-id-trRWCc,cf32cd14-99c6-4fcf-acd2-7618bd143f78,1970-01-01,4,Gaming,340.88,ESP,GBR,1,0,0,0,1
sdv-id-yeeMGm,664d49fa-94b5-4339-84c1-1826d910498c,1970-01-01,0,Gaming,517.87,ESP,BGD,1,0,1,0,0
sdv-id-ttoTXM,d240ef02-a968-4fc1-ba5c-865db8344070,1970-01-01,0,Tech,1985.76,ESP,DEU,0,1,1,0,1
sdv-id-rYbZel,0d41de26-91c9-4644-b2e6-3a676e971b5a,1970-01-01,0,Retail,1230.04,ESP,ESP,1,0,0,1,1
sdv-id-kXjTYI,6aa22571-4b0d-4716-85cf-079ea0952c4d,1970-01-01,1,Travel,1047.15,ESP,NGA,1,1,0,0,1
sdv-id-qpNxhb,6df72cd3-979a-4051-b317-591a3283daa4,1970-01-01,0,Food,2445.2,ESP,PRT,0,0,0,1,0
sdv-id-csxGXo,80b04e3d-dd2f-4be8-9fda-be67801d04d5,1970-01-01,0,Food,596.96,ESP,BGD,0,1,0,0,1
sdv-id-juxFpp,d5385b0e-34f3-493c-8ff0-a55c6a702e2f,1970-01-01,0,Retail,2026.27,ESP,ITA,0,1,0,0,1
sdv-id-dFaIUQ,5f18e583-f0b6-483f-a377-f6f1d289f0ab,1970-01-01,5,Gaming,2298.31,ESP,GBR,0,1,1,1,0
sdv-id-sPEinE,7d7d38cf-7f07-414d-8d44-b7c1034273dd,1970-01-01,0,Tech,116.58,ESP,FRA,0,1,0,1,0
sdv-id-sffjWn,3735262d-4184-4b03-84dd-7054144823f7,1970-01-01,5,Gaming,2472.84,ESP,JPN,1,0,0,0,1
sdv-id-htkMUB,72f444ab-c1d7-4f4a-b302-5d161ecacae9,1970-01-01,1,Retail,307.07,ESP,CHN,0,0,0,1,1
sdv-id-GHwSaU,f7336094-6b2b-48b9-85c7-f3bed183010f,1970-01-01,0,Retail,355.14,ESP,GBR,1,1,0,0,1
sdv-id-YLEEwA,3f5c022a-9a86-413d-b6c9-dd3806a2074c,1970-01-01,0,Travel,388.68,ESP,USA,0,0,0,1,0
sdv-id-GmKxXQ,4acafd79-ec60-4353-b12d-2edce6b03b0d,1970-01-01,1,Gaming,971.15,ESP,VNM,1,0,1,0,1
sdv-id-JJKZsz,fcc1c48c-7303-40ca-a992-6bade6335f58,1970-01-01,0,Gaming,1216.34,ESP,BRA,1,1,1,0,1
sdv-id-cochDu,50d346e8-0e8f-43d4-99ab-20849fd0f410,1970-01-01,5,Retail,2213.27,ESP,JPN,1,0,1,1,0
sdv-id-xokisS,97124b5a-715c-4507-9ef2-8433109c21df,1970-01-01,0,Gaming,1271.95,ESP,PRT,1,1,1,1,0
sdv-id-jzXYgx,008d4127-6104-41e3-aa25-a8880f02bad0,1970-01-01,1,Tech,645.4,ESP,GBR,0,1,0,1,0
sdv-id-xwIEve,d298404d-96f6-4fa1-9951-9ab3bf5eaf8e,1970-01-01,5,Food,1490.82,ESP,GBR,0,0,0,0,1
sdv-id-ZqnOeI,b3054c89-9d41-401d-ad7c-61a73220b757,1970-01-01,0,Tech,970.84,ESP,RUS,0,0,0,0,1
sdv-id-cFFOZo,c314d41c-f699-434e-ae58-e57a4b4af20d,1970-01-01,0,Gaming,1982.47,ESP,RUS,0,0,0,0,1
sdv-id-pGOFPl,db591d88-4b0a-41e0-8d31-5b7cc273973b,1970-01-01,0,Retail,886.77,ESP,JPN,0,1,0,1,0
sdv-id-dNKMCO,7c2a5ca2-0c92-4749-b3da-143e4962394f,1970-01-01,0,Travel,2200.58,ESP,ARE,0,0,0,0,1
sdv-id-cfxIQU,503ba8c3-ce83-4e27-85ef-d6701f4d88ce,1970-01-01,0,Retail,868.76,ESP,NGA,1,1,1,0,1
sdv-id-TYisHe,c0a15dbc-695f-44ff-bbe3-0fd24ed7b3f3,1970-01-01,0,Travel,2258.77,ESP,VNM,0,1,1,0,1
sdv-id-IMHubj,75f321cb-c59d-44aa-b5ed-7ce82ddf2675,1970-01-01,0,Gaming,94.81,ESP,JPN,1,0,0,1,0
sdv-id-BdkxfW,03a3574a-919c-4735-8b33-b7a051634a91,1970-01-01,0,Retail,1757.68,ESP,BGD,1,1,1,0,0
sdv-id-yWLMDb,fa286316-5315-4a23-92f0-ed7dbff49c48,1970-01-01,2,Gaming,2396.33,ESP,GBR,0,1,1,0,0
sdv-id-cUfzKM,ee653bb6-ec98-4b8e-8ad0-9042ef180725,1970-01-01,4,Food,1466.28,ESP,PRT,1,0,0,0,1
sdv-id-fdlBmI,cbb18c79-1036-408d-99a0-90075bb47c18,1970-01-01,0,Gaming,2199.83,ESP,BGD,1,1,0,0,0
sdv-id-ObzdzY,df04ea9f-4505-498e-83e8-212d744feff8,1970-01-01,1,Food,1586.68,ESP,RUS,1,0,0,1,0
sdv-id-wntPzj,bfd467e7-7491-450c-b75e-fed82d6b5953,1970-01-01,3,Food,1828.61,ESP,NGA,1,1,0,1,0
sdv-id-YzXeAD,345512f7-01f7-47ec-8e06-30cd996d5c50,1970-01-01,1,Food,658.8,ESP,GBR,1,0,0,1,0
sdv-id-UlkIal,cadec379-2ab4-43f6-9aa6-7474e200c157,1970-01-01,0,Retail,114.75,ESP,NGA,1,0,0,0,0
sdv-id-xwjGZX,b79a566b-2e14-42be-98a5-47b209a18b34,1970-01-01,0,Food,1787.94,ESP,BRA,0,0,0,0,0
sdv-id-JaUnBI,0c5921f8-050d-4bfe-960b-f603a750350e,1970-01-01,4,Travel,1427.66,ESP,JPN,0,1,1,0,0
sdv-id-pSBzWB,1d34d08e-7a4c-45d4-9c99-e04cf0e98b3b,1970-01-01,0,Gaming,189.44,ESP,UKR,1,0,0,0,0
sdv-id-oCMAVJ,b33aa6b9-7a23-4f3c-81f6-028b4a0efbe5,1970-01-01,0,Tech,314.96,ESP,ARE,1,1,0,1,0
sdv-id-KGlPFc,8fa8ae34-3233-4053-9242-ba54a6f9c0e1,1970-01-01,0,Retail,1054.11,ESP,ESP,0,0,1,1,1
sdv-id-WiVsch,a5a07046-1675-4989-a41d-3b6ee318f2ba,1970-01-01,0,Tech,2343.01,ESP,ITA,0,1,0,1,1
sdv-id-EgjaFx,b06f0681-4b98-42c5-97aa-5681428f54aa,1970-01-01,5,Tech,564.82,ESP,USA,0,0,0,1,0
sdv-id-BbcZdS,880bcb0e-c8ab-46ac-a0b4-659a09fe4cdd,1970-01-01,0,Food,590.5,ESP,ARE,0,0,1,0,1
sdv-id-jBMURT,033d2bce-575a-4d2c-a5c5-650c8186a576,1970-01-01,0,Tech,1173.44,ESP,JPN,0,1,0,0,0
sdv-id-MwbhFh,616cab19-7da8-47d7-9e56-2c4882945e38,1970-01-01,0,Travel,2206.36,ESP,BRA,1,1,1,0,1
sdv-id-nuDiWr,a4540937-4a27-4bf2-8baa-f744a08dd21b,1970-01-01,0,Food,1886.47,ESP,JPN,0,1,0,1,1
sdv-id-TVFrGt,4274f88a-5cbe-4bb3-9763-c5c01934d49c,1970-01-01,0,Retail,784.62,ESP,IND,1,1,0,1,0
sdv-id-jhZSLw,40d1ff56-0c78-4409-b96d-c079a75908f0,1970-01-01,5,Travel,1564.99,ESP,BGD,1,0,0,0,1
sdv-id-DxMuvb,295d6fbf-430f-401d-bad4-09e2a319dcb4,1970-01-01,0,Tech,1314.44,ESP,FRA,0,0,1,1,0
sdv-id-BuAeLf,fe8544e1-c1b6-4800-a564-2b969624ba9d,1970-01-01,0,Tech,497.79,ESP,BRA,0,1,0,1,0
sdv-id-hwvexu,ff0173e9-3ddb-49d1-a53b-7727b20921cd,1970-01-01,0,Travel,163.93,ESP,ITA,0,1,1,1,1
sdv-id-gRlhGx,7395734b-50b9-4f30-8038-32d04ab4ea29,1970-01-01,0,Food,1875.93,ESP,PRT,0,1,1,1,0
sdv-id-GaSEqN,f6f61488-d620-45f0-9253-b6f72328051e,1970-01-01,0,Retail,245.47,ESP,USA,0,1,1,1,0
sdv-id-lzmEmS,470d8b46-2982-435f-83d3-856860fa95f1,1970-01-01,0,Tech,2439.35,ESP,ITA,1,1,0,0,0
sdv-id-xUZBtD,0ba40fdb-105f-4f51-b0af-70d24e3e4f5f,1970-01-01,1,Travel,1131.89,ESP,FRA,1,0,1,0,0
sdv-id-rHFNFE,1af01dd6-4cd6-4378-aa9f-07d46aa364bd,1970-01-01,0,Tech,1762.39,ESP,UKR,1,0,1,1,0
sdv-id-SfpuAH,6b44312a-a565-4d41-a8d1-41dbc94bcc99,1970-01-01,0,Gaming,624.95,ESP,BGD,0,0,1,0,1
sdv-id-yevctg,3c91accc-5538-4109-968e-8bf69f3df699,1970-01-01,5,Gaming,2427.83,ESP,IND,1,0,1,0,1
sdv-id-uzfUyF,3fa916f9-eeb1-4cb9-b008-f9e0c28c36b8,1970-01-01,0,Travel,1761.95,ESP,BGD,0,0,0,0,0
sdv-id-GfkOuF,73253aa3-ec17-4298-943d-f5b3a58e83dd,1970-01-01,0,Retail,370.2,ESP,BGD,1,0,1,0,1
sdv-id-mHgQoa,10fb6052-d8d9-492e-900e-7426551fbe65,1970-01-01,0,Retail,382.89,ESP,ITA,1,1,1,0,0
sdv-id-RhQhCx,7ce34563-2036-4a73-9b7e-0502ca9d8831,1970-01-01,0,Gaming,1643.16,ESP,GBR,0,0,0,1,1
sdv-id-FHUyOs,b3338169-dcfc-4b72-abbb-ae74db9b4d43,1970-01-01,1,Tech,484.47,ESP,CHN,1,0,1,0,1
sdv-id-UBMzxP,6249a586-9c18-4d49-9ac5-609e47729adf,1970-01-01,0,Gaming,913.34,ESP,UKR,0,1,1,0,0
sdv-id-DkkvVf,0c443b8c-0686-44e7-9abd-385cd2c569ab,1970-01-01,5,Travel,1519.46,ESP,DEU,1,0,1,0,0
sdv-id-vXIqEe,3d3d6472-5d0d-472e-b383-f5ed92ffeec1,1970-01-01,0,Retail,1251.75,ESP,DEU,0,1,1,1,1
sdv-id-xTHUAR,a3027b21-02c1-4269-93d5-09afc2b5ac1b,1970-01-01,0,Retail,1956.09,ESP,CHN,1,1,0,1,0
sdv-id-KpLyQW,2cfaa174-ba05-4e68-8d87-b7be271dd0f1,1970-01-01,0,Gaming,958.97,ESP,CHN,1,1,0,0,1
sdv-id-OhfvdR,8366c189-cd8d-4f75-9df4-4d3ef26f9b19,1970-01-01,0,Tech,1667.59,ESP,VNM,1,1,1,0,1
sdv-id-lJSMHj,48f975a1-0cf2-4534-80b0-7a66790915e4,1970-01-01,0,Retail,1327.88,ESP,RUS,0,1,1,1,1
sdv-id-oxDpne,009e9ed2-ed0e-4484-91b5-6e0b5f0a41ed,1970-01-01,0,Gaming,925.59,ESP,PRT,1,0,1,1,0
sdv-id-VHDYSZ,94ab24e9-6794-4589-b7ef-ef05d8fd2048,1970-01-01,5,Food,1961.78,ESP,DEU,0,1,0,0,1
sdv-id-NiVTFX,dcc8c801-8c57-4243-b69f-ce1ae67d9f00,1970-01-01,0,Retail,1939.33,ESP,CHN,0,0,1,0,1
sdv-id-HbAxKZ,24fefbbe-5f7a-4026-b499-a7839b471e77,1970-01-01,0,Gaming,787.8,ESP,CHN,0,1,0,0,0
sdv-id-QiOyoV,a3027b21-02c1-4269-93d5-09afc2b5ac1b,1970-01-01,0,Gaming,2240.25,ESP,GBR,1,1,1,1,1
sdv-id-tiXWbk,c63d04ee-541c-4a86-bba5-cd2fdea45c19,1970-01-01,1,Travel,2041.42,ESP,BRA,1,1,0,0,1
sdv-id-UlUVEM,0a5a2180-c4c0-4af1-9048-c8afff5f274a,1970-01-01,0,Gaming,2193.4,ESP,ESP,0,1,1,0,1
sdv-id-WGyekT,f4e559e5-9622-4348-8f5a-e9d38e6e5003,1970-01-01,0,Tech,339.61,ESP,JPN,1,0,0,1,0
sdv-id-uKhgbb,6fea84f5-79f3-4373-9bab-13ac9863bb20,1970-01-01,0,Retail,1094.77,ESP,ARE,0,0,0,1,0
sdv-id-ZnNMCK,6b2e9570-2767-433c-8fd5-8d211eb830f6,1970-01-01,0,Tech,2234.24,ESP,CHN,1,1,1,0,1
sdv-id-YhsBsf,1c96c12a-19be-4adf-a7d8-8614b991f5ea,1970-01-01,1,Retail,993.74,ESP,JPN,0,0,1,0,1
sdv-id-qlYiAE,020359c1-941e-42e9-b492-12e96cc1bd55,1970-01-01,0,Tech,578.93,ESP,ITA,0,1,0,0,1
sdv-id-iCgoMa,a0f990b4-e23f-4bcc-bb96-6a3d49afb037,1970-01-01,0,Tech,429.78,ESP,BGD,1,1,0,1,0
sdv-id-ImvcNd,db885d27-b761-4545-a43d-0405d3c8a4d6,1970-01-01,4,Tech,1231.78,ESP,NGA,1,1,0,1,1
sdv-id-HUEdnk,94b58d54-67a2-4ab3-9af6-009939dd843f,1970-01-01,2,Tech,1105.52,ESP,IND,0,1,0,0,1
sdv-id-oOFQyn,926730dc-1c0a-4411-9086-af36fa0a5de5,1970-01-01,0,Tech,484.37,ESP,UKR,1,0,1,0,1
sdv-id-yLamDW,c9a0a9ef-513c-4c4d-9de6-30e0cbee2346,1970-01-01,0,Travel,570.35,ESP,PRT,1,1,1,1,0
sdv-id-fYjDJK,48924bd6-e399-40dd-8e1f-39bee4edc295,1970-01-01,1,Gaming,341.57,ESP,CHN,1,1,0,1,0
sdv-id-zQrjFA,e904ee42-8845-46f5-9e52-1d486a499f0b,1970-01-01,0,Travel,1589.44,ESP,VNM,0,0,0,1,0
sdv-id-HpaRQA,d0154898-9187-49a0-b866-3c7ca92dcf4f,1970-01-01,1,Tech,2044.57,ESP,USA,0,1,1,1,1
sdv-id-ejHLMO,e1dd2f7f-00c9-46e5-aaab-06296a5eec28,1970-01-01,1,Travel,400.7,ESP,IND,1,1,0,1,1
sdv-id-gWyRMR,6866d52e-0e05-426a-b001-e73cf5ebb7f9,1970-01-01,3,Gaming,1841.79,ESP,JPN,0,1,1,0,1
sdv-id-ENmuUO,d32e6dcd-83bc-4478-9d6a-c7b86778043b,1970-01-01,0,Travel,1794.97,ESP,JPN,1,0,1,0,1
sdv-id-ieUwAn,66f0c1f5-28ca-4d6f-b44a-7cf510ca8162,1970-01-01,0,Travel,313.5,ESP,GBR,0,0,1,0,0
sdv-id-tXHcLU,3873335f-ca3f-48a4-8d88-e44e23c43184,1970-01-01,0,Travel,2355.45,ESP,PRT,0,1,0,1,1
sdv-id-HvykOM,eecb343b-2856-4821-a84b-1568d42d2055,1970-01-01,0,Travel,2064.53,ESP,DEU,0,0,1,1,0
sdv-id-nqHKFx,f6d20b48-7477-4444-8a17-c5acccdf1d3e,1970-01-01,4,Tech,1164.88,ESP,FRA,1,1,1,1,0
sdv-id-vGgdmt,8da22a39-50db-4e34-938f-2b906c087d6c,1970-01-01,0,Food,2352.11,ESP,BGD,1,1,1,0,0
sdv-id-KkhsDR,9a88d62a-5581-4914-a1f3-a5bc658064de,1970-01-01,2,Retail,183.44,ESP,USA,1,0,0,1,1
sdv-id-phiRav,a43fdaf0-8a80-46fe-8fa5-0e3241374168,1970-01-01,0,Gaming,831.22,ESP,VNM,0,0,1,1,0
sdv-id-zvqHtk,cf3ee4aa-594f-4d27-9dcd-0d40d6415102,1970-01-01,0,Tech,2130.2,ESP,ITA,1,1,0,1,1
sdv-id-SqXlUF,f740d87c-500a-474e-af65-e8ccf9cf8499,1970-01-01,0,Tech,63.01,ESP,CHN,1,1,0,1,0
sdv-id-VTvDAN,fe60afde-4200-41aa-bc82-6fbe395e54f0,1970-01-01,0,Gaming,1417.93,ESP,BRA,0,1,1,0,1
sdv-id-mmSoqi,fb04c6b1-022b-4960-8f00-ba6af189d0b1,1970-01-01,0,Food,1730.03,ESP,JPN,1,1,1,1,1
sdv-id-oXhUku,b8dddfc2-963b-431c-bc7c-356de7dd93a5,1970-01-01,0,Travel,713.33,ESP,JPN,1,0,0,0,1
sdv-id-UlSVVB,e096521e-a2c7-43d4-bfb8-abb9a18c5492,1970-01-01,0,Gaming,2461.89,ESP,FRA,0,0,1,0,1
sdv-id-IhxmQs,fc9e1dcb-cb7e-4268-9f89-ed1264d6dfbf,1970-01-01,0,Tech,2014.14,ESP,DEU,1,1,0,1,0
sdv-id-DgpUqv,926a4bd0-be12-4f8f-b06b-6c129c8b9550,1970-01-01,0,Gaming,1019.67,ESP,ESP,0,1,0,1,0
sdv-id-XeWtJr,a86de251-7c98-456f-a288-109db8a9b014,1970-01-01,0,Gaming,620.72,ESP,PRT,0,0,0,0,0
sdv-id-HHAXbR,ee926321-245f-4d94-aac1-4fd1eb74e721,1970-01-01,0,Retail,1022.98,ESP,VNM,1,0,1,0,1
sdv-id-cZFdXM,8aedea8a-87e0-413b-a87f-edee201162af,1970-01-01,3,Tech,566.92,ESP,FRA,0,1,0,1,0
sdv-id-UYwkih,ba0d24f5-cff5-4357-98f1-101e84506864,1970-01-01,1,Gaming,1077.04,ESP,CHN,0,0,0,0,1
sdv-id-pAXlcX,3f39562d-6b06-492f-b62a-794159dcbe0f,1970-01-01,0,Travel,1412.7,ESP,CHN,0,0,1,1,0
sdv-id-WSPpHT,72c22a16-79eb-4168-9045-56e5bee3eb79,1970-01-01,0,Food,2051.7,ESP,DEU,1,0,0,1,0
sdv-id-AalwlA,d6788ff7-4cc3-47ef-8361-9cd3c9a90afc,1970-01-01,0,Tech,640.95,ESP,BRA,0,1,0,0,1
sdv-id-OQIoUb,f1d5181f-98e7-45ea-ade8-1ea27e002a34,1970-01-01,0,Tech,117.22,ESP,BRA,0,1,1,0,1
sdv-id-FxEJeR,ae8e8200-c5c7-44b4-88c5-3b179733b490,1970-01-01,0,Tech,1389.2,ESP,DEU,1,0,1,1,0
sdv-id-RvMOot,d8528abb-1a87-4c25-a29f-1962ebd795f5,1970-01-01,0,Retail,2253.25,ESP,UKR,1,1,0,0,1
sdv-id-jeXbfA,98e41835-9b72-45f8-9323-1668f185ea7c,1970-01-01,4,Retail,1896.93,ESP,BRA,0,0,0,0,1
sdv-id-CxVwmk,80e6d3de-5539-4a02-86ca-565f84114531,1970-01-01,1,Tech,347.89,ESP,IND,0,0,1,0,1
sdv-id-irdEaC,489f3f1a-566f-40df-bd43-754e39eb005a,1970-01-01,0,Tech,1375.58,ESP,BRA,0,1,0,0,1
sdv-id-MBmZCW,869c2873-72bd-455a-ad59-631055aca899,1970-01-01,0,Travel,896.77,ESP,IND,1,1,1,1,0
sdv-id-pCkQyt,033ac4d6-d408-4391-a1af-0e8ed13757e1,1970-01-01,0,Tech,368.94,ESP,USA,0,1,0,1,0
sdv-id-QaGihk,83117efc-b0b4-474e-8d72-441d07099bf8,1970-01-01,0,Travel,199.35,ESP,NGA,0,0,1,0,0
sdv-id-aLcQzT,da2777af-a6ed-4e6b-a43a-35624cdf5063,1970-01-01,0,Food,1955.47,ESP,VNM,1,1,0,0,0
sdv-id-VINSwj,5912853e-a204-4093-a922-54f937cca228,1970-01-01,0,Food,1378.17,ESP,IND,1,0,1,0,0
sdv-id-mGnhDF,1e786fa2-de5c-45a3-b553-f9c6a9729e19,1970-01-01,5,Travel,2312.39,ESP,NGA,0,0,1,1,0
sdv-id-KnUokn,553a2bad-148a-4202-a8cf-20c875453946,1970-01-01,5,Retail,1304.96,ESP,VNM,1,0,0,1,0
sdv-id-fmKsXy,62f32fae-a63f-4f12-a226-a768de0e9c53,1970-01-01,0,Retail,464.42,ESP,CHN,0,0,1,1,0
sdv-id-kKMoNG,044246cf-acf1-4cbe-bc03-3a022d9e3145,1970-01-01,2,Retail,966.2,ESP,VNM,0,1,1,1,0
sdv-id-heTCxU,512628f2-978b-4951-badb-d2b2943a1af1,1970-01-01,0,Food,2012.3,ESP,ITA,0,1,0,0,1
sdv-id-RTVvld,640933ec-c68b-451f-84a2-092d2777fe38,1970-01-01,0,Travel,563.89,ESP,RUS,0,0,0,0,0
sdv-id-tHdZDV,8aedea8a-87e0-413b-a87f-edee201162af,1970-01-01,0,Travel,1180.84,ESP,ITA,0,1,0,1,0
sdv-id-KfstVn,11730df2-2956-42c6-8bac-fa4aef1e4acf,1970-01-01,0,Retail,594.84,ESP,IND,0,1,0,1,0
sdv-id-DEuzvt,6b99cfc8-5d05-49f2-af4b-21094271534a,1970-01-01,0,Food,1519.67,ESP,UKR,1,1,1,0,1
sdv-id-lHbiBs,91e3644d-02dd-4c6b-83cf-176eb0ede2f5,1970-01-01,0,Retail,1283.62,ESP,CHN,0,1,0,0,1
sdv-id-eQWtdD,6be13e78-568a-420d-8843-280a07aca3fe,1970-01-01,0,Travel,2026.0,ESP,GBR,1,1,0,1,1
sdv-id-jNPbDk,60ee64ba-a4b0-418e-8ced-470739034b65,1970-01-01,0,Gaming,527.64,ESP,FRA,0,0,1,1,0
sdv-id-eIBckU,1fac9217-e36e-4b7f-917c-e0825572f1b3,1970-01-01,0,Retail,1082.27,ESP,BGD,0,1,1,1,1
sdv-id-iwHyTk,21df5609-e959-437f-b95e-6f2b02472360,1970-01-01,0,Food,341.23,ESP,VNM,0,0,0,1,0
sdv-id-fMbwGY,089f4c42-2407-4ed2-a41d-f3f9e403cbbb,1970-01-01,0,Travel,2272.63,ESP,ARE,0,1,0,1,0
sdv-id-ClEpIL,94acd159-a5f5-4a05-9708-c2c6b5e51eb5,1970-01-01,1,Gaming,292.27,ESP,GBR,1,0,1,0,1
sdv-id-GoKqrX,309b48dd-6332-4992-91ad-3e5189f90de9,1970-01-01,1,Food,648.49,ESP,ITA,0,0,1,0,0
sdv-id-bIjsmY,6acf86f6-e1b7-4af2-94ae-e54d8fd38455,1970-01-01,1,Food,340.7,ESP,GBR,1,1,0,0,0
sdv-id-FCumUM,9eed7567-e3ee-42db-8680-ee6db3831f62,1970-01-01,1,Retail,186.8,ESP,CHN,0,0,1,1,0
sdv-id-yFAPjR,dc7639e5-8a79-4c75-ae20-6e6f7e460b4e,1970-01-01,0,Travel,1713.51,ESP,BRA,1,0,0,0,1
sdv-id-bGEGhK,430b1057-42fb-4cf1-9c05-dceef49c66f4,1970-01-01,0,Retail,74.76,ESP,ITA,1,0,0,0,1
sdv-id-HkEZwX,d0af7986-2937-47e9-9752-db082e86d47e,1970-01-01,0,Travel,450.57,ESP,IND,1,0,1,1,0
sdv-id-eYnyLw,9b828fab-c0c3-4528-be9d-547a96ce7d17,1970-01-01,0,Food,579.77,ESP,ARE,0,1,1,0,0
sdv-id-BisPhJ,a8e7ebe3-cb05-4a14-8865-1a6e1b99eb83,1970-01-01,0,Food,1053.8,ESP,GBR,0,0,1,1,0
sdv-id-wgcOAT,76c82262-83c7-43fb-8e54-912e665a6c4a,1970-01-01,0,Tech,2019.36,ESP,CHN,1,1,1,0,1
sdv-id-yWLoQO,d47262cf-6442-4305-ba87-fb096f26324b,1970-01-01,0,Gaming,821.49,ESP,BRA,0,0,1,0,1
sdv-id-PMlwKW,3990d711-9ace-4bb2-bcf8-0f7f380f52f3,1970-01-01,0,Gaming,1622.83,ESP,PRT,1,0,1,0,1
sdv-id-UjZbMl,28ef2f46-f323-423e-9cb0-c90c82fc9294,1970-01-01,0,Gaming,470.75,ESP,GBR,0,1,1,0,1
sdv-id-Wutbjq,3d85de89-c217-4429-8e20-07247d137018,1970-01-01,5,Tech,1499.44,ESP,CHN,1,1,0,0,1
sdv-id-mIHhzR,d1453eb7-8e59-4579-a4cf-d9b9050e1961,1970-01-01,0,Tech,1487.03,ESP,ITA,0,0,0,0,1
sdv-id-grbKsN,78f45889-1e49-476a-90d5-2b99a2a1a620,1970-01-01,4,Retail,2309.78,ESP,UKR,0,0,0,0,1
sdv-id-JGWuWx,0ba40fdb-105f-4f51-b0af-70d24e3e4f5f,1970-01-01,1,Tech,920.26,ESP,BGD,0,1,1,1,1
sdv-id-MgTeQI,849b50bc-05e5-4461-8934-4b060790eeb4,1970-01-01,2,Gaming,1097.8,ESP,FRA,1,0,0,1,0
sdv-id-WJcSQR,c9a0a9ef-513c-4c4d-9de6-30e0cbee2346,1970-01-01,0,Food,1530.97,ESP,PRT,1,0,0,0,0
sdv-id-hHDZxY,cf11be94-02a6-427c-8d16-192b515b1487,1970-01-01,1,Travel,702.94,ESP,USA,1,1,0,1,0
sdv-id-DlEJyw,c534ca08-f6f2-4d1c-9bb8-b9c8893259f3,1970-01-01,0,Retail,176.69,ESP,IND,1,1,0,0,1
sdv-id-iKyAON,afc93fac-af0c-463b-8593-49d143cb74f5,1970-01-01,0,Food,135.25,ESP,USA,0,0,0,0,1
sdv-id-SzhGbV,8aa4c43e-ada3-46e9-a233-384e315b3176,1970-01-01,5,Travel,1653.77,ESP,JPN,1,1,0,0,1
sdv-id-zbcNHS,da968e7d-0d46-4159-a668-5e80f16d4fe8,1970-01-01,3,Tech,1407.48,ESP,ARE,0,1,1,0,0
sdv-id-xirIUZ,6c847a07-0f28-4fc1-aed3-252a9f16723f,1970-01-01,3,Gaming,1968.81,ESP,CHN,0,1,0,0,0
sdv-id-wzuevw,edc2735d-b26d-4ebe-bf13-d74a5c7f35ce,1970-01-01,1,Gaming,2213.08,ESP,USA,0,1,0,0,1
sdv-id-rjBCxr,edda1677-4e08-4b81-ac4d-6c0037abaaf8,1970-01-01,0,Food,1454.34,ESP,RUS,1,1,0,1,0
sdv-id-LCeVsg,a00f80d4-9d0a-44df-90f7-c7b017080bbd,1970-01-01,0,Retail,433.72,ESP,ESP,0,0,0,0,1
sdv-id-TdbHSp,d0013b99-2fc2-4f20-a3ba-24b1408eff3d,1970-01-01,0,Food,2301.8,ESP,GBR,0,1,0,1,0
sdv-id-DlXPfY,60e565b6-39b3-442d-becf-bc0b5ea62cb9,1970-01-01,3,Gaming,2175.32,ESP,JPN,1,1,1,1,0
sdv-id-YcPZAB,96bfbee0-09a2-4373-b2fd-73447862f1cf,1970-01-01,5,Food,1262.59,ESP,UKR,1,0,1,0,1
sdv-id-opLKJL,16476e3f-1127-4207-8eae-1325ea074d80,1970-01-01,0,Tech,521.91,ESP,CHN,0,1,0,1,0
sdv-id-bFFRqu,56679189-6ed5-4a30-bf03-f1a972ed257b,1970-01-01,0,Gaming,2049.29,ESP,BGD,1,0,0,1,0
sdv-id-txgPxu,4d156c62-a8cc-4e3b-bae3-438e2f43b2f0,1970-01-01,1,Gaming,1211.33,ESP,ARE,1,1,1,0,1
sdv-id-MqZqgF,678b941f-dcca-4a71-a7e7-013919f5af3c,1970-01-01,0,Food,487.44,ESP,CHN,1,1,0,0,1
sdv-id-WZnRzS,1b41a61e-85d1-41ef-8344-edb3ceed0ffc,1970-01-01,0,Gaming,2247.56,ESP,BGD,0,1,1,1,0
sdv-id-zxEmmG,0f5f9707-a008-4c20-8272-88e6ff39a117,1970-01-01,0,Food,2099.21,ESP,JPN,1,1,0,1,0
sdv-id-MZftwt,422491e9-81e0-4a64-b8c5-2ae10d09a714,1970-01-01,1,Gaming,965.94,ESP,DEU,0,1,1,1,0
sdv-id-vPiCOc,fb1eaa6e-d19b-4b23-9602-3639047ad506,1970-01-01,0,Travel,257.27,ESP,GBR,1,1,1,0,0
sdv-id-DxPkxQ,f4d375c1-a293-49fa-b240-d7a14027ab7d,1970-01-01,0,Food,2130.29,ESP,IND,1,0,0,0,1
sdv-id-QYmRvN,7b53359e-1bac-4d0d-af35-b30b4c68eb17,1970-01-01,0,Travel,1182.37,ESP,CHN,0,1,1,0,0
sdv-id-CsnRJz,72f0b90d-5c2f-4996-a4ba-aea10cd4ba10,1970-01-01,0,Gaming,862.18,ESP,USA,0,0,1,0,1
sdv-id-eNNaHg,7b31dcdc-40d9-4a8e-9f44-aa88855b6c5b,1970-01-01,2,Tech,2017.57,ESP,NGA,1,0,0,0,0
sdv-id-EtijRS,97154633-9d4e-4b71-ab2e-c80e4c255823,1970-01-01,1,Gaming,1258.36,ESP,ESP,0,1,0,1,0
sdv-id-inqSeM,300a491a-faa1-4736-bee6-b06e37f7a96a,1970-01-01,0,Gaming,2401.55,ESP,NGA,1,1,1,0,0
sdv-id-EcjLuC,aa31e22b-4cda-4e1c-b065-7d730e0ec75e,1970-01-01,1,Retail,2377.18,ESP,GBR,0,0,1,0,1
sdv-id-mZeyPw,53b3618b-ade0-4648-9ac6-030661f43c2b,1970-01-01,5,Retail,1980.38,ESP,USA,0,0,1,1,0
sdv-id-Nyqpmj,ee0c2cb5-1f63-4d1f-a8ed-eed76f721a94,1970-01-01,0,Tech,947.55,ESP,USA,1,1,0,1,0
sdv-id-GMQrZA,58625813-b28d-4506-b130-5648a6ebe702,1970-01-01,0,Food,1332.93,ESP,NGA,1,0,1,1,1
sdv-id-aYnmNI,3506e337-683d-41a9-814b-069c45ce5149,1970-01-01,0,Retail,1701.69,ESP,CHN,0,1,0,1,0
sdv-id-KvAOlV,7d2e11bd-1708-496e-b176-2fbdc37114e3,1970-01-01,5,Travel,986.34,ESP,BRA,1,1,1,1,1
sdv-id-sModhZ,bce16224-6ce4-40af-a63c-112e8373c5c7,1970-01-01,0,Retail,210.59,ESP,ARE,0,1,1,1,0
sdv-id-fcXqnc,65c1efd6-cf1f-4a98-97ad-6a67299f3047,1970-01-01,0,Food,557.45,ESP,BGD,1,0,0,0,0
sdv-id-wmVxQN,45708ada-42b4-4955-b3af-2d34d5cd8ed2,1970-01-01,0,Food,507.04,ESP,GBR,1,1,1,0,1
sdv-id-GuVMaM,0dbdc5da-7875-45b9-9e26-ed31d9e92758,1970-01-01,0,Tech,1092.69,ESP,CHN,1,1,0,0,0
sdv-id-ZpeZYg,1b000f9f-16e5-40e5-b32d-3c81a8e50e05,1970-01-01,0,Travel,613.06,ESP,BGD,0,1,1,0,1
sdv-id-YgDDxu,cf8dc32d-252f-48ef-a914-7761db2d3a13,1970-01-01,0,Gaming,669.69,ESP,NGA,1,0,1,0,1
sdv-id-tfJEgM,1a07657b-1f9d-4e74-849c-d1603238a708,1970-01-01,4,Gaming,1026.34,ESP,BRA,0,0,1,0,1
sdv-id-dLYzBC,cf265489-2ec7-4a83-bffa-7a4f0f1972db,1970-01-01,1,Tech,1235.59,ESP,VNM,1,1,0,1,0
sdv-id-QuPFRt,a9c55ff9-9dd0-4b9c-ac14-52b48bc1163c,1970-01-01,0,Tech,1150.33,ESP,ARE,1,0,0,1,1
sdv-id-qACRkW,fd67eb3e-836d-4c1f-ba49-c96a11680e55,1970-01-01,0,Food,43.0,ESP,CHN,1,0,0,0,0
sdv-id-uuPANl,37196a50-02e7-4683-8cf2-7f33e6371a1b,1970-01-01,0,Gaming,1238.37,ESP,CHN,1,1,0,1,0
sdv-id-gSSNQA,a2ac7896-7f38-4a3e-b3a6-74036f9d1d74,1970-01-01,4,Travel,993.71,ESP,ITA,1,0,0,1,0
sdv-id-udHUKT,d4ec0595-3ff0-4d13-add7-1599e9fedd48,1970-01-01,0,Tech,1465.53,ESP,DEU,1,1,1,1,1
sdv-id-GFGFnW,f92edfa1-df26-4424-bfcc-445620bc2fa0,1970-01-01,0,Food,1321.42,ESP,ARE,1,0,0,0,1
sdv-id-RwasCy,836392b7-d9a3-442a-83c2-8870adde98b6,1970-01-01,0,Retail,30.5,ESP,BGD,0,0,0,1,0
sdv-id-cSfpmp,c017367b-6ff0-4020-bf5d-49d95b4abe4b,1970-01-01,0,Travel,1413.26,ESP,FRA,0,1,1,0,1
sdv-id-xDqNBd,9087ba73-34bb-4278-a8d2-17d665a61c40,1970-01-01,0,Food,1750.17,ESP,ESP,1,1,0,1,1
sdv-id-GIbAvL,87b31442-3a6f-466b-ba8c-178b4e90b61e,1970-01-01,0,Retail,2394.57,ESP,PRT,1,1,0,1,0
sdv-id-rLOVya,81df6517-561c-4210-97fe-56c54c9a9f24,1970-01-01,0,Tech,75.68,ESP,GBR,0,0,1,0,1
sdv-id-qVzadQ,350b9f51-9f31-4fff-a97a-8503d83333c3,1970-01-01,0,Retail,355.22,ESP,GBR,1,1,1,1,0
sdv-id-UvcpvV,9b0dfaab-049f-42c7-b1a7-d537b0ec7074,1970-01-01,1,Travel,1334.3,ESP,ESP,0,1,0,1,1
sdv-id-ivmArL,0d3069bf-ca66-48a8-9f96-048a453b37f5,1970-01-01,0,Gaming,827.89,ESP,VNM,1,0,1,0,0
sdv-id-WnGjmN,334dd7aa-25c1-4899-a89a-92c5003742ae,1970-01-01,0,Tech,376.71,ESP,DEU,1,0,0,1,1
sdv-id-bkUcGC,6ad73453-1d2c-4c89-8d75-e6dec19d5186,1970-01-01,1,Food,113.11,ESP,DEU,1,1,0,1,0
sdv-id-iuLbQF,993b1792-cfe5-4a88-abe3-ec98c32e6e52,1970-01-01,0,Tech,683.19,ESP,JPN,1,1,0,0,1
sdv-id-Ayatmf,2b94e8fa-64f8-44b1-aae1-a31fa7b63925,1970-01-01,1,Gaming,637.69,ESP,JPN,1,0,1,1,1
sdv-id-xbnXrM,94c8a69d-44b1-41ee-b948-36f27eaab0a1,1970-01-01,0,Tech,82.33,ESP,UKR,1,0,1,0,1
sdv-id-uHYxrp,48d5e760-b17a-4315-9ca1-eca40570b7f6,1970-01-01,0,Tech,1060.5,ESP,BGD,0,0,1,0,1
sdv-id-CHTeWL,f08d312e-7a73-4f35-ac55-40f0cc9cf41c,1970-01-01,5,Travel,2435.71,ESP,GBR,1,1,0,0,0
sdv-id-vBldQr,df9b141e-c7f7-4da1-bff1-5840207e863f,1970-01-01,0,Travel,760.25,ESP,GBR,0,1,1,0,1
sdv-id-HiKEtL,fe318a9e-8e49-4061-9805-aa2b2d6436ea,1970-01-01,0,Retail,1222.26,ESP,GBR,1,0,1,1,0
sdv-id-PPzgtY,70d0ebcb-6949-4ce5-a339-5b1a1ce97871,1970-01-01,0,Gaming,2060.62,ESP,FRA,0,0,0,0,0
sdv-id-nbZNdR,295d6fbf-430f-401d-bad4-09e2a319dcb4,1970-01-01,1,Travel,1140.18,ESP,BGD,0,1,0,1,0
sdv-id-qIJJwv,cef88a52-e4cd-43b9-ac97-e06748bbec17,1970-01-01,1,Retail,385.09,ESP,UKR,1,1,1,1,1
sdv-id-bUEpiO,4bcd6e4d-24e1-4716-b449-131842d01a0b,1970-01-01,0,Food,468.73,ESP,USA,0,1,1,1,1
sdv-id-XUDYXU,e600fd68-4a69-4d38-b705-e6923faf1b34,1970-01-01,0,Food,2210.41,ESP,ARE,0,0,0,0,1
sdv-id-GjOnCM,17101a77-3d88-4b62-b3df-2a11b79257a3,1970-01-01,0,Retail,2464.71,ESP,JPN,1,1,1,0,0
sdv-id-kfVvHI,8271bbba-f96f-4a1b-a4b3-b66b51b795ed,1970-01-01,0,Tech,1247.55,ESP,ESP,0,1,1,1,1
sdv-id-vKfMdI,45708ada-42b4-4955-b3af-2d34d5cd8ed2,1970-01-01,0,Tech,641.39,ESP,BRA,1,0,1,0,0
sdv-id-gXZSgi,141b9098-8892-47fe-8f2e-45efabbe274a,1970-01-01,1,Food,648.04,ESP,FRA,0,1,0,1,0
sdv-id-PYcELa,4ed992e0-1e44-45f4-9ed1-3afef006296b,1970-01-01,0,Retail,2003.11,ESP,PRT,1,0,0,1,0
sdv-id-NhueiX,bd2321ad-d45c-42cf-b12d-d27a87c89c01,1970-01-01,3,Gaming,1902.35,ESP,RUS,0,1,0,1,1
sdv-id-XnPqOJ,f378cb94-478b-4f00-87d7-5309de772156,1970-01-01,0,Travel,1576.04,ESP,VNM,0,1,1,0,1
sdv-id-lSJxZM,143a9aff-659b-4105-8b80-f288446f64dd,1970-01-01,0,Travel,2324.87,ESP,ITA,1,0,1,1,0
sdv-id-RTuttN,3c3dbcd8-c705-4c5b-9eda-2838c7b95bd9,1970-01-01,0,Food,2079.18,ESP,DEU,1,1,0,0,1
sdv-id-yKgoEI,c2b579c2-910f-445d-96f3-4d9bb918a6e8,1970-01-01,0,Food,840.11,ESP,ARE,0,1,0,1,0
sdv-id-dQugok,34da1f50-b1a7-4e09-861a-1396716728ee,1970-01-01,0,Tech,2082.52,ESP,CHN,1,0,1,0,1
sdv-id-wjOMxz,9b580ad0-dc3a-465a-a8c6-49abeadd86c6,1970-01-01,0,Tech,991.56,ESP,UKR,1,0,1,0,1
sdv-id-VUeDVl,430b1057-42fb-4cf1-9c05-dceef49c66f4,1970-01-01,0,Gaming,1826.25,ESP,DEU,0,0,0,0,0
sdv-id-mXRlEU,0ee503e3-298d-4c45-a407-675048107252,1970-01-01,0,Travel,1145.04,ESP,CHN,0,1,0,1,0
sdv-id-oOdsIB,400b2ed1-109e-49c3-b035-a81d1793d050,1970-01-01,0,Travel,750.59,ESP,UKR,1,1,0,0,1
sdv-id-WOWTsA,944bad04-9161-4c6c-9f41-dfcfcdccb9d9,1970-01-01,0,Gaming,1881.05,ESP,RUS,0,0,1,0,1
sdv-id-MLiVHQ,ce34dc5e-0f07-4c60-aa37-76b1fd0a2eb0,1970-01-01,0,Tech,2064.71,ESP,VNM,0,1,1,0,0
sdv-id-KrLrWS,92a81713-b90e-444b-951c-25d54d4c5280,1970-01-01,2,Tech,787.7,ESP,ARE,0,1,1,0,1
sdv-id-RfdcZu,8ace87b7-4250-4956-878c-d79d0856cc4b,1970-01-01,0,Food,1770.28,ESP,USA,0,1,0,0,1
sdv-id-miCAGl,49e1cd13-8da0-4495-9cce-5ba931d4ee09,1970-01-01,0,Gaming,1599.96,ESP,DEU,1,0,1,0,1
sdv-id-cGBaOS,14bac9b7-ba9f-45d6-972a-30629e666d60,1970-01-01,0,Travel,526.77,ESP,ARE,1,0,1,0,0
sdv-id-pPFCnt,14669189-5ca4-4e71-a8f0-e5f2e1568ad3,1970-01-01,0,Gaming,157.99,ESP,BRA,1,0,0,1,0
sdv-id-TGtogG,926730dc-1c0a-4411-9086-af36fa0a5de5,1970-01-01,0,Tech,657.3,ESP,BGD,0,1,0,1,1
sdv-id-vdRlMg,b06f0681-4b98-42c5-97aa-5681428f54aa,1970-01-01,0,Tech,1778.01,ESP,NGA,0,0,0,1,0
sdv-id-eQjWdS,624a2a50-d0b1-4de0-b1f3-f0c022f3f068,1970-01-01,4,Retail,1843.94,ESP,DEU,1,1,1,1,0
sdv-id-WSJOeO,4223623b-cc3e-4dde-9ad5-cf06364d7c87,1970-01-01,0,Retail,1145.23,ESP,CHN,1,0,0,1,0
sdv-id-DfgRAe,f22d1294-fd28-44d7-85ce-245c9558fa31,1970-01-01,5,Retail,166.8,ESP,ARE,0,0,1,0,1
sdv-id-rBksFy,3d3f3799-a072-45e9-bc0e-8cd88573e793,1970-01-01,0,Gaming,2406.93,ESP,NGA,1,0,1,1,0
sdv-id-KhiVVD,6c847a07-0f28-4fc1-aed3-252a9f16723f,1970-01-01,0,Retail,179.38,ESP,RUS,1,0,0,1,1
sdv-id-cGJizl,d37a430a-2f2a-45e8-a67a-e277348f9ce0,1970-01-01,1,Gaming,2126.63,ESP,BRA,0,0,1,0,1
sdv-id-fsPNqn,46b3fcbf-fb18-491f-9ebf-e7d37404efd3,1970-01-01,2,Travel,1385.23,ESP,USA,0,0,0,1,0
sdv-id-UNdvSi,6d256249-5b6e-4edf-845a-bdcea0a7f916,1970-01-01,1,Gaming,624.9,ESP,UKR,0,1,1,1,0
sdv-id-meYGrS,47660299-8429-4d10-acd9-1139cc6262d5,1970-01-01,0,Tech,2096.9,ESP,JPN,0,0,0,1,0
sdv-id-OLjxyk,889fe107-443b-4d0f-bdbc-3093a8284442,1970-01-01,5,Tech,1089.32,ESP,BGD,0,0,0,0,1
sdv-id-RIsQUX,6b1b8c03-0b7e-4d79-8c1b-0d55933be58a,1970-01-01,1,Retail,2281.3,ESP,ARE,0,0,1,1,0
sdv-id-uaUcPB,c4cb294f-e86e-4e63-8f25-477da55990e7,1970-01-01,1,Food,774.32,ESP,RUS,1,1,1,1,1
sdv-id-EMIdWQ,f9fb722d-a51c-4d2a-b3bf-bdabb7b24f20,1970-01-01,3,Food,516.79,ESP,ARE,0,0,0,0,1
sdv-id-nNgsop,c99689e6-0a5f-4cff-82bb-ba8c2e169e20,1970-01-01,3,Gaming,1147.9,ESP,BRA,0,0,0,1,1
sdv-id-kHWsng,46feacd4-fe13-43cd-8f2d-5c15eb346d3a,1970-01-01,0,Tech,69.78,ESP,BGD,0,1,1,1,0
sdv-id-rUmyLK,75eff2a9-06fe-4650-9a0c-00487108f569,1970-01-01,0,Gaming,450.08,ESP,USA,1,0,0,0,0
sdv-id-VNSYrC,5380b904-688c-4015-aab9-7e494f2d4796,1970-01-01,0,Gaming,848.59,ESP,DEU,1,0,0,1,0
sdv-id-zmgyDk,bdf71fc7-f5a7-423e-9e8e-36b58e9a6a6a,1970-01-01,0,Retail,1025.66,ESP,ITA,0,1,1,0,0
sdv-id-uOGDpr,9527b102-85bb-4541-a1e0-d3d7c541ea01,1970-01-01,5,Food,2416.68,ESP,GBR,0,1,1,0,1
sdv-id-eHkdWX,28a5e34d-798b-4f02-aa2f-d9d1b5ad09f5,1970-01-01,0,Food,1169.19,ESP,PRT,0,0,0,0,1
sdv-id-EFqJpE,000df764-9d46-4a9a-8a1d-9238fcf9abbb,1970-01-01,0,Tech,635.57,ESP,ESP,1,1,1,0,1
sdv-id-yDjFyK,15f2f85a-754a-4e48-a5b1-3afdaf2c20ac,1970-01-01,5,Travel,1338.06,ESP,IND,0,1,1,1,0
sdv-id-Yjhcsa,edcb8cb6-0692-4c63-9424-aed51bac5c15,1970-01-01,0,Food,326.18,ESP,RUS,1,1,0,0,1
sdv-id-DEkUKi,8bc85d37-09cc-4f1a-9c38-7c2a1243e838,1970-01-01,0,Food,1478.68,ESP,FRA,1,0,1,1,0
sdv-id-cYGmRK,0227e56b-0474-4ebc-b455-c604fee931f4,1970-01-01,0,Gaming,580.81,ESP,NGA,0,0,1,0,1
sdv-id-BTtrJj,3c03032c-c7f0-40cf-8463-aa5e222c2fd2,1970-01-01,0,Food,581.72,ESP,GBR,1,0,1,0,0
sdv-id-bpcekX,f10b394d-6021-415b-8207-fb5152ffeff5,1970-01-01,0,Travel,1635.15,ESP,JPN,0,0,1,1,0
sdv-id-GdwidJ,318beb4e-8251-4fd9-b41f-acd11344c2f6,1970-01-01,0,Gaming,2256.73,ESP,NGA,1,1,0,1,0
sdv-id-BkGBpA,3dfa45fa-1da6-40f0-8a53-d7c4f68fa05b,1970-01-01,0,Food,1864.45,ESP,VNM,0,1,1,1,0
sdv-id-JiOVko,9267e7e6-28f5-45c2-80eb-f7252f1ef8dc,1970-01-01,0,Gaming,1500.52,ESP,NGA,0,0,1,0,1
sdv-id-oGtPia,d8b6a5b0-c7c2-4f1b-ad30-26db20f8260c,1970-01-01,0,Gaming,1297.58,ESP,UKR,1,0,1,0,1
sdv-id-vzPUnx,372bb847-c712-423d-9595-212570db85f9,1970-01-01,0,Food,454.38,ESP,DEU,0,1,0,0,0
sdv-id-QAmOyU,f02a1b37-9865-496f-99f8-d29021abbbf2,1970-01-01,0,Retail,2140.42,ESP,GBR,0,0,0,0,1
sdv-id-JsWfkG,b257e257-cc4a-402c-8f49-94e07ab16533,1970-01-01,3,Food,1188.26,ESP,FRA,0,0,1,1,1
sdv-id-AYwknO,18a73d94-a13e-466d-96c6-d99779fe7ccc,1970-01-01,0,Travel,2134.71,ESP,IND,1,0,1,1,0
sdv-id-CtnYQK,bc57003e-91f9-4586-827f-9590333c8c30,1970-01-01,0,Gaming,2100.04,ESP,DEU,1,0,0,0,1
sdv-id-yIvIcu,e6b9d31a-361f-4d90-bad1-fa330ae4ac11,1970-01-01,0,Travel,1853.04,ESP,ITA,0,1,0,1,0
sdv-id-wFYVVS,df8200b8-5b24-4b54-b9ad-97ae0ea761a6,1970-01-01,5,Food,204.88,ESP,GBR,0,1,1,0,1
sdv-id-GkXwlu,6d6d91e1-93ed-42c5-9cf8-5164113b776e,1970-01-01,0,Retail,2256.28,ESP,VNM,1,1,0,1,0
sdv-id-CRxJJV,167b6ea0-2945-4370-a713-72ab34cb7b9a,1970-01-01,0,Travel,2111.12,ESP,RUS,1,1,1,1,0
sdv-id-AcOlFy,ee647303-8c0b-4e42-a013-6cf6beb4d307,1970-01-01,0,Gaming,1682.33,ESP,NGA,1,1,0,1,1
sdv-id-kpgZeR,24f43c62-b523-40de-9b87-d29c4cfd0fc1,1970-01-01,0,Food,392.9,ESP,IND,0,0,1,1,1
sdv-id-nJUyuU,4a02d7c1-9859-4f42-974a-2447ab73860c,1970-01-01,0,Tech,56.62,ESP,GBR,0,1,1,0,0
sdv-id-gBwQyO,42c18a62-ef48-48d5-90fd-9d3f85d51695,1970-01-01,0,Tech,416.35,ESP,USA,1,1,1,0,1
sdv-id-rRuJZJ,f6c7a1c1-c9e2-4ec1-8dda-01243d24c1c1,1970-01-01,0,Food,2292.65,ESP,ITA,0,1,0,1,0
sdv-id-qKgkVZ,2f63a62d-03d0-4c19-9df1-f0f5d0f36c28,1970-01-01,0,Retail,2286.06,ESP,DEU,0,1,1,1,1
sdv-id-mcqIqU,05b149a0-9686-4676-b83e-40abb22a55a6,1970-01-01,3,Tech,1581.65,ESP,ESP,1,0,1,0,1
sdv-id-qThMac,07ee522e-3b6c-4551-94e7-11aa563aba44,1970-01-01,0,Retail,1870.98,ESP,GBR,0,1,0,0,0
sdv-id-ocOXQi,36ca9390-96a2-479d-a576-d828f5517659,1970-01-01,0,Travel,1983.1,ESP,ESP,1,0,0,0,1
sdv-id-JrbmLS,df301cb5-c8c5-44fa-8879-4a56a7954d2b,1970-01-01,0,Retail,2069.17,ESP,ITA,1,0,1,0,1
sdv-id-wwQBIK,25e591c8-2fff-4405-ae83-766e4639e799,1970-01-01,0,Travel,1743.44,ESP,GBR,0,1,0,0,1
sdv-id-XgmcNz,565fa125-eb85-405d-9cfa-2010ff51cc96,1970-01-01,0,Gaming,1848.47,ESP,BGD,1,0,1,0,1
sdv-id-tdJUZL,9f690cde-7eaa-4a91-9def-d401792cad76,1970-01-01,0,Retail,1432.68,ESP,BGD,0,1,1,1,0
sdv-id-KaSrpE,e877a70d-692f-476c-9a20-4dcc4ae8e236,1970-01-01,2,Retail,2266.19,ESP,JPN,0,1,0,0,1
sdv-id-vciseQ,b9e28abb-640c-40d9-9764-0a6f2ca43d0d,1970-01-01,0,Tech,578.32,ESP,FRA,0,1,1,0,1
sdv-id-fjmlJw,095b81d6-b97d-4617-b487-246c21f9c072,1970-01-01,0,Retail,344.42,ESP,VNM,1,0,0,0,1
sdv-id-vfyCtP,65dbb404-5b19-4207-b5a8-457d74f894e2,1970-01-01,0,Gaming,729.71,ESP,ARE,1,1,0,0,0
sdv-id-LVnvmH,a8575900-7a8c-4c36-a5d7-71639b2aeea6,1970-01-01,0,Gaming,1179.38,ESP,BGD,0,1,1,1,1
sdv-id-MTLHjV,c1472ff2-2ad4-4bba-80ce-350586780a98,1970-01-01,0,Retail,133.92,ESP,BRA,0,0,1,1,0
sdv-id-TnpQcD,926a4bd0-be12-4f8f-b06b-6c129c8b9550,1970-01-01,5,Gaming,229.46,ESP,DEU,1,1,0,0,1
sdv-id-xQYGUl,96bfbee0-09a2-4373-b2fd-73447862f1cf,1970-01-01,0,Retail,28.25,ESP,BGD,0,0,1,0,1
sdv-id-hdIcKG,a8575900-7a8c-4c36-a5d7-71639b2aeea6,1970-01-01,0,Gaming,22.22,ESP,IND,1,1,0,1,0
sdv-id-KzuJdo,624a2a50-d0b1-4de0-b1f3-f0c022f3f068,1970-01-01,1,Gaming,1838.08,ESP,IND,1,0,1,0,0
sdv-id-HtTerD,84f2fd0f-7947-4bfa-8dd0-b4d4554227de,1970-01-01,0,Retail,2198.56,ESP,BGD,0,1,0,0,1
sdv-id-mnClqj,24d6bca4-517f-4719-a629-a922153f1e28,1970-01-01,1,Travel,189.07,ESP,RUS,1,0,1,0,1
sdv-id-sGISQN,04d07f29-13e6-45fd-9c99-d366c8b62c18,1970-01-01,0,Food,796.87,ESP,ESP,0,0,1,1,1
sdv-id-WqTyZU,f122d458-f521-4f35-a358-c4d3fc76627b,1970-01-01,0,Gaming,53.71,ESP,UKR,1,0,0,1,0
sdv-id-UvaGBh,57059671-b031-4179-ac76-25b80fc06f77,1970-01-01,0,Food,1452.13,ESP,ITA,0,1,1,1,0
sdv-id-BjcqkC,2f63a62d-03d0-4c19-9df1-f0f5d0f36c28,1970-01-01,0,Retail,219.55,ESP,ESP,0,1,1,0,0
sdv-id-ePFcUC,c96ec149-1355-4472-a65f-5c59913406a4,1970-01-01,0,Tech,930.56,ESP,BGD,1,0,0,0,1
sdv-id-gstlvn,a898dac4-f736-4f7e-b51c-586ac0c3d59e,1970-01-01,0,Travel,820.76,ESP,RUS,1,0,1,0,0
sdv-id-ekYgbO,bab4eb77-959f-4841-ad19-312dde3b5a64,1970-01-01,5,Gaming,734.16,ESP,IND,1,1,1,1,1
sdv-id-BtwDwF,bce16224-6ce4-40af-a63c-112e8373c5c7,1970-01-01,0,Food,2302.84,ESP,IND,0,1,1,0,1
sdv-id-TNrJvX,f387e1bd-2d59-42c6-934a-5a2fa7cf705c,1970-01-01,0,Travel,1510.53,ESP,DEU,1,0,1,0,1
sdv-id-XXGmdX,6abb6c41-f928-42a9-bb51-cd747d52903f,1970-01-01,0,Food,1419.91,ESP,FRA,0,0,1,0,1
sdv-id-Xxunkk,95f5f2ac-3e24-4c2b-bc4c-ec7dce55754e,1970-01-01,0,Travel,1293.87,ESP,IND,0,1,0,1,0
sdv-id-eRIxuC,cf367c1b-9a6f-4965-9b5e-d35a2268645f,1970-01-01,0,Tech,2238.96,ESP,NGA,0,1,1,1,0
sdv-id-GlagEx,043d72db-1bcb-404c-a1d8-b96a62ada157,1970-01-01,5,Gaming,817.38,ESP,CHN,1,1,0,1,1
sdv-id-orVPJZ,48924bd6-e399-40dd-8e1f-39bee4edc295,1970-01-01,0,Retail,1929.24,ESP,DEU,1,1,1,0,1
sdv-id-qBCLkP,676cf539-c9be-43d7-ab1b-0f5260ae9b09,1970-01-01,0,Food,2486.94,ESP,ITA,0,1,0,1,1
sdv-id-JBmiTZ,b71a72c1-582c-497f-8eb4-762ed32b3c0d,1970-01-01,0,Retail,703.94,ESP,IND,1,0,1,1,0
sdv-id-llxsxC,cdb75f57-5045-4f2b-ba98-f0cf42df3d68,1970-01-01,0,Travel,437.12,ESP,BGD,0,1,1,1,0
sdv-id-IUEQNd,48924bd6-e399-40dd-8e1f-39bee4edc295,1970-01-01,0,Travel,1809.0,ESP,CHN,0,0,1,1,0
sdv-id-FyxoMk,52bacd95-8d73-43f8-94f9-9b39d0775ab4,1970-01-01,3,Tech,176.23,ESP,ARE,0,0,0,0,0
sdv-id-HIaBeX,1f93bb9d-263f-4b57-9ef9-81f8af927913,1970-01-01,0,Gaming,1765.1,ESP,USA,0,0,0,0,1
sdv-id-hjaQvN,d1ed43ba-65c6-4e05-aebf-af4c813592e7,1970-01-01,0,Gaming,1673.5,ESP,USA,0,0,1,0,1
sdv-id-COIYMF,df9b141e-c7f7-4da1-bff1-5840207e863f,1970-01-01,0,Food,53.83,ESP,BRA,1,1,1,1,0
sdv-id-CHpijH,27165ab6-73c1-4557-b6e2-6e93e62abbfe,1970-01-01,1,Gaming,2223.42,ESP,PRT,0,1,1,0,1
sdv-id-CTrRIr,44424098-ba9c-4e3d-a5c3-79458063fce4,1970-01-01,3,Gaming,330.21,ESP,ARE,1,1,1,0,0
sdv-id-vARuJL,fa2c9e79-2758-4f1a-a39e-5593ec11a44d,1970-01-01,0,Tech,319.25,ESP,ARE,1,1,0,1,0
sdv-id-WEnDFS,de8a774b-cf36-458b-8737-819096da1dac,1970-01-01,3,Gaming,1953.15,ESP,RUS,0,0,1,1,0
sdv-id-uDrLZc,e4723a97-a717-4558-b200-765502a213b0,1970-01-01,3,Tech,776.59,ESP,CHN,0,0,1,1,1
sdv-id-mepZWz,2a07a49f-c880-4bae-9e82-328501e780a0,1970-01-01,0,Gaming,2240.65,ESP,ITA,1,1,0,1,0
sdv-id-PGnHlK,9cbf7b8c-7410-4d5d-9db1-4bfc6f3a5115,1970-01-01,0,Retail,1742.63,ESP,ARE,1,1,1,0,1
sdv-id-zIEaGv,e8fb5a96-3b85-46e1-840f-54057a25ed81,1970-01-01,0,Retail,2315.8,ESP,BRA,0,0,0,1,0
sdv-id-XCFWYv,64b56f4e-0833-4cee-88a0-5e4fb064672a,1970-01-01,0,Tech,1097.52,ESP,CHN,0,0,1,0,1
sdv-id-HwJEZe,8381863c-fb0c-485d-a886-68a4e0f99296,1970-01-01,2,Travel,219.78,ESP,CHN,0,0,0,1,1
sdv-id-GWmjAI,0b458c23-eead-490c-8f9c-78bf010d583f,1970-01-01,1,Tech,2329.66,ESP,DEU,0,1,1,0,1
sdv-id-UWjLka,c8271dd9-8da1-4439-80fc-21fd8ffbcc0f,1970-01-01,0,Retail,1573.79,ESP,PRT,1,0,0,1,0
sdv-id-MoPiML,6b97c617-920f-4a6a-9b24-346346c5ab95,1970-01-01,0,Travel,82.76,ESP,UKR,0,0,1,0,1
sdv-id-gUfAqf,178cb5a0-3b66-4afa-bcf8-b9130ed40264,1970-01-01,3,Travel,24.12,ESP,NGA,1,0,0,1,0
sdv-id-mEEGGW,6b10b786-7565-4daf-b72d-416dda05d2fc,1970-01-01,0,Food,849.3,ESP,ITA,1,0,1,1,0
sdv-id-HkOADm,5fed5cb7-a6e8-4b4f-a5bb-7f3b687bb3ce,1970-01-01,0,Tech,2345.91,ESP,USA,0,1,1,0,1
sdv-id-aeNLtA,66b2bc5b-50c1-47fc-8e17-7b4e0837b8a3,1970-01-01,0,Travel,1453.33,ESP,ESP,0,0,1,0,0
sdv-id-OixgWC,73cd050a-3bc8-4160-bd97-7c5f75aec072,1970-01-01,0,Gaming,851.85,ESP,RUS,1,0,1,0,0
sdv-id-IFhVoR,010e4265-ad3f-4dd4-8496-26ba30c9a2be,1970-01-01,0,Tech,1093.24,ESP,BRA,1,0,0,0,1
sdv-id-tYgVnP,7f48266c-6ec2-4d01-9ce5-3da9dcad357e,1970-01-01,0,Travel,2443.99,ESP,UKR,0,1,1,1,0
sdv-id-YrXSDC,9082140a-ed00-4657-b79f-0075ba72186e,1970-01-01,0,Tech,161.3,ESP,DEU,0,1,0,1,0
sdv-id-dYlCwr,56d00a82-1564-4478-8d62-0ba689fc17cf,1970-01-01,0,Food,1943.45,ESP,GBR,0,1,0,0,1
sdv-id-oxfJDW,c68da4b2-f613-4da0-96f4-01e5c1e9c4fa,1970-01-01,0,Food,790.05,ESP,ESP,0,1,0,1,0
sdv-id-IzLPGh,c87d01c2-92e8-48b1-9e00-3828d5935e79,1970-01-01,5,Food,455.91,ESP,CHN,1,1,0,1,1
sdv-id-OckRFI,d4e4085e-d39c-4bfc-b853-6a36923fd0d7,1970-01-01,0,Tech,63.76,ESP,GBR,1,1,1,0,1
sdv-id-uTCoxo,56689e24-fe39-4df5-be2e-e0669e30d1d6,1970-01-01,1,Retail,76.19,ESP,JPN,0,1,1,0,1
sdv-id-ibsLpG,55caab20-a54d-42ab-8442-7173e8c9ec24,1970-01-01,0,Travel,373.07,ESP,CHN,1,1,1,0,1
sdv-id-eqkbJs,884ff1a7-af48-4fc0-beba-046465c227c0,1970-01-01,0,Gaming,95.1,ESP,BRA,1,1,1,0,0
sdv-id-fDXJyl,74ed53ce-ef0e-4fd3-b398-39aa7e95b992,1970-01-01,2,Retail,1640.5,ESP,DEU,0,0,1,0,1
sdv-id-MBptbQ,cbcb3293-9651-4240-8610-3d842672a20c,1970-01-01,0,Food,1050.17,ESP,BRA,1,1,0,0,1
sdv-id-hxSMTE,e5dc6ce5-5fbb-4fd7-9a58-abba91303877,1970-01-01,0,Gaming,1849.83,ESP,FRA,1,0,0,0,1
sdv-id-mJUGaO,d2333b12-5ad2-4e7a-8b40-601a99260664,1970-01-01,0,Tech,255.26,ESP,USA,0,1,1,1,0
sdv-id-JoVDwk,4cd7e6f7-433e-4d2c-a76e-1d6700a0586e,1970-01-01,0,Gaming,51.44,ESP,FRA,1,0,1,0,1
sdv-id-zurLos,f367043b-dadf-4f67-ac6d-eaa2f1b4159f,1970-01-01,0,Travel,1306.03,ESP,UKR,1,1,0,0,1
sdv-id-ApESFw,16054b9e-313a-4c74-8a3d-b769cf052461,1970-01-01,1,Gaming,517.32,ESP,BGD,0,1,1,0,0
sdv-id-NaObAj,df552ac3-c66b-4b69-aabc-f7ecd2d3ea0a,1970-01-01,0,Tech,2172.97,ESP,PRT,0,1,0,1,1
sdv-id-WuQMGj,91e89b6d-b783-44cb-9fd0-b3e05a2ee6fa,1970-01-01,0,Tech,1334.41,ESP,USA,1,0,0,0,0
sdv-id-cyrOgO,a9d3c2e6-505c-4686-9f87-1ce75487fd4f,1970-01-01,0,Travel,99.68,ESP,PRT,0,0,0,1,0
sdv-id-SRjDMH,3f9304fa-0005-4b9d-a87d-21fff1fa7e6a,1970-01-01,0,Gaming,250.28,ESP,ESP,1,1,0,1,0
sdv-id-ajMoHx,da2777af-a6ed-4e6b-a43a-35624cdf5063,1970-01-01,0,Gaming,883.28,ESP,BGD,0,1,0,0,1
sdv-id-YqgtBL,9c7ab4e3-ee8b-49a3-848b-e725da6b0060,1970-01-01,1,Food,1286.54,ESP,PRT,0,1,1,0,1
sdv-id-mkJRtZ,70adf7ed-4277-471c-9694-4fa8afb77dcd,1970-01-01,0,Tech,85.41,ESP,ESP,1,0,0,0,0
sdv-id-PnjrWU,00d4af59-7427-4ca3-a87d-06ca6f4cc69a,1970-01-01,0,Retail,1798.06,ESP,VNM,0,0,0,0,1
sdv-id-GDEqUA,c236d295-c069-4fb8-93e9-46d9528da2fe,1970-01-01,0,Retail,1104.8,ESP,FRA,0,0,0,0,0
sdv-id-pYhchX,ecf60826-3c1e-4ac4-9af0-9b921da9c3c5,1970-01-01,0,Tech,1058.11,ESP,PRT,0,1,0,1,1
sdv-id-osQQVf,2ef17a90-8bbb-4f3f-b60e-36aaa0d980ba,1970-01-01,0,Food,1004.53,ESP,ARE,1,0,0,0,0
sdv-id-kHdxGu,84f16d9d-af8f-4cf0-851a-9ec71cdde8ca,1970-01-01,0,Food,1910.91,ESP,CHN,0,1,1,0,1
sdv-id-dzhNjq,0c46d8be-bd3f-4354-904b-9abba41425de,1970-01-01,4,Tech,875.9,ESP,BGD,0,1,0,1,0
sdv-id-ACaBuf,3aa06694-0610-442d-8024-1ac149d83188,1970-01-01,0,Travel,1861.98,ESP,ARE,1,1,0,1,0
sdv-id-pdZTgn,284bf962-5744-4596-b422-21676b7a2460,1970-01-01,0,Gaming,1634.28,ESP,BRA,1,0,1,0,1
sdv-id-FZFVnw,e2b6a842-d2a8-4922-a518-93471e910b71,1970-01-01,1,Food,2105.27,ESP,BGD,1,1,0,0,1
sdv-id-adJNqp,88f47eed-6990-4abf-b792-be4734783752,1970-01-01,0,Food,682.62,ESP,GBR,0,0,1,1,0
sdv-id-rMmIzR,64346e31-81d6-45b4-a4cc-89db1055b63c,1970-01-01,5,Travel,2334.54,ESP,ITA,1,1,0,1,0
sdv-id-SRFnEr,67e69ffe-5dec-4a98-8e4d-f5f680474077,1970-01-01,1,Travel,2153.34,ESP,BRA,1,1,1,0,1
sdv-id-kTUVOa,9ae5fbbc-0f65-4cc9-8fbd-853a790f2b45,1970-01-01,5,Food,818.55,ESP,DEU,0,0,0,0,1
sdv-id-xoECiC,b8ba61b8-41c1-4233-bf2c-1fd1f34ab83d,1970-01-01,0,Retail,1550.14,ESP,RUS,0,0,0,0,1
sdv-id-dUaCvE,9b0707e5-f68e-4e81-adf9-568bde0bde18,1970-01-01,4,Retail,694.66,ESP,BGD,0,1,1,0,0
sdv-id-gEjRHa,53badc3e-cc5b-4684-9f82-3a9481140235,1970-01-01,2,Travel,625.63,ESP,RUS,1,1,0,0,1
sdv-id-AsXNRY,852393d7-9a5d-476e-a02b-a25601dbeb73,1970-01-01,0,Food,813.67,ESP,VNM,0,1,1,1,0
sdv-id-PLbyVR,aa1adda7-2822-40a9-9b12-ad2ea7366835,1970-01-01,0,Tech,536.18,ESP,IND,0,1,1,1,0
sdv-id-FbWzwl,44e4b56c-366c-4ff8-91b4-accdbf283a6e,1970-01-01,0,Tech,1737.14,ESP,NGA,0,0,0,0,1
sdv-id-VOYjxP,aef0244b-2c19-4e3d-a7fc-1bad76ca1cbe,1970-01-01,0,Travel,760.65,ESP,DEU,1,1,0,0,0
sdv-id-RWkodS,c75ff368-5f7d-4bb1-880a-fe9f84a6d693,1970-01-01,0,Food,2277.72,ESP,CHN,1,1,1,0,1
sdv-id-NsUcQD,ba0266ef-be05-4787-965b-efdf6b4be411,1970-01-01,1,Food,1649.37,ESP,NGA,1,1,1,0,1
sdv-id-dEfdqP,0a35653c-f57a-431e-be6b-74fd9f027cbf,1970-01-01,0,Gaming,2024.0,ESP,CHN,1,0,0,0,1
sdv-id-IUBRvu,55b85720-87cd-4444-adba-97542d95d98d,1970-01-01,5,Tech,1158.71,ESP,DEU,1,1,1,1,1
sdv-id-rhgDuN,813a3aa5-7d81-4c21-bf76-4fcea97ef131,1970-01-01,3,Retail,2100.05,ESP,ESP,1,0,1,1,0
sdv-id-jipdWI,5f9c041d-8323-44b5-bd59-3fa4e9b9339e,1970-01-01,0,Retail,1292.18,ESP,DEU,0,0,1,1,1
sdv-id-hfHKyZ,496d4895-c8d7-425c-823b-576b0ead4e04,1970-01-01,5,Tech,2468.46,ESP,BGD,1,1,0,1,1
sdv-id-trgNdX,85915036-288c-4222-8148-a2458be64b98,1970-01-01,0,Travel,326.0,ESP,BGD,1,0,0,1,0
sdv-id-JgwURJ,9b5c4b58-9c42-4665-bf3c-03a6357544ee,1970-01-01,1,Food,1953.69,ESP,DEU,1,0,1,1,1
sdv-id-SpPJlE,d8302225-0885-4bcf-b57e-cb8e4cf83b40,1970-01-01,0,Food,1500.57,ESP,USA,0,1,1,1,0
sdv-id-pKMSYc,3f7dd313-6f43-4da3-a84f-3d7569f876b9,1970-01-01,0,Retail,1358.33,ESP,VNM,1,1,1,1,0
sdv-id-FDChUr,b381e8b0-38ca-4da7-81f0-98fca45ccc55,1970-01-01,0,Tech,1701.65,ESP,UKR,1,0,1,1,0
sdv-id-uGZqlM,54bdfe61-3abc-466c-a4cf-b2f39fc6ea49,1970-01-01,1,Gaming,2401.18,ESP,CHN,0,0,0,0,1
sdv-id-tQnMcy,9a49192f-7732-494b-a6cb-b2871432f972,1970-01-01,0,Travel,1464.17,ESP,JPN,1,0,1,0,1
sdv-id-CYBmVB,dec43905-59e6-4fe2-9f28-b08d1c7f8315,1970-01-01,0,Food,2249.76,ESP,USA,0,0,1,0,1
sdv-id-qosFry,b7eb1786-70f7-4d82-8c6e-f4cdf9d65e8e,1970-01-01,0,Retail,559.76,ESP,ITA,0,1,1,1,1
sdv-id-MoTWfl,56d00a82-1564-4478-8d62-0ba689fc17cf,1970-01-01,0,Food,676.73,ESP,DEU,1,0,0,0,1
sdv-id-HrWTpZ,11cfc46b-c037-4059-97f4-680169a2e466,1970-01-01,2,Gaming,851.32,ESP,CHN,0,1,1,0,1
sdv-id-jiWMIO,4cc7cda2-1f2f-487d-ad11-3faf0e3f4912,1970-01-01,0,Gaming,2094.27,ESP,ESP,0,1,0,0,1
sdv-id-SSVuPF,89aae145-f6d4-4767-9a0d-4f8c30306e86,1970-01-01,0,Gaming,1995.08,ESP,BGD,1,0,1,0,1
sdv-id-ECUkHB,664d49fa-94b5-4339-84c1-1826d910498c,1970-01-01,0,Gaming,929.97,ESP,USA,1,0,0,0,0
sdv-id-IMtPTv,8366c189-cd8d-4f75-9df4-4d3ef26f9b19,1970-01-01,0,Food,1241.59,ESP,BRA,0,1,0,1,0
sdv-id-ETKBJL,8cd1692d-66af-4249-ba98-f602bc059dfb,1970-01-01,0,Food,1002.59,ESP,PRT,1,1,1,0,1
sdv-id-tnHUUm,1d61fac3-6cd5-4859-b2a4-47b2ef04e57d,1970-01-01,0,Gaming,1710.63,ESP,FRA,1,0,1,1,0
sdv-id-AUFKyW,105b2fdc-4fb5-41b3-938b-aaf1f8cbb96e,1970-01-01,0,Tech,1231.88,ESP,UKR,0,0,1,0,1
sdv-id-eMxhwx,92004957-b161-4d16-a9a0-02a45acd1e90,1970-01-01,0,Gaming,494.4,ESP,NGA,0,0,1,0,1
sdv-id-KdWQxI,2dd86931-d31c-4274-a8c7-c8678231b35c,1970-01-01,2,Tech,1815.79,ESP,DEU,0,1,1,1,0
sdv-id-mPhvym,76185aee-62cc-43b9-85a3-3467b110f489,1970-01-01,0,Gaming,289.04,ESP,IND,1,1,0,1,0
sdv-id-fmNYlg,8534bd76-8642-4a80-a8c1-2f2278ea904d,1970-01-01,0,Food,1416.83,ESP,ESP,1,1,1,1,1
sdv-id-WDeUTI,4d9dbaeb-553d-4625-a833-4da5de95d695,1970-01-01,0,Food,149.37,ESP,JPN,1,1,1,1,0
sdv-id-zmJloj,b66e550b-5c8a-4866-af9c-5cfbafe601c5,1970-01-01,0,Gaming,564.65,ESP,USA,1,0,0,0,1
sdv-id-viViOf,5199839c-d0de-4fb6-858c-6c02bf409640,1970-01-01,1,Food,1523.37,ESP,GBR,1,0,0,0,0
sdv-id-wjgZjj,80e6d3de-5539-4a02-86ca-565f84114531,1970-01-01,0,Tech,422.88,ESP,USA,1,0,0,0,1
sdv-id-NOxSXq,16476e3f-1127-4207-8eae-1325ea074d80,1970-01-01,0,Tech,2167.1,ESP,ARE,1,1,0,0,1
sdv-id-WCVODn,61fdf942-424d-4469-86a0-bfb45df0fb26,1970-01-01,5,Tech,2314.2,ESP,JPN,0,1,1,1,1
sdv-id-wAquRy,bfb5ab4e-ea57-453c-9dc6-1cb849a7102d,1970-01-01,0,Food,1668.64,ESP,RUS,0,1,1,1,0
sdv-id-PNzLWj,c3ab6793-e300-45bb-a282-338d27ae500a,1970-01-01,0,Retail,1042.35,ESP,BGD,0,0,1,0,1
sdv-id-spvmpq,6a9f687a-d04f-4197-94c0-df2891b5fcb4,1970-01-01,0,Travel,1102.68,ESP,JPN,0,0,0,0,1
sdv-id-YDxEDl,7b4e9ecd-de07-47b1-b8ae-8d5dfe268e77,1970-01-01,1,Food,1604.07,ESP,UKR,1,0,0,0,0
sdv-id-HpRvTF,1383883b-118f-4972-a396-fc578c76560f,1970-01-01,0,Travel,45.12,ESP,DEU,1,0,0,0,1
sdv-id-SqjHlL,e76adca9-7811-4802-88cc-7cfecf01f944,1970-01-01,0,Retail,2157.34,ESP,NGA,0,1,1,0,0
sdv-id-TYhgUN,46d47d41-6fa5-43b0-a40d-fea5bd64987e,1970-01-01,3,Tech,1457.86,ESP,GBR,1,1,1,1,0
sdv-id-CSiylE,b0d515ab-c891-455d-94c1-76b90ac013d5,1970-01-01,1,Gaming,1816.89,ESP,ARE,1,1,0,1,0
sdv-id-dwjGJL,a417c093-80a8-423d-97ea-ec838892042f,1970-01-01,0,Travel,2198.98,ESP,BGD,0,1,0,1,0
sdv-id-rLKeSN,32ff2dc2-a9fb-4d74-b3b3-f4458574fb9c,1970-01-01,0,Travel,711.06,ESP,BGD,1,1,1,0,0
sdv-id-TlpwBh,93ddbda1-34fe-4da8-87e8-6429e4fa6417,1970-01-01,0,Gaming,1716.27,ESP,UKR,0,0,0,1,1
sdv-id-KjkzpO,0cff84c2-eb41-4e2f-b31b-58facffd1e28,1970-01-01,0,Retail,546.81,ESP,CHN,0,0,1,1,0
sdv-id-IfgEiC,3a843b35-c2bd-4805-8c48-52175d549496,1970-01-01,4,Tech,1856.2,ESP,FRA,0,1,1,0,1
sdv-id-dUdWPi,334dd7aa-25c1-4899-a89a-92c5003742ae,1970-01-01,1,Retail,153.98,ESP,RUS,0,1,1,1,0
sdv-id-vGrPzd,9fa4a627-d306-48be-8548-867bad5cba24,1970-01-01,0,Travel,2315.73,ESP,VNM,1,1,1,0,0
sdv-id-KfMHkB,64ab851b-f1fa-46e7-970d-750705eee1d4,1970-01-01,5,Food,186.62,ESP,BRA,0,0,0,0,1
sdv-id-GfTjpL,8f379da5-da41-4f0b-8255-9353f95d62ff,1970-01-01,0,Travel,1439.84,ESP,RUS,0,0,1,0,1
sdv-id-VYsXIV,18fdd2b9-79e5-49aa-992a-35497ba109d0,1970-01-01,0,Tech,2079.12,ESP,VNM,0,1,1,0,0
sdv-id-TwYeEs,f4adfa22-ad02-45f5-9417-c2f9eb91731a,1970-01-01,0,Food,283.78,ESP,BRA,1,1,0,0,1
sdv-id-TttyUI,7f7d7604-ebd9-4165-b3cd-3e912f5b46f7,1970-01-01,0,Tech,2488.51,ESP,IND,0,0,0,1,1
sdv-id-loetKE,ee519882-93ef-48c4-a9b1-2582c3545cd8,1970-01-01,0,Gaming,1479.69,ESP,BGD,0,1,0,1,0
sdv-id-dnBQWQ,7d2e11bd-1708-496e-b176-2fbdc37114e3,1970-01-01,0,Tech,85.51,ESP,ARE,1,1,0,1,1
sdv-id-AYZQvg,0d3069bf-ca66-48a8-9f96-048a453b37f5,1970-01-01,2,Retail,742.69,ESP,CHN,1,1,0,0,1
sdv-id-GvEUnI,1e5c5da8-d087-4dcb-be94-f1cb075cc8eb,1970-01-01,0,Travel,868.96,ESP,BGD,0,0,1,1,0
sdv-id-NnVjac,1901ef87-0dbf-4caf-988a-3f87f96d40f8,1970-01-01,0,Tech,1950.8,ESP,CHN,1,1,1,0,0
sdv-id-sEMkHx,7d05121c-ceee-4d65-9904-8ca79291e493,1970-01-01,0,Gaming,2140.45,ESP,GBR,0,1,0,1,0
sdv-id-qigMdX,1eca85b3-1c73-48e6-947f-fd35751a5b9a,1970-01-01,0,Gaming,2316.22,ESP,IND,0,0,1,0,1
sdv-id-AakwNP,0a76e404-9bad-46c6-9d7d-08c960cc7abd,1970-01-01,0,Gaming,943.56,ESP,GBR,0,1,0,1,0
sdv-id-hKeXTZ,d9b59f84-edc3-41c3-adea-2d2d086c405f,1970-01-01,1,Tech,2288.46,ESP,GBR,0,0,0,1,0
sdv-id-vWHrOw,8ace87b7-4250-4956-878c-d79d0856cc4b,1970-01-01,0,Gaming,488.83,ESP,FRA,1,1,0,1,0
sdv-id-JXQcOZ,80ddb386-2790-492f-b7c6-bc5d1a380e8e,1970-01-01,1,Gaming,130.57,ESP,USA,0,0,0,0,1
sdv-id-fCvEoR,b03d3665-5c93-4629-a106-ae3288fb044a,1970-01-01,0,Food,296.89,ESP,PRT,0,0,0,1,1
sdv-id-kEIAuF,ac8cdcaf-2b63-4b18-9d7d-17563b4ec9f5,1970-01-01,0,Retail,919.64,ESP,GBR,1,1,1,0,1
sdv-id-XOaIoT,4d53280e-1ebd-45b6-a605-84a208f548e7,1970-01-01,0,Retail,1494.18,ESP,IND,0,0,0,0,1
sdv-id-ofoBCE,27aedaae-8c48-43f4-bef3-89ba0a7016c8,1970-01-01,0,Travel,1759.33,ESP,USA,0,0,0,1,0
sdv-id-aVPgzk,6334fa2a-8b4b-47e7-a451-5ae01754bf08,1970-01-01,0,Gaming,1071.36,ESP,CHN,0,0,0,0,0
sdv-id-dwfwvX,8fa8ae34-3233-4053-9242-ba54a6f9c0e1,1970-01-01,2,Gaming,2464.78,ESP,UKR,0,1,0,0,0
sdv-id-cyCBOA,ed99b044-54a5-4767-8c65-2ac066ba9945,1970-01-01,0,Retail,474.29,ESP,UKR,1,0,0,0,0
sdv-id-cZyqrg,63c4722c-27f3-4303-b4a7-c15b161fc0eb,1970-01-01,0,Retail,573.93,ESP,IND,1,0,0,0,1
sdv-id-vGWOTw,48d40d84-0b65-4f5f-b4d9-0398c17a608e,1970-01-01,0,Food,2424.84,ESP,ESP,0,1,1,0,1
sdv-id-FmrWdY,fcc1c48c-7303-40ca-a992-6bade6335f58,1970-01-01,5,Retail,1881.38,ESP,DEU,0,0,1,0,1
sdv-id-HksRhi,cad04982-ceb2-4a32-b189-727f6a8d8a70,1970-01-01,0,Retail,326.14,ESP,ARE,0,0,1,0,1
sdv-id-ZvPIQj,e8646e0c-80d4-48b9-af61-5360182047f7,1970-01-01,0,Travel,69.36,ESP,PRT,0,0,0,0,1
sdv-id-VTcuyN,ac00cd5e-922d-4ba6-b5d5-b1199c09f0fe,1970-01-01,0,Tech,1327.35,ESP,PRT,1,0,1,1,0
sdv-id-tdcKJD,31f436ea-cc8a-4d69-89b4-db808a32484a,1970-01-01,5,Tech,741.72,ESP,ARE,0,1,1,1,1
sdv-id-VKwgfX,5c42adcf-5acc-416d-999d-ed5edb84aa96,1970-01-01,0,Travel,934.19,ESP,RUS,0,1,1,0,0
sdv-id-PBBlgC,60329ee6-c190-40cf-9736-bb4ff5c8ce3c,1970-01-01,1,Retail,2292.56,ESP,ESP,1,0,0,1,0
sdv-id-cbzfoK,e1e669e5-c055-4921-a35b-8f49823483a8,1970-01-01,0,Retail,1507.0,ESP,CHN,1,1,1,0,1
sdv-id-fpLrOc,d8a5aa52-157b-4495-b22b-e4aa68208025,1970-01-01,0,Travel,1514.47,ESP,DEU,1,1,0,0,1
sdv-id-RdrMGM,7c53ccb0-96a8-4f54-b26a-18440cf2a69a,1970-01-01,1,Food,1727.31,ESP,FRA,1,1,1,0,0
sdv-id-XqxtUE,1af01dd6-4cd6-4378-aa9f-07d46aa364bd,1970-01-01,0,Food,533.65,ESP,PRT,0,0,1,1,0
sdv-id-SMJNdZ,745d8729-5bc7-4822-bcfe-06e3c395899e,1970-01-01,0,Gaming,2251.13,ESP,RUS,0,1,1,1,0
sdv-id-yHqIBM,5441a465-ef3d-4f04-be22-c440e5339b2a,1970-01-01,0,Food,123.74,ESP,GBR,0,0,0,1,0
sdv-id-jBuiuT,a6eab79e-d21c-42f8-8ada-4f80a9e782d4,1970-01-01,3,Retail,45.41,ESP,CHN,0,1,0,1,0
sdv-id-XHyztR,12916e60-f5e7-4daf-9d69-6bc8dc54d59b,1970-01-01,0,Food,1579.9,ESP,FRA,1,1,0,1,0
sdv-id-fxHWKW,6c24dcaa-5660-42e1-a46c-d3c18c45fc9e,1970-01-01,0,Tech,94.41,ESP,UKR,0,1,1,1,0
sdv-id-rcKgXE,616cab19-7da8-47d7-9e56-2c4882945e38,1970-01-01,0,Retail,921.87,ESP,UKR,0,0,0,1,1
sdv-id-HfOnyg,b6397107-c8a0-4691-ad8c-24b2d58f5a8a,1970-01-01,0,Food,1790.65,ESP,RUS,0,1,1,1,1
sdv-id-ZoCzPb,f4e82b6c-45d3-408a-889f-884f2568221b,1970-01-01,0,Food,2324.67,ESP,USA,0,0,0,1,0
sdv-id-HveCIl,84aa6e12-208a-4c4f-b366-da877f7ac78c,1970-01-01,1,Travel,2385.54,ESP,VNM,1,0,1,0,1
sdv-id-ovhPPZ,14eae37c-67b2-416c-861e-a8aa11baf616,1970-01-01,1,Tech,2381.83,ESP,CHN,1,1,1,0,1
sdv-id-KUwfeH,51d05ef3-a918-43fc-a772-fe9f999bc859,1970-01-01,0,Tech,1885.86,ESP,ESP,0,1,0,0,0
sdv-id-DzxXDF,3a20bb07-297c-4bb1-ae60-60c3fed6b3b6,1970-01-01,0,Tech,2205.07,ESP,ESP,1,1,0,0,1
sdv-id-kBJChu,5c29850b-410b-4c29-be9c-afcfed17f6e9,1970-01-01,0,Travel,2173.57,ESP,NGA,0,0,0,0,1
sdv-id-fZHjsu,b2676a5d-e869-441d-9089-94b189b21c3b,1970-01-01,0,Gaming,374.07,ESP,BRA,0,0,1,1,0
sdv-id-TaYNqK,3f0bdbda-ef9e-43f4-9d8e-ddbcb45c25af,1970-01-01,1,Tech,2448.56,ESP,CHN,1,0,1,0,1
sdv-id-bNuWcV,4814e14e-b5bc-4efc-87e4-02c5e05a2a8a,1970-01-01,0,Tech,2150.09,ESP,BRA,1,1,1,0,1
sdv-id-DBaBBh,b67e2215-809f-4b4f-96dd-12af4906c7ee,1970-01-01,0,Retail,1439.43,ESP,RUS,0,1,1,1,1
sdv-id-kdnJsz,be54eceb-8329-4d1a-acd6-cedf52dfc152,1970-01-01,4,Gaming,1814.6,ESP,USA,0,1,1,0,1
sdv-id-NhqkGf,fa8f3923-7032-48e2-9351-df5f310b82d7,1970-01-01,0,Retail,2211.63,ESP,GBR,0,1,1,1,0
sdv-id-yBDCXl,622c636f-e713-4930-9395-8e5cedd0ce02,1970-01-01,3,Gaming,1842.08,ESP,ARE,1,0,1,0,1
sdv-id-gSilVX,0473b982-d1a5-49db-8b90-b03d1c00b895,1970-01-01,0,Retail,1091.29,ESP,GBR,1,1,0,0,0
sdv-id-nRMeUo,5f2e621e-9309-41a6-9dbd-3a83176a5eb8,1970-01-01,0,Retail,1305.55,ESP,FRA,0,0,1,1,0
sdv-id-kXmMVz,f3981e9e-7cb8-42a0-94a1-eab0b9c037aa,1970-01-01,0,Travel,2486.93,ESP,VNM,0,0,0,0,1
sdv-id-GbycEo,d91738f8-0ad1-418c-b53f-091e8a9e0964,1970-01-01,0,Tech,2183.03,ESP,RUS,0,0,0,1,0
sdv-id-fXkjxr,5716dc2e-343a-4a2a-b6e5-ae787bf7e1d3,1970-01-01,0,Tech,1580.17,ESP,GBR,1,0,1,1,1
sdv-id-RJKJRj,945d91a5-e33d-4982-96c3-4b19b4a35c95,1970-01-01,0,Gaming,1254.11,ESP,RUS,0,1,0,1,0
sdv-id-NhXDZn,a43e558c-2215-4f00-9fdf-0e05c0cef31b,1970-01-01,0,Tech,2330.26,ESP,BGD,1,1,1,0,0
sdv-id-ttRhTY,3bbedece-c689-4b88-8337-0bc204595ccb,1970-01-01,0,Retail,2318.34,ESP,RUS,1,0,0,0,1
sdv-id-pcAKuM,8f80d1ef-4615-475c-8fa8-7a6500d35021,1970-01-01,0,Retail,1587.55,ESP,GBR,1,0,1,0,1
sdv-id-dFUgsb,3fffbc75-ff86-4deb-bb19-5b020a4af40d,1970-01-01,2,Travel,281.86,ESP,ESP,0,1,0,0,0
sdv-id-peZNXi,2c9de90a-b805-4e3c-8312-5b58e2a868e7,1970-01-01,0,Retail,1784.27,ESP,BRA,1,1,1,0,1
sdv-id-qJVPUM,67cbfc39-f54f-4b92-8442-906f2e16f0b6,1970-01-01,0,Gaming,1172.42,ESP,IND,0,1,0,1,1
sdv-id-tCYMPe,2213cdad-661d-4354-aa55-e9af537574b0,1970-01-01,3,Gaming,2028.59,ESP,IND,1,0,0,0,1
sdv-id-uySHnA,f2d94421-7426-4100-b76c-703e129a98a8,1970-01-01,0,Food,1047.93,ESP,ITA,1,1,1,0,1
sdv-id-DcEvTo,cbfd0aa6-fc69-4d17-9f44-2e7b57869db0,1970-01-01,0,Gaming,202.5,ESP,GBR,0,0,1,0,1
sdv-id-MaBFPq,35fad47f-9f05-40b5-a481-2872e704db7d,1970-01-01,2,Gaming,1880.74,ESP,GBR,1,0,0,0,1
sdv-id-kzsTcj,c67a56e3-06fe-4fcf-87b1-326502f39ad2,1970-01-01,5,Travel,2429.48,ESP,IND,0,1,1,0,0
sdv-id-KVQMvm,9a86a2f5-415f-4099-824f-8429b43d4bf9,1970-01-01,0,Gaming,1164.32,ESP,VNM,1,1,0,1,0
sdv-id-yKcVqW,ed5f24c3-7fb9-4e49-8222-3c10f82f2dc3,1970-01-01,0,Gaming,1806.32,ESP,BRA,1,1,0,0,1
sdv-id-ZxNZDc,c67a56e3-06fe-4fcf-87b1-326502f39ad2,1970-01-01,0,Gaming,1101.49,ESP,ITA,0,0,0,0,1
sdv-id-NhhIjY,9ec620e0-e143-40ad-ad98-567ecb8fe981,1970-01-01,0,Gaming,626.07,ESP,USA,1,1,1,1,0
sdv-id-NsdcLd,35b30874-591c-428f-b754-c5ec60a78c20,1970-01-01,5,Travel,1839.66,ESP,GBR,0,0,0,1,0
sdv-id-XKRGkY,5d71a898-6497-4593-892e-8c93d105c8d6,1970-01-01,0,Tech,382.24,ESP,VNM,0,1,0,0,1
sdv-id-oIqVJH,5d822e3a-6c6d-482b-a9e0-8370abf7a5d0,1970-01-01,3,Travel,660.62,ESP,ARE,0,0,1,0,1
sdv-id-cHBavG,f2cffcae-f833-4bfb-a296-e3f171e15b9f,1970-01-01,0,Tech,221.07,ESP,GBR,1,1,0,1,0
sdv-id-RSpDdr,903506bb-ef6d-4fc6-afbd-f3690636f35e,1970-01-01,0,Tech,938.88,ESP,DEU,0,1,0,0,1
sdv-id-UxZQeb,01667221-3063-4e7f-81ff-81d1689d1205,1970-01-01,0,Tech,1283.46,ESP,PRT,1,0,0,1,1
sdv-id-nazvTM,022f8a47-04d4-45db-a3d3-997fd4066625,1970-01-01,0,Gaming,2383.78,ESP,RUS,1,1,1,1,1
sdv-id-JLrFDm,6e6a3d5b-2154-4e4a-a1cf-91fb7e81cdfa,1970-01-01,0,Retail,773.58,ESP,GBR,1,0,1,0,0
sdv-id-LqXYRR,a2ef1e21-7fb3-4568-9594-eea843816e47,1970-01-01,3,Tech,788.7,ESP,FRA,0,1,1,0,1
sdv-id-PLgyBq,9bfe7b18-b091-4536-9182-45136fb90ec6,1970-01-01,0,Food,147.72,ESP,CHN,1,0,1,1,1
sdv-id-pJijHH,a0f990b4-e23f-4bcc-bb96-6a3d49afb037,1970-01-01,5,Food,768.56,ESP,FRA,1,1,1,1,0
sdv-id-ImuMyV,764d7e7c-8e49-40f9-acc5-c9de6a1d9731,1970-01-01,0,Retail,1563.93,ESP,JPN,0,1,1,1,0
sdv-id-dYnfDl,a7674726-61b3-48f3-b99b-70d6bc6aa8a7,1970-01-01,1,Gaming,1467.25,ESP,ITA,1,0,0,0,1
sdv-id-mpOkbj,ba266e87-432f-474f-91b7-2a5c10dd6f06,1970-01-01,0,Food,672.12,ESP,GBR,1,1,0,0,1
sdv-id-VBZjHW,0ef473a2-900d-4f16-80e0-32006197337c,1970-01-01,0,Retail,1105.21,ESP,DEU,1,1,1,0,1
sdv-id-vVwLOz,c09d557f-bc44-4fbc-adb6-8854baae905c,1970-01-01,0,Food,2388.73,ESP,BRA,0,1,1,0,0
sdv-id-AnYtYQ,27e7a6bd-c2a4-4fd8-aef5-4ceebc243f9f,1970-01-01,0,Tech,2116.71,ESP,ITA,1,0,1,1,0
sdv-id-ZhjDrQ,483ad196-faa5-469d-a2be-eee6a1135905,1970-01-01,0,Gaming,2040.18,ESP,NGA,1,0,1,1,0
sdv-id-rQIKCs,c47d336f-2e8f-4f7f-a0a6-2edffea95b73,1970-01-01,0,Travel,87.19,ESP,UKR,1,1,1,0,1
sdv-id-TYZDqi,c3c2aee6-2ee9-4ed9-a0c6-9223c4359252,1970-01-01,3,Travel,1210.52,ESP,RUS,1,1,1,1,1
sdv-id-kznWbh,90be35ee-397e-441d-be08-a540ef7e1940,1970-01-01,1,Food,568.69,ESP,VNM,0,0,0,1,0
sdv-id-vBETzt,043d72db-1bcb-404c-a1d8-b96a62ada157,1970-01-01,1,Retail,1984.83,ESP,RUS,0,1,1,0,1
sdv-id-hBvgnj,fcce96f6-250a-4578-bbe9-4499dbc080fd,1970-01-01,5,Gaming,395.98,ESP,GBR,1,0,1,0,0
sdv-id-UiYfnZ,1a8cf13c-28ce-431e-9827-4fc3f1458426,1970-01-01,0,Food,1279.45,ESP,VNM,1,0,0,0,1
sdv-id-WKIkbh,babc7d4b-2a76-4b82-8be9-eea0fe250f62,1970-01-01,0,Tech,506.95,ESP,RUS,0,0,1,0,1
sdv-id-BAcZLz,c5144d98-b41c-404f-a346-f415e5267a2b,1970-01-01,0,Food,1274.57,ESP,JPN,1,0,1,0,1
sdv-id-PPkRiM,b18848f9-4811-4cd7-9adf-a294f66fdb7a,1970-01-01,1,Retail,1857.99,ESP,NGA,1,0,1,0,1
sdv-id-BGSzLo,cd0d4d73-ca1c-4218-819d-11c545e18b77,1970-01-01,2,Travel,1159.32,ESP,DEU,1,1,0,0,0
sdv-id-wElQaG,a97c696b-3567-46ec-b3c4-3cd1b44f8e12,1970-01-01,0,Tech,486.17,ESP,ITA,0,1,1,0,0
sdv-id-VwGsjD,2ccda2af-4d64-4b63-866c-fb2b3754f16f,1970-01-01,1,Travel,1504.01,ESP,USA,1,0,1,0,1
sdv-id-pcvxiE,7de7e713-f7fd-4283-9ee5-abec9b53ca4f,1970-01-01,0,Tech,528.11,ESP,ESP,0,0,0,1,0
sdv-id-bFTNcz,fc96fd06-ce8b-40ce-a671-55cd76e9efdc,1970-01-01,0,Travel,1116.99,ESP,PRT,1,1,1,1,0
sdv-id-zBFVdL,d9eb404c-1851-41cf-9dab-b10abd10f87c,1970-01-01,5,Retail,1416.15,ESP,ESP,1,0,0,0,0
sdv-id-uvXDjM,b6fa6472-5436-473c-8143-16470aad04b7,1970-01-01,0,Gaming,1979.99,ESP,BRA,1,0,0,1,0
sdv-id-pCNLOX,8db06746-7927-4973-9e78-1fd794e0d3ba,1970-01-01,0,Tech,2248.54,ESP,RUS,1,0,1,1,0
sdv-id-xzrEKb,bfe46ba0-6706-42f2-9c3d-7f9635c65a81,1970-01-01,0,Tech,2283.16,ESP,BRA,1,0,0,1,0
sdv-id-wczRho,2ccda2af-4d64-4b63-866c-fb2b3754f16f,1970-01-01,0,Travel,2139.63,ESP,UKR,0,1,1,0,0
sdv-id-UCjtjy,f758dce2-0556-4aea-a7b0-32831d7c0098,1970-01-01,0,Tech,1424.03,ESP,GBR,1,0,1,1,0
sdv-id-VkiXLk,0df473bb-c577-43a5-ac26-257766d6089e,1970-01-01,0,Travel,2371.3,ESP,NGA,0,1,0,0,1
sdv-id-fzEfzY,9e87e04c-a208-4977-a9f2-533683f4a9a9,1970-01-01,1,Tech,740.65,ESP,VNM,1,0,0,1,0
sdv-id-WdUfzp,46ef5599-c33c-42ee-a45a-2d29ce87cc55,1970-01-01,4,Retail,547.41,ESP,BGD,1,0,0,1,0
sdv-id-OIoxRr,3c3dbcd8-c705-4c5b-9eda-2838c7b95bd9,1970-01-01,0,Gaming,502.67,ESP,IND,1,1,0,0,0
sdv-id-yljEGL,2932a211-214c-4a4d-83a5-34d28e7d3f5a,1970-01-01,1,Food,1834.93,ESP,USA,0,0,1,0,1
sdv-id-RlwraC,4e39f65a-20db-4294-9fae-180393d797e7,1970-01-01,2,Retail,1402.13,ESP,JPN,1,0,0,0,1
sdv-id-ellPVc,cf367c1b-9a6f-4965-9b5e-d35a2268645f,1970-01-01,1,Food,843.85,ESP,NGA,1,0,1,0,1
sdv-id-fwynIl,3d76c659-256d-4405-b93d-f0b6b60301aa,1970-01-01,5,Gaming,1933.46,ESP,ESP,1,0,0,1,1
sdv-id-IsJIPN,134c9e86-50a6-4568-9a64-8d300963161c,1970-01-01,1,Gaming,2247.29,ESP,IND,0,1,1,0,0
sdv-id-VxrBXI,2f542dc6-9a24-4eb8-a295-b0414bfaf1db,1970-01-01,1,Retail,2042.7,ESP,NGA,0,1,0,1,1
sdv-id-fQgUqx,137b41c2-5f71-41e1-a05e-ad1cbde9a6a8,1970-01-01,0,Travel,1822.8,ESP,CHN,1,1,0,0,1
sdv-id-wYJFiw,566a9ce7-af52-4b94-b186-e47aa7946320,1970-01-01,0,Food,100.93,ESP,CHN,1,0,1,1,0
sdv-id-pZorrw,5ef787b8-f2e6-495f-b32e-2016add702c9,1970-01-01,0,Food,697.02,ESP,ESP,0,0,0,0,1
sdv-id-pBqvhf,c996a54b-bcbb-4658-83e6-551e11dabe5e,1970-01-01,0,Food,2102.18,ESP,FRA,0,0,0,0,0
sdv-id-JFFDaQ,38b042da-c52a-4570-9ab8-4c1b85243095,1970-01-01,0,Travel,2042.74,ESP,RUS,0,0,0,0,0
sdv-id-pZCSsS,b04fd83c-1773-4d21-a906-222b8a00cf6f,1970-01-01,4,Food,2249.54,ESP,FRA,1,0,0,0,1
sdv-id-LVDZwJ,fa82f65d-6e1b-4be2-8a20-8c075c8aca1b,1970-01-01,0,Gaming,340.7,ESP,ESP,1,1,1,1,0
sdv-id-UTKIRS,daada0b1-2f13-4a6d-aad5-5c0b69fb2fe6,1970-01-01,0,Travel,2191.02,ESP,ITA,1,1,0,1,0
sdv-id-KZoMsq,09028dd7-a0d7-43f0-831d-fb91397a0433,1970-01-01,5,Tech,1165.45,ESP,ARE,1,0,0,0,1
sdv-id-oYVhfA,7e59a0d1-3c51-48b0-8ff4-c2d6e0d65081,1970-01-01,0,Tech,1673.91,ESP,RUS,1,0,1,0,0
sdv-id-VJqhfW,32ae5cb9-d457-4672-948b-e5484adb6da1,1970-01-01,0,Travel,1119.88,ESP,USA,1,0,0,1,0
sdv-id-WsiwAf,c8edabdd-4ef0-4f80-9d91-fe39d8014004,1970-01-01,4,Food,1867.08,ESP,CHN,0,1,1,1,0
sdv-id-TrQssF,b6397107-c8a0-4691-ad8c-24b2d58f5a8a,1970-01-01,4,Retail,1588.61,ESP,FRA,0,1,1,0,1
sdv-id-bCXRtc,f9adde7d-0b3d-48ad-9c23-0306c3f9f409,1970-01-01,0,Retail,1618.6,ESP,ITA,1,0,0,0,0
sdv-id-EkLZFu,57c26cfd-f9d5-4f7f-9e01-4975080d2370,1970-01-01,0,Gaming,2367.07,ESP,ESP,0,1,1,1,1
sdv-id-ZZhIFO,ff3d782f-4cdd-4af2-957a-d46184255121,1970-01-01,0,Tech,2293.28,ESP,BRA,0,0,1,1,0
sdv-id-hatTuI,23b590e1-f34e-4435-8f5d-0e9fc586e43c,1970-01-01,0,Travel,1208.02,ESP,NGA,0,1,1,1,0
sdv-id-Vhgeym,9d11421a-894b-40af-861c-52c2186d5e1c,1970-01-01,0,Travel,746.5,ESP,IND,1,1,0,1,0
sdv-id-ioECzH,635b729c-eb2a-408b-8780-d6caddebd8d4,1970-01-01,1,Gaming,2494.67,ESP,GBR,0,1,1,0,1
sdv-id-sMgkOK,bb815c56-b95b-4efe-97a2-9c6c47bb6bb0,1970-01-01,0,Retail,377.19,ESP,ESP,0,0,0,1,1
sdv-id-RFvjqM,b59c9c87-f839-44c9-9eff-689a545a8a02,1970-01-01,0,Retail,873.22,ESP,FRA,0,1,1,1,0
sdv-id-BmiSmT,7faf15be-67cc-4df3-9af1-cbf08a4e4e3f,1970-01-01,0,Retail,1807.94,ESP,FRA,0,1,0,1,1
sdv-id-baXEgv,b8d8f272-f429-405d-b4b1-6488cb4a1b4b,1970-01-01,0,Food,2278.03,ESP,GBR,0,1,1,1,0
sdv-id-oQQmcI,372f9fb6-041b-4c79-8014-680432de3097,1970-01-01,0,Tech,144.61,ESP,ESP,1,0,1,0,0
sdv-id-WpLCaY,30799b56-576f-4264-9182-e8e7c9070c97,1970-01-01,0,Travel,877.11,ESP,UKR,1,0,0,0,1
sdv-id-acBYry,bbd6ef33-861f-4ba0-b39f-e641377c15a4,1970-01-01,0,Food,1889.15,ESP,FRA,1,0,0,1,1
sdv-id-XXeReI,1e245a97-273e-46f4-85d4-bf0f0a4fee3b,1970-01-01,2,Tech,546.48,ESP,CHN,0,0,0,1,0
sdv-id-RgWBBR,5716dc2e-343a-4a2a-b6e5-ae787bf7e1d3,1970-01-01,0,Gaming,609.78,ESP,FRA,0,1,1,1,1
sdv-id-OlrBbm,ef37c581-7e35-47db-b290-d346d091fc34,1970-01-01,4,Gaming,345.83,ESP,JPN,0,1,0,0,0
sdv-id-MzEjfc,e810c030-2edf-4b1a-ae35-5704b82f76ef,1970-01-01,4,Retail,1199.32,ESP,UKR,1,1,1,0,1
sdv-id-CcWKgD,31ab2c49-ec81-4e3e-a66a-786114941dbd,1970-01-01,0,Tech,1936.02,ESP,RUS,1,0,1,0,0
sdv-id-fJavis,ee93a4d0-cd24-420c-8d34-6977d41bd8bf,1970-01-01,0,Travel,1616.67,ESP,IND,1,1,0,0,0
sdv-id-zVficK,4baf0f5e-a932-4094-93f2-8f11147f6570,1970-01-01,0,Travel,2136.69,ESP,ITA,1,1,1,1,0
sdv-id-mdXwtk,199ae3da-aae3-4bc0-8a19-54ec4a3fcfda,1970-01-01,0,Food,2490.81,ESP,IND,0,1,0,1,0
sdv-id-bOhFYE,b379cb1e-e8cd-40cc-b6da-3ca0d2e82f38,1970-01-01,0,Gaming,819.85,ESP,RUS,1,1,0,1,1
sdv-id-SKoofa,ef37c581-7e35-47db-b290-d346d091fc34,1970-01-01,0,Gaming,895.38,ESP,ARE,1,1,1,0,1
sdv-id-aFFrjb,b774795e-00f7-4cd2-878a-53cf1fd33eeb,1970-01-01,1,Food,2274.52,ESP,ARE,1,1,0,0,1
sdv-id-OHFmFl,719e5eb1-afcb-4996-adaa-664783eb9c88,1970-01-01,0,Tech,696.43,ESP,PRT,1,0,0,0,0
sdv-id-oQhXUc,dd0885b1-7529-42f6-a415-8988281a7dd1,1970-01-01,0,Food,242.17,ESP,JPN,1,1,1,0,1
sdv-id-JIqdvo,74bd0c93-8177-4661-b7fe-032c02571851,1970-01-01,0,Gaming,568.66,ESP,ARE,0,1,1,1,0
sdv-id-isYoGC,5302e6e2-387b-4cda-b133-0766d11ce313,1970-01-01,0,Gaming,1225.67,ESP,FRA,0,0,1,0,0
sdv-id-jmfNoP,137b41c2-5f71-41e1-a05e-ad1cbde9a6a8,1970-01-01,1,Retail,1987.71,ESP,VNM,1,1,1,0,1
sdv-id-KyPJtU,83250783-4d2d-44cb-b66c-6b8a2c9266a4,1970-01-01,0,Tech,234.54,ESP,IND,0,0,0,0,1
sdv-id-RJHEYM,03d33907-ce02-4d60-98ef-9a287f5da7f8,1970-01-01,0,Gaming,172.3,ESP,VNM,1,1,1,0,1
sdv-id-ZazrZl,cb3a6d96-d8d1-4ef1-a261-02575b5938ed,1970-01-01,4,Food,1105.87,ESP,GBR,0,0,0,1,0
sdv-id-Bpjslq,4e0387ad-a246-4a52-9150-d9b22886825e,1970-01-01,0,Travel,1324.68,ESP,NGA,0,1,0,1,0
sdv-id-UaiUNf,512628f2-978b-4951-badb-d2b2943a1af1,1970-01-01,0,Food,1467.35,ESP,ITA,1,0,1,1,0
sdv-id-uGuNYk,f0a9b97f-7557-428c-85eb-2b3faad53fb8,1970-01-01,0,Retail,1228.82,ESP,ESP,1,1,0,1,0
sdv-id-OjEnbS,996d9303-e3a0-40f1-8cd1-9e0c5dfa8933,1970-01-01,0,Food,1738.18,ESP,RUS,1,1,0,1,0
sdv-id-YsHmQv,1578d709-48f9-43d0-9fea-e1e0d9e604b3,1970-01-01,4,Food,769.52,ESP,PRT,0,0,0,1,0
sdv-id-BdsKqD,d8302225-0885-4bcf-b57e-cb8e4cf83b40,1970-01-01,0,Tech,1175.13,ESP,JPN,0,1,1,0,0
sdv-id-BizQij,58eba462-1976-439a-907a-61a99d8feee1,1970-01-01,0,Food,2146.74,ESP,DEU,1,0,1,0,1
sdv-id-KaYVRq,f5321352-b544-48e4-9f2d-a344a3596667,1970-01-01,0,Food,1145.69,ESP,VNM,1,0,1,0,1
sdv-id-NOywlt,63300ee1-0aaa-4c51-9cd9-7b172f51270f,1970-01-01,1,Gaming,1287.32,ESP,PRT,0,1,1,0,1
sdv-id-WCBojp,c3edfa0e-9d62-4006-898a-52e0c50e6599,1970-01-01,4,Tech,201.95,ESP,CHN,1,1,0,1,0
sdv-id-ZZEYgY,b74d0fb1-32e7-4629-8fad-c1a606cb0fb3,1970-01-01,0,Tech,27.3,ESP,RUS,0,1,0,1,1
sdv-id-cMORRJ,65108b6f-aedb-4272-8ef2-6cacca32c1eb,1970-01-01,5,Travel,1452.44,ESP,USA,0,0,1,1,0
sdv-id-mxWgyL,e9ebd446-2622-40d6-b23d-9820977e5877,1970-01-01,0,Travel,990.16,ESP,IND,0,1,0,0,1
sdv-id-NmSdWW,15b25915-7cba-4756-9aac-8b797d49e8f9,1970-01-01,0,Retail,1267.64,ESP,VNM,0,0,0,0,0
sdv-id-yModpL,ef2adff8-cea4-49c4-9eca-df24f0d1fa72,1970-01-01,0,Tech,2132.63,ESP,VNM,1,0,1,0,1
sdv-id-jFnBVg,ed486d9a-e69f-4f78-af4c-113dc35f4e12,1970-01-01,0,Retail,797.93,ESP,RUS,0,0,0,0,0
sdv-id-ehAmMG,3f71e1ae-3f24-4a6a-9f62-9d0cbc7637a0,1970-01-01,0,Food,1901.98,ESP,UKR,1,0,1,1,0
sdv-id-uQZzxA,20453d2d-5924-4739-8705-ecba00c4e208,1970-01-01,0,Travel,2396.64,ESP,VNM,0,0,1,0,1
sdv-id-ZjKLVF,fe034a0e-74cd-473b-816b-44e19d4a305f,1970-01-01,0,Food,641.45,ESP,ESP,1,0,0,0,1
sdv-id-sAmtAt,29ca6e42-d09a-42dc-a3dd-65b3998549bc,1970-01-01,0,Retail,2032.25,ESP,JPN,0,1,0,0,1
sdv-id-yOrfRl,842ca512-f369-4683-96b5-cf7ae0389eb7,1970-01-01,0,Gaming,2385.75,ESP,ARE,0,0,0,0,0
sdv-id-gmGleY,0d53551a-b4f0-4f6f-af3f-9d9ab2725aa7,1970-01-01,0,Tech,780.0,ESP,DEU,0,0,1,0,1
sdv-id-hoVJVy,ee647303-8c0b-4e42-a013-6cf6beb4d307,1970-01-01,2,Tech,120.32,ESP,GBR,0,1,0,1,1
sdv-id-fcNkUO,23648766-a43a-4bdd-8ce2-85dbdb30e078,1970-01-01,1,Travel,2345.78,ESP,VNM,0,0,1,0,1
sdv-id-KrIFXY,776944b8-86b5-4a8f-b46a-18dc99901c0d,1970-01-01,0,Tech,2064.65,ESP,DEU,0,1,1,0,0
sdv-id-dvDVeS,8222cd7f-36e6-4a85-99ab-dc15296b67bf,1970-01-01,0,Travel,1434.15,ESP,USA,1,0,0,0,1
sdv-id-nnXOnt,673ba8bd-c38c-4dec-9da3-9a73ba3df7ff,1970-01-01,0,Gaming,1792.05,ESP,BGD,0,1,1,0,1
sdv-id-VjQsBY,246c4e5b-7f25-4908-bd5e-1fbff22af6f6,1970-01-01,0,Food,238.36,ESP,BRA,1,1,1,1,1
sdv-id-VDbdME,816a47ad-35c8-4998-8cc8-1670d3a779d3,1970-01-01,0,Gaming,764.17,ESP,JPN,1,1,0,1,0
sdv-id-FiwDZO,69498671-7e55-43ba-a8a2-f417379e03dd,1970-01-01,0,Tech,312.86,ESP,BGD,0,0,1,0,0
sdv-id-IcDcnj,a3027b21-02c1-4269-93d5-09afc2b5ac1b,1970-01-01,0,Food,1487.02,ESP,BGD,0,0,1,1,0
sdv-id-lqiDYf,a30c1e0e-69cd-4159-a53d-fc49f7410b94,1970-01-01,0,Gaming,1498.92,ESP,RUS,0,1,0,1,0
sdv-id-ZFRAUr,66c09e7b-741a-426d-8bca-fbdb54b0f552,1970-01-01,0,Retail,935.77,ESP,NGA,1,1,0,1,0
sdv-id-ivBBvh,22a112b5-3a88-4cec-bab8-cd39d6b3e81a,1970-01-01,0,Tech,2035.87,ESP,USA,0,0,1,0,1
sdv-id-ybuqHC,6e659294-876d-432a-a4a3-482f37c783d1,1970-01-01,5,Tech,215.83,ESP,USA,1,0,0,1,1
sdv-id-AisUiD,a028dc87-d6fb-4a95-a9db-b362c0dfb921,1970-01-01,1,Retail,1779.85,ESP,JPN,0,0,1,0,1
sdv-id-viOozB,628cdff8-67d9-48e4-993b-f230105a1242,1970-01-01,1,Travel,1820.72,ESP,BGD,1,0,1,0,1
sdv-id-QTZdcV,5a8d9931-5ebb-4417-b523-8331243711ee,1970-01-01,0,Gaming,2356.88,ESP,BRA,0,1,0,0,1
sdv-id-uYCZUx,b588247f-eedc-4fbf-9f38-14683c9c1cd2,1970-01-01,0,Retail,1614.47,ESP,DEU,0,0,1,0,1
sdv-id-OAYaNi,16d49f2d-103b-42ed-9540-d6f59f8c9841,1970-01-01,0,Retail,459.04,ESP,RUS,0,1,0,1,0
sdv-id-WkJGhH,248941f4-79a5-4d6f-a09d-63de44a3521a,1970-01-01,0,Gaming,1821.2,ESP,JPN,0,0,1,0,1
sdv-id-OtmawB,781e2d35-2fa1-42bc-b4ce-5f319aff48af,1970-01-01,0,Gaming,125.72,ESP,USA,1,0,0,1,1
sdv-id-JwlNsR,45f18619-54f9-4429-a7de-02ccdda4f4a7,1970-01-01,0,Retail,738.24,ESP,BGD,1,1,1,1,0
sdv-id-hWjouu,7914c120-c8dc-419f-be35-11287900f7f9,1970-01-01,0,Travel,566.46,ESP,PRT,1,0,0,0,1
sdv-id-YWSbhB,d9750f00-d5ab-48ae-9112-fbc03d8f95f4,1970-01-01,4,Tech,667.46,ESP,UKR,1,1,1,0,0
sdv-id-cCeuPQ,331f63fb-d11f-48c0-a97c-a4fff75d599f,1970-01-01,0,Gaming,1418.13,ESP,DEU,1,0,1,0,1
sdv-id-yqczeX,09502a6c-0abe-41af-a664-780332f9130d,1970-01-01,5,Retail,2218.23,ESP,NGA,1,1,1,0,1
sdv-id-KVVawB,ad20c3fa-d501-48d7-90ff-14bf96b525c7,1970-01-01,0,Tech,1949.02,ESP,RUS,0,0,1,0,0
sdv-id-bbGsNQ,3e4c23fb-1f0b-4094-997c-e0cf50ad9cd5,1970-01-01,0,Retail,316.25,ESP,CHN,1,1,0,0,0
sdv-id-kUdyNe,eda413c6-eb84-46e4-85fa-e0476f669013,1970-01-01,4,Retail,13.49,ESP,GBR,0,1,1,0,1
sdv-id-aWuMbp,52150ed8-7ddc-4413-805d-b774132a5e58,1970-01-01,0,Food,2232.91,ESP,UKR,1,0,0,1,0
sdv-id-mDJoVC,0fe66ed6-5980-49bb-b87e-970efd969b8d,1970-01-01,0,Tech,989.28,ESP,VNM,1,1,0,1,1
sdv-id-iyfgAl,d0af7986-2937-47e9-9752-db082e86d47e,1970-01-01,3,Retail,2297.6,ESP,PRT,0,0,1,1,0
sdv-id-widIfU,b7eb1786-70f7-4d82-8c6e-f4cdf9d65e8e,1970-01-01,1,Retail,2420.42,ESP,BRA,0,0,0,1,0
sdv-id-ePJKnK,d1f379b1-8ebb-4208-a0ee-404f9ea8fcb1,1970-01-01,5,Travel,1293.14,ESP,USA,1,1,1,0,1
sdv-id-xhZHog,4404fe9a-32fe-4dea-aba5-71369144a442,1970-01-01,0,Travel,300.71,ESP,ITA,1,0,1,1,0
sdv-id-rWAoyx,dc14124d-7fb7-491d-965d-7815c61c79b4,1970-01-01,0,Travel,59.32,ESP,UKR,1,1,1,1,0
sdv-id-ODKcQb,bbc51a50-787c-40d3-bdc4-19b20a414919,1970-01-01,0,Retail,634.39,ESP,BRA,0,1,0,1,1
sdv-id-RadAzX,4526aeed-47a0-4cda-a333-639f387364c1,1970-01-01,4,Gaming,1863.04,ESP,ARE,1,0,0,1,0
sdv-id-qZYsgh,e62c54bb-ff01-4f14-997b-d00e34757171,1970-01-01,0,Gaming,20.51,ESP,DEU,0,1,1,1,0
sdv-id-ErFZYE,81b85934-af37-4cf9-af2b-5e3109db40a9,1970-01-01,5,Tech,2227.87,ESP,USA,0,0,0,0,0
sdv-id-OaMbsS,2bf84a05-d82d-4078-97a7-d4f6f5b77414,1970-01-01,0,Gaming,1637.88,ESP,FRA,0,0,0,1,0
sdv-id-GYPOwi,35f1e04b-c5fe-41d6-8365-d2cf173be226,1970-01-01,2,Retail,1724.38,ESP,VNM,0,0,0,0,1
sdv-id-JfRhFE,13abd39b-b92e-4cab-88e5-dd93dad50f42,1970-01-01,0,Tech,316.45,ESP,FRA,1,1,1,1,0
sdv-id-QLMtUE,a0d60422-1a32-4219-aeb1-3e3cd3cb6d14,1970-01-01,0,Tech,1426.3,ESP,IND,0,1,0,1,0
sdv-id-LlVmqU,6044abd0-8630-4789-99ab-d41c75acb371,1970-01-01,5,Gaming,2030.98,ESP,USA,1,0,1,0,1
sdv-id-zWYIuW,e604d38c-0a9b-4471-b1a7-9435b7c52ba7,1970-01-01,1,Food,726.18,ESP,RUS,1,0,1,1,0
sdv-id-ZNJRUz,cf8dc32d-252f-48ef-a914-7761db2d3a13,1970-01-01,0,Gaming,1751.05,ESP,BRA,0,1,0,0,1
sdv-id-MvOniX,36511c93-9a0f-40b8-889a-f19562b61594,1970-01-01,0,Retail,363.6,ESP,USA,0,0,0,1,1
sdv-id-AZsKSr,f7f2194d-dead-4c99-b8f3-90f48956c35c,1970-01-01,5,Gaming,1263.91,ESP,UKR,1,1,1,0,1
sdv-id-iltVby,62d846d0-5ea0-41cd-ad79-d8bfda92e740,1970-01-01,0,Retail,738.82,ESP,USA,1,0,1,0,0
sdv-id-HRLMOg,b1d06d8a-655f-4c8c-8a2b-a8f5a44e3b1c,1970-01-01,1,Retail,118.86,ESP,RUS,0,0,1,1,1
sdv-id-xlbvHp,f3f233b7-42d4-431c-91c6-80ca57a6e460,1970-01-01,1,Tech,2223.45,ESP,BGD,0,1,1,1,0
sdv-id-koOlEh,df1ee6b3-c866-4c6e-a58e-0162b2872686,1970-01-01,0,Tech,800.47,ESP,BGD,1,0,1,0,0
sdv-id-dxSDCR,06cc2bba-cef4-459b-90c3-41152241b4c0,1970-01-01,4,Food,2364.52,ESP,UKR,0,1,0,1,1
sdv-id-oRWndD,8ba5944f-9037-421c-9355-94550babd139,1970-01-01,2,Tech,652.38,ESP,BRA,1,1,1,0,1
sdv-id-ZOlFsT,e3164f25-e22f-4d1a-b6ec-f3f9735902cf,1970-01-01,1,Retail,204.78,ESP,DEU,0,0,1,1,1
sdv-id-qczQba,9d484003-af70-4e12-a429-42a16d67831d,1970-01-01,0,Gaming,1882.69,ESP,BGD,1,1,0,1,0
sdv-id-BTFLRZ,2679e833-df43-4659-83e0-1c800667daa2,1970-01-01,2,Gaming,1537.99,ESP,ESP,0,1,1,0,1
sdv-id-ZwozjM,f69f239b-578e-411f-adb4-6c7fe6d1fe21,1970-01-01,0,Food,677.74,ESP,BRA,0,0,1,1,0
sdv-id-VSXAfx,0d9630be-5580-485a-94b2-79cd0c248f00,1970-01-01,0,Travel,1878.29,ESP,IND,1,1,1,1,0
sdv-id-ckoJJN,bbbbfd67-30a4-44b0-be3c-7c84176350f5,1970-01-01,3,Retail,26.02,ESP,IND,0,0,1,0,0
sdv-id-otGNty,250801c0-8d2a-4e18-a51d-7a23d5b483b6,1970-01-01,4,Gaming,1631.4,ESP,FRA,0,0,1,1,1
sdv-id-NWvkpk,55caab20-a54d-42ab-8442-7173e8c9ec24,1970-01-01,0,Food,1847.23,ESP,ARE,1,1,0,1,0
sdv-id-odiihj,6553867d-a881-4fd3-947d-577bfa5a91ca,1970-01-01,0,Food,1284.38,ESP,RUS,0,0,1,1,0
sdv-id-SGVNFP,6ad73453-1d2c-4c89-8d75-e6dec19d5186,1970-01-01,5,Gaming,2404.22,ESP,BGD,0,1,1,1,0
sdv-id-MkyujO,58c6b1c6-74d0-42c5-ab3c-c270e188d3d7,1970-01-01,0,Tech,2017.11,ESP,GBR,1,1,0,1,0
sdv-id-TtYLQT,d240ef02-a968-4fc1-ba5c-865db8344070,1970-01-01,0,Food,1319.91,ESP,USA,1,1,1,0,1
sdv-id-OFovaU,69d99775-acda-4a9c-ac4d-9dd16d91e8b9,1970-01-01,0,Food,298.0,ESP,FRA,1,1,0,1,0
sdv-id-sZwwnb,e3f9899a-62ba-4966-b388-cf1bd0f383cd,1970-01-01,0,Food,2294.31,ESP,IND,0,1,0,0,1
sdv-id-SXhupT,18e9ef77-64ce-4589-8c4a-62badb335860,1970-01-01,0,Retail,1864.84,ESP,ARE,0,1,0,1,0
sdv-id-gprIDH,1eca85b3-1c73-48e6-947f-fd35751a5b9a,1970-01-01,0,Food,409.11,ESP,BRA,0,0,0,0,0
sdv-id-wfzXwM,6094413d-03c8-4477-addc-d3ff8b1096c0,1970-01-01,2,Food,2161.46,ESP,VNM,1,1,0,1,0
sdv-id-mPhpmy,20770cc9-4e38-4d81-8b43-0603c88fa1b8,1970-01-01,1,Gaming,2107.55,ESP,IND,1,1,0,0,1
sdv-id-VdrRJq,e5922f7a-d525-4a88-833b-88b0b677fcbe,1970-01-01,0,Food,447.41,ESP,PRT,1,1,0,1,1
sdv-id-HxvBRX,cdebdd3c-528e-4ae8-a03d-1b30adcde95f,1970-01-01,0,Gaming,498.3,ESP,DEU,1,1,1,1,0
sdv-id-QPgOXe,033e02f7-1e93-4127-acf7-2140bd9bc648,1970-01-01,5,Food,1740.78,ESP,ITA,1,0,0,0,1
sdv-id-wQauid,7b189d5d-9b24-4a55-8fe8-8b776009a05a,1970-01-01,0,Tech,2421.0,ESP,NGA,0,0,0,0,1
sdv-id-ziENIZ,3f5c022a-9a86-413d-b6c9-dd3806a2074c,1970-01-01,0,Retail,795.18,ESP,UKR,1,1,0,0,0
sdv-id-XBXSLf,8e6b2439-6a1e-4d9a-b05f-052bd682a0b4,1970-01-01,1,Travel,2359.9,ESP,USA,0,1,1,1,0
sdv-id-idKybb,7ffab493-285e-4d0a-bfac-431716e827b0,1970-01-01,0,Travel,1703.77,ESP,BRA,1,0,0,1,0
sdv-id-MSKOFo,8a63f881-ffd0-49d5-a6f2-f7b80cf35b58,1970-01-01,0,Tech,2139.39,ESP,BGD,0,1,1,1,1
sdv-id-wLTkUM,daea3e48-da75-4fd5-b345-8e147523b4be,1970-01-01,3,Travel,562.18,ESP,DEU,0,1,0,0,0
sdv-id-ZMZsqs,4526aeed-47a0-4cda-a333-639f387364c1,1970-01-01,0,Travel,1116.36,ESP,ESP,0,1,1,0,1
sdv-id-qPGjzW,8a3c3b5e-801e-41da-85b1-ed25f1533ae8,1970-01-01,0,Tech,1727.95,ESP,FRA,1,1,0,1,0
sdv-id-kuLQun,b59c9c87-f839-44c9-9eff-689a545a8a02,1970-01-01,0,Tech,659.28,ESP,JPN,0,0,1,1,0
sdv-id-iBQAlb,d2f629ca-bbe2-47ba-b84a-996719ef13bf,1970-01-01,3,Retail,1272.93,ESP,PRT,0,0,0,0,1
sdv-id-CMxMLL,5713412e-8bce-4a58-9290-a83a2bef4363,1970-01-01,5,Tech,1172.57,ESP,GBR,0,0,0,0,1
sdv-id-nCpyYA,b6fa6472-5436-473c-8143-16470aad04b7,1970-01-01,0,Retail,1797.47,ESP,USA,0,0,0,1,0
sdv-id-Ahmhay,5727bd83-1ac2-499a-bcd6-572f301b5b4e,1970-01-01,0,Gaming,1574.21,ESP,PRT,1,0,1,0,1
sdv-id-qnKFut,483ad196-faa5-469d-a2be-eee6a1135905,1970-01-01,0,Travel,89.04,ESP,VNM,1,0,0,0,1
sdv-id-IDVFdF,d4721f5f-909f-4248-a2ff-1be309a9b688,1970-01-01,0,Travel,1528.16,ESP,IND,0,0,0,1,1
sdv-id-pllbZS,74a40131-6a6d-4c9d-9b8f-2eefd85f18ce,1970-01-01,1,Travel,1660.95,ESP,RUS,1,1,1,1,1
sdv-id-TJNVyl,ae22fa57-aae5-4054-ad3e-9fa290ba2411,1970-01-01,0,Tech,2490.97,ESP,UKR,1,0,1,0,0
sdv-id-MfBRWI,49b868c2-cfda-4f51-9caa-2701cef1878f,1970-01-01,0,Food,1800.97,ESP,IND,1,0,0,1,0
sdv-id-MjAcQm,9a663d0a-333c-42bf-93ce-8fb6187c3bb0,1970-01-01,0,Travel,704.07,ESP,PRT,1,0,1,0,1
sdv-id-bRnEgn,2ddcc829-0d24-421d-97a3-5108d7b3c866,1970-01-01,0,Food,1877.91,ESP,GBR,0,1,0,0,0
sdv-id-OXHDWg,1bfc270c-8549-4255-89db-ebb5c9739495,1970-01-01,5,Tech,153.51,ESP,VNM,1,0,1,1,0
sdv-id-dmvhpE,e58e8fb6-3c88-4bee-a4d4-dba98cf7fbd8,1970-01-01,0,Travel,1397.28,ESP,FRA,0,0,0,1,1
sdv-id-GSSRLU,42862014-ff41-42a0-a95e-87405dd92744,1970-01-01,0,Retail,887.61,ESP,BGD,0,1,0,1,0
sdv-id-RUUMFH,4258828b-a23e-489b-8367-70b21a3a1233,1970-01-01,0,Food,2019.04,ESP,CHN,1,1,1,1,1
sdv-id-cLHwMW,4f612217-eef1-4694-90ca-e32d0aba590e,1970-01-01,0,Retail,96.97,ESP,GBR,1,0,0,1,0
sdv-id-zGHCvO,c329732b-5114-4ac7-9588-e38e8dbff478,1970-01-01,0,Tech,1323.27,ESP,ITA,0,1,0,0,0
sdv-id-jstbww,e5bfca33-67a0-4eec-9a4b-0992a834f352,1970-01-01,0,Gaming,61.44,ESP,PRT,1,0,1,0,0
sdv-id-WBGMTI,a6b595be-6288-45b8-a79a-52b22c3a11e7,1970-01-01,0,Retail,1429.92,ESP,BGD,1,0,1,1,0
sdv-id-ucHCYh,fad2fd69-3fb1-4376-b1d2-8c69bb88cfe7,1970-01-01,0,Retail,1687.81,ESP,IND,0,0,0,0,1
sdv-id-hyaNCd,4844cc49-6761-464e-b79e-e14018441abd,1970-01-01,0,Retail,33.35,ESP,ARE,1,1,1,1,0
sdv-id-nHcThj,cfd92fcf-0757-48ff-af2a-3540c5495a63,1970-01-01,0,Food,2262.33,ESP,ITA,1,1,1,0,0
sdv-id-nXfSDW,b55ba184-0931-4013-8e7e-41b692bdd0ed,1970-01-01,0,Gaming,652.3,ESP,ITA,1,1,0,1,1
sdv-id-dRlqvp,7420431e-2bf0-4535-92f5-c7bc54c4c8ba,1970-01-01,0,Tech,1230.22,ESP,ITA,1,1,0,0,0
sdv-id-hGpDvj,8545ce6d-46a2-4301-9d13-b149b46ce5f8,1970-01-01,0,Retail,740.03,ESP,PRT,1,0,1,0,1
sdv-id-VNuLRK,e28b40c6-852f-48aa-8e2d-df52fd8190c8,1970-01-01,0,Gaming,1209.14,ESP,BRA,1,0,0,0,1
sdv-id-SERDFM,31fd1e5e-f865-41ef-9131-45d24346cce5,1970-01-01,0,Tech,875.9,ESP,JPN,0,1,0,1,0
sdv-id-maPatM,0ab2e2ca-73a5-4d2e-8e1e-7525e957967a,1970-01-01,0,Travel,1394.69,ESP,BGD,0,0,1,0,0
sdv-id-FmPGxp,a5135ea0-fa53-434d-a6d5-901d8b621d41,1970-01-01,0,Food,2140.41,ESP,BRA,0,1,1,0,1
sdv-id-gDUHci,40061add-316c-40bc-ac1f-015566629bd2,1970-01-01,0,Tech,1442.51,ESP,BGD,1,0,0,1,1
sdv-id-cuFOgU,586a346a-dc5b-47d1-bcef-1972bbf483ce,1970-01-01,5,Retail,1624.87,ESP,ITA,0,0,1,1,0
sdv-id-QUwYQu,cf5d337f-ee8d-4daa-8eb7-c3068f73198e,1970-01-01,1,Retail,1859.42,ESP,DEU,0,0,0,1,0
sdv-id-IRLVFA,cbd93d47-966d-402f-bd98-03952621b899,1970-01-01,0,Travel,2003.45,ESP,BRA,1,1,1,0,1
sdv-id-ZGXKqL,1252f53b-91f3-411c-97ad-fb9369a8f894,1970-01-01,0,Food,1116.41,ESP,VNM,0,0,0,0,1
sdv-id-lIdOAg,7e7d5e88-4dcd-4534-95d0-3545d5a76023,1970-01-01,4,Food,736.22,ESP,RUS,1,0,1,1,1
sdv-id-Yncfya,57059671-b031-4179-ac76-25b80fc06f77,1970-01-01,0,Travel,1112.3,ESP,ESP,1,1,1,1,0
sdv-id-EwXHMQ,ef37c581-7e35-47db-b290-d346d091fc34,1970-01-01,0,Retail,536.56,ESP,ITA,0,1,1,1,0
sdv-id-SujNIi,27aedaae-8c48-43f4-bef3-89ba0a7016c8,1970-01-01,0,Retail,1098.13,ESP,PRT,0,0,0,1,0
sdv-id-cNdzgN,ca23792c-ac55-4173-a2a7-3ff5e498d1a8,1970-01-01,0,Retail,1012.39,ESP,CHN,0,1,1,0,1
sdv-id-NXAprx,946cf4be-e134-4504-a964-aa991728c576,1970-01-01,1,Tech,1482.91,ESP,FRA,1,1,1,1,0
sdv-id-dNvuds,0721a813-9a45-4779-aafb-8006c94e5103,1970-01-01,3,Gaming,585.61,ESP,ITA,1,0,1,0,1
sdv-id-iQWBMi,9c18e0ba-3eea-4cf0-93ff-d1ea14f872f6,1970-01-01,1,Food,7.61,ESP,IND,1,0,0,0,0
sdv-id-nbMXNR,d8b6a5b0-c7c2-4f1b-ad30-26db20f8260c,1970-01-01,0,Travel,1170.91,ESP,PRT,1,1,0,0,0
sdv-id-lCzVpl,e7f3072a-86a5-4dc3-8b74-89366eb48828,1970-01-01,4,Travel,1718.38,ESP,BGD,1,0,0,1,1
sdv-id-AurtVS,a6b78891-bc3d-4bfc-b216-7340bf95ff33,1970-01-01,0,Tech,403.81,ESP,GBR,1,1,0,0,0
sdv-id-zuIatP,b4c313eb-7e22-4d5c-a362-53032ae72b5d,1970-01-01,0,Gaming,39.94,ESP,BRA,1,0,1,1,1
sdv-id-tQgRqH,94866e3c-fd26-4a93-bf23-82b50d1b293b,1970-01-01,1,Gaming,98.24,ESP,VNM,1,0,0,1,0
sdv-id-OKQMdR,7e02c8c1-e7c2-4aa7-a460-fdd72cedc1f9,1970-01-01,0,Travel,1867.26,ESP,DEU,1,1,0,1,0
sdv-id-uRiuEC,e0c2442e-eb38-4cdf-8fd8-2aba0a6dc4ac,1970-01-01,0,Retail,2319.22,ESP,VNM,1,1,0,0,1
sdv-id-bJMknP,24a0aaad-b436-48fb-b21e-afabf64909e8,1970-01-01,0,Gaming,1689.8,ESP,RUS,0,0,0,1,0
sdv-id-aWWvrY,05a95733-2bdd-4419-beec-0074f4028e77,1970-01-01,0,Travel,493.69,ESP,ITA,0,1,1,1,1
sdv-id-kCxIgE,4212173f-5e99-4f0d-8840-42f9db66cc53,1970-01-01,2,Tech,1189.57,ESP,JPN,1,1,0,0,1
sdv-id-VddBSx,b81f9c64-1cc1-4f92-af77-e12497a35a49,1970-01-01,5,Food,1121.27,ESP,BRA,0,1,0,0,1
sdv-id-GaZBTL,1b3f0866-d590-42df-8470-f4aeaeadd1dc,1970-01-01,0,Food,1308.93,ESP,CHN,0,1,1,0,1
sdv-id-rUYGlC,436d977b-6431-4bbe-8e44-c9dc81b61c87,1970-01-01,1,Gaming,2291.15,ESP,NGA,0,1,1,1,0
sdv-id-YjdAWM,05efea2a-f825-48bd-ab4c-2dacdf93b659,1970-01-01,0,Retail,723.25,ESP,USA,1,1,1,0,1
sdv-id-vTXrpF,c94f6ed3-4a2f-4876-ae93-561538da9a90,1970-01-01,0,Travel,1878.73,ESP,VNM,0,1,1,1,0
sdv-id-WUdEIx,57522610-482a-48ff-8796-45b8212232df,1970-01-01,3,Tech,962.15,ESP,ITA,0,0,1,0,1
sdv-id-ziYOJT,5bea530d-219c-40cb-9a7f-de23af59aa66,1970-01-01,5,Food,1095.32,ESP,DEU,0,1,1,1,0
sdv-id-yVFgfQ,76237f14-9d86-47ff-b758-16cf761df97f,1970-01-01,3,Retail,912.75,ESP,RUS,0,0,0,0,0
sdv-id-wDVRxm,d9add770-308d-4579-b78e-38ad3decdd27,1970-01-01,2,Food,1058.91,ESP,FRA,0,0,0,0,1
sdv-id-plMWef,996d9303-e3a0-40f1-8cd1-9e0c5dfa8933,1970-01-01,0,Food,2077.44,ESP,FRA,1,1,0,1,0
sdv-id-VhgJwI,76e51a12-79c6-4757-b7fe-b7351cc6f0a0,1970-01-01,1,Retail,1456.0,ESP,BRA,0,0,0,0,1
sdv-id-JNHThZ,4f612217-eef1-4694-90ca-e32d0aba590e,1970-01-01,0,Gaming,1028.0,ESP,ARE,1,1,1,0,0
sdv-id-BCTdXg,b819b15d-4f96-4a84-a0d4-4d244d074581,1970-01-01,0,Retail,409.39,ESP,BRA,1,1,0,1,0
sdv-id-ZAzGsr,982e2afd-77fc-462b-9ffe-37090fa4c293,1970-01-01,5,Tech,601.7,ESP,BGD,0,0,1,1,0
sdv-id-GESazQ,d15a1b21-d2f7-473b-991d-49fa18acf173,1970-01-01,2,Food,2167.79,ESP,GBR,0,1,0,0,1
sdv-id-GlcHNu,d83940c9-7e86-47f8-93cf-44fe17c03e28,1970-01-01,0,Food,785.9,ESP,PRT,1,0,1,0,1
sdv-id-swndQP,836392b7-d9a3-442a-83c2-8870adde98b6,1970-01-01,0,Gaming,2477.21,ESP,PRT,0,1,1,0,1
sdv-id-xYLZpM,18359b4b-4dfc-4384-ac48-2af26e988798,1970-01-01,0,Tech,745.28,ESP,ARE,1,0,1,1,0
sdv-id-WOHRlD,46cbeb60-37d7-4d4a-b718-a6ad2209cd5f,1970-01-01,1,Gaming,2012.46,ESP,PRT,0,1,1,0,1
sdv-id-OjJQeY,6f1e2050-3f71-4dab-9ad1-36d67472bd84,1970-01-01,5,Tech,1424.74,ESP,ITA,0,1,0,1,0
sdv-id-RgMSZo,8f80d1ef-4615-475c-8fa8-7a6500d35021,1970-01-01,0,Retail,1262.6,ESP,FRA,0,0,1,0,1
sdv-id-BAxuFA,bdffd9c6-226c-41ec-9b46-f9d7669a4e0c,1970-01-01,1,Gaming,932.61,ESP,USA,1,1,1,0,1
sdv-id-CXtqwF,60bb380b-c8b7-4cd0-9020-7ede1fa70e6b,1970-01-01,0,Food,967.05,ESP,PRT,0,1,0,1,0
sdv-id-cdurYj,849b50bc-05e5-4461-8934-4b060790eeb4,1970-01-01,1,Tech,1769.46,ESP,ESP,0,1,1,0,1
sdv-id-ptnKUl,d5dbcbee-cc03-48d3-98ba-fcc9e1dd7fdf,1970-01-01,0,Gaming,1511.71,ESP,ITA,0,0,1,1,1
sdv-id-CAlaZh,b970c05d-9def-4281-970f-34bb25944c4e,1970-01-01,0,Gaming,485.6,ESP,UKR,1,1,1,1,0
sdv-id-AemWAA,6b97c617-920f-4a6a-9b24-346346c5ab95,1970-01-01,4,Gaming,863.8,ESP,FRA,0,0,1,1,0
sdv-id-BLNNRw,956269f0-e5d7-4875-adad-d6c795a76d79,1970-01-01,0,Tech,1522.82,ESP,ESP,0,1,1,0,1
sdv-id-mvUUDM,c958e75e-21d5-4971-b367-49b52cf6bf75,1970-01-01,0,Food,2205.7,ESP,JPN,1,0,0,1,0
sdv-id-obHipB,12f776d1-c6ec-457f-ac0d-88188349c078,1970-01-01,0,Travel,1961.65,ESP,VNM,1,0,1,0,0
sdv-id-Gujsyv,a5dd2836-e65f-49fa-838c-2eafa8097a77,1970-01-01,0,Travel,384.87,ESP,BGD,0,0,1,1,0
sdv-id-SOAWxb,5c8bac02-8efa-4f51-b513-ee5300e208d1,1970-01-01,1,Retail,1167.08,ESP,ARE,1,0,0,1,0
sdv-id-fXToMg,3de90fd9-956f-469b-94ae-02444a9b69e3,1970-01-01,2,Food,832.91,ESP,CHN,0,0,1,0,1
sdv-id-vOKOQj,940e3521-9a26-455a-bf56-938141190559,1970-01-01,0,Tech,2341.96,ESP,ITA,1,0,0,1,0
sdv-id-MCNRNW,7e29bddc-fd5c-474e-8778-dbe69b29f76e,1970-01-01,0,Retail,1544.53,ESP,IND,0,0,0,0,1
sdv-id-kUHuvb,d72476da-45a0-4d54-b3a1-b80fd3bacc13,1970-01-01,0,Retail,624.19,ESP,RUS,1,1,0,1,0
sdv-id-xxWqOF,d3b68150-0205-416a-981a-b26ce8c35a79,1970-01-01,0,Food,1028.72,ESP,JPN,0,1,1,0,1
sdv-id-bdxBQP,ef7cef26-3c66-4012-be74-1860bf957403,1970-01-01,1,Tech,1329.41,ESP,PRT,1,0,1,1,1
sdv-id-QFvhBA,ad973b67-9b89-45cb-9942-644c248d31ec,1970-01-01,0,Retail,965.99,ESP,ESP,0,1,0,0,1
sdv-id-eRlyih,307fc576-4b43-4873-b1a5-80d76c2ec07e,1970-01-01,0,Travel,223.38,ESP,NGA,0,0,0,0,1
sdv-id-IBTiVi,fbf8b1fe-3232-4e72-81d3-a0333586ae6f,1970-01-01,1,Retail,2170.61,ESP,NGA,0,0,0,1,1
sdv-id-WmnwRV,7e7b7dac-bea6-4b61-af92-54fd12e184ce,1970-01-01,5,Tech,1244.84,ESP,VNM,1,1,0,0,1
sdv-id-uwOobQ,0a14e77e-918b-4860-81a9-6b3b90cc44af,1970-01-01,0,Tech,1409.3,ESP,IND,1,1,1,0,0
sdv-id-hFkaaR,d65e59dd-e62d-4d06-8f9b-85581a7f195b,1970-01-01,0,Retail,834.92,ESP,PRT,1,1,0,1,0
sdv-id-DzztGv,42a1279b-8bf5-4aed-9904-b887d77b03b3,1970-01-01,0,Food,987.35,ESP,BGD,1,0,1,0,1
sdv-id-opgUrW,5256f928-bea8-4e9f-a911-fd6d0d586ee2,1970-01-01,0,Food,455.58,ESP,IND,0,0,0,1,0
sdv-id-VKokCh,5905fd87-84c1-4470-9a04-23dfe634727d,1970-01-01,0,Travel,1264.91,ESP,NGA,0,0,1,1,0
sdv-id-Uhcukf,9c595e03-4d2d-4557-8e06-a41671219097,1970-01-01,4,Food,469.51,ESP,VNM,0,1,1,1,0
sdv-id-CtjyOA,246c4e5b-7f25-4908-bd5e-1fbff22af6f6,1970-01-01,0,Travel,177.5,ESP,UKR,0,1,0,1,1
sdv-id-HBhtbD,24ea2f78-24fa-450e-ac70-d93aa260f227,1970-01-01,0,Retail,173.37,ESP,DEU,1,0,0,0,1
sdv-id-WOmIGq,e0e660c2-b477-4af7-b8d7-e825bd6f6707,1970-01-01,0,Retail,796.2,ESP,FRA,0,0,1,0,0
sdv-id-WwGVGQ,36a2c52b-0047-4139-985d-f528b4258e19,1970-01-01,0,Gaming,1703.9,ESP,ESP,1,1,0,1,0
sdv-id-xWWZXf,1f45a6d0-6af9-41cd-844b-94904edd1cfd,1970-01-01,0,Gaming,311.63,ESP,ESP,1,0,1,1,0
sdv-id-ZuOqob,a4df08c5-67ad-4841-a27c-27df377f0ac2,1970-01-01,5,Gaming,132.43,ESP,ITA,0,1,0,0,0
sdv-id-yPBLOe,d30a8e78-a636-4100-9310-ff3b1cb37f3e,1970-01-01,4,Gaming,1662.8,ESP,CHN,0,1,0,0,1
sdv-id-VFzgVd,c5583a17-f70d-48a0-bd75-e4232d921dab,1970-01-01,0,Food,2361.84,ESP,USA,1,0,0,1,0
sdv-id-oVqPuZ,099fbb57-d2f7-4a83-ba59-5dc815b66499,1970-01-01,0,Travel,1535.53,ESP,RUS,0,1,0,1,0
sdv-id-rUHtiz,61f041d0-6993-4611-a777-5ef59ab9ae1b,1970-01-01,0,Gaming,1405.87,ESP,BGD,1,1,0,1,0
sdv-id-pVgjiC,00714e0f-2b23-4ce0-9872-0dc75f868f8b,1970-01-01,0,Gaming,317.6,ESP,IND,0,1,0,1,0
sdv-id-YWYKTt,683a755e-f23e-4b0b-8209-5583e03f7c17,1970-01-01,0,Gaming,1448.96,ESP,BGD,0,1,0,0,1
sdv-id-HpiObl,a2a5ef39-c163-4f1b-9f32-f343a562f0a0,1970-01-01,0,Food,600.21,ESP,ARE,1,0,1,1,1
sdv-id-WeDrzY,6e659294-876d-432a-a4a3-482f37c783d1,1970-01-01,0,Food,1859.89,ESP,USA,1,1,1,1,1
sdv-id-XGBxFf,60cb9e17-c93a-4471-8e9d-ef4ec7affa24,1970-01-01,0,Gaming,24.3,ESP,CHN,0,1,1,1,0
sdv-id-HhCqlZ,b59c9c87-f839-44c9-9eff-689a545a8a02,1970-01-01,0,Retail,255.67,ESP,ITA,1,0,1,1,0
sdv-id-cOJuMG,76c82262-83c7-43fb-8e54-912e665a6c4a,1970-01-01,0,Retail,333.77,ESP,BRA,0,0,1,1,0
sdv-id-aMpGQr,6a8f7654-1552-47c7-8b96-13466498da39,1970-01-01,0,Travel,2318.46,ESP,FRA,0,0,0,0,1
sdv-id-ZYBeyk,63be441d-bd5a-4c9e-a77e-b0aaa247541d,1970-01-01,0,Travel,1500.21,ESP,JPN,0,1,0,1,0
sdv-id-qHWdJA,b69f75c5-c82b-41be-a1eb-64e6fd498e20,1970-01-01,0,Retail,829.44,ESP,ARE,0,0,0,0,0
sdv-id-GbZZeR,993b1792-cfe5-4a88-abe3-ec98c32e6e52,1970-01-01,0,Tech,1159.65,ESP,USA,0,0,1,0,1
sdv-id-ylJyRd,3bb7a577-6529-480c-8ac0-8318b23b0c42,1970-01-01,0,Retail,299.94,ESP,ARE,1,0,1,1,0
sdv-id-JHQrtC,38c4f346-e5dd-414c-a70b-ba9c3d5e69df,1970-01-01,0,Travel,1708.75,ESP,JPN,1,0,1,1,0
sdv-id-DCqtGG,1027fbf7-3877-40f0-9d99-d4c5cc96bf43,1970-01-01,0,Gaming,1717.23,ESP,IND,1,0,1,0,0
sdv-id-QAaOeA,a9d3c2e6-505c-4686-9f87-1ce75487fd4f,1970-01-01,0,Tech,770.05,ESP,JPN,1,0,1,0,1
sdv-id-gvfiKC,83599af6-5d01-455f-a7fd-64c4a334058a,1970-01-01,0,Retail,1389.19,ESP,RUS,0,0,0,1,0
sdv-id-boNWyf,ef4055dd-d98d-413c-8ddb-0654ce192f51,1970-01-01,1,Gaming,2347.67,ESP,ESP,1,1,0,0,1
sdv-id-COEcri,068187e9-a46d-4b51-ad30-0e335d8c4fea,1970-01-01,0,Retail,1391.13,ESP,RUS,0,1,0,1,0
sdv-id-tlckHB,e7d90c1b-a59c-4eed-ac09-72046fa6681c,1970-01-01,0,Tech,1157.89,ESP,VNM,1,1,0,1,0
sdv-id-xWiqQM,01440fa3-5fcf-4c27-868e-47b0d87db947,1970-01-01,0,Gaming,2242.48,ESP,GBR,0,0,1,0,1
sdv-id-LkOtsu,307a1acb-ad5c-4c49-ba09-8a2748708a92,1970-01-01,0,Food,1375.76,ESP,RUS,1,0,0,0,1
sdv-id-Eojgpa,f41ea3ac-5fd2-4109-8140-752caa448259,1970-01-01,0,Travel,57.37,ESP,PRT,1,0,0,1,0
sdv-id-EhazbK,22af711f-1b62-4a9d-b536-6b9f320f72c0,1970-01-01,0,Gaming,160.68,ESP,ITA,0,1,0,0,1
sdv-id-DxTFkx,2a38746e-528f-4346-9569-064107c4d918,1970-01-01,0,Tech,315.43,ESP,BGD,1,1,0,0,1
sdv-id-gMAAzZ,5d844714-9c12-46f0-9cd1-a96075d4a3be,1970-01-01,0,Travel,317.71,ESP,ESP,0,0,0,1,1
sdv-id-DeTHWD,24057f26-e14b-4985-92ed-15070f31d27c,1970-01-01,0,Tech,10.6,ESP,IND,1,0,0,1,0
sdv-id-DOHSYu,ef303fd0-78d3-4a66-834a-7e17eeced5b3,1970-01-01,0,Food,1461.72,ESP,RUS,0,1,1,0,0
sdv-id-bQDzHr,5e8f7d7e-3c36-4559-956c-992bcc977171,1970-01-01,0,Food,1060.13,ESP,DEU,0,1,1,1,0
sdv-id-SxRugD,0a5a2180-c4c0-4af1-9048-c8afff5f274a,1970-01-01,0,Tech,2343.72,ESP,ESP,1,1,1,0,0
sdv-id-NJqaPl,020359c1-941e-42e9-b492-12e96cc1bd55,1970-01-01,4,Food,106.31,ESP,GBR,1,0,1,0,1
sdv-id-uBzgRZ,79a0d586-369d-42ef-bb8e-e0e01ba34c18,1970-01-01,0,Gaming,579.79,ESP,UKR,0,1,1,1,0
sdv-id-lBeQYj,867432ec-9de1-49ef-b037-6816181428f9,1970-01-01,0,Food,991.13,ESP,VNM,1,1,0,0,1
sdv-id-PRPsUJ,c4f9eccd-7630-48a7-b0ca-fdd8fc043f08,1970-01-01,0,Food,302.26,ESP,RUS,1,0,1,0,1
sdv-id-ltJArt,40f96050-2efc-4709-b576-6872d5cb20a3,1970-01-01,0,Tech,1922.57,ESP,BGD,0,0,1,0,0
sdv-id-ISVulo,58389bc7-6981-4678-9b82-b67ddd7e0ae6,1970-01-01,0,Food,55.38,ESP,UKR,1,0,1,1,0
sdv-id-ulOBmf,318beb4e-8251-4fd9-b41f-acd11344c2f6,1970-01-01,0,Gaming,2059.27,ESP,IND,0,1,0,0,1
sdv-id-maDNwb,137b41c2-5f71-41e1-a05e-ad1cbde9a6a8,1970-01-01,0,Retail,1417.88,ESP,PRT,0,1,1,0,0
sdv-id-gospCT,8498a96b-0d86-40ca-a29d-a816d1138946,1970-01-01,2,Travel,1167.63,ESP,ARE,0,1,0,1,0
sdv-id-JShIvn,aaceb98c-49e7-429b-b492-c0d2c2ecbc97,1970-01-01,5,Retail,1418.15,ESP,BGD,0,1,0,1,0
sdv-id-ZffxCi,63f18953-ba4e-4145-8742-bbaf77870d52,1970-01-01,0,Retail,1545.99,ESP,BGD,0,1,0,0,1
sdv-id-dvHwUa,bd29ede9-cab4-423b-b448-83858de7ad6c,1970-01-01,0,Gaming,225.52,ESP,BGD,1,0,1,0,0
sdv-id-HBYMiF,fe8ac951-ccbe-4f51-9a73-24eb325d930b,1970-01-01,3,Travel,270.63,ESP,PRT,1,0,1,1,0
sdv-id-kZkzLA,60e565b6-39b3-442d-becf-bc0b5ea62cb9,1970-01-01,1,Gaming,762.41,ESP,ESP,1,0,1,0,1
sdv-id-lsFuCC,2638d8be-f838-43a2-90f3-56765a853cd8,1970-01-01,0,Gaming,617.67,ESP,VNM,1,0,1,1,0
sdv-id-FKqipl,80ed319c-ef01-4e79-a9b2-4a990a8260b6,1970-01-01,2,Food,1798.22,ESP,BRA,1,0,0,0,1
sdv-id-NPbOPY,9452f39a-9c7d-4944-89f4-f37c96cb832e,1970-01-01,5,Travel,2353.83,ESP,UKR,1,0,0,0,1
sdv-id-wPGTtU,506f6bc0-ee6f-4a9c-b446-023621f66088,1970-01-01,5,Tech,5.03,ESP,RUS,1,1,1,1,0
sdv-id-KKsCwY,7ddc44f5-deaf-4631-908a-bb5c018c0313,1970-01-01,0,Travel,491.57,ESP,PRT,1,1,1,1,0
sdv-id-zDqrAi,022da24e-45ae-4092-8c2a-89d8c773d861,1970-01-01,0,Travel,1034.9,ESP,GBR,1,0,0,0,1
sdv-id-HUnrzN,7b5fb427-8fd1-4c4e-83d2-a7ca377533ab,1970-01-01,5,Food,1645.47,ESP,DEU,1,1,1,1,1
sdv-id-avFxZG,6c944bca-e8c0-4c02-b200-fc98b963c2fc,1970-01-01,0,Tech,1046.32,ESP,CHN,0,1,1,0,0
sdv-id-dWcvNx,754f595f-12f6-48e6-b197-603ca45c7178,1970-01-01,4,Tech,283.23,ESP,ARE,1,0,0,1,1
sdv-id-sJABQL,076979d6-4477-4442-b187-53e6d4578ad9,1970-01-01,0,Tech,708.48,ESP,IND,0,0,0,0,1
sdv-id-wCAeZg,b4f7af31-1fe8-4be4-a3ba-b56cdb2bfd4f,1970-01-01,0,Travel,1182.96,ESP,IND,1,0,0,1,0
sdv-id-CPBbLH,9b0707e5-f68e-4e81-adf9-568bde0bde18,1970-01-01,5,Travel,47.43,ESP,USA,1,0,0,1,0
sdv-id-YmTfcV,31ab2c49-ec81-4e3e-a66a-786114941dbd,1970-01-01,0,Tech,1346.32,ESP,ARE,0,1,1,0,0
sdv-id-qClWOK,c75f41dc-9a6a-4bb1-9cda-038513eb4358,1970-01-01,0,Tech,726.8,ESP,BGD,0,0,0,1,0
sdv-id-lnZjyB,1febc9af-b2a8-4456-884b-fa8ce3593ee9,1970-01-01,0,Food,1203.92,ESP,ITA,1,1,0,0,1
sdv-id-mktnXA,aa7f7e06-8569-4f97-980d-c855c55ffde8,1970-01-01,0,Tech,1459.78,ESP,PRT,0,1,1,0,0
sdv-id-DHjOBV,23fbe8f2-cf5c-4d7f-8882-5d14341b2c09,1970-01-01,0,Food,675.95,ESP,ESP,1,1,1,0,1
sdv-id-HUZTGH,0274ce40-e090-46b6-b186-a5a8d6ee526b,1970-01-01,0,Travel,503.84,ESP,USA,1,1,0,1,0
sdv-id-ziFoRE,2a9527f6-f817-4ebf-ab6e-64c5bb8aa843,1970-01-01,0,Retail,104.48,ESP,ITA,1,0,0,0,0
sdv-id-OZKaNv,2e709838-0190-4620-99dc-abd056febfb9,1970-01-01,0,Tech,1613.55,ESP,RUS,1,1,1,0,1
sdv-id-JeyHsE,3735262d-4184-4b03-84dd-7054144823f7,1970-01-01,0,Retail,621.83,ESP,DEU,0,1,0,1,0
sdv-id-Vhhbny,186b2880-ab54-4a15-a69d-01ff1634725b,1970-01-01,1,Retail,2044.83,ESP,ARE,0,0,1,0,1
sdv-id-hbXTrB,d123f7c1-b7a1-467e-9a1e-00365cbaa496,1970-01-01,2,Retail,408.64,ESP,JPN,0,1,1,0,1
sdv-id-RLdFnt,98daae8c-f9f7-4004-adfe-874557968d64,1970-01-01,5,Retail,1293.99,ESP,JPN,0,1,0,0,1
sdv-id-xNanZA,d98d214f-c2ab-4876-b71b-d82d635589f4,1970-01-01,5,Tech,2044.24,ESP,ITA,0,1,1,1,1
sdv-id-eQddms,bd5bfece-dbd0-4d57-8e07-d8fc83b1c1ec,1970-01-01,0,Food,858.77,ESP,ESP,1,1,0,1,0
sdv-id-IaDWaf,d5b26840-f4b3-493f-8b38-2c494853338d,1970-01-01,0,Travel,15.62,ESP,RUS,0,0,1,1,0
sdv-id-msViMI,babc7d4b-2a76-4b82-8be9-eea0fe250f62,1970-01-01,0,Travel,809.11,ESP,BRA,1,0,1,0,1
sdv-id-YMvEpS,a6f7b85d-591a-41ea-b8e2-aae3633ad91a,1970-01-01,0,Tech,1405.36,ESP,NGA,0,0,1,0,1
sdv-id-EbuQQt,6fa5f03f-e92d-4961-9e0f-d29bb7a2ab33,1970-01-01,1,Gaming,1359.85,ESP,VNM,0,0,1,1,0
sdv-id-wkPyDT,9267e7e6-28f5-45c2-80eb-f7252f1ef8dc,1970-01-01,0,Gaming,1389.92,ESP,NGA,0,0,0,0,1
sdv-id-zPBbmw,d5db677f-08bb-429f-a277-279b2498a9f2,1970-01-01,0,Retail,44.47,ESP,VNM,0,1,1,1,0
sdv-id-HzMFhp,099fbb57-d2f7-4a83-ba59-5dc815b66499,1970-01-01,0,Tech,894.79,ESP,BGD,0,1,0,1,0
sdv-id-pKvlMI,ac2c96e7-79e9-490b-be1f-cad10e6884d6,1970-01-01,0,Retail,71.5,ESP,BGD,0,1,0,1,0
sdv-id-lIuKTj,f4adfa22-ad02-45f5-9417-c2f9eb91731a,1970-01-01,0,Food,249.33,ESP,NGA,1,0,1,0,0
sdv-id-lRAqXW,bfd467e7-7491-450c-b75e-fed82d6b5953,1970-01-01,1,Food,2446.6,ESP,PRT,1,1,0,0,0
sdv-id-amYtNQ,25db5946-a091-45b4-9293-8e6eff4d0930,1970-01-01,0,Food,128.38,ESP,PRT,0,1,0,0,1
sdv-id-vYDjst,b348f0fe-d47e-4b90-879e-46ae551b7d7f,1970-01-01,0,Travel,889.37,ESP,USA,0,1,1,1,1
sdv-id-xVqHKe,d15a1b21-d2f7-473b-991d-49fa18acf173,1970-01-01,0,Gaming,1624.29,ESP,GBR,1,0,1,1,0
sdv-id-ssquHU,75cd3e5c-7a24-4720-a7e2-92992bf6d915,1970-01-01,0,Food,2108.2,ESP,JPN,1,0,1,1,1
sdv-id-TdLAQl,74b565f8-d8cf-4b88-9a37-a5048d2e304b,1970-01-01,0,Tech,1844.74,ESP,JPN,0,0,1,0,0
sdv-id-DocGmO,065557aa-4b1f-4d17-8f69-9c989312c20c,1970-01-01,0,Tech,532.9,ESP,FRA,1,1,1,1,1
sdv-id-wUJauO,30a04e0b-3a4d-4f57-8715-5ad38ca0cd2a,1970-01-01,0,Food,2407.58,ESP,ARE,1,1,1,1,1
sdv-id-QSUoYw,42650798-4b80-4fa6-bab1-fa122d5737a0,1970-01-01,0,Tech,1169.41,ESP,UKR,0,0,0,0,1
sdv-id-iVuXTz,a2ac7896-7f38-4a3e-b3a6-74036f9d1d74,1970-01-01,0,Travel,855.62,ESP,DEU,0,0,0,1,0
sdv-id-jxNoaC,dc406c3b-2e50-478b-945f-d39a376788ab,1970-01-01,0,Retail,1795.06,ESP,VNM,0,0,0,0,0
sdv-id-jzCwDb,a8e7ebe3-cb05-4a14-8865-1a6e1b99eb83,1970-01-01,0,Tech,2108.71,ESP,IND,0,0,1,1,0
sdv-id-kFjGRZ,cf5d337f-ee8d-4daa-8eb7-c3068f73198e,1970-01-01,0,Retail,635.92,ESP,FRA,1,0,1,0,1
sdv-id-dqUepN,3de28859-51b1-443c-9b2e-dedb8fc85fc0,1970-01-01,0,Retail,407.33,ESP,ARE,1,1,1,0,1
sdv-id-pLncjT,e6b0aca0-26fd-4253-9247-15af7ee6990b,1970-01-01,3,Tech,735.18,ESP,BGD,0,0,1,1,0
sdv-id-NPaDAt,fcce3ef8-a41b-44c2-8ecc-b0ab7d5338ca,1970-01-01,0,Tech,1523.84,ESP,FRA,1,1,1,0,0
sdv-id-IbnzPs,45358d5a-2249-4a0f-ad58-35f3f87e213c,1970-01-01,0,Travel,1017.89,ESP,BRA,1,0,1,0,0
sdv-id-HwREzO,fa2fbd74-fd19-45cc-b4ed-a60e3b2d520b,1970-01-01,0,Gaming,2253.78,ESP,DEU,0,1,0,0,1
sdv-id-fIyeNH,dc160e3d-eb15-4f5b-81a0-578257ec95f3,1970-01-01,4,Tech,1268.3,ESP,NGA,1,0,0,0,1
sdv-id-OQtAuZ,253741e4-0966-4d08-9959-5d27a73d2746,1970-01-01,0,Tech,2048.58,ESP,NGA,1,1,0,0,0
sdv-id-ljKTvw,1c093b82-44cb-4cf6-8e24-1f2927219bbb,1970-01-01,0,Retail,1743.43,ESP,USA,0,0,0,0,1
sdv-id-YIKAcH,69e83561-4557-4dcb-b15e-ae421461f0d8,1970-01-01,1,Gaming,970.39,ESP,FRA,0,0,1,0,1
sdv-id-qrRnEW,1fac6d85-c433-44f0-9683-541bd1801014,1970-01-01,0,Food,387.48,ESP,IND,1,0,0,1,0
sdv-id-GYHxkj,60b97459-09e2-456e-b0a3-be304d06b31c,1970-01-01,0,Gaming,1571.57,ESP,GBR,1,1,0,1,1
sdv-id-HjdQQp,78feec67-356c-4206-81e1-f8363cf61621,1970-01-01,1,Retail,1368.25,ESP,DEU,0,1,0,1,1
sdv-id-tWBdSU,40f96050-2efc-4709-b576-6872d5cb20a3,1970-01-01,2,Retail,1535.49,ESP,ITA,1,0,0,1,0
sdv-id-GoCRHY,c8f72c2d-ba1a-4160-8dd7-962bbfda55c9,1970-01-01,0,Travel,147.23,ESP,RUS,1,0,1,1,0
sdv-id-whDKFf,a7674726-61b3-48f3-b99b-70d6bc6aa8a7,1970-01-01,0,Food,1314.1,ESP,ARE,1,0,0,0,1
sdv-id-FOZrKx,ba2c43ec-43f8-4fcf-8997-0b27dbdcfb3d,1970-01-01,0,Retail,7.74,ESP,RUS,1,1,0,1,0
sdv-id-kkVyFM,6bb17a8b-26c1-48f2-ab1c-0430df114270,1970-01-01,3,Tech,1854.34,ESP,DEU,1,0,0,0,0
sdv-id-JfvAkN,da968e7d-0d46-4159-a668-5e80f16d4fe8,1970-01-01,0,Travel,1423.37,ESP,USA,0,0,1,1,0
sdv-id-bEOgce,80fa3363-7497-47d9-8346-93d1ca67d562,1970-01-01,0,Retail,247.82,ESP,DEU,0,0,1,1,0
sdv-id-fDPutc,636f7abf-82c9-41df-9fd2-29bc8e673bc8,1970-01-01,3,Gaming,2483.94,ESP,UKR,0,0,1,0,1
sdv-id-eNrrRK,1f93bb9d-263f-4b57-9ef9-81f8af927913,1970-01-01,4,Retail,1486.48,ESP,ARE,1,0,0,1,1
sdv-id-dYmpyk,63d2b7c6-ab1f-4327-a59a-5f4ef8f218d0,1970-01-01,3,Travel,2252.03,ESP,UKR,1,0,0,0,1
sdv-id-wWkKwR,002b6e26-bc8f-471a-a511-2379936f017a,1970-01-01,5,Food,51.61,ESP,FRA,0,1,1,0,1
sdv-id-vkhDXd,ec4f9838-3b1f-4a0d-9267-e2789bd7b9be,1970-01-01,0,Travel,348.41,ESP,USA,0,1,1,1,0
sdv-id-ZBCgAt,7a5d7c82-86c5-447c-851a-00393803dcee,1970-01-01,1,Travel,601.23,ESP,PRT,1,0,0,1,0
sdv-id-lUesct,69d4de06-342e-49b4-8a00-ae9986375844,1970-01-01,0,Travel,2069.83,ESP,VNM,1,0,0,1,0
sdv-id-eMbJZq,14b00f62-c768-407f-ae2b-dc6cb7360c4f,1970-01-01,0,Tech,2019.34,ESP,ITA,1,1,0,1,1
sdv-id-ogHRjW,c3b44bae-101c-4fa0-8df4-8d1fff3c6eb0,1970-01-01,0,Retail,366.61,ESP,BRA,1,1,0,0,1
sdv-id-HyOOga,0e1e5ebd-ff99-4e31-9006-e0eb63a84422,1970-01-01,0,Travel,1112.24,ESP,GBR,1,1,1,0,1
sdv-id-gbwcgo,9267e7e6-28f5-45c2-80eb-f7252f1ef8dc,1970-01-01,0,Food,1444.16,ESP,BGD,0,0,0,0,1
sdv-id-IorWtP,47440006-f10e-40ea-8764-f8c75e01ea7d,1970-01-01,0,Retail,1956.6,ESP,JPN,0,1,1,1,0
sdv-id-tAFeUe,acdfe0ff-c5ed-4982-b60b-36736422a73e,1970-01-01,0,Travel,1262.29,ESP,VNM,0,0,0,1,0
sdv-id-JpYszp,bce16224-6ce4-40af-a63c-112e8373c5c7,1970-01-01,0,Tech,1744.79,ESP,USA,0,1,1,1,0
sdv-id-fQVKLY,fe8ac951-ccbe-4f51-9a73-24eb325d930b,1970-01-01,0,Travel,1350.72,ESP,UKR,1,0,1,0,0
sdv-id-EomcQO,a49bed7b-06f4-4c1e-9212-c8d8c7a7a071,1970-01-01,0,Retail,585.62,ESP,CHN,1,1,1,1,0
sdv-id-fXGzhq,c16d83ed-ad81-48bd-8029-13ec9ef2b93e,1970-01-01,0,Gaming,132.01,ESP,USA,1,0,1,0,0
sdv-id-fDKoMr,e2888ddb-892e-4973-8d65-be9a9b4d6f3e,1970-01-01,5,Tech,1582.42,ESP,VNM,1,0,0,0,1
sdv-id-PuBsyj,11186c1a-8540-42b0-aaa8-2f4e4fc4e8cd,1970-01-01,4,Gaming,2356.48,ESP,IND,1,0,0,1,0
sdv-id-sZOsOj,d5bf1edb-3b79-4a1e-8d4f-2875df2ddf20,1970-01-01,5,Tech,1021.13,ESP,VNM,0,0,0,0,1
sdv-id-OGYyzt,3af834f2-9aef-4aec-bbf1-8cf4a740a142,1970-01-01,1,Retail,1845.93,ESP,JPN,1,1,1,0,1
sdv-id-gwPAIJ,fb8985bc-027d-4094-8c53-32b310d5d5b8,1970-01-01,4,Food,309.38,ESP,CHN,0,1,1,1,0
sdv-id-rmmoHG,248941f4-79a5-4d6f-a09d-63de44a3521a,1970-01-01,0,Tech,1249.72,ESP,USA,0,1,1,1,0
sdv-id-fqvzOH,9db7284b-6965-41d1-ab7e-2e6426c0747e,1970-01-01,0,Travel,717.37,ESP,ESP,0,1,0,0,0
sdv-id-CihnoZ,372bb847-c712-423d-9595-212570db85f9,1970-01-01,0,Retail,2240.15,ESP,DEU,0,0,1,1,1
sdv-id-TSquEV,4598f3c8-af44-4605-b1a5-0a3dcebd3b2b,1970-01-01,5,Travel,335.32,ESP,RUS,1,0,1,0,1
sdv-id-QbQjIR,66d71d97-b193-48b8-ae49-c0799bd0d4c7,1970-01-01,4,Travel,1029.71,ESP,ARE,1,1,1,1,0
sdv-id-MYUOCW,55e5a023-4110-4336-9903-2fa5bba1c927,1970-01-01,0,Tech,775.12,ESP,ITA,1,0,0,0,1
sdv-id-JdBchZ,fe8544e1-c1b6-4800-a564-2b969624ba9d,1970-01-01,0,Travel,804.38,ESP,RUS,0,1,0,0,1
sdv-id-logYcw,2fd1843d-9207-4602-961c-d6742978868d,1970-01-01,0,Food,1856.32,ESP,USA,1,0,0,0,1
sdv-id-typevy,ad7eeff7-5660-4762-851b-986031e6a645,1970-01-01,0,Retail,1031.82,ESP,USA,1,1,1,0,1
sdv-id-gmwezz,9f40ce6a-07c4-48ba-b1f2-7f0fd1a9af91,1970-01-01,0,Tech,1697.73,ESP,FRA,1,1,0,1,0
sdv-id-PPEUaU,6be8c756-2d36-426c-827e-789cce40483b,1970-01-01,3,Food,915.85,ESP,ESP,1,0,1,1,0
sdv-id-yXynTN,4e1c3762-1c7c-46ed-8de5-5848b19c905e,1970-01-01,0,Food,1108.58,ESP,JPN,1,0,0,1,0
sdv-id-teepCi,154ebf91-daa2-42b4-ad69-e88c61a4b230,1970-01-01,0,Retail,1623.01,ESP,USA,0,0,0,0,1
sdv-id-TLgLGk,89131a4a-c5c6-4d8a-a022-7afc4ba82162,1970-01-01,0,Travel,747.75,ESP,ESP,0,0,0,1,0
sdv-id-HMnhkD,50d8ae13-5a66-4824-a021-6b00a43ccdd5,1970-01-01,2,Retail,349.57,ESP,DEU,1,0,0,1,0
sdv-id-NHnZCf,e2f7da51-4c40-4716-bcf8-fa8f71c01cb1,1970-01-01,2,Tech,2301.26,ESP,RUS,1,1,0,0,1
sdv-id-JIVSAM,43a38e86-f7f8-44cd-a018-a71bb5abf66e,1970-01-01,0,Food,422.05,ESP,USA,0,0,1,1,1
sdv-id-RHjsmH,b71a72c1-582c-497f-8eb4-762ed32b3c0d,1970-01-01,0,Travel,2141.94,ESP,DEU,1,0,0,0,1
sdv-id-vEYDdZ,6f90d9af-ca07-406e-93ae-0bce0cccf432,1970-01-01,1,Tech,1332.85,ESP,VNM,0,0,0,1,1
sdv-id-XZKGzg,7f695b97-e581-4601-84cd-c4e87225539d,1970-01-01,5,Food,1479.74,ESP,PRT,1,1,0,0,1
sdv-id-tZgIxg,41d0d034-abfb-4c17-8ad5-433ba84f1cf1,1970-01-01,1,Travel,104.26,ESP,IND,0,1,0,0,0
sdv-id-EnecYh,4b68d94d-40da-4c7d-af2b-dc13b2165b5a,1970-01-01,0,Gaming,2333.69,ESP,UKR,1,0,0,1,0
sdv-id-tvlQSO,3eb862c6-676c-469f-b8f9-1075a08145d2,1970-01-01,1,Food,891.83,ESP,BGD,0,1,1,0,1
sdv-id-duApTg,ceb7803e-c3fc-4c0e-95c2-c94db3fdc2b8,1970-01-01,0,Food,289.97,ESP,ARE,0,1,1,1,0
sdv-id-oZNYpb,bcbd6eeb-ceab-4f76-b776-f4e846f90964,1970-01-01,0,Travel,12.95,ESP,FRA,1,1,0,1,0
sdv-id-Jcjswm,7daae2b3-1a70-481a-8202-c418b6aedb91,1970-01-01,0,Travel,2263.08,ESP,NGA,1,1,0,0,0
sdv-id-eECMzE,ac2c96e7-79e9-490b-be1f-cad10e6884d6,1970-01-01,0,Retail,1556.72,ESP,CHN,1,1,0,0,1
sdv-id-XfYhXv,9ec620e0-e143-40ad-ad98-567ecb8fe981,1970-01-01,0,Retail,2000.17,ESP,UKR,0,1,1,1,0
sdv-id-QXgnLS,7590a2f6-b095-4247-af51-f151687862c4,1970-01-01,0,Gaming,674.51,ESP,PRT,0,0,1,0,1
sdv-id-ajEkJa,5b3292fd-1b7d-405e-9d0c-d4059084b6de,1970-01-01,1,Gaming,1912.46,ESP,BRA,0,1,1,0,0
sdv-id-GWfNYb,2a9527f6-f817-4ebf-ab6e-64c5bb8aa843,1970-01-01,0,Retail,2302.1,ESP,IND,1,0,0,1,0
sdv-id-cmadRq,e3164f25-e22f-4d1a-b6ec-f3f9735902cf,1970-01-01,0,Gaming,1188.38,ESP,DEU,0,1,0,0,1
sdv-id-gudYvP,d6788ff7-4cc3-47ef-8361-9cd3c9a90afc,1970-01-01,0,Food,1893.55,ESP,ESP,0,0,1,0,0
sdv-id-VBUpFv,adf792ff-e9c7-413a-8b5a-4d7791fda27f,1970-01-01,0,Gaming,1018.96,ESP,JPN,0,1,0,1,0
sdv-id-bDYWIP,689998d6-4e44-4af9-b106-c45a71f6aee9,1970-01-01,5,Tech,1333.58,ESP,ARE,0,0,0,1,0
sdv-id-wfErdq,1383883b-118f-4972-a396-fc578c76560f,1970-01-01,0,Gaming,1630.26,ESP,DEU,1,0,0,1,0
sdv-id-xUUdyJ,ed5f24c3-7fb9-4e49-8222-3c10f82f2dc3,1970-01-01,0,Tech,1450.14,ESP,VNM,1,1,1,1,0
sdv-id-NlhLXv,ffba331a-dbe8-43ef-8b47-88c1153fb118,1970-01-01,5,Gaming,1602.36,ESP,DEU,1,1,1,1,0
sdv-id-dvMZXz,5278db82-e928-4e9d-a53f-7bb62774e089,1970-01-01,0,Food,1961.38,ESP,ITA,0,0,0,0,1
sdv-id-aUUXpG,5c42952b-923c-4db6-91f0-a92322b2e0bd,1970-01-01,0,Travel,1997.52,ESP,RUS,0,0,0,1,0
sdv-id-lBAMCo,b1e03ca6-017b-43a5-9a28-55e361dfd243,1970-01-01,0,Retail,1707.14,ESP,PRT,0,1,0,0,1
sdv-id-LSqPZK,894a05e4-30b1-47ef-b10c-0c003fa7f104,1970-01-01,1,Food,1604.21,ESP,UKR,0,1,0,1,0
sdv-id-jasCZc,4ffca6b1-99b4-49d4-89a2-14aef7e8f8e5,1970-01-01,0,Retail,477.48,ESP,FRA,0,1,0,1,0
sdv-id-RvFQJg,7cc51149-6e97-481c-9726-869bc4c467de,1970-01-01,0,Tech,2278.18,ESP,UKR,1,0,1,0,1
sdv-id-drWCDb,e97e55d4-46b0-4ed1-82d4-705de1661e4d,1970-01-01,0,Retail,1764.68,ESP,PRT,1,1,1,0,1
sdv-id-HTBAZd,0e8fed60-d007-4d07-bffa-ea11b8469295,1970-01-01,5,Travel,2415.32,ESP,CHN,1,1,1,0,1
sdv-id-dPxdgK,113038f5-1d5d-4f65-b361-1134b01200ab,1970-01-01,0,Retail,2095.74,ESP,DEU,0,1,0,1,1
sdv-id-cfzsmh,564cfbd2-bc92-4d81-839b-058c2faabe0b,1970-01-01,0,Retail,41.22,ESP,IND,0,1,0,1,0
sdv-id-WoMreK,8c9bcaa6-07aa-440c-9762-0a6f6f24564d,1970-01-01,5,Tech,1043.98,ESP,JPN,0,0,0,1,0
sdv-id-vqmFVt,571b8409-544b-4325-92a9-e05019a36ee8,1970-01-01,2,Retail,2475.11,ESP,DEU,1,0,1,0,1
sdv-id-gewcsY,501ba851-5ee6-4495-b400-29c3ea11905b,1970-01-01,4,Food,2347.4,ESP,RUS,1,0,0,1,0
sdv-id-odFviL,bd03d33b-eee9-495e-a308-6e48e4e5b5b0,1970-01-01,0,Travel,933.43,ESP,DEU,0,1,1,1,0
sdv-id-IeaelO,904d0a50-6925-4881-b614-37f12a70ec30,1970-01-01,0,Gaming,1050.88,ESP,CHN,1,0,0,1,0
sdv-id-WkGMzL,991228be-d483-464a-a586-88744c3167b6,1970-01-01,2,Food,2246.64,ESP,BGD,0,0,1,1,0
sdv-id-BVIEeE,0d3069bf-ca66-48a8-9f96-048a453b37f5,1970-01-01,5,Travel,684.23,ESP,BGD,1,1,0,0,1
sdv-id-cgcGYn,55f3ad50-e2fb-4984-bab2-7bcea39c3bd5,1970-01-01,1,Gaming,1653.49,ESP,NGA,0,1,1,0,1
sdv-id-WSgdKO,a30c1e0e-69cd-4159-a53d-fc49f7410b94,1970-01-01,5,Travel,511.03,ESP,PRT,1,0,0,1,0
sdv-id-vziJmF,a4918bd2-e793-48c7-bc2d-29265b50f72b,1970-01-01,0,Travel,1035.93,ESP,FRA,1,0,1,0,0
sdv-id-zRlzrR,1802f730-e8ec-4834-9d09-cf19a079f65a,1970-01-01,1,Food,609.4,ESP,GBR,0,1,0,0,0
sdv-id-wvVLQc,b02e21aa-352b-4ec8-a90d-21cb7f111a36,1970-01-01,1,Tech,1085.21,ESP,ESP,1,0,0,1,0
sdv-id-itZOKW,a4d546e1-7239-4201-a768-7c42b3468999,1970-01-01,0,Tech,1030.95,ESP,ESP,1,1,1,1,0
sdv-id-Uwrjri,b3eda8f1-026b-4383-a301-ec030e5d8c6a,1970-01-01,0,Gaming,380.28,ESP,RUS,0,1,0,0,1
sdv-id-GyjqHU,f12c2046-1cdb-46cb-a9c3-d3719f688611,1970-01-01,0,Travel,2174.5,ESP,FRA,0,0,1,1,1
sdv-id-zhboRN,12aa48cf-f18c-4581-bc9b-3b84cb4addc6,1970-01-01,4,Tech,965.69,ESP,GBR,0,1,1,0,1
sdv-id-eIRRhZ,0be08870-ad40-4867-96c4-222e6bf82001,1970-01-01,3,Retail,34.61,ESP,JPN,0,0,1,1,0
sdv-id-SbcdnU,6dabedd3-e1de-4299-80bd-f93969721c75,1970-01-01,5,Retail,961.04,ESP,PRT,1,1,0,0,0
sdv-id-mJwbOn,ead217d1-cefd-4dee-8590-f851fb385671,1970-01-01,1,Tech,494.36,ESP,VNM,0,1,0,1,1
sdv-id-AeJMYg,11c70935-f032-46d8-ab2e-258eafc63d34,1970-01-01,0,Tech,2081.37,ESP,CHN,0,0,1,0,1
sdv-id-xpKFRb,e7a1550c-f4fd-4fd5-9574-70f1be010fe7,1970-01-01,0,Travel,657.13,ESP,ARE,1,1,0,0,0
sdv-id-qHxqSO,c2516191-df20-43a3-953a-01599cfee5c9,1970-01-01,0,Gaming,1404.12,ESP,BGD,0,0,0,1,0
sdv-id-kvhmds,3c83861e-ddf0-40a2-88ef-e82b1f3eea66,1970-01-01,0,Gaming,94.25,ESP,USA,1,0,1,1,1
sdv-id-Wyypuf,04a624f3-2318-40a3-8fab-07f40022994c,1970-01-01,0,Food,1423.43,ESP,GBR,1,0,0,1,0
sdv-id-jdYUop,6ced484e-acde-4588-ae92-0236b1ddecb7,1970-01-01,0,Tech,859.34,ESP,ARE,1,0,1,1,0
sdv-id-RvAPNG,e4ba28fc-9b50-4366-8da3-b59e633b35fd,1970-01-01,0,Travel,1455.81,ESP,PRT,0,0,0,1,1
sdv-id-blGAut,71203b7a-1dcc-4f24-ba71-ce7b3248f699,1970-01-01,0,Gaming,1367.47,ESP,PRT,1,1,1,1,1
sdv-id-XlQwCD,43ef2016-2c9b-462e-840a-3aae52e2afd9,1970-01-01,0,Retail,1367.62,ESP,NGA,0,0,1,1,1
sdv-id-WjrgQK,69498671-7e55-43ba-a8a2-f417379e03dd,1970-01-01,0,Gaming,2383.03,ESP,GBR,0,1,1,0,1
sdv-id-kQsuWM,630915e1-8bf6-488b-92dd-332d0f0cd977,1970-01-01,1,Retail,1854.78,ESP,VNM,0,1,1,0,1
sdv-id-VlltTV,91be48c3-2329-4406-9bac-0279a66b3d83,1970-01-01,1,Gaming,617.92,ESP,ARE,0,0,0,1,0
sdv-id-VcsxZS,74c0db3e-666a-4a82-a9cf-4c70e75641e0,1970-01-01,0,Tech,804.98,ESP,NGA,0,0,0,1,0
sdv-id-HpYpLm,e9b87e7a-a078-4a1f-b0d3-b5f768a69e71,1970-01-01,0,Retail,1197.84,ESP,GBR,1,0,0,0,1
sdv-id-QtXqzV,de1f1619-467b-49e5-b7e8-b762bb7eb979,1970-01-01,0,Tech,2241.79,ESP,RUS,1,0,0,0,1
sdv-id-PgPbgu,fe4db9ea-6364-44e8-a3b0-e3da845eaab9,1970-01-01,1,Travel,1856.95,ESP,PRT,0,0,1,0,0
sdv-id-mCFcdG,2d6c18d0-74c0-4ea3-b7a6-3ca5b08c147d,1970-01-01,0,Gaming,2352.87,ESP,IND,0,0,0,0,1
sdv-id-VkmmTJ,bfd096b4-2c85-4b3f-b126-36bba455ea22,1970-01-01,0,Tech,418.52,ESP,ITA,1,0,1,0,1
sdv-id-LCQXGk,7b189d5d-9b24-4a55-8fe8-8b776009a05a,1970-01-01,5,Tech,716.61,ESP,BGD,1,0,1,1,0
sdv-id-vtgqJT,e8cdea8a-7710-499d-99bd-fac90d993ab9,1970-01-01,0,Food,2036.77,ESP,VNM,1,1,1,1,0
sdv-id-gPIppQ,753840d9-87ea-49f2-9e85-95360c11c74d,1970-01-01,0,Travel,1434.54,ESP,JPN,0,1,1,0,0
sdv-id-rwtZHo,f0029577-e4f3-44d5-b6f3-1d0290cafac3,1970-01-01,0,Retail,1860.31,ESP,BGD,1,1,0,0,1
sdv-id-OKlWbj,df865633-ab7a-4b66-b4ac-c7e2fa575cea,1970-01-01,1,Travel,2012.63,ESP,ESP,1,1,0,0,1
sdv-id-VcZXEw,6c092d0a-9f4f-4355-baa6-961c20e4dbfe,1970-01-01,0,Tech,1647.38,ESP,ITA,0,1,0,1,1
sdv-id-lONNSd,b4d713fb-d5b7-4c6e-9c13-1f79114e16d5,1970-01-01,1,Travel,411.39,ESP,CHN,1,0,1,1,0
sdv-id-MClmGP,56c76990-7401-43c1-8155-aa51bca2c581,1970-01-01,0,Tech,1837.99,ESP,BRA,1,0,0,0,0
sdv-id-fheGUW,ca6c57e0-161e-4df6-a23e-12f0b3af11a9,1970-01-01,0,Tech,1237.17,ESP,NGA,1,0,1,0,1
sdv-id-PjcqHD,25dbbe8d-a534-4425-aa69-b7f7b28d7cb8,1970-01-01,1,Retail,1913.16,ESP,USA,1,0,1,0,1
sdv-id-DkRgTs,22f50db1-6563-47d9-904a-3a7335bc040f,1970-01-01,0,Tech,947.19,ESP,ITA,0,1,0,1,0
sdv-id-PNRwIG,eacb1f6d-7549-49f9-850a-48d446b518de,1970-01-01,0,Travel,456.1,ESP,ITA,1,0,0,0,0
sdv-id-nLISeb,e05f8184-c115-4e8e-9586-768274dfb5ce,1970-01-01,0,Travel,654.13,ESP,NGA,1,0,0,1,0
sdv-id-Jrjvra,503b4078-a39c-4ec6-b746-4c02871854c1,1970-01-01,0,Retail,2280.76,ESP,FRA,1,1,1,1,0
sdv-id-tKnCvQ,e119e331-0538-4bfd-81fd-1281861c2a6f,1970-01-01,0,Tech,889.46,ESP,VNM,0,0,1,1,0
sdv-id-NKixEW,48924bd6-e399-40dd-8e1f-39bee4edc295,1970-01-01,0,Gaming,1497.74,ESP,ESP,0,0,1,1,0
sdv-id-EwZMSB,edc78d7b-a63f-49b5-878c-7f1d2e659eb1,1970-01-01,0,Tech,2436.54,ESP,DEU,1,0,0,1,0
sdv-id-lGatcQ,30a04e0b-3a4d-4f57-8715-5ad38ca0cd2a,1970-01-01,0,Tech,914.71,ESP,CHN,1,0,0,0,1
sdv-id-zZpymQ,c47d336f-2e8f-4f7f-a0a6-2edffea95b73,1970-01-01,1,Gaming,1350.15,ESP,JPN,1,1,0,0,1
sdv-id-GwrAJX,eac80da1-de9f-4f5b-b2d3-545861ea2f30,1970-01-01,0,Food,1016.72,ESP,BGD,0,0,0,1,0
sdv-id-KLqMXA,503ba8c3-ce83-4e27-85ef-d6701f4d88ce,1970-01-01,0,Food,1414.83,ESP,PRT,0,0,0,0,1
sdv-id-EjHjlt,31dae817-4937-490f-84a5-b18bcdcd0a34,1970-01-01,1,Gaming,1363.39,ESP,CHN,1,1,0,1,0
sdv-id-yBDgKY,37196a50-02e7-4683-8cf2-7f33e6371a1b,1970-01-01,0,Retail,2023.83,ESP,JPN,1,0,1,0,0
sdv-id-VsanWM,624f88a5-16a0-4b2c-9ddc-a90ae7215e6c,1970-01-01,0,Retail,553.74,ESP,USA,0,1,0,0,0
sdv-id-mIixXo,1e46c88e-2bc0-40e4-b700-942853a0730b,1970-01-01,1,Tech,218.16,ESP,GBR,1,1,0,0,1
sdv-id-QEaYUy,3cd7e0ea-bf81-4a17-a905-8f29731da6ec,1970-01-01,0,Food,1139.07,ESP,ITA,1,0,0,1,0
sdv-id-LWLhlD,5713412e-8bce-4a58-9290-a83a2bef4363,1970-01-01,0,Gaming,30.01,ESP,CHN,1,1,1,0,0
sdv-id-PUnuPN,cbb18c79-1036-408d-99a0-90075bb47c18,1970-01-01,1,Retail,1629.55,ESP,IND,1,0,1,0,1
sdv-id-xkuuvc,430493f0-d7c7-43b7-ad13-68f305808066,1970-01-01,0,Travel,183.62,ESP,UKR,0,0,0,0,0
sdv-id-GFvOAn,50d346e8-0e8f-43d4-99ab-20849fd0f410,1970-01-01,0,Food,189.73,ESP,GBR,0,0,1,0,1
sdv-id-dVpfsR,4258828b-a23e-489b-8367-70b21a3a1233,1970-01-01,0,Tech,390.83,ESP,JPN,1,0,1,1,0
sdv-id-MfRQvg,e581c1bc-6843-4e98-94d1-44d518ede297,1970-01-01,0,Food,676.3,ESP,NGA,1,1,1,0,1
sdv-id-CDAVVe,471994c9-3d3a-49ab-833c-518f52eddbdb,1970-01-01,4,Tech,893.88,ESP,UKR,0,0,1,1,0
sdv-id-MtISDW,d8485a54-531c-4812-bf31-950afdd084a1,1970-01-01,0,Gaming,2086.55,ESP,FRA,1,1,0,0,1
sdv-id-iOmKba,3649f585-6e75-4e7a-9abb-b78f1585665d,1970-01-01,0,Food,1839.87,ESP,BRA,0,1,0,1,0
sdv-id-cDgRRu,22d00779-724d-4c00-882b-bc6fb8bf6903,1970-01-01,0,Travel,1913.38,ESP,GBR,1,1,0,1,0
sdv-id-ObyBOv,7d06cba8-9aff-4070-a2f0-00fdea324e73,1970-01-01,0,Food,2017.05,ESP,NGA,1,0,1,1,1
sdv-id-UxVahR,a3a868d7-86a5-4845-9eef-79951f884ed9,1970-01-01,1,Tech,2116.04,ESP,IND,1,0,0,0,1
sdv-id-EXjzIY,33ca9a6b-ccd3-4f7c-af1d-cfb88a962a11,1970-01-01,0,Retail,1236.38,ESP,CHN,0,1,0,0,1
sdv-id-uiRjqK,92dae5a7-bc11-433c-82bb-c9159fc9953a,1970-01-01,0,Retail,1398.39,ESP,BRA,0,0,1,0,1
sdv-id-kKYkgb,21da5db1-5ef3-41c2-abd7-d3f1650ad9aa,1970-01-01,0,Tech,91.83,ESP,DEU,0,1,1,1,1
sdv-id-SAGKBp,4d3485c5-c5c1-4eb4-b27b-3d901a16342c,1970-01-01,0,Retail,1294.32,ESP,CHN,1,1,0,0,1
sdv-id-htAoVl,42d22c74-08ea-4671-bb0c-036bd23f144f,1970-01-01,4,Gaming,2324.25,ESP,GBR,0,1,1,0,1
sdv-id-UnjGGz,cb68a34e-ca1f-4ff2-a823-442c9a87e357,1970-01-01,0,Food,1542.59,ESP,ITA,0,1,0,0,1
sdv-id-vFlKDt,11730df2-2956-42c6-8bac-fa4aef1e4acf,1970-01-01,0,Retail,1028.09,ESP,JPN,1,0,0,1,0
sdv-id-JoIcco,a4c487d5-5b46-4364-816d-ea2630890e76,1970-01-01,2,Food,1306.23,ESP,PRT,0,1,1,0,1
sdv-id-nhXVTW,cfd92fcf-0757-48ff-af2a-3540c5495a63,1970-01-01,0,Tech,1163.71,ESP,RUS,1,0,1,1,1
sdv-id-bZDQdt,18bc2e3b-20f6-48d8-9436-9f5d89cc6b08,1970-01-01,0,Retail,2402.64,ESP,DEU,0,0,1,0,1
sdv-id-eVCJPg,2ace1aa9-1032-46b3-a55b-fc1c7e3d5ee4,1970-01-01,0,Retail,1654.69,ESP,ARE,0,0,0,0,1
sdv-id-OiTIaP,6420b22a-cae9-450b-9693-ffd8bc6232e3,1970-01-01,0,Tech,2181.24,ESP,PRT,0,1,0,1,0
sdv-id-OgSAfz,64ab851b-f1fa-46e7-970d-750705eee1d4,1970-01-01,1,Tech,1155.3,ESP,RUS,1,0,1,1,0
sdv-id-tSVIjK,fcce5213-6789-4d92-b33c-4c369a690cad,1970-01-01,0,Food,1893.73,ESP,GBR,1,1,1,0,1
sdv-id-KusCPK,db2c9f5b-bdcd-40a9-8fc2-ae2d4bf2cc01,1970-01-01,2,Tech,1035.43,ESP,ARE,1,1,1,1,0
sdv-id-TtgfTO,e3068822-901f-4323-82c1-21844ae352b6,1970-01-01,0,Gaming,1250.9,ESP,ARE,0,1,1,0,1
sdv-id-lOLGsa,86f73047-c0bd-4eaf-bcce-4fb6fd97a595,1970-01-01,0,Gaming,43.74,ESP,VNM,0,0,0,0,0
sdv-id-fvLJYn,6d61c2b7-db31-4c10-b9c2-d65b6c5aaa25,1970-01-01,0,Tech,1930.92,ESP,PRT,1,1,1,0,1
sdv-id-FUxbvy,610faa3f-f0bb-4c67-aa38-d0a16ba25efe,1970-01-01,1,Travel,1211.4,ESP,ITA,1,1,0,0,1
sdv-id-tvTPyO,7394988f-847f-49b4-a64d-1bcb702753a1,1970-01-01,0,Retail,2099.78,ESP,PRT,0,1,0,1,0
sdv-id-gVlVXV,46556f9a-7692-4681-ae65-4dcc8087d4bc,1970-01-01,0,Food,1579.79,ESP,RUS,0,0,0,1,0
sdv-id-nTHIcA,62f32fae-a63f-4f12-a226-a768de0e9c53,1970-01-01,0,Retail,1578.77,ESP,UKR,0,1,1,0,0
sdv-id-nTioKV,816a47ad-35c8-4998-8cc8-1670d3a779d3,1970-01-01,0,Gaming,1921.97,ESP,RUS,1,1,1,0,1
sdv-id-YReVRR,71f9b0e2-d270-4a52-98ff-d8ad8e1a3a51,1970-01-01,0,Travel,2266.67,ESP,BGD,0,1,0,1,1
sdv-id-OgEdFr,cb68a34e-ca1f-4ff2-a823-442c9a87e357,1970-01-01,3,Retail,67.58,ESP,PRT,0,0,1,0,1
sdv-id-LZPStV,2a3c6137-e486-43dd-af8e-f978502171bd,1970-01-01,3,Travel,1891.98,ESP,GBR,1,1,1,0,0
sdv-id-tlrwrp,5e244824-a5cb-4c6e-b5a4-c55bb4629214,1970-01-01,0,Retail,858.9,ESP,BRA,0,1,0,1,0
sdv-id-FjEFFg,6a0e99b2-1c94-45c6-89ed-4d64b984933d,1970-01-01,2,Travel,674.38,ESP,PRT,0,0,1,1,0
sdv-id-SLWUJa,3429ce3b-8931-4697-a4ab-a2a0b1cbc263,1970-01-01,0,Food,969.47,ESP,FRA,0,1,1,0,1
sdv-id-GYNRhO,537356f2-cc9f-47d4-9da0-b6add3bb447f,1970-01-01,3,Retail,1124.57,ESP,IND,0,0,1,0,0
sdv-id-EzWyVc,4bed523c-085f-44d1-87ea-651b5539562b,1970-01-01,1,Gaming,364.18,ESP,PRT,1,0,0,1,0
sdv-id-uFGgxW,83117efc-b0b4-474e-8d72-441d07099bf8,1970-01-01,0,Travel,143.55,ESP,UKR,1,0,0,0,1
sdv-id-lKUElx,95935df6-c6c2-46af-8aff-e799617d7629,1970-01-01,4,Travel,792.95,ESP,BRA,0,0,1,0,0
sdv-id-ESBttE,851b5f38-c069-4f1d-a93c-94131396a289,1970-01-01,0,Gaming,825.44,ESP,VNM,0,0,0,1,0
sdv-id-tJUjJc,e1f217be-39f9-4c64-8684-833e19dd3b90,1970-01-01,0,Travel,2304.79,ESP,ESP,0,0,0,1,1
sdv-id-evvzWw,114be8ca-5941-4ea3-8c2b-678e1f50e1aa,1970-01-01,0,Travel,2008.41,ESP,ARE,1,1,1,1,1
sdv-id-xjpWwT,8381863c-fb0c-485d-a886-68a4e0f99296,1970-01-01,3,Tech,2085.14,ESP,JPN,0,1,0,1,1
sdv-id-UlRQPc,0763fcd0-1f15-47b6-bc16-128db2c08394,1970-01-01,0,Travel,829.68,ESP,ARE,1,0,0,1,0
sdv-id-CjKJWn,4c4b52aa-0ef9-4903-b69a-deac06f4b0ee,1970-01-01,0,Travel,1250.19,ESP,FRA,1,1,1,0,1
sdv-id-ggbpzC,70c23600-2554-4c1a-9f88-dda37134ae6e,1970-01-01,4,Food,1912.43,ESP,USA,0,0,0,1,0
sdv-id-VVioNK,3fb860cb-e8da-44dc-8ecb-e1f1f6551ac6,1970-01-01,0,Gaming,66.71,ESP,FRA,1,1,0,1,0
sdv-id-nZuEhI,fcc6713a-7cbe-48bc-875b-ce8c47054796,1970-01-01,0,Retail,2176.21,ESP,ITA,1,1,0,1,0
sdv-id-KvBAHI,e789ff69-a7a5-4a11-8784-781d20061fdb,1970-01-01,5,Gaming,225.53,ESP,CHN,1,0,0,1,0
sdv-id-ozwYRc,e8e4c8de-ddd9-4c67-9ac5-169df15b854e,1970-01-01,0,Food,1538.57,ESP,BGD,1,1,1,1,1
sdv-id-BLEShW,9bb2e446-ed59-4398-b649-ff09175991ea,1970-01-01,0,Retail,240.79,ESP,UKR,1,1,1,1,0
sdv-id-vvYeXj,e73e2bc5-7882-4064-876c-108d214c87b1,1970-01-01,1,Travel,1597.81,ESP,ARE,1,1,1,0,1
sdv-id-HDRrFl,d85195ac-d3aa-4b27-90f3-2ab5df586eff,1970-01-01,1,Tech,904.1,ESP,RUS,0,1,1,1,0
sdv-id-NtsXru,6bb1f2bc-85a4-40cb-ae76-936aa6340d1a,1970-01-01,0,Retail,1856.93,ESP,GBR,1,0,1,0,1
sdv-id-WbfaoO,0c5921f8-050d-4bfe-960b-f603a750350e,1970-01-01,3,Food,123.33,ESP,BGD,0,1,1,1,0
sdv-id-AfKmHD,ba05dd0f-a966-4a5a-aecf-1ed21861c9f3,1970-01-01,0,Gaming,2210.7,ESP,PRT,0,0,1,1,0
sdv-id-JgxyuQ,fe60afde-4200-41aa-bc82-6fbe395e54f0,1970-01-01,0,Travel,612.47,ESP,IND,1,1,0,0,1
sdv-id-hpbitv,c8a738ab-0df8-4e12-a56b-61e04ba8a4ca,1970-01-01,0,Gaming,1181.65,ESP,NGA,0,0,0,1,0
sdv-id-WKprhI,4eb9047d-ba2a-43d9-bcf2-fc3bd95874c2,1970-01-01,0,Retail,1703.23,ESP,RUS,0,1,0,1,0
sdv-id-NtLgUz,e4602d31-4e9f-47a7-96d4-fdfff2602a26,1970-01-01,0,Tech,1012.71,ESP,ITA,1,1,0,1,0
sdv-id-nsooFd,345e2eaf-c1fd-4581-b3ec-e6b1fcfd8547,1970-01-01,0,Travel,1362.37,ESP,CHN,1,1,1,1,0
sdv-id-Nfdqwp,bbeb914b-1156-46bb-b0e3-9ecb77ec1430,1970-01-01,3,Travel,454.58,ESP,ESP,1,1,0,1,1
sdv-id-cPdSDH,e2d4c43c-de0a-4e83-bba8-6e1e34a148ba,1970-01-01,0,Tech,2260.81,ESP,BGD,0,0,1,0,1
sdv-id-NrlCZr,eafd3e7b-fa5d-4d40-ad71-1fe9649a0bf9,1970-01-01,0,Travel,2054.65,ESP,IND,1,1,0,1,0
sdv-id-jnSgQr,d56f0350-8c45-4ce2-a7f4-8ad54d0b0d1a,1970-01-01,0,Tech,381.4,ESP,UKR,0,0,1,1,0
sdv-id-Elomzr,df301cb5-c8c5-44fa-8879-4a56a7954d2b,1970-01-01,0,Travel,1562.07,ESP,VNM,1,0,0,1,0
sdv-id-GkLAcF,2ea4790b-fdd0-4c32-b405-e657d1a37650,1970-01-01,0,Retail,2426.73,ESP,FRA,0,0,1,0,1
sdv-id-SPUwID,e79e9573-e33d-42e9-8a9d-0590b36a7314,1970-01-01,0,Retail,1317.84,ESP,IND,1,1,0,0,1
sdv-id-CLDyOa,648e85eb-d1c1-42db-a82a-113285eb4279,1970-01-01,0,Food,244.75,ESP,VNM,1,1,0,0,1
sdv-id-nPKcNn,022f8a47-04d4-45db-a3d3-997fd4066625,1970-01-01,0,Travel,917.05,ESP,RUS,0,0,0,1,0
sdv-id-EDxyZH,a2f445e8-5563-4bf4-850f-5739e227d70e,1970-01-01,0,Retail,1640.34,ESP,ITA,0,1,0,1,0
sdv-id-syuGGE,e58e1370-2078-4fea-9793-a319b0a6b1c9,1970-01-01,0,Gaming,2419.37,ESP,GBR,0,1,0,0,1
sdv-id-AxAyzs,2bf14f70-a684-4cf3-a1f2-57f24e3dc31a,1970-01-01,0,Retail,574.91,ESP,ITA,0,1,1,0,0
sdv-id-OaSZWz,436d977b-6431-4bbe-8e44-c9dc81b61c87,1970-01-01,1,Retail,2303.69,ESP,BRA,1,0,0,1,0
sdv-id-VWldaM,fdebd029-7852-48de-9d50-f7e7d8fd8386,1970-01-01,0,Tech,1505.79,ESP,GBR,1,1,0,0,1
sdv-id-WZlAeA,30accfda-7f05-4b10-8735-2231a4695757,1970-01-01,2,Retail,674.54,ESP,BRA,1,1,1,1,0
sdv-id-sFxbjI,424c330b-9e02-4261-8ae5-7ceaefd5d562,1970-01-01,0,Gaming,1782.67,ESP,ARE,0,1,1,0,1
sdv-id-ldWiaI,3e5f7e23-704c-49e2-aa3d-d7698dac210d,1970-01-01,0,Food,1036.51,ESP,JPN,1,0,0,0,0
sdv-id-NoUdXk,af5db99c-85f3-4b12-8a4a-5612243a7f53,1970-01-01,0,Gaming,1840.73,ESP,FRA,1,0,1,1,0
sdv-id-bpMmel,da2a4996-aaef-4529-81aa-db8000401b20,1970-01-01,0,Food,2231.4,ESP,CHN,0,1,0,1,0
sdv-id-splKFj,4d9dbaeb-553d-4625-a833-4da5de95d695,1970-01-01,0,Travel,1027.39,ESP,BGD,0,0,0,1,1
sdv-id-xjPCqD,8eed7ac9-76f3-46e1-ba33-3fa4fed1aaf9,1970-01-01,0,Travel,716.82,ESP,PRT,0,1,0,0,0
sdv-id-OiWBCB,db30ddad-ab02-4104-98b4-7298a9caa03d,1970-01-01,0,Food,832.58,ESP,GBR,0,0,0,1,0
sdv-id-zAUCFs,4aec4d62-f30f-45b6-b828-072570e98f08,1970-01-01,0,Travel,2173.46,ESP,BGD,1,0,1,1,0
sdv-id-aktwiH,8b2e1eb3-b523-41f3-9e3b-c735071f1a27,1970-01-01,1,Tech,2039.0,ESP,UKR,0,0,1,0,1
sdv-id-wZhNio,6d0473e7-8adf-4e46-9403-fd025a2a83bd,1970-01-01,1,Travel,1981.37,ESP,ARE,1,1,0,0,1
sdv-id-qDIIrR,8ba17407-2663-4334-b4a1-7f7a709240bc,1970-01-01,0,Retail,2475.93,ESP,UKR,0,0,0,0,1
sdv-id-bjspeg,0822e8f3-6c03-4199-972a-846916419f82,1970-01-01,0,Travel,14.38,ESP,GBR,0,1,1,0,0
sdv-id-jkbwvp,4552d0d2-f2ef-480a-be0f-d9ecc7074546,1970-01-01,0,Gaming,853.52,ESP,UKR,1,0,0,0,1
sdv-id-ocKBSD,e0bd6044-2e18-422b-b44f-5031a82d4879,1970-01-01,5,Tech,456.32,ESP,RUS,1,0,1,0,1
sdv-id-zyCdWR,ea74bb87-24f4-4c35-bec5-9e551b98d67e,1970-01-01,0,Gaming,2082.16,ESP,ESP,1,0,0,1,0
sdv-id-LouWsf,d1f379b1-8ebb-4208-a0ee-404f9ea8fcb1,1970-01-01,0,Travel,2095.52,ESP,IND,1,0,0,1,0
sdv-id-nJGRQQ,c33a8761-618f-478a-a66b-4b6db9ec28ff,1970-01-01,0,Tech,1159.93,ESP,RUS,0,1,0,1,0
sdv-id-LRsmwM,52a80809-20d1-4fc0-81c1-aee2e7235658,1970-01-01,0,Retail,334.8,ESP,FRA,0,1,0,1,0
sdv-id-UdPdIp,f68ae9b7-9b3a-41d1-b9ee-80ab46c937e0,1970-01-01,0,Retail,1973.87,ESP,VNM,0,1,0,1,0
sdv-id-IiooSv,076979d6-4477-4442-b187-53e6d4578ad9,1970-01-01,0,Food,353.21,ESP,JPN,0,1,1,0,1
sdv-id-LvbtwP,d385d453-c7ea-4fd1-bf4f-38081a9d7acc,1970-01-01,0,Food,2364.9,ESP,CHN,1,0,0,0,0
sdv-id-LgFUYN,7b4e9ecd-de07-47b1-b8ae-8d5dfe268e77,1970-01-01,5,Food,730.81,ESP,ESP,1,1,0,0,0
sdv-id-WKbGCa,b9def348-4ea7-4fb3-8dbb-d8ed4ebed7c3,1970-01-01,0,Gaming,570.65,ESP,NGA,0,1,0,0,1
sdv-id-jAYXAd,9cbf7b8c-7410-4d5d-9db1-4bfc6f3a5115,1970-01-01,0,Food,953.73,ESP,BGD,0,0,1,0,1
sdv-id-IAEffe,4362262d-e07e-4721-a71d-6ba3486dce57,1970-01-01,3,Tech,1066.35,ESP,RUS,1,0,0,1,0
sdv-id-NMYJEP,9a760ea9-b063-49a0-9393-daad0835075f,1970-01-01,0,Tech,1568.92,ESP,ARE,1,1,1,0,1
sdv-id-EepVwG,11087e17-0b16-465d-8f3f-329b55cc7625,1970-01-01,4,Tech,1473.04,ESP,IND,1,1,1,1,1
sdv-id-UfkLTK,fa781472-9c49-43a4-90c9-e728c66c2104,1970-01-01,0,Retail,1466.92,ESP,RUS,1,0,1,0,1
sdv-id-PSpxAj,30e4541b-f07c-4ca7-abac-d8e1ff7661bb,1970-01-01,0,Travel,825.66,ESP,IND,1,1,0,1,0
sdv-id-nMMLKM,ccc42903-8bcf-43a1-bc10-fa52bf5d2fdf,1970-01-01,0,Gaming,16.56,ESP,GBR,0,0,1,1,0
sdv-id-sOaTUz,66ba7e51-21de-4360-9ed6-8b713ab8ec3f,1970-01-01,0,Tech,1847.96,ESP,RUS,0,1,1,1,0
sdv-id-GrpPYl,6f90d9af-ca07-406e-93ae-0bce0cccf432,1970-01-01,5,Travel,1186.41,ESP,BGD,1,0,1,1,0
sdv-id-EJoBAz,0de5fd7b-dcec-4307-b9e2-4cc0ca63d3d0,1970-01-01,0,Retail,36.19,ESP,VNM,0,0,1,1,0
sdv-id-QHBuVx,b7eb1786-70f7-4d82-8c6e-f4cdf9d65e8e,1970-01-01,0,Food,849.0,ESP,ARE,0,0,0,0,1
sdv-id-soSyeX,c5b9cf38-0459-4e16-bfad-7df2c95995ec,1970-01-01,0,Retail,1815.39,ESP,PRT,0,0,1,0,1
sdv-id-YXPMsP,d220f704-0da1-44c5-b0ca-6f70cb3ffc4f,1970-01-01,1,Tech,1663.55,ESP,BGD,0,0,0,0,1
sdv-id-TbDpga,0c06df90-aa1c-4023-b164-423549a2afde,1970-01-01,0,Travel,1308.87,ESP,BRA,0,0,0,1,0
sdv-id-cTFxoP,8c57a277-01d9-49b4-8bf8-f29e3b30ee97,1970-01-01,0,Gaming,944.52,ESP,IND,0,0,0,0,0
sdv-id-RcEqwy,c3528ba4-3f0e-424b-99fc-8579acd32f62,1970-01-01,0,Tech,126.71,ESP,PRT,1,0,1,1,0
sdv-id-qDTccS,6f96bbff-dbc6-4c37-a442-20c64b0c100c,1970-01-01,0,Food,425.15,ESP,BGD,1,1,0,1,0
sdv-id-GKodmC,9dca3488-8459-441e-8861-972e57a82eef,1970-01-01,0,Travel,506.89,ESP,DEU,0,1,1,1,0
sdv-id-FgjBYx,c2045288-3bde-4b66-b01c-3f0c9b43324c,1970-01-01,0,Food,1680.19,ESP,BRA,1,1,1,1,0
sdv-id-MGjSae,a75d0978-3856-4675-a4f8-2a96b99530cf,1970-01-01,0,Travel,1159.12,ESP,IND,1,0,1,1,0
sdv-id-hKVELp,dcb9d394-e8ac-44c4-b6b9-824010416cbc,1970-01-01,0,Retail,1006.38,ESP,PRT,0,1,0,0,1
sdv-id-LZkyxt,6b44312a-a565-4d41-a8d1-41dbc94bcc99,1970-01-01,0,Tech,1478.45,ESP,ESP,0,1,0,1,0
sdv-id-DaamAk,c8dfd1f1-14d7-4283-ba30-3cce359097e0,1970-01-01,0,Travel,1055.5,ESP,NGA,0,1,0,0,1
sdv-id-fsqoCd,35624347-6b71-4b34-bc92-3cab2488a330,1970-01-01,2,Retail,824.52,ESP,FRA,1,1,1,0,1
sdv-id-EiSmIo,20770cc9-4e38-4d81-8b43-0603c88fa1b8,1970-01-01,2,Tech,503.81,ESP,BRA,0,0,1,1,1
sdv-id-RXeYpB,87c5577f-d091-4dcd-b5c0-b4909361b11d,1970-01-01,0,Retail,735.57,ESP,PRT,1,1,1,0,1
sdv-id-XqCsvQ,086c030f-f0fd-4ea9-82c2-7f97af6c9a31,1970-01-01,0,Tech,325.46,ESP,USA,0,0,1,0,1
sdv-id-LCtOpU,57cb9e5b-0337-4b0b-8ec2-9e07ee0c2303,1970-01-01,0,Retail,1378.32,ESP,IND,0,1,0,1,0
sdv-id-OHnQos,ec95ccf1-a679-4ab0-b129-e2f6e06ca678,1970-01-01,0,Food,2183.68,ESP,ARE,0,1,0,0,1
sdv-id-pOxNXN,6b2e9570-2767-433c-8fd5-8d211eb830f6,1970-01-01,0,Gaming,2216.91,ESP,BRA,1,1,1,1,0
sdv-id-MUQjOe,0c5921f8-050d-4bfe-960b-f603a750350e,1970-01-01,4,Tech,610.62,ESP,USA,0,1,0,0,1
sdv-id-DgYtwD,0c35bf2d-ec4f-4141-a26c-d59aec3e83c3,1970-01-01,0,Retail,1059.14,ESP,NGA,1,1,1,1,0
sdv-id-waooOq,ceb7803e-c3fc-4c0e-95c2-c94db3fdc2b8,1970-01-01,5,Food,1235.57,ESP,FRA,0,1,0,1,1
sdv-id-MuyLsU,0244e4d7-5ac2-4176-a6ed-ef302fa80808,1970-01-01,0,Food,1982.37,ESP,PRT,0,0,0,0,1
sdv-id-oHZxXH,4c80d6c6-11b1-44fc-8f65-4132a9f42e23,1970-01-01,2,Gaming,1592.44,ESP,PRT,1,1,0,0,1
sdv-id-LaREnh,322570ff-20ba-4b3f-8f0f-7109fddbeb80,1970-01-01,1,Tech,679.51,ESP,ITA,0,0,0,0,1
sdv-id-eebYFB,f2b074a3-31d1-4ea8-9181-c8a230e31645,1970-01-01,0,Retail,482.07,ESP,USA,1,0,1,1,1
sdv-id-btXHVM,f798e193-881d-4168-92ee-5de5da860c3a,1970-01-01,0,Tech,2212.52,ESP,FRA,0,1,0,0,0
sdv-id-RxiHuA,2c239586-195b-4525-b6d0-bb417a8e55a9,1970-01-01,0,Gaming,54.26,ESP,DEU,0,0,0,1,0
sdv-id-boxZyP,f9adde7d-0b3d-48ad-9c23-0306c3f9f409,1970-01-01,2,Retail,760.82,ESP,GBR,0,0,0,1,1
sdv-id-rQUvzf,2812859a-1337-439e-8d4f-5d272c7f0b79,1970-01-01,0,Travel,268.17,ESP,JPN,0,1,1,1,0
sdv-id-qawGeI,b33aa6b9-7a23-4f3c-81f6-028b4a0efbe5,1970-01-01,4,Travel,920.94,ESP,ARE,0,0,1,1,0
sdv-id-lOsBJC,3e83b91f-2544-4fe0-ae41-7d475ff595ea,1970-01-01,0,Tech,36.0,ESP,NGA,1,0,1,1,0
sdv-id-FFOOqq,74533044-2e07-436d-9f8d-367d6cfaf2dd,1970-01-01,0,Gaming,839.86,ESP,VNM,1,0,0,1,1
sdv-id-VKaFPN,7d2b8714-8de0-452a-82d0-af1f43eb756f,1970-01-01,0,Retail,1944.09,ESP,FRA,1,1,1,0,1
sdv-id-FdhLru,6522e8b9-8aad-4665-af30-141d3505c563,1970-01-01,0,Food,287.2,ESP,DEU,1,0,0,1,0
sdv-id-XYxoMO,31a9b14c-7f49-40d9-9cc8-1f380c71aae2,1970-01-01,0,Travel,264.21,ESP,FRA,0,1,0,1,0
sdv-id-bndxwd,2c8296ea-4482-4bb7-b17d-db7c6ded13fe,1970-01-01,0,Food,780.94,ESP,CHN,1,0,1,1,1
sdv-id-nmBwGD,5bcc7bfb-40e6-4eed-a414-f2c5d9743ff0,1970-01-01,0,Travel,1301.27,ESP,BRA,0,0,1,0,1
sdv-id-WeCGJd,e78e4df0-955c-41d2-90c4-9c2be8c451fc,1970-01-01,0,Retail,1118.33,ESP,ITA,0,0,1,0,1
sdv-id-yMOUFd,c7c432a0-c3af-4d93-8047-6d80532bd70a,1970-01-01,0,Gaming,990.7,ESP,USA,0,0,0,1,0
sdv-id-yDHasl,87ad8b26-8eaa-4841-aaa0-426df7c0d5f7,1970-01-01,0,Retail,704.91,ESP,JPN,1,1,1,0,0
sdv-id-fYbPYp,dde17cd3-e8f7-44ca-89a6-9acc9f3f4d91,1970-01-01,0,Food,1041.37,ESP,CHN,0,1,0,0,1
sdv-id-nQJgAJ,be7a38c6-bc8e-4e55-9b97-151da89e4fa6,1970-01-01,2,Gaming,793.36,ESP,IND,0,0,0,1,0
sdv-id-xDBrip,23ef5561-839e-4623-81d8-41d32a74b90c,1970-01-01,3,Travel,399.91,ESP,RUS,1,0,1,0,1
sdv-id-eQswjI,a981b098-b2cf-452d-a7f3-33b3f7baf55e,1970-01-01,2,Retail,2006.36,ESP,GBR,1,1,1,0,1
sdv-id-HACmja,ef8b07d0-99c8-4ca7-9518-78a7c9628855,1970-01-01,0,Tech,1150.13,ESP,VNM,1,1,0,1,1
sdv-id-oDgzfS,41c3c01d-a6bd-4f11-ab72-895b03c5607e,1970-01-01,5,Retail,87.6,ESP,BRA,1,1,0,1,1
sdv-id-MPQcSW,ac17a477-af09-4ba1-8c78-f060746f3431,1970-01-01,1,Retail,1735.87,ESP,USA,0,0,0,1,1
sdv-id-sGfIBn,a1e518a2-93d2-48d4-a465-5c397d4d2add,1970-01-01,1,Retail,126.14,ESP,GBR,0,0,0,0,0
sdv-id-HZnURg,3af31608-b0ea-44df-9a94-ca8a10134e94,1970-01-01,0,Travel,968.69,ESP,ESP,0,0,1,0,1
sdv-id-NuSPmX,0217ea0e-8964-40ab-8926-ce5f78786140,1970-01-01,4,Food,2495.29,ESP,JPN,0,1,1,0,0
sdv-id-TbCCSa,c3b8a22b-5d76-4bc4-83f5-4e71cadafd4a,1970-01-01,0,Retail,2321.61,ESP,ESP,1,0,1,1,1
sdv-id-lRKOUB,7d7d38cf-7f07-414d-8d44-b7c1034273dd,1970-01-01,0,Gaming,884.81,ESP,IND,0,1,1,1,0
sdv-id-spPpFc,925814d9-638c-49e3-8599-e1f2ccd3654c,1970-01-01,3,Food,2326.82,ESP,VNM,0,1,0,1,0
sdv-id-FzutFl,c08d551f-b9e8-4990-b69e-b31c26830a4c,1970-01-01,0,Food,1281.09,ESP,FRA,0,1,0,1,0
sdv-id-RLGlHF,13a8fde4-bb30-40c3-af65-6bef326dbb01,1970-01-01,4,Travel,1274.2,ESP,CHN,1,0,0,1,1
sdv-id-GWVRtA,23cc6ecc-60b6-4cc6-9f58-1cc50c14bea9,1970-01-01,0,Tech,1219.28,ESP,GBR,1,0,1,0,1
sdv-id-lsjVqq,b1d06d8a-655f-4c8c-8a2b-a8f5a44e3b1c,1970-01-01,0,Gaming,1591.08,ESP,BGD,1,0,1,0,0
sdv-id-LUbjXP,f0a0eebb-3800-41ac-8b3d-36ba70cc6d61,1970-01-01,0,Food,402.93,ESP,BRA,1,0,0,1,1
sdv-id-HCelni,5e44b774-cf9d-439c-ac2b-5781c1a95ee2,1970-01-01,4,Travel,1604.95,ESP,BGD,1,0,0,1,0
sdv-id-NpGSQy,fc3953eb-ab5d-4ee3-a7c1-d438454ff2ab,1970-01-01,0,Food,1979.46,ESP,IND,1,1,0,0,1
sdv-id-gPncFz,73cab4e3-bbc3-453b-b5e8-abfe6af01106,1970-01-01,0,Retail,60.64,ESP,CHN,0,1,0,1,0
sdv-id-rWJIrF,05e71b68-0cf8-42b3-8a66-c2113eb4a3ee,1970-01-01,1,Tech,132.55,ESP,UKR,0,0,1,1,0
sdv-id-zUCUUu,3b70324e-36a0-4573-b237-e20d62fefcae,1970-01-01,0,Gaming,2002.99,ESP,UKR,0,0,0,1,1
sdv-id-UIjAqu,aabb6cac-48d7-4165-8c98-7a1b59afb1d1,1970-01-01,1,Tech,1269.04,ESP,ITA,0,0,1,1,0
sdv-id-aKaALD,132fdba1-f106-4955-8265-3ccf06ec3c00,1970-01-01,0,Tech,541.19,ESP,BGD,1,1,0,0,1
sdv-id-nGXvYU,6b97c617-920f-4a6a-9b24-346346c5ab95,1970-01-01,4,Gaming,1409.57,ESP,ITA,1,1,1,0,1
sdv-id-FuKgsr,abf89388-f254-450e-bde4-71bff8655d61,1970-01-01,0,Tech,1421.0,ESP,PRT,1,1,1,0,0
sdv-id-ntgXZt,232e84ea-dfe3-48d5-90be-629444c1a38c,1970-01-01,1,Food,225.48,ESP,GBR,1,1,1,1,0
sdv-id-uMeMWc,0516d89d-73df-4835-9043-0a9fbaedb77c,1970-01-01,0,Retail,1328.21,ESP,FRA,0,1,0,0,1
sdv-id-FfIvYF,1e19f010-4bf7-4012-825e-c446663f730d,1970-01-01,1,Tech,6.29,ESP,GBR,1,1,0,1,0
sdv-id-gidudg,48924bd6-e399-40dd-8e1f-39bee4edc295,1970-01-01,0,Food,1588.79,ESP,GBR,0,1,1,0,1
sdv-id-ZuDkCP,13a8fde4-bb30-40c3-af65-6bef326dbb01,1970-01-01,0,Retail,1149.26,ESP,NGA,1,1,1,1,0
sdv-id-xtwElY,69e83561-4557-4dcb-b15e-ae421461f0d8,1970-01-01,0,Tech,963.49,ESP,DEU,1,0,0,1,0
sdv-id-zrzTUk,43c6b532-4b25-4483-bbae-0f3b4c96edc2,1970-01-01,0,Retail,2124.38,ESP,UKR,0,0,0,0,1
sdv-id-Gilugb,27921c1c-f14e-4d13-9bd0-e94e601caf82,1970-01-01,0,Retail,1004.73,ESP,DEU,1,1,1,0,0
sdv-id-sdkoCM,8468b74d-85e3-4de5-98c1-aad6f3f8dea4,1970-01-01,0,Retail,2146.57,ESP,NGA,0,1,1,0,1
sdv-id-YsLXBZ,b9046b52-13eb-4599-b2d4-d3a598dd6c3c,1970-01-01,0,Food,1590.04,ESP,JPN,1,1,0,0,1
sdv-id-zQizkV,2ad98682-f8da-4a79-a72e-dd5f4a0c408d,1970-01-01,0,Gaming,1267.13,ESP,GBR,0,0,0,0,1
sdv-id-EnUUJt,6dac527f-7c70-4586-a5e4-61324e66d424,1970-01-01,0,Food,578.16,ESP,FRA,1,1,1,0,1
sdv-id-PXjLJi,1755028b-8b5e-4d91-a8a1-3331404482f9,1970-01-01,1,Retail,96.08,ESP,CHN,0,1,0,1,1
sdv-id-lQpNCL,a9d51bcf-f067-4d81-990d-e23b73901c46,1970-01-01,0,Food,51.49,ESP,USA,0,0,1,0,1
sdv-id-VycxVl,7b4e9ecd-de07-47b1-b8ae-8d5dfe268e77,1970-01-01,0,Tech,332.93,ESP,UKR,1,1,1,0,1
sdv-id-BYnFiM,ab28efa9-959e-477e-ae52-635d2bc4a319,1970-01-01,0,Gaming,1255.3,ESP,VNM,0,1,0,0,0
sdv-id-HWRcXb,41a50d68-4140-4d41-8ea7-252160b1aac5,1970-01-01,0,Travel,331.85,ESP,VNM,1,0,1,0,0
sdv-id-NgXaRU,c0249b51-307c-4f63-8591-a81891fb8925,1970-01-01,1,Food,365.67,ESP,UKR,0,0,0,0,0
sdv-id-KxPqgP,8374c273-cc70-4551-a881-5cd988219541,1970-01-01,0,Travel,2330.23,ESP,USA,0,1,0,0,1
sdv-id-TnTOKY,5cb5e69c-5dc7-43e6-a529-64ffc74cc890,1970-01-01,1,Travel,1992.41,ESP,IND,1,0,0,0,1
sdv-id-VkvXcB,d89c83f6-8098-480d-a253-80407a029a6d,1970-01-01,0,Gaming,2190.97,ESP,CHN,0,1,1,0,1
sdv-id-RNVIKc,925814d9-638c-49e3-8599-e1f2ccd3654c,1970-01-01,0,Gaming,729.67,ESP,CHN,1,1,1,0,1
sdv-id-wUmwvC,38059440-2642-465f-8772-fdb6b3d42f8a,1970-01-01,0,Gaming,650.41,ESP,BRA,0,0,0,1,1
sdv-id-nwjqHJ,7bbaf123-16fe-4ed9-9b76-b287f998d44f,1970-01-01,0,Food,1033.48,ESP,CHN,1,1,0,0,1
sdv-id-NTTOjR,8b1035df-14fb-41b7-981c-b16f9439f63e,1970-01-01,0,Gaming,1025.92,ESP,GBR,0,1,1,1,0
sdv-id-bwlKIi,da968e7d-0d46-4159-a668-5e80f16d4fe8,1970-01-01,0,Tech,1035.56,ESP,UKR,0,1,1,0,1
sdv-id-apyxAg,c14988c8-7804-47be-8cfa-0607003402c6,1970-01-01,1,Food,2258.32,ESP,BGD,1,0,0,0,1
sdv-id-FeWyvQ,5f5e9c52-ef15-427d-aa21-ee30fcd77150,1970-01-01,5,Retail,1474.75,ESP,NGA,1,0,1,1,1
sdv-id-PRsvnN,ece57307-8fee-4edb-bddf-56880139bb86,1970-01-01,0,Retail,847.26,ESP,NGA,1,1,1,1,0
sdv-id-SqnyaJ,d7e4527a-6274-4240-8e30-1bcc302fa247,1970-01-01,0,Food,2117.01,ESP,VNM,0,1,0,0,1
sdv-id-jWjadW,6855a90d-0f2f-4a57-8883-93111216e243,1970-01-01,4,Food,2407.36,ESP,RUS,0,0,0,1,0
sdv-id-FwlWoh,1f22b194-32ce-4db1-88fb-27dce88f12a4,1970-01-01,0,Tech,2226.09,ESP,GBR,1,1,0,1,0
sdv-id-EuSjtB,ae5ec365-72eb-4474-9458-054ec2874f06,1970-01-01,3,Travel,1836.04,ESP,IND,0,0,1,0,0
sdv-id-FyAETX,31f436ea-cc8a-4d69-89b4-db808a32484a,1970-01-01,0,Retail,2152.79,ESP,ESP,1,0,1,1,0
sdv-id-NxjufY,2fe938e4-427b-4ffb-9ca1-adcc9cdf0664,1970-01-01,0,Tech,1441.77,ESP,ESP,1,0,1,0,0
sdv-id-qDbehu,3ab7127e-4f32-4a54-a3cc-f604e2ae3f87,1970-01-01,3,Tech,239.51,ESP,BRA,0,1,1,1,0
sdv-id-jQGeAz,c77b4fff-d114-4da1-b082-d7e6e6ace778,1970-01-01,0,Food,1392.32,ESP,RUS,0,1,1,0,1
sdv-id-GXYnba,4806f804-0cf0-474c-8c74-dc0f5a575539,1970-01-01,1,Food,1695.56,ESP,PRT,0,1,1,1,0
sdv-id-LTamvc,e2c07b0f-bc37-4a1e-917e-b16a99222b37,1970-01-01,1,Food,2275.45,ESP,FRA,0,0,1,0,1
sdv-id-tGEmoP,3df8c0c9-d66b-4c9e-8d65-86ee1edb568b,1970-01-01,0,Food,1885.86,ESP,PRT,0,0,1,0,1
sdv-id-UCvFDD,34da1f50-b1a7-4e09-861a-1396716728ee,1970-01-01,0,Retail,909.98,ESP,USA,1,1,1,1,0
sdv-id-XtOoyo,d69cd777-4114-42dc-ac06-2d4a708183ae,1970-01-01,0,Retail,1830.09,ESP,ITA,1,0,0,0,1
sdv-id-NKNPUP,46b3fcbf-fb18-491f-9ebf-e7d37404efd3,1970-01-01,1,Retail,1185.23,ESP,VNM,0,0,0,1,1
sdv-id-rEJwkq,a05fa3ef-0cbf-40ca-be0f-1bc9768aceb7,1970-01-01,0,Tech,1998.8,ESP,FRA,0,0,0,0,1
sdv-id-TarsCY,9cbf4d7d-e70c-4280-afa9-7de7619987c0,1970-01-01,2,Retail,1604.36,ESP,USA,1,1,1,1,0
sdv-id-taiJNF,ab16b1fd-14ca-428c-9336-eb2833ba1e1b,1970-01-01,0,Travel,1923.93,ESP,BGD,0,0,0,0,1
sdv-id-TkNyWK,e2d4c43c-de0a-4e83-bba8-6e1e34a148ba,1970-01-01,1,Food,2248.51,ESP,IND,1,1,0,0,1
sdv-id-kMQqRx,929a7800-1f84-4586-b5d1-f63bb901aec9,1970-01-01,3,Gaming,580.84,ESP,PRT,0,0,1,0,0
sdv-id-PCCYcy,6f90d9af-ca07-406e-93ae-0bce0cccf432,1970-01-01,0,Gaming,180.24,ESP,ESP,1,1,1,0,0
sdv-id-NFmMsj,f1d5181f-98e7-45ea-ade8-1ea27e002a34,1970-01-01,0,Travel,1167.29,ESP,FRA,1,1,0,0,1
sdv-id-ARRCzb,506f6bc0-ee6f-4a9c-b446-023621f66088,1970-01-01,0,Tech,36.24,ESP,UKR,0,1,1,1,1
sdv-id-kDtzhj,c5404be9-e6d5-4568-b695-6a3815280e7c,1970-01-01,4,Tech,287.39,ESP,DEU,0,0,0,1,0
sdv-id-FwRvAR,20775ce4-151f-42f9-bc19-3e6f496cc03a,1970-01-01,0,Food,1951.74,ESP,ARE,1,1,0,1,0
sdv-id-XzATHm,ffb1c192-15e5-4e78-863e-9bb3f37296a2,1970-01-01,5,Food,836.5,ESP,GBR,1,1,0,0,1
sdv-id-nFevSm,57cc6c2a-b61c-47e8-9c58-a3bea1ac78c9,1970-01-01,3,Tech,264.15,ESP,ARE,0,0,0,1,0
sdv-id-YhwZuB,a9e7bb4f-a0b8-4ebf-b82b-2b9310404bf3,1970-01-01,4,Retail,2255.06,ESP,CHN,0,1,0,1,0
sdv-id-Osyojq,197634e5-054b-4fbb-bad8-66baf252f8f9,1970-01-01,0,Gaming,1882.07,ESP,BGD,0,1,1,0,0
sdv-id-bkejCl,c4bb4ace-d0c8-4a67-bec6-2bbe4d7ec4b1,1970-01-01,0,Gaming,157.64,ESP,IND,0,1,0,1,0
sdv-id-nQDQoF,da2cf852-0a19-4939-9fc7-ab262cb941fc,1970-01-01,1,Food,1359.57,ESP,ARE,1,0,0,0,1
sdv-id-KgjuSC,e05f8184-c115-4e8e-9586-768274dfb5ce,1970-01-01,0,Tech,1058.54,ESP,RUS,0,0,1,1,0
sdv-id-xuPzps,70a50d6c-be7d-4442-9042-efc718aba437,1970-01-01,1,Tech,1032.38,ESP,RUS,0,1,0,1,0
sdv-id-JcMZcB,327375bf-5373-4f4d-9da4-9cb92fdc9992,1970-01-01,0,Tech,107.98,ESP,ARE,0,1,1,0,1
sdv-id-GPHvgU,0afc13fb-6e8f-49bc-809b-61e40f46bb11,1970-01-01,0,Retail,1547.87,ESP,JPN,1,1,1,0,1
sdv-id-iioNwS,0234eddf-0fbd-4e7f-9a40-013bc7bd5595,1970-01-01,1,Gaming,948.8,ESP,GBR,1,1,1,1,1
sdv-id-ZMyRLL,b4320daa-95f1-4f22-8c4d-2daeb7f63ccc,1970-01-01,0,Retail,13.29,ESP,CHN,0,0,0,1,0
sdv-id-lsbLFh,44725ab7-bc44-4417-914b-a9bb60f91495,1970-01-01,5,Gaming,998.89,ESP,VNM,1,0,1,1,1
sdv-id-BCXDBP,fcce96f6-250a-4578-bbe9-4499dbc080fd,1970-01-01,0,Gaming,630.14,ESP,UKR,1,0,1,1,0
sdv-id-SiRtCJ,7de7e713-f7fd-4283-9ee5-abec9b53ca4f,1970-01-01,1,Food,1812.92,ESP,ESP,0,0,0,1,0
sdv-id-AyrgJR,081c79d4-c274-47eb-a65f-7b8adbb44021,1970-01-01,0,Gaming,89.97,ESP,VNM,0,0,0,1,1
sdv-id-MieRXA,b1fe69b8-0936-412c-a36d-feba6148ca39,1970-01-01,0,Travel,1899.28,ESP,FRA,1,1,1,1,0
sdv-id-HgnnTJ,d9add770-308d-4579-b78e-38ad3decdd27,1970-01-01,0,Food,1623.4,ESP,FRA,0,0,1,0,1
sdv-id-BZGEVZ,040ebf47-78ab-4513-a03d-b91863c279aa,1970-01-01,0,Tech,2173.1,ESP,BRA,0,1,0,0,0
sdv-id-XAYDqe,49560c36-8560-4e8a-a7fb-19979d2cd944,1970-01-01,3,Tech,1263.97,ESP,ITA,1,0,0,1,0
sdv-id-kUvHcP,076979d6-4477-4442-b187-53e6d4578ad9,1970-01-01,5,Travel,887.84,ESP,NGA,1,1,1,0,0
sdv-id-FkuZPX,1b37ef19-b3bc-412f-9fb7-474e85a0d089,1970-01-01,0,Travel,38.18,ESP,DEU,1,1,1,1,0
sdv-id-iYsdqb,32e72520-4d83-4055-97ac-720e0626d3be,1970-01-01,0,Retail,508.46,ESP,CHN,0,1,0,1,0
sdv-id-GcKABd,b255b709-502b-4dc0-89c6-589a71ca8099,1970-01-01,3,Gaming,1872.6,ESP,BRA,1,1,1,1,1
sdv-id-sKZvCb,32ff2dc2-a9fb-4d74-b3b3-f4458574fb9c,1970-01-01,2,Food,763.88,ESP,RUS,0,1,0,1,0
sdv-id-FOhtQk,bc5e3e2f-cebc-4bd7-b837-8be20bb68d75,1970-01-01,0,Tech,1441.05,ESP,CHN,0,1,1,1,0
sdv-id-fEpipG,3baeeb8e-ed56-4361-bcc9-3b94835d7e20,1970-01-01,0,Gaming,805.27,ESP,CHN,0,0,1,1,1
sdv-id-JLpuDU,78f8ebed-05cb-4465-9e8f-ada4b4c77a96,1970-01-01,2,Tech,822.99,ESP,BRA,0,0,1,0,0
sdv-id-Kpnozg,e22f3884-1f90-41b1-95eb-44d98459f302,1970-01-01,0,Gaming,2240.62,ESP,FRA,0,1,0,0,1
sdv-id-CwVNtU,52bacd95-8d73-43f8-94f9-9b39d0775ab4,1970-01-01,5,Tech,2246.84,ESP,DEU,0,0,0,0,1
sdv-id-ZpckZk,e49d681d-51d8-4c64-95fa-1ab8458f1f19,1970-01-01,0,Travel,215.25,ESP,BGD,1,1,1,1,1
sdv-id-btbJTx,6d9c5b50-a1fd-4187-9c3a-1e0bb5f3f8aa,1970-01-01,0,Gaming,496.71,ESP,GBR,0,0,0,0,1
sdv-id-EBkNMF,323132fa-6181-42de-9b37-0ca76ea5e341,1970-01-01,0,Travel,801.73,ESP,GBR,1,1,1,0,0
sdv-id-ysTWtr,fdecc58d-73fe-41a3-bed0-24cbb6f37bd4,1970-01-01,0,Gaming,2159.26,ESP,USA,1,0,0,0,1
sdv-id-dKnIxY,8b5b73df-d701-4ade-84a0-c5990fab3b92,1970-01-01,4,Retail,2474.08,ESP,USA,0,1,1,0,1
sdv-id-WvqIEh,ae8e8200-c5c7-44b4-88c5-3b179733b490,1970-01-01,1,Travel,2426.18,ESP,RUS,1,0,0,0,1
sdv-id-PJNCDj,65edb1d9-a424-4b77-ab86-fc70a89c0d28,1970-01-01,0,Tech,524.11,ESP,FRA,0,1,1,1,1
sdv-id-LyXuaJ,a7939a2e-34f4-4404-8ff5-070182226c16,1970-01-01,4,Travel,1176.12,ESP,GBR,0,1,0,0,0
sdv-id-CPaWOB,0329d92d-6f0f-4fdc-87ee-e466ea96dda4,1970-01-01,0,Food,2047.42,ESP,USA,1,0,0,0,0
sdv-id-kEljbL,d65e59dd-e62d-4d06-8f9b-85581a7f195b,1970-01-01,0,Retail,690.98,ESP,BGD,1,1,1,1,0
sdv-id-DaSErm,fb7b00c7-eaa6-4c45-8f01-fe855bbaf3ac,1970-01-01,0,Retail,405.02,ESP,VNM,1,0,1,0,1
sdv-id-KPsmGB,1674eb65-0f9c-4300-baa1-c5678cf9eea9,1970-01-01,1,Gaming,1239.52,ESP,USA,1,0,1,1,0
sdv-id-cOkKxP,dabf984e-53ff-4461-aa1f-1b61265cb9d9,1970-01-01,0,Gaming,1070.49,ESP,VNM,1,1,1,0,0
sdv-id-RdTcKW,4c34f9de-531b-4e76-b25f-875a047c1fe5,1970-01-01,0,Tech,2269.04,ESP,RUS,0,0,0,1,0
sdv-id-hSzTpW,75eff2a9-06fe-4650-9a0c-00487108f569,1970-01-01,2,Travel,1616.33,ESP,BRA,0,1,1,0,1
sdv-id-vNYHbg,904d0a50-6925-4881-b614-37f12a70ec30,1970-01-01,0,Retail,1383.01,ESP,UKR,1,0,0,0,1
sdv-id-QiUqNS,76e51a12-79c6-4757-b7fe-b7351cc6f0a0,1970-01-01,4,Gaming,1617.16,ESP,BRA,0,1,1,0,1
sdv-id-vMgfKy,79b8023d-2a31-49ba-a4b1-7e4525807a2c,1970-01-01,0,Tech,2275.38,ESP,JPN,0,0,0,1,1
sdv-id-TSZCMj,d88a0619-23f1-427b-97eb-c00bff68728e,1970-01-01,0,Gaming,366.87,ESP,FRA,0,1,1,1,1
sdv-id-wHMgox,309d258c-27a0-43d7-bc96-7f79b7e99aca,1970-01-01,0,Tech,554.58,ESP,BGD,1,0,0,0,0
sdv-id-LrxOZc,2a63c44e-e5c6-4b63-a95c-1fe4f2c416f1,1970-01-01,2,Retail,396.16,ESP,BRA,0,1,1,0,1
sdv-id-odtmGH,91e89b6d-b783-44cb-9fd0-b3e05a2ee6fa,1970-01-01,2,Tech,604.68,ESP,CHN,0,0,1,0,1
sdv-id-bnRiam,135769cb-bc03-4aa7-912e-1621a266530e,1970-01-01,2,Food,172.59,ESP,RUS,0,1,1,1,0
sdv-id-YcXJmf,05ec8e9f-a09f-4700-a4ce-1460ef5a9491,1970-01-01,1,Tech,76.29,ESP,NGA,0,1,1,0,1
sdv-id-KgtCyc,a84554c3-a3f6-4c61-afb7-0dab2f383b43,1970-01-01,1,Tech,1534.75,ESP,RUS,0,0,0,1,1
sdv-id-AHgmUT,2c9c763b-e454-4286-9dd9-76469d892032,1970-01-01,0,Travel,70.22,ESP,DEU,1,0,1,1,0
sdv-id-cvhSKf,1ab01dc1-39db-4ebb-b538-c985c533af2d,1970-01-01,1,Food,974.92,ESP,USA,1,0,1,1,0
sdv-id-sMfSkN,3cfc7050-ecb6-47a2-be1b-e3e9bee1dc65,1970-01-01,0,Travel,2486.05,ESP,USA,0,0,0,1,0
sdv-id-CpttsD,88f47eed-6990-4abf-b792-be4734783752,1970-01-01,2,Travel,887.6,ESP,GBR,0,1,0,0,1
sdv-id-pEAPIS,abac8660-e5c3-45fc-b395-c21379eef2c0,1970-01-01,0,Retail,19.55,ESP,NGA,1,0,0,1,1
sdv-id-zCsMEf,a6276167-1d12-4daf-8a25-71593d170879,1970-01-01,2,Travel,720.86,ESP,USA,0,0,0,1,1
sdv-id-NNbqrx,1ceb08fe-f2de-4798-b31a-25b55fecaa6e,1970-01-01,2,Travel,1156.87,ESP,DEU,0,1,0,1,1
sdv-id-IbGZHm,34981735-4d38-4415-a036-35fca88d4108,1970-01-01,0,Gaming,1812.91,ESP,ARE,1,0,0,0,1
sdv-id-GUGDtx,13da3505-3daa-4e57-b084-aab8cf152c06,1970-01-01,0,Tech,101.03,ESP,RUS,0,0,1,1,0
sdv-id-NOSDjn,4dfd3ecd-e50d-4de5-a395-b8677397d1a1,1970-01-01,0,Tech,1737.56,ESP,VNM,0,0,0,1,1
sdv-id-lBaPDQ,d5f0fb6a-4596-4a75-b4df-b83ff659f188,1970-01-01,0,Food,215.49,ESP,DEU,0,1,0,0,1
sdv-id-RwTxzh,15db0b31-f6c8-4ff5-b8b7-5626b805f666,1970-01-01,0,Food,161.41,ESP,ARE,0,0,0,1,0
sdv-id-dsDUEd,c766dd63-683e-4858-9bbe-b0d9802ccb52,1970-01-01,4,Gaming,413.41,ESP,DEU,0,0,0,0,1
sdv-id-RDKaWD,750d456e-1941-4cae-b6e9-0637e92126db,1970-01-01,0,Travel,2472.03,ESP,PRT,1,0,1,0,1
sdv-id-qHYSAx,1c3892e8-f2cf-4d63-80ab-4b7f2e968660,1970-01-01,0,Tech,1884.09,ESP,JPN,0,0,1,0,0
sdv-id-wwhaZk,0ec5bad7-b24a-46e3-9e41-1475b040d75a,1970-01-01,0,Travel,1492.65,ESP,USA,0,0,1,1,1
sdv-id-xtorMl,73393f5d-8185-416a-a9c7-18eeaea4b7d6,1970-01-01,0,Tech,2265.6,ESP,GBR,1,0,1,0,1
sdv-id-MWUGgg,4a6d2157-9be4-40f8-a6ad-f94882053ed3,1970-01-01,4,Travel,1938.21,ESP,UKR,1,1,1,1,0
sdv-id-aZKncJ,8db4daaa-831f-4884-9c17-4363bc44cb36,1970-01-01,0,Travel,2382.18,ESP,ESP,1,0,0,1,0
sdv-id-yuQLHM,9611116b-a54b-4dbb-bc56-ea1b9852bf02,1970-01-01,0,Food,797.56,ESP,RUS,1,1,0,1,1
sdv-id-JRyhUd,c5f46ccb-c872-4188-8c3f-e94fc4a9a7c5,1970-01-01,0,Retail,2471.05,ESP,PRT,1,1,0,0,1
sdv-id-uGiNWE,17f85f5b-f1e2-4ce7-bd73-0c3bbade33a0,1970-01-01,2,Tech,2075.99,ESP,BGD,1,0,0,0,1
sdv-id-WDSXid,8a693650-a9a2-49cd-bb6f-65df1d9d1d80,1970-01-01,0,Gaming,2014.74,ESP,BRA,1,1,0,0,1
sdv-id-rnGwfb,37c20000-f4d7-48cd-a3c7-8964b776cbf6,1970-01-01,0,Travel,1001.02,ESP,VNM,1,1,0,1,0
sdv-id-BMNIif,00937ba0-65a0-4e43-bd2d-ca8673020b26,1970-01-01,0,Travel,1684.8,ESP,FRA,1,0,1,1,1
sdv-id-hcaiif,ee0f65a8-2a13-4c1f-8cd0-15c1ad5900dd,1970-01-01,0,Food,756.96,ESP,JPN,0,0,1,1,0
sdv-id-GPHIGx,4954105b-8948-4754-88e9-18f965f0bb99,1970-01-01,0,Travel,1427.93,ESP,USA,0,0,0,1,1
sdv-id-mRaKam,627967a3-7534-49c0-ae9c-92babbb5e037,1970-01-01,0,Tech,2246.64,ESP,USA,0,0,1,0,1
sdv-id-mBWoiL,7273b748-f5cb-4af8-acea-934f263d979a,1970-01-01,0,Travel,591.84,ESP,RUS,1,0,0,0,0
sdv-id-LOXlhY,6cbdd931-2f90-4058-b9ca-28265af56a23,1970-01-01,0,Tech,2495.81,ESP,UKR,1,1,1,0,0
sdv-id-rqlRBg,e57513a5-447a-4e2c-8e99-0457e0b1d762,1970-01-01,0,Food,1789.73,ESP,BGD,1,0,0,1,0
sdv-id-UBKkwX,f53ca48b-268d-49f4-be5b-8a9233f8457c,1970-01-01,3,Gaming,2208.34,ESP,ITA,0,0,1,0,1
sdv-id-RPydmS,08614abb-e7b2-4e4a-ad16-24e170a26ad8,1970-01-01,0,Tech,2144.6,ESP,ITA,1,0,0,0,1
sdv-id-gqcgTp,9ca4364d-5d9a-49f1-908e-3a956c6e8796,1970-01-01,0,Tech,420.4,ESP,JPN,0,0,1,0,1
sdv-id-AasUto,635d8150-d8dc-43a5-b09a-8327891d47fe,1970-01-01,0,Travel,658.89,ESP,DEU,1,1,0,0,0
sdv-id-eZRVqB,f8da93c8-c0b4-483a-acdb-425ccff440eb,1970-01-01,0,Gaming,1534.38,ESP,BGD,1,1,1,0,1
sdv-id-toTkQD,9bafcc20-0e16-4f3f-938c-c0ca17acd7e9,1970-01-01,4,Travel,2210.03,ESP,VNM,0,0,1,0,0
sdv-id-bEXweE,246236fa-e1ea-4804-9fab-7b0e0dae08ee,1970-01-01,0,Gaming,2241.13,ESP,USA,1,0,1,0,1
sdv-id-zoGmkk,e5bfca33-67a0-4eec-9a4b-0992a834f352,1970-01-01,0,Travel,2472.71,ESP,USA,0,1,0,0,1
sdv-id-xsWMsl,ac58d464-eb16-4eb0-8434-917090f43724,1970-01-01,0,Retail,2461.8,ESP,JPN,0,1,0,0,1
sdv-id-EWPOCT,a3027b21-02c1-4269-93d5-09afc2b5ac1b,1970-01-01,1,Tech,470.09,ESP,RUS,1,0,1,0,0
sdv-id-jEYIHo,692c6843-e682-4710-98bd-19da0dd2c843,1970-01-01,0,Gaming,1857.77,ESP,UKR,0,1,1,1,0
sdv-id-NpMMmr,4a5ed287-85a6-4296-a9df-cc0c68db76b3,1970-01-01,0,Tech,2035.52,ESP,BGD,0,0,0,0,1
sdv-id-HQNiIC,7420431e-2bf0-4535-92f5-c7bc54c4c8ba,1970-01-01,5,Food,2003.61,ESP,BRA,1,1,1,1,1
sdv-id-lfNnJt,98ae4334-6c12-4ce8-ae34-0454cac5b68c,1970-01-01,0,Food,1628.36,ESP,ITA,0,0,0,0,0
sdv-id-IDqTVz,4c66d04f-64b1-4c49-8c0c-f61e9cc10bd8,1970-01-01,4,Gaming,1460.88,ESP,VNM,0,1,1,1,0
sdv-id-FkHvLu,099fbb57-d2f7-4a83-ba59-5dc815b66499,1970-01-01,2,Retail,806.41,ESP,BGD,0,0,0,1,0
sdv-id-imlOFk,03a35aed-3344-4c51-a7f6-55fb8b8943fd,1970-01-01,1,Tech,2411.08,ESP,IND,1,1,0,1,1
sdv-id-AsCmMf,be99919e-c696-4772-a326-55640175105a,1970-01-01,0,Food,429.26,ESP,JPN,0,1,1,1,0
sdv-id-cGtVEr,c8120a8e-7830-4930-9327-f1bc2784378f,1970-01-01,0,Gaming,951.95,ESP,CHN,1,1,0,0,1
sdv-id-LSDocu,d42a895e-0fcf-401f-9cb9-b73a906d5c8c,1970-01-01,0,Gaming,2157.89,ESP,IND,0,0,0,1,0
sdv-id-LVGzWd,38973d15-5319-4080-b581-94e004a06d55,1970-01-01,0,Retail,269.88,ESP,USA,1,1,0,1,0
sdv-id-YCOHuA,422491e9-81e0-4a64-b8c5-2ae10d09a714,1970-01-01,5,Tech,707.52,ESP,RUS,0,1,0,1,0
sdv-id-dGoOlc,b9a693ef-3571-4561-bd12-c52be64f17e3,1970-01-01,0,Food,1265.24,ESP,JPN,0,0,1,0,1
sdv-id-KtiCAe,0db4a7fa-18e4-4d85-a8d4-2725f611c0ec,1970-01-01,5,Travel,2335.41,ESP,BGD,0,1,1,1,1
sdv-id-bPhWFv,1e46c88e-2bc0-40e4-b700-942853a0730b,1970-01-01,0,Tech,108.8,ESP,FRA,1,0,0,1,0
sdv-id-zgWAEb,1f873b46-c0a0-473a-a3d7-e6a119b814fc,1970-01-01,0,Tech,865.95,ESP,IND,0,1,1,1,0
sdv-id-deHVXU,63db2b6d-a8cf-4238-87fe-8dee0bc6a71b,1970-01-01,0,Retail,278.96,ESP,VNM,0,1,1,1,0
sdv-id-tIMdWk,ca5e151b-23d3-4d4c-bd5f-f093c16f9bcc,1970-01-01,0,Retail,2288.72,ESP,RUS,0,1,0,0,1
sdv-id-iiEnYa,0614ac41-275c-45dc-afa0-8cbebf343ca7,1970-01-01,0,Food,40.49,ESP,ITA,1,0,1,0,1
sdv-id-eBhfrg,7a5d7c82-86c5-447c-851a-00393803dcee,1970-01-01,2,Food,467.38,ESP,PRT,1,1,0,1,0
sdv-id-HkYvMN,c508c7e7-6713-450d-a615-32bbc599f9ca,1970-01-01,0,Travel,23.96,ESP,DEU,0,0,1,1,0
sdv-id-tBGhVG,4d7efc8e-b68f-40dc-b18b-f53a3864bf75,1970-01-01,0,Travel,733.08,ESP,UKR,0,1,0,1,0
sdv-id-iaxhGp,4f4cea72-e493-4415-aa4b-f5dc0a599c13,1970-01-01,0,Travel,426.14,ESP,JPN,1,1,1,0,1
sdv-id-NvDTBS,38181f7a-af2e-4558-86ff-19b383da50ff,1970-01-01,0,Food,1130.54,ESP,JPN,1,0,1,1,0
sdv-id-xojDbN,56689e24-fe39-4df5-be2e-e0669e30d1d6,1970-01-01,1,Food,2101.44,ESP,DEU,0,1,0,1,1
sdv-id-qbErzd,36d83fad-1ccd-4878-b800-f5407f6953af,1970-01-01,0,Food,1211.58,ESP,BGD,0,0,0,0,0
sdv-id-CwPzhh,0219a9c7-ba23-407a-b03c-1286b71714cd,1970-01-01,1,Gaming,956.36,ESP,UKR,1,1,0,0,1
sdv-id-XtEZTv,88802d4d-89b8-47ee-85f8-33cff4ce8477,1970-01-01,0,Retail,2106.28,ESP,IND,1,1,1,0,1
sdv-id-jQRhiC,f4adfa22-ad02-45f5-9417-c2f9eb91731a,1970-01-01,0,Tech,2220.65,ESP,VNM,1,0,0,1,1
sdv-id-wwuDyW,565fa125-eb85-405d-9cfa-2010ff51cc96,1970-01-01,0,Tech,712.56,ESP,DEU,1,1,0,1,0
sdv-id-mMDIHB,71b31c91-9806-4af9-a82f-bcce8e25ce3d,1970-01-01,0,Tech,433.13,ESP,VNM,1,1,0,1,1
sdv-id-QheaeG,372f9fb6-041b-4c79-8014-680432de3097,1970-01-01,1,Gaming,157.51,ESP,NGA,1,1,0,0,0
sdv-id-XCbgaX,94ad6252-15bc-4a3e-bf76-55d7f97c6c3c,1970-01-01,0,Tech,233.11,ESP,DEU,1,1,0,1,0
sdv-id-vMqHlG,1e287c97-a9e0-417f-a324-f5db685018bf,1970-01-01,0,Food,1833.6,ESP,CHN,1,1,1,1,0
sdv-id-XRmwAY,00b02a82-7054-4f5f-950f-5effdc5136e4,1970-01-01,1,Tech,1890.76,ESP,BGD,1,1,0,0,0
sdv-id-rUJqrl,f3952657-4ea1-4bd9-afaf-20ec2a08c526,1970-01-01,0,Gaming,487.57,ESP,NGA,0,1,0,1,0
sdv-id-ECElkD,4bf5cf0e-97a1-42a2-9606-be66a2a2d1a6,1970-01-01,0,Tech,1777.0,ESP,VNM,1,1,0,1,0
sdv-id-BHPBDt,13d94ad0-d809-4e6d-b41a-d2c25ceef79c,1970-01-01,0,Gaming,1458.75,ESP,BRA,0,1,0,0,0
sdv-id-laNlSE,686cd27d-fd59-4efd-bd14-01de827aae2c,1970-01-01,0,Travel,1203.45,ESP,UKR,0,1,0,1,0
sdv-id-pYNJwh,f54ce27a-34be-449b-93b8-fad41ed7cc8a,1970-01-01,2,Tech,2216.61,ESP,JPN,1,1,0,1,0
sdv-id-aNozoY,f01f7382-e4fa-42c2-b398-e4fc59dd9452,1970-01-01,1,Retail,1117.92,ESP,ESP,0,1,1,0,1
sdv-id-BxNdqX,ed11b850-273b-4ecb-a7b9-86cb76df7b9a,1970-01-01,0,Gaming,76.2,ESP,CHN,1,0,1,1,0
sdv-id-RueHwJ,bb30e92a-60c2-4d65-86a7-7fbe5c776b87,1970-01-01,0,Food,1300.89,ESP,RUS,0,0,0,1,0
sdv-id-KQwhTl,7394988f-847f-49b4-a64d-1bcb702753a1,1970-01-01,4,Travel,1721.19,ESP,IND,1,0,0,0,1
sdv-id-FnSPWE,c0398710-8976-4334-a281-7efdae849217,1970-01-01,0,Retail,813.24,ESP,GBR,0,0,1,1,0
sdv-id-mSTzUh,c9e58ebc-673d-4de0-afc4-4d650ad56e56,1970-01-01,0,Gaming,1762.23,ESP,UKR,0,0,1,0,1
sdv-id-ewRzgM,9267e7e6-28f5-45c2-80eb-f7252f1ef8dc,1970-01-01,4,Travel,714.3,ESP,BGD,0,0,1,0,1
sdv-id-isMvXj,973a9058-67d1-4b6f-9d57-20cdfa5223bb,1970-01-01,0,Food,2132.9,ESP,RUS,0,0,1,1,0
sdv-id-IhoPfN,57e0dffa-55a3-453f-8d34-73edbe320b1a,1970-01-01,0,Travel,1181.5,ESP,PRT,1,0,1,0,1
sdv-id-CvfQhs,90be35ee-397e-441d-be08-a540ef7e1940,1970-01-01,0,Food,2277.53,ESP,GBR,1,0,0,0,1
sdv-id-GPMtMS,d6b1ba8c-4fcf-4f89-9ae0-bb5a797763fe,1970-01-01,0,Retail,1706.98,ESP,NGA,1,1,1,1,0
sdv-id-XOppZM,56679189-6ed5-4a30-bf03-f1a972ed257b,1970-01-01,4,Travel,1341.07,ESP,GBR,1,0,1,0,1
sdv-id-UyTyCm,7b5fb427-8fd1-4c4e-83d2-a7ca377533ab,1970-01-01,0,Food,1379.24,ESP,ITA,1,1,1,1,0
sdv-id-HEpkTp,8aa4c43e-ada3-46e9-a233-384e315b3176,1970-01-01,0,Gaming,39.11,ESP,DEU,0,0,1,1,0
sdv-id-cBFlpY,065557aa-4b1f-4d17-8f69-9c989312c20c,1970-01-01,0,Food,563.74,ESP,NGA,0,0,0,1,0
sdv-id-OQJiGd,c363f61f-9400-4191-91d0-6bcd195efd72,1970-01-01,2,Tech,401.0,ESP,ITA,1,1,0,1,0
sdv-id-WkOBSK,ef0ec9cb-756a-4e2d-a581-18d126879443,1970-01-01,0,Retail,875.06,ESP,PRT,0,0,0,1,0
sdv-id-OwIECT,0e213ce5-668e-410e-8d86-2412ae8cc97b,1970-01-01,4,Gaming,2056.89,ESP,VNM,1,0,1,0,1
sdv-id-KPuvHv,10431241-c02e-4c3d-b19c-6ba414762da4,1970-01-01,0,Gaming,816.59,ESP,DEU,1,1,0,1,0
sdv-id-prMkFy,302cba2f-e45c-4d39-86c2-236ca2d43fa4,1970-01-01,1,Retail,784.27,ESP,CHN,0,1,0,0,0
sdv-id-PBadoq,d8528abb-1a87-4c25-a29f-1962ebd795f5,1970-01-01,0,Retail,358.83,ESP,GBR,1,1,1,1,0
sdv-id-DKlEUp,2ad98682-f8da-4a79-a72e-dd5f4a0c408d,1970-01-01,0,Tech,788.43,ESP,ITA,1,1,1,0,0
sdv-id-fWoYDM,c1ade98a-0c38-48a5-9fb2-35c45abec3fa,1970-01-01,1,Retail,623.97,ESP,NGA,0,1,1,0,1
sdv-id-HHdLyk,e6a98352-de8c-4a13-9bdf-d4cea125151b,1970-01-01,5,Travel,240.74,ESP,CHN,0,0,1,1,0
sdv-id-ADFTqr,25074181-8d1f-4540-b4ef-f5453e652603,1970-01-01,0,Food,672.44,ESP,BGD,1,0,0,1,0
sdv-id-FUTIcP,ddebaa54-9f6c-407f-9234-f67203d11260,1970-01-01,5,Tech,2098.61,ESP,PRT,0,0,0,0,0
sdv-id-IGptOv,fb1eaa6e-d19b-4b23-9602-3639047ad506,1970-01-01,0,Tech,466.99,ESP,NGA,0,1,1,1,0
sdv-id-pQWiPv,0219a9c7-ba23-407a-b03c-1286b71714cd,1970-01-01,0,Travel,363.7,ESP,CHN,0,1,1,1,1
sdv-id-pHBQMa,1f873b46-c0a0-473a-a3d7-e6a119b814fc,1970-01-01,0,Food,195.98,ESP,BRA,0,1,0,1,0
sdv-id-bKAVNB,1c093b82-44cb-4cf6-8e24-1f2927219bbb,1970-01-01,0,Retail,2466.79,ESP,RUS,1,0,1,1,0
sdv-id-WZqCfx,78612769-242e-4cff-a490-7a6336a8d53d,1970-01-01,0,Retail,1744.09,ESP,ITA,1,0,1,1,0
sdv-id-yknXVB,0a677292-755a-4c3d-91ae-757c8607f228,1970-01-01,1,Retail,1961.05,ESP,CHN,1,1,0,0,1
sdv-id-tkNEBb,0614ac41-275c-45dc-afa0-8cbebf343ca7,1970-01-01,0,Travel,2293.16,ESP,RUS,1,1,1,0,1
sdv-id-GCkRfz,d1f379b1-8ebb-4208-a0ee-404f9ea8fcb1,1970-01-01,0,Food,36.33,ESP,BRA,1,0,0,1,0
sdv-id-PraKLt,433fed33-a7b4-47c9-bfbf-f3150507a453,1970-01-01,0,Gaming,1095.75,ESP,GBR,1,1,1,0,1
sdv-id-lNvqXo,7799fddb-79e5-46e7-9d3e-e854534064b0,1970-01-01,2,Travel,2259.84,ESP,BGD,0,0,0,1,0
sdv-id-lYlkOI,0413d049-52a0-428b-ab25-a58af5953b2e,1970-01-01,1,Retail,2235.04,ESP,PRT,1,0,0,1,0
sdv-id-GbWAoU,f2203acf-8eed-4d34-b384-3346945f4281,1970-01-01,0,Retail,2068.03,ESP,BGD,0,0,0,0,1
sdv-id-BhZDOe,2adfedf8-786f-486a-b90a-3610b0b55ce7,1970-01-01,0,Tech,982.73,ESP,BRA,0,0,1,1,0
sdv-id-yhehzt,134c6c92-ec5b-427c-9fde-4fbf3ff350bf,1970-01-01,0,Retail,627.39,ESP,UKR,0,1,1,1,0
sdv-id-dFeVUz,0c1fdc0a-b29c-4d64-aaac-2c7ff2a05e81,1970-01-01,1,Retail,2002.07,ESP,JPN,0,1,0,1,0
sdv-id-mWMgJh,f1b88d65-406f-44d6-9c72-aebd13b11e59,1970-01-01,0,Tech,576.49,ESP,ESP,1,0,1,0,0
sdv-id-hmvzEH,e2c94a44-2248-4e75-9885-dca5cac5ebc7,1970-01-01,1,Gaming,1154.12,ESP,ARE,1,0,1,0,1
sdv-id-XcBJLQ,c3933447-f3dc-40bf-8486-0bee8bef4a76,1970-01-01,0,Travel,2058.1,ESP,GBR,1,1,0,1,0
sdv-id-QtZQxm,4ccb2355-39d1-47ff-b27e-1442fd7fe973,1970-01-01,0,Food,892.08,ESP,PRT,0,0,1,0,0
sdv-id-MBqFiV,6d9b1eb1-18eb-4ed7-a16d-41c8575c9669,1970-01-01,0,Food,1645.11,ESP,ARE,0,0,0,0,1
sdv-id-HerOuY,65db6e43-47bf-4db7-82d9-a774ea7f6c7d,1970-01-01,5,Retail,264.63,ESP,GBR,0,1,0,0,1
sdv-id-owFsAW,deaeb0c0-a8ac-4ab1-afa9-d02c9e4c4be7,1970-01-01,2,Travel,591.87,ESP,VNM,0,1,1,0,0
sdv-id-bKbMHA,1149544e-2bc1-43fb-a906-5b41b9be1d00,1970-01-01,5,Tech,847.38,ESP,FRA,0,1,0,1,1
sdv-id-ZPCqQl,b400a5e1-dfcb-421b-a37c-db55c596fab7,1970-01-01,0,Travel,2291.95,ESP,NGA,1,0,0,0,0
sdv-id-finctF,1e7c6795-a8c6-42df-9d23-ff41dae13586,1970-01-01,4,Tech,601.77,ESP,FRA,1,0,0,1,0
sdv-id-KmGUIW,744da236-5c7c-4778-874f-054fd2a5d216,1970-01-01,1,Food,2458.92,ESP,PRT,0,1,0,0,1
sdv-id-BejYtJ,da7f6f61-5813-426f-94d5-a185ce2c1dad,1970-01-01,4,Tech,1554.03,ESP,RUS,0,0,1,1,0
sdv-id-arEPTd,dd7c5485-6c70-4048-9093-4c874f8ccb0b,1970-01-01,4,Tech,1917.57,ESP,UKR,1,0,0,1,0
sdv-id-bpdnJt,96a402f2-3ae8-4c93-8dcd-cd03969b6662,1970-01-01,0,Tech,122.84,ESP,FRA,1,1,1,0,0
sdv-id-sIISiz,ed174fdd-2dee-403e-81d9-6e9601a02047,1970-01-01,0,Retail,634.42,ESP,BGD,1,1,0,1,1
sdv-id-HLTYHp,6acf86f6-e1b7-4af2-94ae-e54d8fd38455,1970-01-01,0,Gaming,317.72,ESP,ITA,1,0,0,1,0
sdv-id-UdaXZC,39b9c13a-56fe-472b-9acb-287dd5949c84,1970-01-01,0,Travel,1147.96,ESP,RUS,1,1,0,0,1
sdv-id-ZEWpsH,ca23792c-ac55-4173-a2a7-3ff5e498d1a8,1970-01-01,0,Travel,363.64,ESP,UKR,1,0,1,1,0
sdv-id-bTCXhb,98e41835-9b72-45f8-9323-1668f185ea7c,1970-01-01,0,Gaming,2454.27,ESP,BGD,0,1,1,1,0
sdv-id-IZXrHr,6441e11e-3ee1-4b8e-9fff-e8e67f387ce2,1970-01-01,1,Food,1245.97,ESP,DEU,0,1,1,0,1
sdv-id-vQmQlk,1383883b-118f-4972-a396-fc578c76560f,1970-01-01,5,Gaming,183.95,ESP,NGA,1,1,1,0,1
sdv-id-sZXtuI,527eecfa-a79a-49aa-9b4e-2c249479e1e6,1970-01-01,0,Tech,1177.59,ESP,BGD,0,0,0,0,1
sdv-id-zDCIas,6d56ccd8-0006-46d1-8715-60e4935f6c60,1970-01-01,0,Tech,75.27,ESP,USA,1,0,1,1,1
sdv-id-uuelhj,c44ba50d-cb6c-4a6e-bb95-8291f3dd69d1,1970-01-01,0,Retail,1878.75,ESP,PRT,1,0,0,0,1
sdv-id-SNdxap,3a0e618f-428f-4941-8a0d-72ce2bf6f6c4,1970-01-01,4,Gaming,798.59,ESP,RUS,1,0,0,1,0
sdv-id-UeVAnG,541a1fab-8c6c-4191-a92b-c7c4495fe032,1970-01-01,0,Food,1123.91,ESP,VNM,1,0,1,1,1
sdv-id-DUGZpW,8b2e1eb3-b523-41f3-9e3b-c735071f1a27,1970-01-01,0,Gaming,27.56,ESP,CHN,1,1,0,1,0
sdv-id-PEQDdA,03a35aed-3344-4c51-a7f6-55fb8b8943fd,1970-01-01,0,Retail,1401.02,ESP,RUS,0,1,1,0,0
sdv-id-DgCqPK,0f5f9707-a008-4c20-8272-88e6ff39a117,1970-01-01,0,Gaming,1236.02,ESP,UKR,0,1,0,0,1
sdv-id-Ustakd,e40b50e4-0a08-4989-833c-8f55a1298fa2,1970-01-01,0,Gaming,1677.97,ESP,FRA,1,1,1,1,1
sdv-id-tIAEUr,ef332684-17a1-456e-a586-5a547e1e35dd,1970-01-01,0,Tech,912.43,ESP,ARE,1,1,0,0,0
sdv-id-FNKsyH,cf1643a0-8860-4b56-a34f-2452efe9e8c9,1970-01-01,0,Food,48.16,ESP,ITA,0,0,0,1,0
sdv-id-UUIJfe,8c9bcaa6-07aa-440c-9762-0a6f6f24564d,1970-01-01,0,Gaming,1683.62,ESP,PRT,1,1,0,0,1
sdv-id-JUpRJF,7a03d8a0-9f5b-4ced-9765-e2bb52ce32e8,1970-01-01,5,Travel,391.64,ESP,RUS,1,1,0,1,0
sdv-id-XpuhXG,97a6e2bc-ec7c-46e6-be6d-39b86364d40f,1970-01-01,0,Gaming,885.5,ESP,PRT,1,0,0,0,1
sdv-id-kqqEoS,b5e5f62a-9a39-4c36-93c8-40115c2281fe,1970-01-01,1,Tech,2224.89,ESP,ESP,1,1,0,0,0
sdv-id-CUKGhD,8a693650-a9a2-49cd-bb6f-65df1d9d1d80,1970-01-01,0,Retail,1728.33,ESP,BGD,1,1,1,0,1
sdv-id-iyTxQi,8b0ed975-e20e-4794-9de5-d2eb28596e80,1970-01-01,0,Retail,73.51,ESP,JPN,1,1,1,1,0
sdv-id-bIHeHP,b93c3567-b432-4669-ad5b-a4d9ea14c6e5,1970-01-01,0,Tech,650.85,ESP,PRT,0,0,1,1,0
sdv-id-lISAox,40032b13-9195-464c-97e0-93ca623bb1c6,1970-01-01,0,Travel,245.15,ESP,JPN,1,0,0,1,0
sdv-id-FlglNw,c3528ba4-3f0e-424b-99fc-8579acd32f62,1970-01-01,1,Gaming,1735.25,ESP,ESP,0,1,0,1,0
sdv-id-LqyiIo,9c18e0ba-3eea-4cf0-93ff-d1ea14f872f6,1970-01-01,0,Travel,160.5,ESP,USA,0,0,1,0,1
sdv-id-vDPHiP,2ccda2af-4d64-4b63-866c-fb2b3754f16f,1970-01-01,0,Travel,1174.19,ESP,BRA,1,1,0,0,0
sdv-id-TfvTQB,973a9058-67d1-4b6f-9d57-20cdfa5223bb,1970-01-01,0,Gaming,775.3,ESP,ARE,1,0,0,0,0
sdv-id-bvsVxW,1ab01dc1-39db-4ebb-b538-c985c533af2d,1970-01-01,0,Travel,1289.24,ESP,RUS,0,1,1,0,1
sdv-id-vYVXIF,b78a2037-bd46-4bd5-82c5-2802aca65492,1970-01-01,4,Retail,394.32,ESP,GBR,1,0,1,0,0
sdv-id-YRUhWs,db30ddad-ab02-4104-98b4-7298a9caa03d,1970-01-01,0,Food,1117.29,ESP,GBR,0,1,1,1,0
sdv-id-Vxbbnv,36c59dac-b4d7-428e-a71e-3ee2b1a6b1f1,1970-01-01,3,Food,2333.23,ESP,ESP,1,1,0,0,0
sdv-id-kyiUMk,008d4127-6104-41e3-aa25-a8880f02bad0,1970-01-01,2,Travel,1149.64,ESP,IND,1,0,0,0,1
sdv-id-bYuSkM,2a07a49f-c880-4bae-9e82-328501e780a0,1970-01-01,2,Travel,1037.87,ESP,RUS,1,0,1,1,0
sdv-id-tAVjes,27d6b2e2-9e59-4f5d-91f1-df713a84be76,1970-01-01,0,Food,2354.72,ESP,RUS,1,0,0,0,1
sdv-id-WavTxw,2ce9b6cb-2d12-431f-b4c7-54f00f445302,1970-01-01,0,Travel,114.99,ESP,DEU,0,1,1,1,0
sdv-id-Vdwysv,4cb34663-7a21-4151-8166-a8b3f26bcebf,1970-01-01,0,Gaming,2071.47,ESP,UKR,1,1,0,0,0
sdv-id-KHqNpo,1c894d39-70a6-45fc-a03c-67ff4f0dc7bc,1970-01-01,0,Retail,463.09,ESP,DEU,0,1,0,1,1
sdv-id-JPBdGW,d4796110-b35e-45f5-a7f2-f49d41a51d1f,1970-01-01,0,Retail,1113.72,ESP,BRA,1,1,0,0,1
sdv-id-XRXoau,42f76d43-b818-4f1c-98a3-2011f1624df9,1970-01-01,0,Gaming,1748.88,ESP,ITA,1,1,0,0,1
sdv-id-BUnvMv,7c2a5ca2-0c92-4749-b3da-143e4962394f,1970-01-01,0,Retail,1314.26,ESP,BGD,1,0,0,1,0
sdv-id-NxNJxm,70c7556a-6576-496d-9f61-dbe1b7146c44,1970-01-01,0,Retail,1274.95,ESP,UKR,0,0,1,0,1
sdv-id-ISHFQl,1c894d39-70a6-45fc-a03c-67ff4f0dc7bc,1970-01-01,2,Gaming,1902.17,ESP,ESP,1,0,0,0,1
sdv-id-sXRvSC,e0f02008-24a9-44d7-9b48-c6fb333f117b,1970-01-01,0,Retail,404.0,ESP,RUS,1,1,0,0,1
sdv-id-hallEE,60363d28-2e27-483f-a220-134e79763bb0,1970-01-01,1,Tech,204.02,ESP,RUS,1,1,0,0,1
sdv-id-XYAPEk,9b0707e5-f68e-4e81-adf9-568bde0bde18,1970-01-01,0,Tech,2257.45,ESP,GBR,1,1,1,0,0
sdv-id-UfmPLe,781e2d35-2fa1-42bc-b4ce-5f319aff48af,1970-01-01,2,Retail,1948.32,ESP,PRT,0,1,0,1,1
sdv-id-zTmPfP,0afc13fb-6e8f-49bc-809b-61e40f46bb11,1970-01-01,0,Travel,60.71,ESP,FRA,0,0,1,1,0
sdv-id-cuqBVm,ce7ae7f6-3982-4cff-8f77-a665ac3c5640,1970-01-01,0,Food,1763.32,ESP,ESP,0,1,1,1,1
sdv-id-hwRNwM,92eef5bb-16b3-4ada-922f-0f9481d2645b,1970-01-01,1,Food,1511.0,ESP,ARE,1,0,0,0,1
sdv-id-hHoafA,3b59475e-c88a-4a74-80af-085d2b088fcd,1970-01-01,0,Gaming,99.11,ESP,IND,1,0,1,1,0
sdv-id-KkHgUB,c92c2f78-3768-408e-8177-497a25987d51,1970-01-01,1,Gaming,2202.58,ESP,VNM,1,0,0,1,1
sdv-id-tYyBsb,a2aba713-e5a7-4d2f-9547-19323e03a5ea,1970-01-01,2,Retail,2334.94,ESP,ARE,1,0,1,0,1
sdv-id-ImxuRb,2fe68a52-19a7-461b-a729-b06fa5db8ca3,1970-01-01,0,Travel,84.03,ESP,DEU,0,0,0,1,0
sdv-id-oZfgQt,433c2de9-a7e1-4fac-ae09-a9321879b203,1970-01-01,0,Retail,726.13,ESP,ITA,1,0,0,1,0
sdv-id-YhFTsc,34368737-28ff-4490-bd52-5a4e432c03e4,1970-01-01,0,Gaming,2116.82,ESP,NGA,0,1,0,1,1
sdv-id-RCEHSe,66b1f859-adb5-45e6-bb88-e4ef567f3096,1970-01-01,2,Retail,35.18,ESP,DEU,1,1,0,1,0
sdv-id-gXCaTs,8ba17407-2663-4334-b4a1-7f7a709240bc,1970-01-01,5,Retail,869.54,ESP,CHN,1,0,1,0,0
sdv-id-nWsphy,c1ff9427-9477-49d7-9265-80c067dfc9af,1970-01-01,0,Travel,1169.48,ESP,CHN,1,0,1,0,1
sdv-id-UstUAB,8bab9c9c-c026-4d51-a5c5-bce0dffbdc2d,1970-01-01,1,Travel,801.24,ESP,GBR,0,1,1,0,1
sdv-id-WEZQiP,a4c487d5-5b46-4364-816d-ea2630890e76,1970-01-01,0,Food,545.07,ESP,BGD,0,1,0,1,1
sdv-id-FMVpjf,22d00779-724d-4c00-882b-bc6fb8bf6903,1970-01-01,0,Travel,2424.23,ESP,NGA,0,1,1,0,1
sdv-id-JCRQAo,51f88167-796c-49ad-ab35-a9b90bfc8c45,1970-01-01,1,Retail,466.49,ESP,BGD,0,1,0,0,1
sdv-id-sfwZPf,77489b6b-97f3-471d-9ef7-5904b1d94480,1970-01-01,1,Travel,1122.85,ESP,ARE,0,1,1,0,0
sdv-id-poKkJe,6ed47a6d-87c9-4aac-b5d3-4f2f513bb65c,1970-01-01,2,Travel,1614.58,ESP,CHN,1,0,1,1,0
sdv-id-LrwKaa,0111fa05-308b-4146-aa87-9f65279c058a,1970-01-01,0,Travel,314.75,ESP,NGA,0,1,0,1,0
sdv-id-AnuQht,6dac527f-7c70-4586-a5e4-61324e66d424,1970-01-01,4,Travel,1652.16,ESP,DEU,0,1,0,1,0
sdv-id-WeyrsX,8c2aa0b1-8982-4bf8-a4e2-89c098be5ff0,1970-01-01,0,Travel,1491.96,ESP,VNM,0,0,0,0,1
sdv-id-HmkqWL,a4d546e1-7239-4201-a768-7c42b3468999,1970-01-01,0,Food,1945.0,ESP,ITA,1,1,1,0,1
sdv-id-GGRBNp,4c4c2c7d-b081-42b0-8c80-b56fa33be6ce,1970-01-01,1,Travel,482.91,ESP,BRA,0,1,0,1,1
sdv-id-NAseyL,a0624c48-d713-4c2e-a001-965b66f89b87,1970-01-01,0,Tech,803.69,ESP,IND,1,0,0,1,0
sdv-id-omPlFw,4b6c14e4-cc58-4b60-ba4e-8355f5e8a7e1,1970-01-01,0,Gaming,704.82,ESP,BRA,0,1,1,1,0
sdv-id-MSqtTP,de1d4653-d112-4bb8-a7b2-df91adbd2e33,1970-01-01,0,Travel,1115.04,ESP,DEU,1,1,1,0,1
sdv-id-DsJxnC,8844bc0c-accf-4130-a487-2e7708d16094,1970-01-01,0,Retail,1652.25,ESP,ITA,1,0,0,1,1
sdv-id-fZVcLn,7c53ccb0-96a8-4f54-b26a-18440cf2a69a,1970-01-01,0,Gaming,2082.77,ESP,ESP,1,0,0,1,0
sdv-id-VcdzJb,e9b1c4a1-da22-4b85-a9b9-2a1d457498ca,1970-01-01,1,Travel,1342.72,ESP,PRT,0,0,1,1,0
sdv-id-qnDOvN,628cdff8-67d9-48e4-993b-f230105a1242,1970-01-01,0,Travel,1387.25,ESP,DEU,1,0,0,1,0
sdv-id-WMwdzz,8456ce4f-7706-4136-8788-17ecc764032e,1970-01-01,0,Travel,2045.22,ESP,ARE,0,1,0,1,0
sdv-id-bRBKHw,02cd8d8f-1ee5-4544-9677-fc878b8657d5,1970-01-01,4,Gaming,2092.27,ESP,USA,1,0,1,0,1
sdv-id-DzsfqD,e51728b2-3832-4fc1-b50b-0860095ee97c,1970-01-01,1,Retail,2304.57,ESP,USA,1,1,0,0,0
sdv-id-EJYAIs,19a6f80e-f08c-46c2-b6ff-3521c2250530,1970-01-01,1,Retail,1303.38,ESP,ARE,0,0,0,1,1
sdv-id-PgsNaI,5027b309-cedb-4488-b623-87b49be9ec86,1970-01-01,0,Tech,2116.44,ESP,CHN,1,0,0,1,1
sdv-id-fpajMV,367d9053-bec2-440d-b0b8-1b2952044e75,1970-01-01,0,Retail,406.48,ESP,VNM,1,1,1,0,0
sdv-id-UPdmdz,3f55f644-f278-4488-a5be-290abd4fb6fc,1970-01-01,0,Tech,516.16,ESP,GBR,1,1,0,1,0
sdv-id-BnGzwO,14fe9960-a539-4212-a34a-35ebec2be308,1970-01-01,0,Gaming,489.26,ESP,GBR,0,1,0,0,0
sdv-id-VezxWn,25f5ed6f-c5e2-4dcc-b058-4d2027111b60,1970-01-01,1,Retail,496.25,ESP,ARE,1,1,1,1,1
sdv-id-OKbooa,ad4b24ec-5b67-4a25-82c4-5041e1831003,1970-01-01,4,Tech,1652.59,ESP,ITA,0,1,1,1,0
sdv-id-oShYkp,302cba2f-e45c-4d39-86c2-236ca2d43fa4,1970-01-01,0,Tech,2033.24,ESP,DEU,1,0,1,1,0
sdv-id-gcZYir,e5922f7a-d525-4a88-833b-88b0b677fcbe,1970-01-01,0,Travel,2449.0,ESP,JPN,0,1,0,0,1
sdv-id-wlSCDr,5450c61f-10e2-4676-a822-d1288c61e59f,1970-01-01,0,Tech,614.01,ESP,FRA,1,1,0,0,1
sdv-id-eeNZAZ,9d88e7a4-f763-41e6-9f9f-9701b819544a,1970-01-01,3,Gaming,325.74,ESP,ITA,0,1,0,1,1
sdv-id-lChjKd,996d9303-e3a0-40f1-8cd1-9e0c5dfa8933,1970-01-01,0,Tech,959.81,ESP,USA,0,0,0,1,0
sdv-id-WXTUvZ,0c5921f8-050d-4bfe-960b-f603a750350e,1970-01-01,0,Tech,985.91,ESP,CHN,1,0,1,0,1
sdv-id-jvQSas,a146704d-6dd0-4a83-b1d7-db6d8c0a5448,1970-01-01,4,Tech,582.97,ESP,NGA,0,1,1,1,1
sdv-id-gfSuYM,c0f2b34e-7365-449b-b770-28e6a53d2350,1970-01-01,0,Retail,1098.22,ESP,USA,0,0,0,0,1
sdv-id-oRKhvj,842ca512-f369-4683-96b5-cf7ae0389eb7,1970-01-01,0,Gaming,104.47,ESP,GBR,0,0,1,1,0
sdv-id-vGUJaL,b67af865-cfc3-445b-9464-cda8dbf7fa26,1970-01-01,1,Retail,899.12,ESP,ESP,0,0,1,1,0
sdv-id-FwdRVK,9d482c49-f53f-42d3-8df6-720520ff622c,1970-01-01,0,Food,1446.85,ESP,FRA,0,0,1,0,1
sdv-id-OajqXm,1901ef87-0dbf-4caf-988a-3f87f96d40f8,1970-01-01,0,Retail,944.05,ESP,DEU,0,0,1,0,1
sdv-id-hwCSSD,6d61c2b7-db31-4c10-b9c2-d65b6c5aaa25,1970-01-01,0,Travel,1699.24,ESP,BRA,0,0,0,1,1
sdv-id-XNsPsD,459e141c-ac1c-43b2-8f1a-4334997929e3,1970-01-01,0,Retail,1322.33,ESP,VNM,1,1,1,0,1
sdv-id-MJnytS,3b289bee-3ebc-4752-8b4f-e656b6819b33,1970-01-01,0,Retail,2368.41,ESP,RUS,0,0,1,0,1
sdv-id-QXADKm,ed174fdd-2dee-403e-81d9-6e9601a02047,1970-01-01,1,Travel,549.94,ESP,CHN,0,0,1,0,1
sdv-id-BNWlnd,dc6bf2c8-db18-4d46-8029-d6335b9559d0,1970-01-01,0,Gaming,2320.92,ESP,JPN,0,1,0,1,1
sdv-id-fErasn,8471b4b0-ae1b-4f69-b740-d83173318749,1970-01-01,0,Tech,2331.23,ESP,ITA,1,0,0,1,0
sdv-id-Hbfsxs,043486c3-a64d-4c1d-96f2-83191a936d0c,1970-01-01,5,Retail,287.11,ESP,DEU,1,1,1,1,0
sdv-id-HbpneQ,6a089aa0-e57c-4c02-ba85-e4036c80444b,1970-01-01,0,Gaming,578.22,ESP,DEU,0,1,1,0,1
sdv-id-HmCnlU,44424098-ba9c-4e3d-a5c3-79458063fce4,1970-01-01,3,Food,318.2,ESP,VNM,1,1,1,1,0
sdv-id-LZVMWy,2c8296ea-4482-4bb7-b17d-db7c6ded13fe,1970-01-01,0,Gaming,1608.16,ESP,PRT,1,1,0,0,1
sdv-id-aqKsTs,60b217f9-65f3-4984-9c0d-8fccf8f960bd,1970-01-01,0,Gaming,2222.02,ESP,ARE,0,1,0,0,1
sdv-id-gnvtPp,d5411860-8583-40bb-b2fb-59fd0c00f8ff,1970-01-01,0,Food,495.39,ESP,PRT,0,1,1,1,1
sdv-id-OVIFik,deeff82a-0dd7-4158-a9c1-65ae4c610ae8,1970-01-01,0,Food,312.52,ESP,ESP,1,1,1,1,0
sdv-id-lndKKP,53effcdf-ea7e-49ac-ae37-2e39af396095,1970-01-01,5,Retail,1944.6,ESP,ESP,0,1,1,0,1
sdv-id-UdtBxf,48f975a1-0cf2-4534-80b0-7a66790915e4,1970-01-01,0,Food,688.62,ESP,BRA,0,0,0,1,0
sdv-id-HZZPJv,d5897d69-a541-4b63-9261-d4df8d43830e,1970-01-01,0,Tech,2324.68,ESP,PRT,0,0,1,0,0
sdv-id-POnauk,3c1782b6-0317-401f-a140-387d684b724d,1970-01-01,2,Gaming,522.74,ESP,USA,0,0,0,1,0
sdv-id-vtqpZl,d5de293b-b9a8-47ba-a6dc-e997b2c454a4,1970-01-01,0,Food,1346.6,ESP,CHN,0,0,1,1,0
sdv-id-JqKphk,1b35caa1-c146-4fee-8235-1b4f59b164ca,1970-01-01,1,Travel,1848.4,ESP,ARE,0,0,0,1,0
sdv-id-CfEgvO,151248e1-1504-4b41-99c4-d7d61537846c,1970-01-01,0,Retail,2368.76,ESP,ESP,1,0,1,1,0
sdv-id-vHJdHF,74147301-673f-41eb-be7a-f953b6dd7eec,1970-01-01,5,Retail,1310.17,ESP,RUS,1,0,0,0,0
sdv-id-LiDpkl,1e92c0ae-d886-4de4-9585-3f0b6b691bd2,1970-01-01,0,Food,1641.23,ESP,FRA,1,0,0,1,0
sdv-id-ZGBIld,ef332684-17a1-456e-a586-5a547e1e35dd,1970-01-01,0,Food,1989.31,ESP,BGD,1,0,0,1,0
sdv-id-IQJCzk,9b47e639-4d25-41eb-af95-be79c971bf51,1970-01-01,0,Travel,770.44,ESP,VNM,0,1,1,1,0
sdv-id-yjPZjy,d7eaa90f-2e8a-4175-a721-837f624a7cab,1970-01-01,0,Retail,2145.25,ESP,GBR,1,1,0,1,0
sdv-id-EtrjaW,037825da-d399-456c-9c2b-498f054da360,1970-01-01,1,Travel,1065.15,ESP,ITA,1,0,0,1,0
sdv-id-MxZDuv,1df1f3f8-aa99-4c56-9a2e-d9053fb65c7e,1970-01-01,0,Gaming,115.01,ESP,UKR,0,1,0,1,0
sdv-id-kuYRBp,b774795e-00f7-4cd2-878a-53cf1fd33eeb,1970-01-01,0,Food,250.75,ESP,JPN,0,1,1,1,1
sdv-id-vBcPBv,48376b93-dde4-4e4f-83a3-01d05046f4a1,1970-01-01,1,Gaming,2353.98,ESP,ESP,1,0,0,0,1
sdv-id-EfxslW,cb371d97-cdcc-4d6a-9a16-998c7648776e,1970-01-01,0,Gaming,2218.34,ESP,GBR,1,1,0,1,1
sdv-id-ocqDVU,c524a1be-a6bb-451c-85d8-acf312a7186c,1970-01-01,2,Food,1209.6,ESP,BGD,1,1,1,0,1
sdv-id-GVMREG,72fcc072-544c-4132-9af9-7493e8e46b31,1970-01-01,2,Food,627.38,ESP,FRA,1,0,1,0,1
sdv-id-gKNITv,ff2e1955-fc6b-466b-a929-15a385cd74bf,1970-01-01,0,Travel,822.54,ESP,BGD,0,1,1,1,1
sdv-id-HCoylr,df8200b8-5b24-4b54-b9ad-97ae0ea761a6,1970-01-01,0,Food,2163.97,ESP,DEU,1,0,1,0,1
sdv-id-VPmHpl,d61b4a7d-4c41-4603-a90a-de9e226c8bcc,1970-01-01,3,Food,1385.6,ESP,IND,0,0,0,0,1
sdv-id-JXNsna,ead217d1-cefd-4dee-8590-f851fb385671,1970-01-01,0,Gaming,1277.77,ESP,RUS,0,1,1,0,1
sdv-id-DzMjib,05b3f116-2062-4446-bc9b-7cd1983e5d3b,1970-01-01,0,Retail,863.83,ESP,VNM,1,0,0,1,1
sdv-id-rHbvjI,58cd9df3-1100-44b8-b5d0-a2af1c06efa6,1970-01-01,0,Gaming,1157.51,ESP,IND,1,1,0,0,1
sdv-id-WeoPmj,322570ff-20ba-4b3f-8f0f-7109fddbeb80,1970-01-01,1,Gaming,22.2,ESP,CHN,0,0,1,1,0
sdv-id-REfblR,0f810db2-bbc1-486b-8bad-b9731ed01243,1970-01-01,0,Travel,1567.92,ESP,VNM,0,1,1,0,0
sdv-id-ctqVVh,309bcc9a-0a52-41cf-b5a9-c71f35c0690e,1970-01-01,0,Food,1736.28,ESP,JPN,1,0,1,0,1
sdv-id-VRJCgM,04220efc-9d43-4023-94ce-ea13c6ae96ec,1970-01-01,1,Retail,1555.65,ESP,RUS,0,1,1,1,0
sdv-id-SlYpYW,f060470c-b1c3-49d5-91e3-42b1cfc85399,1970-01-01,0,Gaming,561.86,ESP,ESP,1,1,0,1,0
sdv-id-XDJKPr,7b2acbee-4056-40d4-a25a-c0d9fce35a66,1970-01-01,0,Tech,1659.24,ESP,USA,1,0,0,0,0
sdv-id-xFGNos,d59ef0fd-1204-44d6-bbfb-1b710a683eb8,1970-01-01,0,Tech,2488.59,ESP,ESP,1,1,0,1,1
sdv-id-duhycu,b4a4cb80-2737-4316-b69b-8391e4ee8f51,1970-01-01,3,Tech,1915.78,ESP,PRT,0,0,1,0,0
sdv-id-QeuBVi,22ecf870-bb15-494a-aeb4-7b07823901c4,1970-01-01,0,Travel,383.23,ESP,DEU,0,1,0,1,0
sdv-id-mueviY,d0013b99-2fc2-4f20-a3ba-24b1408eff3d,1970-01-01,3,Gaming,1164.99,ESP,VNM,1,1,0,1,1
sdv-id-zLGUJy,9787edf2-c313-41be-89a2-7c560128e485,1970-01-01,0,Food,1016.37,ESP,IND,1,1,1,0,0
sdv-id-DFReXG,46a3cc71-ff2f-4883-963b-5481284e4cd4,1970-01-01,0,Travel,1470.56,ESP,VNM,1,0,1,1,0
sdv-id-akKQEl,b9a5d4d0-4237-41f1-bdac-dc5e20c0f275,1970-01-01,2,Retail,1964.59,ESP,USA,0,0,1,0,1
sdv-id-sYYJJW,19916116-3aa4-4cd6-b3f7-31b713759f4a,1970-01-01,0,Travel,2083.98,ESP,JPN,0,1,0,0,0
sdv-id-sgREjG,327375bf-5373-4f4d-9da4-9cb92fdc9992,1970-01-01,1,Tech,364.01,ESP,CHN,1,1,0,1,0
sdv-id-RCVibn,e6b7bbdf-43a8-4d29-a6b5-19bfbfd80514,1970-01-01,0,Travel,1251.2,ESP,UKR,1,0,1,0,0
sdv-id-rhoOPg,047d4bc7-2753-4c4a-9136-8ea85bd3494b,1970-01-01,0,Tech,716.46,ESP,BGD,0,1,1,0,1
sdv-id-VrtpFJ,8f80d1ef-4615-475c-8fa8-7a6500d35021,1970-01-01,0,Tech,1899.09,ESP,GBR,1,0,1,0,1
sdv-id-lwvCeZ,06205f4a-6e71-4848-9577-c13108b92ed4,1970-01-01,0,Tech,1406.32,ESP,USA,1,1,0,1,1
sdv-id-upUsbu,c353b9e4-8aa2-4756-8803-ad314e1e2f3d,1970-01-01,0,Food,1838.19,ESP,GBR,0,0,0,0,0
sdv-id-FlnOOW,48d3d2ce-fba3-491f-88df-aaf8b9efaad6,1970-01-01,5,Food,2474.24,ESP,ESP,1,1,0,0,1
sdv-id-HRLSTn,764d7e7c-8e49-40f9-acc5-c9de6a1d9731,1970-01-01,0,Travel,511.46,ESP,FRA,1,1,0,1,0
sdv-id-AVzRgD,b5def807-4a96-4478-a72b-dddd511eeeb8,1970-01-01,0,Gaming,1254.16,ESP,GBR,1,1,1,1,0
sdv-id-DSIEaW,7aa83419-7479-4994-a2fe-9cb4fcec1791,1970-01-01,0,Gaming,222.85,ESP,FRA,1,1,0,0,0
sdv-id-TtLJIR,3bb7a577-6529-480c-8ac0-8318b23b0c42,1970-01-01,0,Travel,1611.7,ESP,BRA,1,0,1,0,1
sdv-id-KHYsjd,10a423de-cf08-4c06-b87d-6e7a7c8f1e1a,1970-01-01,2,Retail,2169.59,ESP,FRA,0,0,0,1,1
sdv-id-bOJElN,00c818ba-a210-4d25-b92c-5f423f203c22,1970-01-01,0,Food,1626.89,ESP,IND,0,0,1,1,1
sdv-id-NVIxoU,95a05959-5637-4ea5-a365-bcfd04d299f8,1970-01-01,0,Retail,387.14,ESP,ITA,1,1,0,1,0
sdv-id-gGNDUm,f8ef6c71-2b9f-4f6a-a666-a9b49e5364dc,1970-01-01,0,Gaming,2306.48,ESP,ARE,1,1,0,1,0
sdv-id-VznJfT,5e1885c3-5037-4d6b-9a6b-6a7d1a38aad6,1970-01-01,2,Tech,1295.27,ESP,BGD,0,1,1,1,0
sdv-id-NsJVMP,cf8be8bd-d2fa-4b0a-b337-05f9894b9f90,1970-01-01,2,Retail,246.55,ESP,IND,1,1,0,0,0
sdv-id-ohSDeE,d58842de-a2bc-472f-b412-b29347294739,1970-01-01,0,Travel,2184.26,ESP,JPN,0,0,1,0,1
sdv-id-UyuzRR,db4862c2-d5ff-4a1f-b70b-9a290a530df9,1970-01-01,2,Retail,790.93,ESP,PRT,1,1,0,0,0
sdv-id-UlGdCy,7bd90579-f33b-49d7-aabb-1647d8386f30,1970-01-01,0,Food,1665.17,ESP,ESP,1,0,1,0,0
sdv-id-vJKTmH,aebfaef7-c940-438d-b673-99cd7aa38b4e,1970-01-01,1,Tech,2329.84,ESP,UKR,1,1,0,0,1
sdv-id-yAwReh,1c8739d3-1e8a-43aa-a87b-d62a2fbc8b9b,1970-01-01,4,Retail,1405.69,ESP,ITA,0,1,0,1,0
sdv-id-rvatjY,c3d08178-1d05-4dbf-add1-0250f713a7f8,1970-01-01,0,Travel,860.52,ESP,UKR,1,1,0,1,0
sdv-id-nRZxtA,e88081f9-cd6b-4aa0-8e9f-bfeb9a87e44d,1970-01-01,0,Food,1202.48,ESP,BGD,0,0,1,1,0
sdv-id-koZEnk,98e41835-9b72-45f8-9323-1668f185ea7c,1970-01-01,4,Travel,1418.16,ESP,JPN,0,0,0,0,1
sdv-id-vWnMIF,859b6ee4-9146-4391-8c25-9a1b240eb222,1970-01-01,5,Travel,1777.49,ESP,ARE,0,0,1,1,1
sdv-id-bzBXvx,d448bf65-6f18-45e8-bd1b-d63a6553c98b,1970-01-01,5,Food,1643.4,ESP,DEU,1,1,1,1,1
sdv-id-jLWPvo,75d1d776-14c0-4f6d-8764-51d3275dd459,1970-01-01,0,Gaming,1414.4,ESP,USA,1,1,0,1,0
sdv-id-aFLboB,11269f9e-03c0-4a01-8e98-6e40723182d4,1970-01-01,0,Food,2328.92,ESP,FRA,0,0,0,1,1
sdv-id-FVNjXm,74c0db3e-666a-4a82-a9cf-4c70e75641e0,1970-01-01,0,Retail,1008.88,ESP,ESP,1,0,0,1,0
sdv-id-VkLoIj,44ed98e2-8071-4c8a-b64e-26cf3c9ba542,1970-01-01,0,Travel,437.06,ESP,ESP,0,1,1,0,1
sdv-id-CVFVOR,d226a8b3-b674-410d-9218-c9d6c093bfb0,1970-01-01,0,Travel,1969.74,ESP,IND,0,0,1,0,1
sdv-id-mnIbnB,732fc932-ab96-4697-81e1-f813747ac231,1970-01-01,3,Food,106.76,ESP,JPN,1,1,1,0,1
sdv-id-EpPnqv,e6a98352-de8c-4a13-9bdf-d4cea125151b,1970-01-01,0,Travel,68.15,ESP,FRA,1,1,0,0,0
sdv-id-nnntGL,7393c675-a3cc-47c1-84b6-ae47ea0970c6,1970-01-01,0,Food,749.41,ESP,VNM,0,0,1,1,0
sdv-id-JSvppF,b9e8ba00-cd59-455d-950f-1ad2476a4f1d,1970-01-01,0,Food,656.06,ESP,BRA,0,1,0,0,1
sdv-id-lNsDcL,3cfc7050-ecb6-47a2-be1b-e3e9bee1dc65,1970-01-01,1,Food,840.73,ESP,BGD,0,1,0,0,1
sdv-id-zPAttz,9c07a751-1437-4509-acd1-586a2b840c67,1970-01-01,0,Food,431.44,ESP,ITA,0,0,1,1,0
sdv-id-kuiscw,2bacf712-d6a9-49e8-86d8-95e5219b606d,1970-01-01,4,Retail,1840.31,ESP,USA,1,0,0,1,0
sdv-id-rACXFP,433c2de9-a7e1-4fac-ae09-a9321879b203,1970-01-01,0,Retail,44.88,ESP,VNM,1,0,0,0,1
sdv-id-cJTSmR,25db9dbd-817f-4e3b-9a1a-59cf9b480ff5,1970-01-01,0,Food,1062.46,ESP,JPN,1,1,0,1,0
sdv-id-WxKZpe,44ed98e2-8071-4c8a-b64e-26cf3c9ba542,1970-01-01,0,Tech,192.55,ESP,ARE,0,1,1,1,0
sdv-id-CveFPv,cad04982-ceb2-4a32-b189-727f6a8d8a70,1970-01-01,4,Gaming,1018.63,ESP,USA,0,1,1,0,1
sdv-id-HCFcxA,d2b2cf4b-489d-4b8a-bab0-dbe0438e1bb9,1970-01-01,1,Gaming,97.36,ESP,ITA,1,1,0,0,0
sdv-id-FIZvqU,deeff82a-0dd7-4158-a9c1-65ae4c610ae8,1970-01-01,0,Retail,1338.47,ESP,VNM,1,1,0,0,1
sdv-id-ASPflf,6e4ebe99-8740-4c48-9854-83efb9a893f3,1970-01-01,0,Food,473.36,ESP,BGD,1,0,1,0,1
sdv-id-oHdHgH,abfb9abf-eb34-4953-b32a-f4e8e9d1c994,1970-01-01,5,Travel,1267.1,ESP,JPN,0,0,0,0,1
sdv-id-jOHPje,0a81870a-1ecf-4aec-9a11-ddf4be1a35c9,1970-01-01,0,Tech,25.75,ESP,RUS,0,0,1,0,1
sdv-id-qfIQhs,1270c935-ecc0-4aa6-bba4-f2ba94500024,1970-01-01,1,Gaming,1373.91,ESP,UKR,0,0,1,0,1
sdv-id-WNGheM,8da0365b-f898-47b9-805c-acec877409a9,1970-01-01,0,Travel,198.64,ESP,ARE,1,0,0,1,0
sdv-id-hOriar,4165964c-0b21-4308-86dc-4e34a9dcfe52,1970-01-01,0,Travel,1287.17,ESP,ARE,1,0,1,1,0
sdv-id-hVafVp,2ab8c610-e7e3-49b8-918d-a4887d5704df,1970-01-01,0,Gaming,334.94,ESP,JPN,1,0,0,1,0
sdv-id-CcuRRV,aac5e8a3-2567-4f2a-9227-b7accdca6bef,1970-01-01,0,Gaming,383.45,ESP,DEU,0,1,0,0,0
sdv-id-hDYiZG,6589ada1-345a-4934-b42a-2d939aba0f15,1970-01-01,2,Retail,1200.85,ESP,DEU,0,1,1,1,0
sdv-id-rdQFkG,d0013b99-2fc2-4f20-a3ba-24b1408eff3d,1970-01-01,0,Food,1124.92,ESP,BRA,0,1,1,1,0
sdv-id-tYXngJ,0e8fed60-d007-4d07-bffa-ea11b8469295,1970-01-01,0,Tech,490.23,ESP,UKR,1,1,0,1,1
sdv-id-vWfLTn,fef7d9ea-7f8e-4483-a8ca-aa1dc35bec2c,1970-01-01,0,Retail,2222.6,ESP,NGA,0,1,1,0,1
sdv-id-tKvyjd,da2777af-a6ed-4e6b-a43a-35624cdf5063,1970-01-01,0,Food,1762.8,ESP,ARE,0,1,0,0,1
sdv-id-MpQWfM,3585ac00-d3c8-44bd-b223-9f5d2dec9b01,1970-01-01,2,Travel,560.05,ESP,DEU,1,1,0,0,1
sdv-id-mFMyBc,1688782f-72b6-46ca-92b2-6acdcd1f75a3,1970-01-01,0,Gaming,1168.15,ESP,DEU,0,1,0,0,1
sdv-id-NKsONQ,90ae41e4-1a6a-4169-9386-5151b0921979,1970-01-01,0,Travel,536.06,ESP,BGD,1,1,0,1,0
sdv-id-cFRTrV,c996a54b-bcbb-4658-83e6-551e11dabe5e,1970-01-01,0,Gaming,718.48,ESP,JPN,1,1,0,1,0
sdv-id-qowTqW,acd819c6-11ba-43d4-bef3-ba2121cdbab6,1970-01-01,0,Food,1053.45,ESP,BGD,0,1,1,1,1
sdv-id-NZljRi,8a159e92-af74-4e63-8dc4-c81fa8fae904,1970-01-01,0,Tech,2249.45,ESP,PRT,0,1,0,1,1
sdv-id-OZLxaH,c33a8761-618f-478a-a66b-4b6db9ec28ff,1970-01-01,0,Retail,639.87,ESP,ESP,1,0,0,1,1
sdv-id-gHpYwt,15183e2c-3cca-4de2-b5c1-accc137d97fc,1970-01-01,0,Gaming,19.09,ESP,PRT,1,1,1,0,1
sdv-id-qCijvV,209595a4-602c-4604-93d7-54d6b30269aa,1970-01-01,0,Gaming,1058.57,ESP,BGD,0,0,0,1,0
sdv-id-NIVyUZ,e2459327-7122-4f95-a11b-2f5a9f14256f,1970-01-01,1,Food,795.91,ESP,ESP,1,0,0,0,1
sdv-id-rjVwcF,e3f9899a-62ba-4966-b388-cf1bd0f383cd,1970-01-01,0,Travel,2291.74,ESP,DEU,1,0,0,1,0
sdv-id-owjHWw,5c941cf0-dc98-42c1-a2ac-f72f9e574f7a,1970-01-01,3,Travel,884.73,ESP,ESP,1,1,1,1,1
sdv-id-FbfFIh,d26fdb7e-3d53-4342-a763-5620eaef318c,1970-01-01,0,Travel,1777.39,ESP,GBR,1,1,1,1,1
sdv-id-DTElym,17caf26b-cbfe-4d65-a23b-34635f6763a6,1970-01-01,0,Retail,520.91,ESP,PRT,0,0,0,1,0
sdv-id-iUOPhk,fb87ebc5-d986-4b5f-93fc-03bc3ef3d085,1970-01-01,0,Retail,1884.48,ESP,JPN,1,0,0,1,0
sdv-id-rPObkq,686cd27d-fd59-4efd-bd14-01de827aae2c,1970-01-01,0,Retail,2220.47,ESP,GBR,1,0,0,1,0
sdv-id-xHRXNs,d61a080a-3fec-4a37-95be-a8dc33e88249,1970-01-01,0,Retail,1548.0,ESP,NGA,0,1,0,1,0
sdv-id-DEBYSY,e8fb5a96-3b85-46e1-840f-54057a25ed81,1970-01-01,1,Travel,2369.2,ESP,IND,1,0,0,0,0
sdv-id-HUymiD,9ac1b7f0-a5b0-4be6-8d63-96fe022f6ca5,1970-01-01,0,Tech,818.34,ESP,BRA,0,0,1,0,0
sdv-id-xBtNMN,03b0c4c0-e6db-4a5b-8efc-8d6d500b3933,1970-01-01,0,Retail,1171.68,ESP,RUS,0,1,0,0,1
sdv-id-tVtZSA,3a20bb07-297c-4bb1-ae60-60c3fed6b3b6,1970-01-01,0,Travel,799.38,ESP,JPN,1,1,0,1,0
sdv-id-bFXKwk,f2203acf-8eed-4d34-b384-3346945f4281,1970-01-01,1,Retail,2476.6,ESP,USA,1,1,0,1,0
sdv-id-xHQoyH,92051da0-e264-4336-95ad-86bcf1db9ad8,1970-01-01,0,Retail,2253.09,ESP,IND,0,0,0,0,1
sdv-id-LSWzrg,9770a3db-e9fa-47e2-9bd9-3609b297a782,1970-01-01,0,Travel,2244.37,ESP,IND,1,1,0,0,0
sdv-id-DRwkrl,a92a9880-3684-4339-bfcb-cf3193ac009a,1970-01-01,0,Food,940.99,ESP,ARE,1,1,1,0,1
sdv-id-lDZKQw,ede02d33-a36d-4567-b3a4-4f408d3ba57f,1970-01-01,0,Food,1704.19,ESP,NGA,0,0,1,1,0
sdv-id-RGKXHI,0e98ddb8-bac9-4cc8-b3f2-72b2a6d5f800,1970-01-01,0,Travel,2258.98,ESP,BRA,1,1,0,1,0
sdv-id-ufGleB,b98f5dbe-15ae-4e0f-8777-a07f6346d4ef,1970-01-01,1,Retail,1366.3,ESP,NGA,1,1,0,1,0
sdv-id-IwooDh,2dc69c90-e5df-47af-a403-c4bc14860c2d,1970-01-01,0,Food,486.08,ESP,DEU,1,0,0,1,1
sdv-id-LxnVmI,c766dd63-683e-4858-9bbe-b0d9802ccb52,1970-01-01,1,Retail,187.26,ESP,IND,1,1,1,1,0
sdv-id-ESxWUr,84b871bb-3005-48d2-8de0-51a669ca97d2,1970-01-01,0,Gaming,458.49,ESP,USA,1,1,1,1,0
sdv-id-Inbbju,51bf4361-edb5-4b91-8a13-b17c8d938a1b,1970-01-01,0,Food,136.3,ESP,GBR,1,1,1,1,1
sdv-id-oDUzmy,6d268b37-8f52-42d3-94bb-bcf828fea761,1970-01-01,0,Retail,1496.94,ESP,PRT,0,0,0,1,0
sdv-id-awGvjh,92f77072-4c81-4d72-96fd-ad962681e5bb,1970-01-01,0,Tech,254.75,ESP,ARE,0,1,0,1,0
sdv-id-yGtgOy,51954d56-31b9-4512-907d-bc11c638be20,1970-01-01,3,Tech,2193.97,ESP,USA,0,0,1,0,0
sdv-id-TfVtuB,77489b6b-97f3-471d-9ef7-5904b1d94480,1970-01-01,0,Retail,1747.69,ESP,CHN,0,1,0,1,0
sdv-id-aETAQz,5ad2c420-f09d-4a8a-bcd9-915dc2b408fc,1970-01-01,1,Tech,2462.43,ESP,USA,1,0,0,0,1
sdv-id-npUsCB,cb08587d-1963-426d-ae21-8b099afd4015,1970-01-01,0,Food,2356.24,ESP,IND,0,1,0,1,0
sdv-id-ZsiymI,55f3ad50-e2fb-4984-bab2-7bcea39c3bd5,1970-01-01,3,Tech,844.27,ESP,USA,0,0,0,0,1
sdv-id-HIakry,38973d15-5319-4080-b581-94e004a06d55,1970-01-01,0,Tech,1855.74,ESP,PRT,1,1,0,1,0
sdv-id-Utpdvg,c8a723e9-bfa0-46c2-809c-b50648f1096d,1970-01-01,0,Retail,2437.87,ESP,NGA,0,1,1,1,1
sdv-id-uErUpB,1b2375d0-b38f-40f2-8dd8-67e55f26b2a6,1970-01-01,0,Gaming,856.44,ESP,CHN,1,1,0,1,0
sdv-id-guvaHG,5256e276-fba7-4385-a98a-fcb03ef527fe,1970-01-01,0,Gaming,2096.63,ESP,JPN,0,1,1,0,1
sdv-id-yJCfSA,ada45eb2-6873-414f-a6bb-097f5e1313b7,1970-01-01,2,Travel,1499.31,ESP,PRT,1,0,1,0,0
sdv-id-gHMEeC,15f2f85a-754a-4e48-a5b1-3afdaf2c20ac,1970-01-01,2,Food,1649.77,ESP,BRA,1,1,1,1,1
sdv-id-eHduLA,1df1f3f8-aa99-4c56-9a2e-d9053fb65c7e,1970-01-01,0,Gaming,360.2,ESP,DEU,1,1,1,1,0
sdv-id-BtMudm,752e7613-22eb-49b1-9f9c-b7e06328143e,1970-01-01,0,Travel,1957.92,ESP,DEU,1,1,1,1,0
sdv-id-VjjpdH,5c8bac02-8efa-4f51-b513-ee5300e208d1,1970-01-01,0,Retail,2428.41,ESP,CHN,1,1,1,0,1
sdv-id-WHvKGw,56689e24-fe39-4df5-be2e-e0669e30d1d6,1970-01-01,0,Retail,850.38,ESP,VNM,0,1,0,1,0
sdv-id-omBEkY,8e9a8e72-93fc-4973-b631-5c550ca3e980,1970-01-01,1,Tech,823.72,ESP,IND,1,0,0,1,0
sdv-id-RuMlPo,da018d29-6060-41eb-a53e-5f4c6c7e9a2c,1970-01-01,0,Tech,444.91,ESP,USA,0,1,0,1,0
sdv-id-GjFjsB,42f76d43-b818-4f1c-98a3-2011f1624df9,1970-01-01,0,Tech,1665.04,ESP,ESP,0,0,1,0,1
sdv-id-HTzjWg,7f695b97-e581-4601-84cd-c4e87225539d,1970-01-01,0,Tech,1978.02,ESP,ITA,0,1,1,0,0
sdv-id-xDatpR,aaae3222-3f19-4d0f-94c3-9b6d0e31275c,1970-01-01,0,Travel,1194.08,ESP,FRA,1,0,1,1,0
sdv-id-dGjsjg,d8485a54-531c-4812-bf31-950afdd084a1,1970-01-01,5,Tech,2060.26,ESP,JPN,0,1,1,0,1
sdv-id-ceGklR,25dbbe8d-a534-4425-aa69-b7f7b28d7cb8,1970-01-01,1,Gaming,1988.83,ESP,CHN,0,1,0,1,0
sdv-id-tjgxKa,c53a8da2-2f2f-4254-a22f-3da5dab2a215,1970-01-01,0,Retail,163.1,ESP,CHN,0,1,1,1,0
sdv-id-HaVtHY,94b58d54-67a2-4ab3-9af6-009939dd843f,1970-01-01,4,Food,547.45,ESP,ITA,0,1,0,0,0
sdv-id-BjsovW,b2f240e3-65e1-405b-bf8f-f33eee1595cf,1970-01-01,0,Travel,881.76,ESP,CHN,1,1,1,1,0
sdv-id-VzUEFC,2c6cdb5a-ac36-4cb9-8273-be68e6c51969,1970-01-01,0,Retail,1550.37,ESP,BRA,0,1,1,0,1
sdv-id-PIjqUf,79a0d586-369d-42ef-bb8e-e0e01ba34c18,1970-01-01,2,Gaming,641.28,ESP,FRA,1,1,0,1,0
sdv-id-cXsHoR,af5a7636-e8b8-4252-9670-cd19383e69a4,1970-01-01,4,Retail,344.38,ESP,BGD,1,1,1,0,1
sdv-id-LMxZQZ,d5411860-8583-40bb-b2fb-59fd0c00f8ff,1970-01-01,3,Travel,2040.43,ESP,GBR,1,1,1,0,1
sdv-id-ISWNOz,2812859a-1337-439e-8d4f-5d272c7f0b79,1970-01-01,0,Retail,2390.32,ESP,USA,0,1,0,1,1
sdv-id-aFFqwz,cc8fe6ce-b69f-427c-bae4-5d7ca1b1087e,1970-01-01,3,Travel,2098.91,ESP,BRA,0,1,0,1,1
sdv-id-XSwjdd,cd8563ca-193e-438d-b74c-0afa7f4d908c,1970-01-01,4,Food,1865.0,ESP,VNM,0,0,1,0,1
sdv-id-HmiuFQ,d0d74aa0-eecc-4146-9d7d-c0fd74cfb32b,1970-01-01,1,Travel,593.57,ESP,JPN,0,1,0,1,0
sdv-id-fhJpWT,504867ba-bf7b-439b-8f9a-ea4b8acd4e10,1970-01-01,0,Tech,1031.13,ESP,RUS,1,0,1,0,0
sdv-id-dUaxbb,5aa249bf-c827-4447-b8d8-e484d4e384a3,1970-01-01,0,Travel,305.46,ESP,GBR,1,0,1,1,0
sdv-id-YggDrM,f424b79c-27b0-416b-8f8d-4107c4d5ac13,1970-01-01,0,Tech,2453.37,ESP,VNM,0,1,1,0,1
sdv-id-ePFPCy,a7d4cf50-f791-41e5-83f9-cd6b797ebe87,1970-01-01,5,Food,2475.66,ESP,JPN,0,0,1,0,0
sdv-id-iHkVJt,a83db2df-e4aa-412a-a682-13c7a525dcd0,1970-01-01,4,Retail,1047.21,ESP,VNM,1,0,0,0,0
sdv-id-ymNdWR,52587a1a-226e-4ecb-b175-7e7df545752a,1970-01-01,0,Food,51.73,ESP,VNM,1,1,1,0,0
sdv-id-BFQvjO,01a0960b-ba89-434b-b224-7627c1e0248e,1970-01-01,0,Food,2383.44,ESP,CHN,1,1,1,1,0
sdv-id-FQFdFT,b9a693ef-3571-4561-bd12-c52be64f17e3,1970-01-01,0,Retail,807.06,ESP,JPN,0,1,0,1,0
sdv-id-kGmRwZ,be30cae9-5c83-498e-8f5e-7840bdc551bb,1970-01-01,0,Gaming,719.45,ESP,JPN,1,0,0,0,1
sdv-id-LMrrsT,d2e9c930-eeec-475d-8772-36d0c39b7cb2,1970-01-01,3,Travel,959.01,ESP,VNM,1,0,0,1,0
sdv-id-hZbBRa,c4f4b844-46c1-42a5-bec8-8839ec35c3de,1970-01-01,5,Gaming,1498.51,ESP,ARE,0,0,1,0,1
sdv-id-FruLCt,d59ef0fd-1204-44d6-bbfb-1b710a683eb8,1970-01-01,4,Food,109.96,ESP,GBR,0,1,0,0,1
sdv-id-PLXVtm,e2c94a44-2248-4e75-9885-dca5cac5ebc7,1970-01-01,0,Travel,1586.77,ESP,FRA,0,0,1,0,0
sdv-id-fVFeZg,1f27e8b5-62e0-4868-b701-74857b18c0a5,1970-01-01,0,Gaming,1682.9,ESP,ARE,0,1,0,1,0
sdv-id-YWOLOI,e212f7e1-8f63-42bb-ae41-115540bf6f6b,1970-01-01,0,Tech,284.99,ESP,ITA,1,1,1,1,1
sdv-id-YXbKoz,e05b46c5-5636-4094-a974-31db09a9d1c1,1970-01-01,0,Tech,962.78,ESP,UKR,1,0,0,0,1
sdv-id-JBQabP,0328a80d-9ba5-458b-8585-36b7cf6d2a9d,1970-01-01,0,Travel,960.69,ESP,ITA,0,1,0,0,1
sdv-id-hvdVsJ,53ab3cce-264a-404f-909e-21ba8a38d5aa,1970-01-01,0,Travel,1911.08,ESP,USA,0,1,0,1,1
sdv-id-FzyRtL,e6fe01cc-5553-431a-afd9-d09a8a74a19a,1970-01-01,0,Tech,2360.87,ESP,VNM,0,1,0,0,0
sdv-id-jQaMOz,c24369e7-2387-4af6-94c3-a832b231c60b,1970-01-01,5,Retail,674.76,ESP,IND,1,0,0,0,1
sdv-id-YwxESy,0937a982-96f4-4688-b33b-5a5d0a45f604,1970-01-01,0,Travel,343.39,ESP,RUS,1,0,1,0,1
sdv-id-bbatnv,b94eb6f8-9d50-4e83-9fd2-4b9aa5279af5,1970-01-01,0,Gaming,466.31,ESP,NGA,1,0,0,1,0
sdv-id-YpuVee,47d34d63-8d5c-45f9-a379-742aabcd21c3,1970-01-01,1,Retail,345.47,ESP,CHN,0,0,0,0,1
sdv-id-VaCUHD,2ecaf629-44e2-4691-92de-d495e4f1e8e8,1970-01-01,3,Food,302.58,ESP,UKR,0,1,0,1,0
sdv-id-BpROgj,c4b27b21-bc0d-46ed-bb12-2ee53d305a07,1970-01-01,1,Tech,1206.12,ESP,VNM,0,1,0,0,1
sdv-id-IsJkxl,a0a11839-e745-4704-98df-bc3ca0d4de3d,1970-01-01,0,Food,440.25,ESP,USA,0,0,1,0,1
sdv-id-cJyzFg,c5384872-deaa-443e-9edb-be71de2a2ddf,1970-01-01,0,Retail,1541.63,ESP,DEU,1,1,0,1,1
sdv-id-JlatcG,0604f4e7-7e02-4b3f-8a25-cec8c3fa363d,1970-01-01,4,Food,1970.8,ESP,ESP,1,1,0,1,0
sdv-id-nQqeMF,4eeb87ff-c064-4074-8847-b130dd56030e,1970-01-01,0,Retail,2174.71,ESP,BGD,1,0,1,0,0
sdv-id-KOQNoy,9fafc17e-92a2-419d-b4c7-0241990cb8bf,1970-01-01,3,Retail,846.78,ESP,FRA,1,0,1,1,0
sdv-id-NyvCpT,9398daad-d527-4a01-8085-fa43a7faaf3a,1970-01-01,0,Tech,1056.55,ESP,JPN,0,1,1,1,0
sdv-id-OiCLDn,a525c6d1-71d8-47b8-b16c-e5583e364321,1970-01-01,0,Retail,515.59,ESP,BGD,0,1,0,0,1
sdv-id-hxiNHs,3bcdf203-459e-4674-b3e7-f042516c3b0a,1970-01-01,0,Food,377.02,ESP,UKR,1,0,0,0,1
sdv-id-oCJpRM,2e9b8fb5-01c9-4e2a-a726-f649e650cae5,1970-01-01,0,Retail,1229.87,ESP,FRA,0,0,1,0,1
sdv-id-FNSuYa,de1d4653-d112-4bb8-a7b2-df91adbd2e33,1970-01-01,0,Retail,236.91,ESP,UKR,1,1,1,0,1
sdv-id-OWVsHU,6333257a-90bc-450e-ba19-e10d89e4d2f0,1970-01-01,0,Retail,662.22,ESP,JPN,1,0,0,1,0
sdv-id-OONFLC,0be23972-5d2d-44f9-b297-8c7d37b3b0f6,1970-01-01,1,Retail,2253.75,ESP,GBR,1,0,1,1,1
sdv-id-iDVJMT,5c8bac02-8efa-4f51-b513-ee5300e208d1,1970-01-01,0,Retail,2176.52,ESP,PRT,0,1,0,1,1
sdv-id-oSYYcH,0dbdc5da-7875-45b9-9e26-ed31d9e92758,1970-01-01,2,Tech,1258.18,ESP,RUS,0,0,1,0,1
sdv-id-NDkrft,c0249b51-307c-4f63-8591-a81891fb8925,1970-01-01,0,Retail,825.14,ESP,BGD,0,1,0,1,1
sdv-id-XjoTBh,c28fa16b-0aa6-4cb9-81bc-be59d296a12d,1970-01-01,5,Travel,2489.54,ESP,UKR,0,1,0,0,1
sdv-id-vfHBNu,3c861a6a-f55d-48b9-929f-9fa53b6a38cf,1970-01-01,0,Gaming,370.32,ESP,VNM,1,1,1,1,0
sdv-id-KqrGXO,61e5cdd9-741d-40f6-bded-3f17ab76faa9,1970-01-01,0,Tech,2399.29,ESP,IND,0,1,1,1,0
sdv-id-PdXqKF,407e8506-1ec4-416d-801b-a459ec7fdc2e,1970-01-01,0,Gaming,1589.77,ESP,BGD,1,0,1,0,1
sdv-id-wqtTwI,f84a9bca-2ab7-413d-899b-316743b6c14b,1970-01-01,3,Travel,1874.61,ESP,USA,0,1,0,1,0
sdv-id-qAiIfj,bd29ede9-cab4-423b-b448-83858de7ad6c,1970-01-01,0,Tech,54.5,ESP,CHN,1,1,1,1,1
sdv-id-rhpzVL,fe389c35-e28c-459c-8124-14079870fafa,1970-01-01,0,Travel,78.28,ESP,CHN,1,0,1,1,0
sdv-id-JhCZrt,60310461-26d3-4222-b3b7-0b634beef160,1970-01-01,0,Food,818.12,ESP,NGA,0,1,1,0,1
sdv-id-NtxhBp,e78e4df0-955c-41d2-90c4-9c2be8c451fc,1970-01-01,1,Gaming,1095.66,ESP,ESP,1,0,1,0,1
sdv-id-lZvyii,ae5ec365-72eb-4474-9458-054ec2874f06,1970-01-01,2,Tech,101.92,ESP,IND,0,0,0,0,1
sdv-id-bXTyrd,b3345e5b-dca3-4a0a-85c1-9ddb917f8389,1970-01-01,0,Food,1297.07,ESP,VNM,0,0,1,1,0
sdv-id-OqqYQG,d01dcc22-e22a-45cc-aec1-3f6e6a6c0216,1970-01-01,0,Food,1861.63,ESP,NGA,0,0,0,0,1
sdv-id-kbXuGn,295c1b59-3807-4a8e-be3b-eb35e1ebef9c,1970-01-01,1,Retail,1483.6,ESP,IND,0,1,0,0,1
sdv-id-TELoXl,0217ea0e-8964-40ab-8926-ce5f78786140,1970-01-01,0,Gaming,698.61,ESP,GBR,0,0,0,0,1
sdv-id-ONLYCq,1027fbf7-3877-40f0-9d99-d4c5cc96bf43,1970-01-01,0,Tech,152.11,ESP,FRA,0,0,0,1,0
sdv-id-rfFwDk,305a1bef-6909-43c4-ab13-b71df96846e7,1970-01-01,0,Food,92.04,ESP,USA,1,1,0,1,0
sdv-id-vWyADG,aa31e22b-4cda-4e1c-b065-7d730e0ec75e,1970-01-01,1,Travel,659.51,ESP,USA,1,0,1,1,0
sdv-id-UhEnpV,5675c8f3-104c-4350-8e8b-76a2082f2fb9,1970-01-01,0,Retail,1256.02,ESP,UKR,0,1,0,1,0
sdv-id-UIizsa,2ab202c2-cc02-43c6-a2d9-03c8a61acd8e,1970-01-01,0,Gaming,1547.61,ESP,JPN,0,0,0,0,1
sdv-id-imJZmS,fcba6c80-8c7a-4939-bf0d-d3c2ac4dcd33,1970-01-01,5,Retail,791.32,ESP,VNM,0,0,1,1,0
sdv-id-NNxvwb,daea3e48-da75-4fd5-b345-8e147523b4be,1970-01-01,0,Travel,597.92,ESP,DEU,1,1,1,1,1
sdv-id-XYbjCL,c2a663d6-d34c-41f2-a746-cfa4724eb58d,1970-01-01,0,Tech,1489.54,ESP,ARE,1,0,1,0,1
sdv-id-AXvIhQ,2ddcc829-0d24-421d-97a3-5108d7b3c866,1970-01-01,1,Gaming,1646.87,ESP,FRA,1,1,1,1,0
sdv-id-rhJzYN,561be345-fad9-41e5-90ac-12e9a84966af,1970-01-01,0,Gaming,2219.47,ESP,GBR,1,0,1,0,1
sdv-id-eZgFyL,673ba8bd-c38c-4dec-9da3-9a73ba3df7ff,1970-01-01,0,Food,2069.1,ESP,ITA,1,1,1,1,0
sdv-id-FKyDcT,0111fa05-308b-4146-aa87-9f65279c058a,1970-01-01,0,Food,1468.55,ESP,FRA,0,0,1,1,0
sdv-id-bJdhTe,d9996d9d-61eb-4774-a563-7759e10abc64,1970-01-01,0,Travel,1086.75,ESP,RUS,1,0,1,1,0
sdv-id-dOBCjB,0473b982-d1a5-49db-8b90-b03d1c00b895,1970-01-01,0,Tech,544.18,ESP,NGA,1,0,1,0,1
sdv-id-OiWGzy,c04f4bd0-bcfe-4408-9ac7-25a740b60c17,1970-01-01,1,Retail,1767.66,ESP,GBR,0,1,1,0,1
sdv-id-nreaIo,3c83861e-ddf0-40a2-88ef-e82b1f3eea66,1970-01-01,5,Retail,2397.26,ESP,VNM,1,1,1,0,0
sdv-id-cDRIcX,9341dd73-a5d8-4541-ae82-2ce612b1d17e,1970-01-01,0,Gaming,54.08,ESP,ESP,1,0,1,1,1
sdv-id-hTbkWh,6b2e9570-2767-433c-8fd5-8d211eb830f6,1970-01-01,3,Retail,53.08,ESP,GBR,0,1,1,0,1
sdv-id-knaPXa,9fafc17e-92a2-419d-b4c7-0241990cb8bf,1970-01-01,0,Retail,867.27,ESP,IND,1,1,0,1,1
sdv-id-jNyFWS,ac58d464-eb16-4eb0-8434-917090f43724,1970-01-01,0,Gaming,147.41,ESP,UKR,1,1,0,1,0
sdv-id-BNwYLt,421becca-0f60-40f3-bef7-24105528dc45,1970-01-01,3,Food,794.55,ESP,JPN,1,0,0,1,0
sdv-id-zCVVHA,068055f3-5511-4558-bc42-43526d987038,1970-01-01,0,Tech,83.48,ESP,BGD,0,1,0,1,0
sdv-id-SOjIOA,5ad2c420-f09d-4a8a-bcd9-915dc2b408fc,1970-01-01,1,Gaming,2317.32,ESP,UKR,1,0,0,0,1
sdv-id-lwQawz,6cea8e8a-34c3-4b73-ad0c-082bcb7857a9,1970-01-01,0,Travel,849.78,ESP,FRA,1,0,1,1,1
sdv-id-sHQrtu,50d0f83d-adb1-4e7a-a1cb-052772e5e892,1970-01-01,0,Travel,1343.65,ESP,UKR,1,1,0,1,0
sdv-id-KrbZZn,0cff84c2-eb41-4e2f-b31b-58facffd1e28,1970-01-01,0,Food,778.13,ESP,ARE,1,1,1,1,0
sdv-id-jOaAzA,4cca3dda-7cbb-4627-9929-c7c73709d7d3,1970-01-01,0,Tech,46.68,ESP,PRT,1,1,0,0,1
sdv-id-QjePJf,c23dd884-ca5f-4cf2-9726-6a28dd7d8ff7,1970-01-01,0,Tech,777.31,ESP,BRA,1,1,0,0,1
sdv-id-LqaFUj,bf337a15-1e08-4f20-bdd1-51b0f64ab6ec,1970-01-01,0,Travel,1275.97,ESP,ARE,0,0,1,1,0
sdv-id-geBFyX,b2cc4372-6532-43ae-96f7-91ac4cf6a297,1970-01-01,4,Retail,1090.63,ESP,RUS,1,0,1,0,0
sdv-id-ujYHKi,3b59475e-c88a-4a74-80af-085d2b088fcd,1970-01-01,0,Gaming,1268.95,ESP,ITA,1,1,1,0,1
sdv-id-PAyKSu,4c60429b-a17c-4064-a98a-488827f49771,1970-01-01,0,Food,1176.38,ESP,PRT,1,0,1,0,1
sdv-id-CPwmIt,03d6af3f-2c72-4675-92c8-3bfc5b48961f,1970-01-01,0,Gaming,2309.21,ESP,FRA,1,1,1,0,1
sdv-id-BfFwac,cd14eacb-7da8-4631-8c6d-8ddd1edfc59e,1970-01-01,0,Food,461.83,ESP,VNM,0,0,1,1,0
sdv-id-GkCwLY,35ba9357-3ca8-4f31-8fd7-f3b9c68fcba5,1970-01-01,0,Tech,1060.42,ESP,BRA,1,1,0,1,1
sdv-id-sZwdQs,05e6d708-0874-488e-94a3-e5aedb9f658f,1970-01-01,0,Retail,1501.27,ESP,NGA,0,1,0,1,0
sdv-id-euVTWR,d10327ba-fa9f-4b46-b908-2fbdebd4e04b,1970-01-01,0,Gaming,555.82,ESP,UKR,0,1,0,0,1
sdv-id-DRtdMX,8d2434f9-963d-48bf-b97e-3984ded7d3ef,1970-01-01,0,Travel,95.17,ESP,ARE,0,1,1,1,0
sdv-id-gAfefJ,e827a1b9-d4a0-4e53-ad3e-e1dc81392443,1970-01-01,0,Travel,250.36,ESP,UKR,1,0,1,0,1
sdv-id-ZESdgF,54a7b69b-1cd6-4b09-8f0e-6d2b315c167a,1970-01-01,0,Tech,2461.57,ESP,USA,0,0,0,1,1
sdv-id-PAiWus,c971d849-e3fb-4c48-9cf1-16dcc4b03ad1,1970-01-01,0,Travel,541.47,ESP,PRT,0,1,0,0,1
sdv-id-ITdoqc,2056dff5-1f58-4eca-bb01-7c93a525e50b,1970-01-01,4,Retail,1379.74,ESP,DEU,0,1,1,1,0
sdv-id-pqaWdV,f37985df-fa59-407b-a0a7-ca57858117a1,1970-01-01,0,Food,1433.66,ESP,RUS,1,1,0,1,0
sdv-id-aINACo,141b9098-8892-47fe-8f2e-45efabbe274a,1970-01-01,0,Gaming,50.07,ESP,JPN,1,1,1,1,0
sdv-id-yKKuqK,7ed70ed7-b194-490b-a961-929e546e035a,1970-01-01,0,Tech,643.2,ESP,NGA,0,0,1,1,0
sdv-id-wnBinz,6fc1aaeb-340c-48c9-9b96-4db13c7686e5,1970-01-01,1,Travel,2485.23,ESP,BGD,0,1,0,0,1
sdv-id-dsaZgS,894a05e4-30b1-47ef-b10c-0c003fa7f104,1970-01-01,0,Food,1561.21,ESP,FRA,0,1,1,0,0
sdv-id-pAemHV,3a8c8ed5-a06a-468a-9cac-3d21a5a8c8af,1970-01-01,0,Gaming,745.68,ESP,JPN,0,1,1,0,1
sdv-id-TEiFof,deeff82a-0dd7-4158-a9c1-65ae4c610ae8,1970-01-01,0,Travel,538.58,ESP,ARE,1,1,0,1,1
sdv-id-tAgAqZ,7393c675-a3cc-47c1-84b6-ae47ea0970c6,1970-01-01,2,Retail,2395.1,ESP,ESP,0,1,0,0,0
sdv-id-ZzePRs,0a677292-755a-4c3d-91ae-757c8607f228,1970-01-01,0,Tech,673.93,ESP,GBR,0,0,0,0,0
sdv-id-snzxDm,9ec620e0-e143-40ad-ad98-567ecb8fe981,1970-01-01,0,Retail,70.85,ESP,NGA,1,0,1,1,0
sdv-id-IMXLAm,b34efd5b-6e73-4276-b065-42ee2e519870,1970-01-01,0,Gaming,1094.15,ESP,VNM,1,1,0,1,1
sdv-id-edpLnA,2ea756a8-229e-4406-aab7-6dd1152b5e5f,1970-01-01,4,Travel,2003.38,ESP,FRA,0,0,1,0,1
sdv-id-RAmIaO,3429ce3b-8931-4697-a4ab-a2a0b1cbc263,1970-01-01,1,Tech,292.66,ESP,VNM,0,1,1,1,0
sdv-id-iYFWKr,64ac70a3-e84c-4940-b83f-136dd7684211,1970-01-01,0,Retail,2040.24,ESP,PRT,0,1,0,1,0
sdv-id-aKNDBP,55e7cbb3-da10-464f-823b-efcb6195b4ec,1970-01-01,0,Food,1388.89,ESP,DEU,0,1,1,0,1
sdv-id-CIIMcg,ce92b021-8173-4a2a-83b5-b2bd1eec4d0d,1970-01-01,0,Tech,848.05,ESP,UKR,1,1,0,0,1
sdv-id-alwqfN,ac484366-68bd-40d7-8b88-1c32cbb02a8b,1970-01-01,0,Food,489.38,ESP,USA,1,1,1,0,1
sdv-id-vcExkv,61539a40-7efa-48a5-9600-8c5a9a6f5a60,1970-01-01,0,Gaming,2390.73,ESP,FRA,0,1,0,0,1
sdv-id-zXVUcA,debf96d3-c64a-48bf-b4aa-e84ad5382419,1970-01-01,1,Travel,1668.37,ESP,UKR,1,0,0,0,0
sdv-id-jkFHrA,ffd8ca90-cc12-444b-bdcc-5163cf3b5aa8,1970-01-01,0,Gaming,738.79,ESP,FRA,0,0,1,0,0
sdv-id-funcRF,2548f600-e2f2-4f04-8bd6-a07d813ee22d,1970-01-01,0,Travel,1843.48,ESP,ARE,0,1,0,0,1
sdv-id-UzmHdn,74533044-2e07-436d-9f8d-367d6cfaf2dd,1970-01-01,0,Gaming,2112.97,ESP,NGA,0,1,1,0,1
sdv-id-UDWmRx,7a5d7c82-86c5-447c-851a-00393803dcee,1970-01-01,0,Travel,867.95,ESP,NGA,0,0,1,1,1
sdv-id-iWIKXn,84c86c46-2359-4fa4-b4ad-af890ff1aa9f,1970-01-01,5,Retail,2408.29,ESP,VNM,0,0,0,1,0
sdv-id-sgKYiR,4563abbe-5188-4a26-8ca3-3a5459ae7302,1970-01-01,0,Tech,407.62,ESP,FRA,0,1,1,0,0
sdv-id-xCUsGj,0eb7a76e-aeec-4022-8a8a-205221feaf01,1970-01-01,2,Retail,578.09,ESP,BGD,1,0,1,0,1
sdv-id-ObPPep,03a3574a-919c-4735-8b33-b7a051634a91,1970-01-01,0,Food,1712.42,ESP,NGA,1,1,1,1,1
sdv-id-bQnGtT,1f22b194-32ce-4db1-88fb-27dce88f12a4,1970-01-01,2,Travel,1691.37,ESP,FRA,0,0,1,0,1
sdv-id-wrApNE,03864649-c4e0-41c7-ad18-50e92d53cf30,1970-01-01,0,Travel,480.08,ESP,VNM,1,1,1,1,0
sdv-id-BQZzBe,25db5946-a091-45b4-9293-8e6eff4d0930,1970-01-01,0,Food,412.31,ESP,IND,1,0,1,0,0
sdv-id-nhQtTX,b6658a34-5263-4028-add2-d8c076da3875,1970-01-01,0,Gaming,703.03,ESP,PRT,1,0,1,1,1
sdv-id-hIHssk,103d24cf-fdfb-4585-961f-e564c4384a7e,1970-01-01,1,Travel,1451.89,ESP,VNM,0,1,0,0,1
sdv-id-wVpItC,c37180d4-91e6-40dd-972a-bf118f415cf0,1970-01-01,1,Tech,2080.46,ESP,JPN,1,0,1,0,1
sdv-id-KAiLdi,f2f94b2c-8e10-414f-b1b2-f143078b13a9,1970-01-01,0,Food,1963.91,ESP,GBR,0,1,1,1,1
sdv-id-foXxjL,a5dd2836-e65f-49fa-838c-2eafa8097a77,1970-01-01,4,Food,287.11,ESP,ARE,0,1,1,1,0
sdv-id-FNYdov,6c24dcaa-5660-42e1-a46c-d3c18c45fc9e,1970-01-01,0,Food,2443.93,ESP,JPN,0,0,0,1,1
sdv-id-hmyrvv,4e4b36aa-d424-4390-9108-61bb3a42168f,1970-01-01,3,Food,2431.06,ESP,BGD,1,1,1,1,0
sdv-id-HjLATh,cef24e8a-d1fc-4fa4-816c-aa347d96e941,1970-01-01,0,Food,337.34,ESP,BGD,1,0,1,0,0
sdv-id-dmBsOt,076979d6-4477-4442-b187-53e6d4578ad9,1970-01-01,1,Food,301.29,ESP,UKR,1,0,0,0,0
sdv-id-SVNjHW,542fbdd4-e714-41a3-9bf9-bfad03b93598,1970-01-01,0,Travel,724.23,ESP,PRT,1,1,0,1,0
sdv-id-OfSVCh,3b1d12cf-3b70-4092-98ab-182c3b1d0181,1970-01-01,0,Retail,2383.2,ESP,ITA,0,1,1,0,0
sdv-id-IBbpic,fd0a5f40-113e-4dde-9ce2-0449011cb53c,1970-01-01,0,Tech,609.37,ESP,DEU,1,1,1,0,0
sdv-id-ggJRLP,5fa5e0aa-9b11-4530-bd24-7c11bf6b8cdf,1970-01-01,0,Retail,858.13,ESP,BRA,1,1,0,1,1
sdv-id-yqBiXN,ffba331a-dbe8-43ef-8b47-88c1153fb118,1970-01-01,0,Retail,989.68,ESP,CHN,0,1,1,1,1
sdv-id-kgmVpf,8aedea8a-87e0-413b-a87f-edee201162af,1970-01-01,1,Food,1476.63,ESP,PRT,0,0,1,1,0
sdv-id-TbROXu,48cd42c0-5a66-419e-a5f9-80460c1d180e,1970-01-01,0,Retail,2328.05,ESP,FRA,1,0,0,0,1
sdv-id-bXiqUm,9a2363fe-6901-488c-bd8a-3090353a044d,1970-01-01,0,Tech,1466.8,ESP,PRT,0,0,0,1,0
sdv-id-mwZONU,e65664ac-9e54-4175-9b42-9d0e5a239f52,1970-01-01,3,Travel,360.65,ESP,CHN,0,0,0,1,0
sdv-id-KOmkBr,ce92b021-8173-4a2a-83b5-b2bd1eec4d0d,1970-01-01,5,Travel,288.04,ESP,FRA,1,0,0,1,0
sdv-id-JpGGNx,adb94a81-6843-44a1-b3c1-114d4e8a10cb,1970-01-01,1,Tech,2095.23,ESP,DEU,0,1,1,0,0
sdv-id-JCkWFA,70aa9992-80c0-4667-9e18-23a23708eb7f,1970-01-01,4,Tech,427.35,ESP,FRA,0,0,0,1,0
sdv-id-UTgSjH,3f381a63-a4ac-4176-8882-7b82da6d33da,1970-01-01,0,Travel,779.21,ESP,CHN,0,0,0,1,0
sdv-id-sPCymy,91f97c16-81b6-43bd-8846-8d499ac11a87,1970-01-01,1,Gaming,1752.35,ESP,CHN,0,1,0,1,1
sdv-id-SOrMeu,fe318a9e-8e49-4061-9805-aa2b2d6436ea,1970-01-01,1,Food,453.81,ESP,RUS,0,1,1,1,1
sdv-id-cJnGnf,1f873b46-c0a0-473a-a3d7-e6a119b814fc,1970-01-01,3,Tech,2448.92,ESP,FRA,1,0,0,1,0
sdv-id-zwapsl,5a744822-fd07-4913-a657-abb6b81f2807,1970-01-01,0,Retail,939.05,ESP,BRA,0,0,0,0,1
sdv-id-ErgtcB,25637cc3-ca97-4bf5-95d5-96afa663d2cd,1970-01-01,0,Retail,1000.92,ESP,ARE,1,0,0,1,0
sdv-id-lgYIJD,3e83b91f-2544-4fe0-ae41-7d475ff595ea,1970-01-01,0,Tech,1092.68,ESP,ITA,0,0,1,0,1
sdv-id-AOiRPE,b3ada2ba-7972-49c0-80b3-74f88c1ab2c7,1970-01-01,0,Gaming,369.02,ESP,VNM,0,0,1,1,0
sdv-id-qFNhcP,c0249b51-307c-4f63-8591-a81891fb8925,1970-01-01,1,Travel,2078.32,ESP,ARE,1,1,1,0,1
sdv-id-StTpJz,8ebc6d7e-c8a6-4b85-8d56-bff669c9520f,1970-01-01,0,Tech,1092.77,ESP,BRA,0,1,0,0,1
sdv-id-bssUUI,5e4c4fd1-4623-43a9-b2f8-dbabb462e3e8,1970-01-01,0,Food,620.48,ESP,DEU,0,0,1,1,0
sdv-id-HwKSgO,bab4eb77-959f-4841-ad19-312dde3b5a64,1970-01-01,0,Food,2463.01,ESP,DEU,0,1,0,0,1
sdv-id-JldGkO,2323f3de-92f0-428e-892b-3dc3a937dfd6,1970-01-01,0,Retail,2229.16,ESP,BGD,0,0,1,0,0
sdv-id-oAHHEG,87ad8b26-8eaa-4841-aaa0-426df7c0d5f7,1970-01-01,5,Food,1231.85,ESP,GBR,0,0,1,0,1
sdv-id-hYFgJU,c544a049-6811-4a5c-8e3f-d50bf28c635f,1970-01-01,0,Gaming,1741.73,ESP,ESP,0,1,0,1,0
sdv-id-mcZnMn,b71a72c1-582c-497f-8eb4-762ed32b3c0d,1970-01-01,3,Retail,1999.09,ESP,UKR,1,0,1,0,1
sdv-id-fsaNCh,177a8a5f-6ffe-43b3-94bf-7a4b25b8a42f,1970-01-01,0,Gaming,693.68,ESP,USA,1,1,0,0,0
sdv-id-ehDLwW,592448ee-7ac1-44f9-8472-f9f6ec6494e0,1970-01-01,0,Food,2011.71,ESP,FRA,1,0,0,0,1
sdv-id-mmRtMt,fc8ade6a-9051-485e-8b7c-e5c690968629,1970-01-01,0,Tech,2447.13,ESP,JPN,1,0,0,1,0
sdv-id-lzibeW,e7a33be5-5323-44aa-b056-fa5a4317abe4,1970-01-01,0,Food,337.93,ESP,ESP,0,1,0,1,1
sdv-id-UzzWlQ,695ae210-973c-4616-b945-cfd4678ea95f,1970-01-01,0,Gaming,206.61,ESP,JPN,1,0,1,0,0
sdv-id-DiicOL,c3c49506-1e8e-46ed-8748-03793ea7f419,1970-01-01,1,Gaming,1426.93,ESP,ARE,0,1,1,1,1
sdv-id-jEDBIF,9ab8180f-5647-4889-81c4-f6187925b7d5,1970-01-01,2,Food,1768.76,ESP,IND,1,1,0,1,0
sdv-id-onVjEY,3eb862c6-676c-469f-b8f9-1075a08145d2,1970-01-01,1,Travel,1483.01,ESP,CHN,0,0,1,0,1
sdv-id-louRfU,7428a656-b3ee-4d3b-9a10-412954aebd1b,1970-01-01,4,Food,2463.12,ESP,GBR,0,1,1,0,1
sdv-id-IrDbJD,c3f9c78c-af70-4164-bf16-44542685602c,1970-01-01,0,Tech,1799.26,ESP,FRA,0,1,1,0,1
sdv-id-aoeivo,3e16918f-7648-48d7-a934-3f601ccfb86d,1970-01-01,0,Travel,2028.9,ESP,CHN,0,1,1,0,0
sdv-id-DnJWwk,226f93e7-9e5f-492d-b9c2-92597310453d,1970-01-01,0,Food,1159.14,ESP,DEU,0,0,1,1,0
sdv-id-Nszhqa,c1ed3940-610d-484a-b4a4-ed3c7f0643ea,1970-01-01,0,Food,343.31,ESP,BGD,0,1,1,1,0
sdv-id-UKoOGA,3a20bb07-297c-4bb1-ae60-60c3fed6b3b6,1970-01-01,0,Travel,64.46,ESP,UKR,1,1,1,0,1
sdv-id-QnyLTa,b366ffd1-ae4d-4a19-a2c2-aa2466e9a80e,1970-01-01,2,Retail,277.71,ESP,IND,1,0,0,0,1
sdv-id-ewGiEc,5c508720-f982-44e0-8603-156a15eacbcf,1970-01-01,4,Gaming,236.05,ESP,PRT,1,1,1,0,1
sdv-id-WGJCdU,5a8d9931-5ebb-4417-b523-8331243711ee,1970-01-01,0,Gaming,440.41,ESP,BGD,0,0,1,1,1
sdv-id-MaTUsz,35910434-d342-46c9-8d88-136e67f778de,1970-01-01,0,Gaming,1333.43,ESP,RUS,0,0,1,1,0
sdv-id-nGANWK,1ad4ac13-5040-49fa-890d-58e579c9f246,1970-01-01,1,Food,2048.78,ESP,ESP,1,0,1,0,1
sdv-id-RcXYaS,d4980e1d-201c-4f3b-8f3b-5f066de28a01,1970-01-01,0,Tech,1370.04,ESP,IND,1,1,0,0,0
sdv-id-QSPINM,edc2735d-b26d-4ebe-bf13-d74a5c7f35ce,1970-01-01,5,Retail,129.18,ESP,USA,0,0,0,0,0
sdv-id-fTthqQ,35b823e4-2016-4e6d-8eb3-9f633a00c83e,1970-01-01,0,Retail,1607.08,ESP,ITA,1,0,1,1,0
sdv-id-PoDhuV,0345eeda-2de6-4d5b-9e10-a3a0addb8943,1970-01-01,0,Travel,541.38,ESP,ESP,0,0,1,1,0
sdv-id-prTFDh,d2c07522-9cb1-4954-8e83-2587315eb39f,1970-01-01,1,Gaming,691.4,ESP,GBR,0,1,1,1,1
sdv-id-yJexPi,624c69b6-b244-45a7-b7e5-848131c681ec,1970-01-01,0,Travel,1372.93,ESP,GBR,0,0,1,0,1
sdv-id-MPNIkR,4a7109c6-74f8-4694-bc95-9cad75e7f531,1970-01-01,0,Travel,1042.5,ESP,CHN,0,1,0,1,0
sdv-id-fuZSRY,a8575900-7a8c-4c36-a5d7-71639b2aeea6,1970-01-01,0,Gaming,1838.62,ESP,VNM,0,0,1,0,1
sdv-id-VhVKza,74b565f8-d8cf-4b88-9a37-a5048d2e304b,1970-01-01,1,Gaming,247.21,ESP,BRA,1,0,1,0,1
sdv-id-tdSWnD,8d737aa2-0ab8-42ea-bac7-0b9c60155570,1970-01-01,0,Gaming,2405.72,ESP,FRA,1,1,1,1,1
sdv-id-YXPWod,55caab20-a54d-42ab-8442-7173e8c9ec24,1970-01-01,0,Travel,1209.51,ESP,UKR,1,1,1,1,0
sdv-id-IHVbaY,40f895ff-2335-4f7f-ae57-927f730cce0e,1970-01-01,0,Retail,672.27,ESP,NGA,1,0,1,1,1
sdv-id-VEZSco,9696e833-4728-4df6-8532-499e08a43ec0,1970-01-01,0,Gaming,418.2,ESP,FRA,0,0,0,1,1
sdv-id-JfQffY,2207cb65-b197-4ed1-857a-e3fff8ed08ae,1970-01-01,1,Travel,532.72,ESP,BRA,1,1,1,0,0
sdv-id-xKifDp,b641d449-31f0-4021-9b6f-be204b3a9a83,1970-01-01,0,Gaming,277.96,ESP,ARE,0,1,0,1,0
sdv-id-fKcQNk,b9a693ef-3571-4561-bd12-c52be64f17e3,1970-01-01,5,Travel,559.78,ESP,UKR,0,0,1,0,0
sdv-id-KhWNpS,94ab24e9-6794-4589-b7ef-ef05d8fd2048,1970-01-01,0,Gaming,2157.16,ESP,RUS,1,1,0,1,0
sdv-id-hsosDo,9edd5a9b-a920-435f-92eb-985f38cfa8b6,1970-01-01,0,Travel,1755.09,ESP,ARE,0,0,1,1,0
sdv-id-zibFyM,6150e216-2fd0-49b1-9f68-1283d4bed77b,1970-01-01,0,Tech,406.05,ESP,ESP,1,1,1,1,1
sdv-id-WKDlvJ,555b9d60-8851-4075-bdbd-210bc2490241,1970-01-01,2,Food,1896.05,ESP,BRA,0,1,0,1,1
sdv-id-MCLviM,99ef827f-d3d4-4dd3-a05a-34f5d0126e91,1970-01-01,0,Travel,2120.13,ESP,IND,1,0,1,1,0
sdv-id-dFeEXm,2067bdac-88bd-43d1-b540-b30e039f3a25,1970-01-01,0,Retail,1263.5,ESP,ITA,1,0,1,0,1
sdv-id-Qmkkaz,f2011d1d-eead-49ed-b740-41d4f37ab829,1970-01-01,0,Gaming,1285.86,ESP,RUS,1,1,0,0,1
sdv-id-qEBUIJ,72176085-f3fd-4abb-be8b-a891d5c4b30a,1970-01-01,0,Gaming,1299.97,ESP,USA,0,1,1,0,0
sdv-id-nEWHLQ,753659ef-d873-4ad9-9a1b-af0e591196dc,1970-01-01,2,Food,1183.49,ESP,PRT,0,1,0,1,0
sdv-id-utgbVx,d5b26840-f4b3-493f-8b38-2c494853338d,1970-01-01,0,Tech,1336.44,ESP,ARE,0,0,1,1,0
sdv-id-HLwluC,b66e550b-5c8a-4866-af9c-5cfbafe601c5,1970-01-01,0,Tech,368.24,ESP,ARE,1,0,0,0,1
sdv-id-kKKisx,f7f2194d-dead-4c99-b8f3-90f48956c35c,1970-01-01,0,Tech,1426.1,ESP,CHN,1,1,1,0,1
sdv-id-tlKPOm,e58e8fb6-3c88-4bee-a4d4-dba98cf7fbd8,1970-01-01,5,Gaming,2141.01,ESP,BGD,1,1,1,0,1
sdv-id-ZIoRbl,f7222fbe-ea06-494b-a310-ff72ad62d094,1970-01-01,0,Retail,2279.88,ESP,UKR,0,0,1,0,1
sdv-id-MevZZp,2adfedf8-786f-486a-b90a-3610b0b55ce7,1970-01-01,0,Retail,1791.22,ESP,UKR,0,0,0,0,1
sdv-id-gwMNQE,bf06d520-d88a-417b-a543-38df173d5030,1970-01-01,0,Retail,1086.14,ESP,BGD,1,0,1,0,1
sdv-id-bGDpyp,e2d4c43c-de0a-4e83-bba8-6e1e34a148ba,1970-01-01,0,Retail,953.73,ESP,ITA,0,1,1,0,1
sdv-id-oYvfHO,cb40fcdd-9cd2-4a08-bd3c-83c3667139de,1970-01-01,0,Gaming,1048.66,ESP,NGA,1,0,0,0,1
sdv-id-vZESXN,c14988c8-7804-47be-8cfa-0607003402c6,1970-01-01,0,Food,2190.38,ESP,BGD,0,0,1,1,0
sdv-id-UGaUzH,c97a24ad-41b4-45b8-99b9-222c115affac,1970-01-01,2,Travel,542.1,ESP,VNM,0,0,1,1,0
sdv-id-KlRffl,cbc72f1a-cf08-4a54-b429-9924c0986750,1970-01-01,0,Travel,1203.13,ESP,NGA,1,0,1,0,1
sdv-id-ROAKWi,a3bdd4d6-0a01-48b6-8ab6-3e0f3cfbc642,1970-01-01,0,Gaming,1767.57,ESP,GBR,0,0,1,0,1
sdv-id-UFFvwd,ba1306b5-be54-49d8-b305-72452a9fb994,1970-01-01,5,Travel,2082.17,ESP,UKR,0,0,1,0,1
sdv-id-QFOLVG,0244e4d7-5ac2-4176-a6ed-ef302fa80808,1970-01-01,5,Travel,2145.68,ESP,GBR,1,1,0,0,1
sdv-id-nZVGjc,75cd3e5c-7a24-4720-a7e2-92992bf6d915,1970-01-01,1,Retail,2149.94,ESP,PRT,0,1,1,0,1
sdv-id-bXcmAp,2541f181-f29e-425b-bed0-4e680d250730,1970-01-01,0,Travel,658.03,ESP,NGA,1,1,0,0,0
sdv-id-csacKq,0a14e77e-918b-4860-81a9-6b3b90cc44af,1970-01-01,1,Travel,2041.62,ESP,BRA,0,0,1,0,1
sdv-id-jOJDVQ,ce92b021-8173-4a2a-83b5-b2bd1eec4d0d,1970-01-01,0,Gaming,1601.4,ESP,FRA,1,0,1,0,1
sdv-id-iOUGZQ,3d76c659-256d-4405-b93d-f0b6b60301aa,1970-01-01,0,Tech,718.88,ESP,IND,0,0,0,1,0
sdv-id-bPbAni,7b7510b5-65dc-4e7f-8420-ccd08206be0c,1970-01-01,0,Gaming,123.65,ESP,GBR,0,0,1,0,1
sdv-id-Zmalmu,57cb9e5b-0337-4b0b-8ec2-9e07ee0c2303,1970-01-01,0,Food,792.88,ESP,DEU,0,1,0,1,0
sdv-id-MwrYsE,6a5b54e4-f0e2-4a55-a84c-3ab4e5b2df55,1970-01-01,0,Travel,1141.62,ESP,GBR,0,0,1,0,1
sdv-id-ObHxQT,cb08587d-1963-426d-ae21-8b099afd4015,1970-01-01,0,Food,2443.56,ESP,BRA,1,1,0,1,1
sdv-id-Iuwwui,5f1930e0-cda7-4451-8dfe-f6332a31edfd,1970-01-01,0,Tech,585.17,ESP,PRT,1,0,1,1,0
sdv-id-HmSndP,2a07a49f-c880-4bae-9e82-328501e780a0,1970-01-01,0,Food,205.15,ESP,BRA,1,1,0,0,0
sdv-id-KICHsR,9191b363-4e2d-4645-adc7-cac7fd72b050,1970-01-01,0,Retail,172.44,ESP,JPN,1,1,0,1,1
sdv-id-ByfImB,7f5efb6b-cdf4-4137-9e15-433b68b1211a,1970-01-01,0,Food,2441.19,ESP,JPN,1,0,0,1,0
sdv-id-arIRGo,4258828b-a23e-489b-8367-70b21a3a1233,1970-01-01,1,Gaming,1208.17,ESP,VNM,1,1,0,0,1
sdv-id-eUTnFO,9d9daa19-72d5-4a20-80b6-11a2ef6c1067,1970-01-01,0,Food,605.33,ESP,PRT,1,0,0,1,1
sdv-id-MrFiYC,d5db677f-08bb-429f-a277-279b2498a9f2,1970-01-01,0,Gaming,1394.84,ESP,ITA,1,0,1,0,0
sdv-id-ICKtFS,c60e35b6-6864-4e6b-b400-c7a10de825b2,1970-01-01,2,Gaming,315.46,ESP,JPN,0,1,1,1,0
sdv-id-AZDYKy,4563abbe-5188-4a26-8ca3-3a5459ae7302,1970-01-01,0,Travel,149.67,ESP,ARE,0,0,0,1,0
sdv-id-aPdHzv,3a0e618f-428f-4941-8a0d-72ce2bf6f6c4,1970-01-01,0,Retail,1012.5,ESP,CHN,0,1,0,1,0
sdv-id-DNjUfD,1f5df912-54e0-4431-8f13-3b65d450afa2,1970-01-01,4,Retail,496.64,ESP,CHN,0,0,1,0,1
sdv-id-xEpmfu,3a363b3a-8aa7-4eb9-a3cb-29bd5c1947e1,1970-01-01,0,Retail,326.14,ESP,USA,1,0,1,1,0
sdv-id-CboJpI,6db42d26-868c-4cdd-8ef1-53c8fa1c6272,1970-01-01,0,Food,1223.1,ESP,VNM,0,0,1,0,1
sdv-id-iRislq,c6acdcaf-a4ba-4ef5-a84a-f9d8428e31ed,1970-01-01,0,Food,1224.41,ESP,USA,0,0,0,0,1
sdv-id-iaFbxH,856188e7-566b-4b3a-b247-fae286161c8e,1970-01-01,0,Gaming,2411.0,ESP,IND,1,1,1,0,1
sdv-id-SUAGJi,43ef2016-2c9b-462e-840a-3aae52e2afd9,1970-01-01,0,Retail,1246.3,ESP,UKR,0,0,0,0,1
sdv-id-ddAskP,1dc06c56-5fa2-4598-a30e-8584e09187e7,1970-01-01,4,Gaming,590.76,ESP,IND,0,0,0,0,1
sdv-id-MOcKik,9f8ceda5-feb9-4a24-933c-8d0086800a0b,1970-01-01,1,Gaming,1548.64,ESP,BGD,1,1,0,0,1
sdv-id-ZnCEAs,c8d0f9e5-9919-45ea-98d0-0c2c17d30f32,1970-01-01,0,Retail,319.04,ESP,GBR,1,1,0,1,0
sdv-id-oYZtzl,ec8a7209-afd1-4425-9de2-134c1e3a7063,1970-01-01,5,Travel,633.44,ESP,UKR,1,1,1,1,0
sdv-id-ZRyDct,0a2d6f03-8f46-4f34-9da8-558369cb2141,1970-01-01,0,Retail,286.83,ESP,ESP,1,1,1,0,1
sdv-id-HNUbNd,d0afb235-ade6-4f51-a670-93a0fc48f615,1970-01-01,0,Travel,64.18,ESP,USA,1,0,1,1,0
sdv-id-akzyqJ,1dd18fcf-b99b-4d2d-b72a-69289c7871de,1970-01-01,0,Gaming,238.64,ESP,DEU,1,1,1,0,0
sdv-id-vGwXBC,c44b04e8-f51e-4df3-86c3-998e8f14aac7,1970-01-01,0,Travel,2324.89,ESP,CHN,1,1,0,0,1
sdv-id-pebiUH,e22f3884-1f90-41b1-95eb-44d98459f302,1970-01-01,0,Food,876.32,ESP,ITA,0,1,0,1,0
sdv-id-qGoXkz,3fab0c74-bbbb-4ccc-8d8e-352b37328d15,1970-01-01,0,Travel,2131.79,ESP,FRA,0,0,1,0,0
sdv-id-uFZqmm,1c96c12a-19be-4adf-a7d8-8614b991f5ea,1970-01-01,0,Travel,1875.61,ESP,GBR,0,1,1,1,0
sdv-id-ypinxD,b3bcc2da-bec6-4834-8982-211e54292824,1970-01-01,1,Tech,1087.27,ESP,IND,1,0,0,0,0
sdv-id-msMvLW,f7c12030-7c0e-4e33-910c-798391237a9d,1970-01-01,0,Travel,1410.75,ESP,BGD,0,0,1,1,1
sdv-id-alfVRP,39520c71-2e31-4772-abc2-bdd4d736d90c,1970-01-01,0,Gaming,2178.57,ESP,IND,1,1,0,0,1
sdv-id-mAeoiU,9edd5a9b-a920-435f-92eb-985f38cfa8b6,1970-01-01,0,Gaming,1038.93,ESP,ARE,1,1,1,1,0
sdv-id-BhfqGu,a859decd-1c77-457a-b87a-eedb9d5ac380,1970-01-01,0,Tech,642.41,ESP,BRA,1,1,0,1,0
sdv-id-kDakjB,d25b1508-5c9f-448d-92c5-ab6b61a8fcee,1970-01-01,0,Retail,439.98,ESP,PRT,1,0,0,0,1
sdv-id-mYdppV,adcd2655-e447-450c-adcc-227088258647,1970-01-01,0,Tech,1022.88,ESP,FRA,1,1,0,0,0
sdv-id-mTDqxh,420079f5-1dc3-426e-bb62-659e0700749a,1970-01-01,5,Tech,2176.63,ESP,IND,1,0,0,1,1
sdv-id-duinRb,22af711f-1b62-4a9d-b536-6b9f320f72c0,1970-01-01,5,Gaming,210.34,ESP,BRA,0,0,1,1,1
sdv-id-WPOshf,e4602d31-4e9f-47a7-96d4-fdfff2602a26,1970-01-01,5,Tech,1010.39,ESP,CHN,0,1,1,0,1
sdv-id-YWsNxg,8da5d39b-42c2-4797-8426-fcc9255b30e2,1970-01-01,1,Retail,1254.69,ESP,CHN,0,1,0,0,1
sdv-id-REjPHh,8c44d60f-8efe-49c3-93b9-1ea14211c052,1970-01-01,5,Tech,1020.93,ESP,IND,0,1,1,0,1
sdv-id-ClLwPm,a9f7c6d1-c647-4ae2-8490-9370e430fb91,1970-01-01,0,Food,1325.21,ESP,UKR,0,1,1,0,0
sdv-id-lDTCHD,998deba3-6ec8-461b-9336-d4dec5e9d3c3,1970-01-01,0,Travel,1617.23,ESP,PRT,0,1,0,1,0
sdv-id-YrXRqc,e921f231-72ea-4e11-b32d-e5305ade80d4,1970-01-01,0,Food,805.55,ESP,CHN,0,1,1,1,1
sdv-id-aoiXXG,accb461a-9d13-4363-9f29-4a8bd1846c39,1970-01-01,0,Food,1661.27,ESP,ARE,1,1,0,1,0
sdv-id-maGErx,b8e44b7b-98fd-43b5-9575-cb44d5f8a246,1970-01-01,0,Retail,498.68,ESP,ARE,0,0,0,0,1
sdv-id-SgTFRh,66ea0949-adab-4b01-bce8-e033fb70fbf3,1970-01-01,1,Travel,1162.99,ESP,ITA,1,1,1,1,0
sdv-id-FPLHlB,8a02711e-02f3-44d0-aeb8-c6eb700affff,1970-01-01,0,Tech,1070.11,ESP,PRT,0,1,0,1,0
sdv-id-bngwDX,93e0f235-4e80-410b-bd0e-e0b640f7924b,1970-01-01,0,Tech,2109.76,ESP,JPN,1,1,1,0,0
sdv-id-OGpEPg,e2aebd53-b89b-4995-a32e-3ac453fe40e3,1970-01-01,1,Tech,2401.28,ESP,NGA,0,1,1,1,1
sdv-id-rRboDm,74533044-2e07-436d-9f8d-367d6cfaf2dd,1970-01-01,0,Tech,1833.54,ESP,ESP,0,1,0,0,1
sdv-id-uNeqQr,bcda835f-71a0-4ff8-ab8d-a34058c158e2,1970-01-01,5,Gaming,801.35,ESP,IND,1,0,1,0,1
sdv-id-kWofBL,8332b29b-8099-4da1-b5d9-2b5574dcbf13,1970-01-01,1,Retail,1058.33,ESP,RUS,1,0,1,1,0
sdv-id-EVGnYh,973a9058-67d1-4b6f-9d57-20cdfa5223bb,1970-01-01,0,Gaming,1966.58,ESP,RUS,1,0,1,0,1
sdv-id-aaErGo,f747e5cd-9457-4290-a8e6-c1fb81f4d97b,1970-01-01,0,Tech,1065.15,ESP,JPN,0,1,0,0,1
sdv-id-IrFKSu,6f97aebd-e15d-4642-8a84-bd349d345ce9,1970-01-01,1,Travel,1999.62,ESP,VNM,1,1,1,1,0
sdv-id-wOgMen,1e767433-fe95-4f4a-ad56-c7c7ae455311,1970-01-01,1,Food,1769.47,ESP,ARE,0,1,1,1,0
sdv-id-VIRUUv,c94f6ed3-4a2f-4876-ae93-561538da9a90,1970-01-01,0,Travel,300.87,ESP,USA,0,1,0,1,0
sdv-id-zqshMT,e6e987ca-b87b-4384-9fdd-de2ea8a2b7ad,1970-01-01,4,Food,1613.78,ESP,ESP,1,0,1,0,1
sdv-id-mBWNwP,4954105b-8948-4754-88e9-18f965f0bb99,1970-01-01,0,Gaming,1814.29,ESP,VNM,0,0,0,0,1
sdv-id-TvXhuD,d240ef02-a968-4fc1-ba5c-865db8344070,1970-01-01,0,Tech,478.96,ESP,FRA,1,1,1,1,1
sdv-id-OBKtgp,78feec67-356c-4206-81e1-f8363cf61621,1970-01-01,0,Gaming,518.94,ESP,ESP,0,0,1,1,1
sdv-id-cgnAtm,69d99775-acda-4a9c-ac4d-9dd16d91e8b9,1970-01-01,1,Gaming,1198.86,ESP,PRT,1,0,0,0,1
sdv-id-BeRvui,06905ba5-17e0-4df5-97df-85b33429c8cf,1970-01-01,0,Food,929.71,ESP,VNM,1,0,1,1,0
sdv-id-GxHOFT,2ccda2af-4d64-4b63-866c-fb2b3754f16f,1970-01-01,0,Tech,1266.48,ESP,PRT,1,0,1,0,1
sdv-id-qsbjBL,5727bd83-1ac2-499a-bcd6-572f301b5b4e,1970-01-01,0,Food,2310.94,ESP,CHN,1,0,0,0,1
sdv-id-DyuewT,3a1b16b9-57ea-48ad-b5b0-0f9f4fc86ae9,1970-01-01,0,Food,904.71,ESP,FRA,1,1,0,1,0
sdv-id-sqlUFJ,3af31608-b0ea-44df-9a94-ca8a10134e94,1970-01-01,3,Tech,747.62,ESP,RUS,1,0,0,0,1
sdv-id-RSFdUn,9e9a1e40-ba49-4cd5-a185-3b1a63e12924,1970-01-01,1,Gaming,2495.1,ESP,ESP,0,0,0,1,1
sdv-id-LsAwJT,a1497b65-cbf7-4eb1-bd7f-2fed7c2ce385,1970-01-01,0,Gaming,1642.54,ESP,VNM,1,0,1,0,0
sdv-id-XrAzgr,96bc3f42-797e-4c89-9bbc-af4503d7f55b,1970-01-01,0,Food,1217.78,ESP,ESP,1,0,1,0,1
sdv-id-CVAnvM,c67e7ffb-2c5b-4c64-9996-379f6c65ae6b,1970-01-01,0,Travel,1978.34,ESP,PRT,1,0,1,1,0
sdv-id-gMBBfG,4a02d7c1-9859-4f42-974a-2447ab73860c,1970-01-01,3,Travel,1794.34,ESP,VNM,0,0,1,1,0
sdv-id-ddpsny,4a36a7c0-f0cc-4f56-9242-89ea39597465,1970-01-01,5,Retail,235.6,ESP,GBR,0,0,1,0,1
sdv-id-ErLkmr,0a4434d1-994a-461f-9110-7df927d23eca,1970-01-01,4,Food,672.56,ESP,BRA,0,0,0,1,0
sdv-id-xIgtIc,f92edfa1-df26-4424-bfcc-445620bc2fa0,1970-01-01,5,Travel,807.38,ESP,JPN,1,0,0,0,1
sdv-id-AuBNul,ae4f26c6-32f4-4b84-b473-db445fdc889f,1970-01-01,2,Tech,1124.29,ESP,UKR,0,0,0,1,0
sdv-id-VQxPKU,22d00779-724d-4c00-882b-bc6fb8bf6903,1970-01-01,1,Retail,180.43,ESP,ARE,1,1,0,1,0
sdv-id-tXoOAW,eafd3e7b-fa5d-4d40-ad71-1fe9649a0bf9,1970-01-01,0,Travel,1555.23,ESP,DEU,0,0,1,0,1
sdv-id-EGGvoA,c53acbfc-8bc7-493e-a306-5b371c75725e,1970-01-01,0,Food,1672.17,ESP,GBR,0,1,0,1,0
sdv-id-CmsJjp,6cc56071-0feb-4cad-979d-9ae314fa7d50,1970-01-01,0,Tech,328.73,ESP,GBR,0,0,1,1,0
sdv-id-laRFpk,065262a2-24a0-4b6e-8878-383ae037e953,1970-01-01,4,Tech,1598.88,ESP,ESP,0,1,1,1,1
sdv-id-VrBpxy,e182701b-2e3b-4b69-8c2d-0e27c370f2e2,1970-01-01,5,Gaming,1321.74,ESP,RUS,1,1,0,1,0
sdv-id-ubmuLa,b9a5d4d0-4237-41f1-bdac-dc5e20c0f275,1970-01-01,2,Food,2300.71,ESP,DEU,1,1,0,0,1
sdv-id-jquKFO,ad7eeff7-5660-4762-851b-986031e6a645,1970-01-01,1,Tech,1211.24,ESP,UKR,1,0,0,0,0
sdv-id-ZSYlDu,ba66f439-ee62-4f25-a2fc-194b649d72ad,1970-01-01,0,Travel,1982.48,ESP,UKR,0,0,0,0,1
sdv-id-ixtZaT,54c93d44-e353-4243-994d-e8d7add74b0f,1970-01-01,0,Food,84.59,ESP,IND,1,0,0,1,1
sdv-id-PRWKnl,00c99370-22d6-40a2-a41f-0d38ca803df8,1970-01-01,0,Travel,846.94,ESP,GBR,1,1,1,1,0
sdv-id-vkfmKg,e797f3ae-0cca-4c05-a1f6-19ed2c1882c9,1970-01-01,0,Gaming,779.96,ESP,JPN,1,0,1,1,0
sdv-id-sQDJmH,86fbbcdb-7ecd-4062-ae40-3b9f27b2a5c1,1970-01-01,0,Food,72.41,ESP,VNM,1,0,0,1,0
sdv-id-thnwrW,5c42952b-923c-4db6-91f0-a92322b2e0bd,1970-01-01,4,Gaming,1871.09,ESP,ITA,1,0,0,0,1
sdv-id-hYcLyY,6b766741-cd26-422b-9631-15d046f860a9,1970-01-01,0,Gaming,1141.86,ESP,BGD,1,0,1,0,1
sdv-id-qzCFmg,20451f7e-fdb4-4fd7-a79e-368715aad29d,1970-01-01,0,Tech,508.22,ESP,UKR,0,1,0,1,1
sdv-id-pLdYrC,624a2a50-d0b1-4de0-b1f3-f0c022f3f068,1970-01-01,0,Retail,1791.85,ESP,IND,1,1,0,0,0
sdv-id-kwllxY,8e6a0b5e-dd0f-43e8-b4a9-b142990e3a80,1970-01-01,0,Travel,438.49,ESP,GBR,1,0,0,0,1
sdv-id-kWPYYg,06617f95-eba1-4fa8-9f19-f85b4d330569,1970-01-01,1,Food,1648.95,ESP,VNM,1,0,1,1,1
sdv-id-DXMCjc,719e5eb1-afcb-4996-adaa-664783eb9c88,1970-01-01,0,Travel,1232.63,ESP,BRA,0,0,1,1,1
sdv-id-njEJdW,35624347-6b71-4b34-bc92-3cab2488a330,1970-01-01,0,Gaming,2138.92,ESP,IND,1,1,1,1,1
sdv-id-VCgPXy,9c07a751-1437-4509-acd1-586a2b840c67,1970-01-01,4,Retail,2397.58,ESP,VNM,0,1,0,1,0
sdv-id-CIiYTu,496fe308-24f7-4239-b94d-91565c31d125,1970-01-01,0,Travel,577.69,ESP,ARE,1,0,1,1,0
sdv-id-LQEqDp,39c1e262-f76c-4ede-8110-12662408a6dc,1970-01-01,0,Travel,1035.28,ESP,RUS,1,1,1,0,1
sdv-id-CiJScW,5fed5cb7-a6e8-4b4f-a5bb-7f3b687bb3ce,1970-01-01,0,Tech,438.27,ESP,ITA,0,0,1,1,1
sdv-id-Jzhsvi,d2333b12-5ad2-4e7a-8b40-601a99260664,1970-01-01,5,Travel,722.14,ESP,VNM,1,1,1,0,1
sdv-id-goPGGS,302b0401-efed-498b-979a-7368bd96bb0a,1970-01-01,0,Travel,122.61,ESP,CHN,0,0,0,0,1
sdv-id-KKHcny,75cd3e5c-7a24-4720-a7e2-92992bf6d915,1970-01-01,0,Travel,731.17,ESP,JPN,1,0,0,0,0
sdv-id-AdNiuE,9eed7567-e3ee-42db-8680-ee6db3831f62,1970-01-01,1,Gaming,1968.86,ESP,IND,1,0,0,0,1
sdv-id-jDzmuI,31d83f78-6843-4031-bf36-fe7fc1ab5f4c,1970-01-01,0,Tech,184.71,ESP,UKR,0,1,0,1,0
sdv-id-lXCyeu,2ee25989-3ad8-4406-8df8-1d2b260c037e,1970-01-01,0,Food,408.16,ESP,VNM,0,1,0,1,0
sdv-id-duqJik,60329ee6-c190-40cf-9736-bb4ff5c8ce3c,1970-01-01,0,Travel,19.29,ESP,GBR,0,0,1,1,1
sdv-id-MJsmYb,1383883b-118f-4972-a396-fc578c76560f,1970-01-01,0,Gaming,429.28,ESP,USA,0,0,0,1,0
sdv-id-UwqlBe,68e8f311-5295-4a96-887b-25d79cf023dd,1970-01-01,0,Tech,1748.33,ESP,PRT,0,1,1,1,0
sdv-id-Jjiusk,46a3cc71-ff2f-4883-963b-5481284e4cd4,1970-01-01,0,Travel,964.81,ESP,BGD,1,1,0,0,1
sdv-id-lOqTVP,664d49fa-94b5-4339-84c1-1826d910498c,1970-01-01,0,Retail,222.99,ESP,PRT,1,0,0,1,0
sdv-id-DYzXUn,94acd159-a5f5-4a05-9708-c2c6b5e51eb5,1970-01-01,4,Tech,973.61,ESP,DEU,1,0,0,1,1
sdv-id-OVOcBo,e7d90c1b-a59c-4eed-ac09-72046fa6681c,1970-01-01,2,Retail,419.38,ESP,USA,1,0,0,0,1
sdv-id-GhooUU,3193fb1c-91bd-4f30-ab1a-ae6a31ca528c,1970-01-01,0,Retail,1860.05,ESP,JPN,0,0,0,0,1
sdv-id-tzEGXI,1825068b-1199-4084-a30b-54900d536045,1970-01-01,0,Gaming,192.56,ESP,RUS,0,1,1,1,0
sdv-id-KkGIVk,39323a07-2ec3-48e0-8d62-00500b3b5efa,1970-01-01,2,Food,673.33,ESP,ARE,0,0,1,0,0
sdv-id-TUqEdj,a3a868d7-86a5-4845-9eef-79951f884ed9,1970-01-01,0,Gaming,681.41,ESP,UKR,1,0,1,0,1
sdv-id-rnZVmm,49a5fd0d-e487-4ab3-aa79-4de7a7604977,1970-01-01,3,Gaming,176.23,ESP,USA,1,0,0,0,1
sdv-id-aSJCTU,fa372989-2429-4112-acfa-60c983c17063,1970-01-01,0,Tech,1815.2,ESP,VNM,1,1,0,0,1
sdv-id-gJqRzi,010ba241-042b-4a24-8060-d9e93a5ccb68,1970-01-01,0,Tech,2077.5,ESP,UKR,0,1,0,0,1
sdv-id-EupbVq,79d3cba0-66a0-435e-abbc-9e9af7867063,1970-01-01,0,Retail,2129.72,ESP,PRT,0,1,0,1,1
sdv-id-ChmPuZ,d85195ac-d3aa-4b27-90f3-2ab5df586eff,1970-01-01,4,Travel,2433.99,ESP,FRA,0,0,1,0,0
sdv-id-xFxDen,747c7690-3ec8-448e-ad28-39891271c873,1970-01-01,1,Tech,2363.41,ESP,CHN,1,0,0,0,1
sdv-id-HbYfCP,af36b8cc-1308-4974-ac95-b3ac0beb7c34,1970-01-01,0,Tech,1090.64,ESP,FRA,1,0,0,0,1
sdv-id-PIWsEO,2c9c763b-e454-4286-9dd9-76469d892032,1970-01-01,0,Food,1394.05,ESP,JPN,1,1,0,0,0
sdv-id-ChosfI,4187222b-257d-4e52-9a51-65ca3c7c1d85,1970-01-01,2,Travel,1662.28,ESP,ESP,1,0,1,0,0
sdv-id-rCISbR,7092d401-4367-4d58-8b6c-03c8721e5419,1970-01-01,0,Travel,107.91,ESP,UKR,0,1,1,0,0
sdv-id-zHwkrJ,93d054e4-3550-407e-84ca-bb38892fca69,1970-01-01,0,Food,2422.99,ESP,BRA,0,0,1,1,0
sdv-id-hiBSym,f8f9a45d-0f55-4896-b610-396b7df59abf,1970-01-01,3,Retail,593.76,ESP,FRA,1,0,1,0,1
sdv-id-cTWHwK,eb26cc82-4324-487e-8010-2b4d660438cc,1970-01-01,0,Food,1745.77,ESP,FRA,0,0,1,1,0
sdv-id-dKMupj,4239850b-97ae-40f0-8a39-068bcbede473,1970-01-01,3,Travel,2255.09,ESP,GBR,0,0,0,0,0
sdv-id-VRHgcz,1acf42c5-f3a0-4120-82d9-43ee51976e75,1970-01-01,0,Gaming,2473.29,ESP,UKR,1,0,1,0,0
sdv-id-LTUbhO,4844cc49-6761-464e-b79e-e14018441abd,1970-01-01,1,Retail,78.06,ESP,FRA,1,0,0,1,0
sdv-id-iuHVZc,991228be-d483-464a-a586-88744c3167b6,1970-01-01,0,Tech,1814.06,ESP,IND,0,0,1,0,0
sdv-id-hTxKmQ,1fac6d85-c433-44f0-9683-541bd1801014,1970-01-01,0,Tech,224.44,ESP,ITA,0,1,1,1,0
sdv-id-kmRdiy,a898dac4-f736-4f7e-b51c-586ac0c3d59e,1970-01-01,1,Food,2171.23,ESP,BRA,0,0,0,0,0
sdv-id-KrjhEf,98daae8c-f9f7-4004-adfe-874557968d64,1970-01-01,3,Retail,1441.94,ESP,ESP,0,1,1,0,1
sdv-id-SRTvJa,5d21a235-d053-47f4-9ec9-1fdc03add1a4,1970-01-01,0,Tech,2486.28,ESP,GBR,0,1,0,1,0
sdv-id-zKTSJz,fec52f69-ac43-4e12-9480-eabd9d9f2662,1970-01-01,0,Travel,92.02,ESP,NGA,0,1,1,0,1
sdv-id-qYnDcr,512628f2-978b-4951-badb-d2b2943a1af1,1970-01-01,0,Tech,1201.68,ESP,BGD,0,0,0,0,1
sdv-id-bmQozI,4083ff8f-e10a-4f9f-ae2c-219ab50f2f5c,1970-01-01,0,Tech,789.47,ESP,ESP,1,1,0,1,0
sdv-id-TFdYon,4019a1f6-0cd1-4081-8d85-e013b20004fa,1970-01-01,3,Food,1124.19,ESP,BGD,0,1,0,1,0
sdv-id-cdaDcW,3f55f644-f278-4488-a5be-290abd4fb6fc,1970-01-01,0,Travel,2011.21,ESP,ARE,1,1,0,0,1
sdv-id-haFDgV,57e0dffa-55a3-453f-8d34-73edbe320b1a,1970-01-01,4,Tech,1686.46,ESP,VNM,1,0,1,0,0
sdv-id-RCfkfm,dd7c5485-6c70-4048-9093-4c874f8ccb0b,1970-01-01,0,Gaming,857.2,ESP,BGD,0,0,1,0,1
sdv-id-CZEigD,7e7d5e88-4dcd-4534-95d0-3545d5a76023,1970-01-01,0,Travel,2183.15,ESP,ARE,0,1,1,1,1
sdv-id-LKsngo,5256f928-bea8-4e9f-a911-fd6d0d586ee2,1970-01-01,4,Tech,1100.56,ESP,GBR,0,0,1,0,1
sdv-id-GSfcei,8b0ea0b9-1246-4474-a475-c0eec6913069,1970-01-01,0,Tech,614.54,ESP,UKR,1,1,0,1,1
sdv-id-XNZOMg,83a9c235-5ffd-4015-853f-1db3d275bd43,1970-01-01,5,Tech,1980.64,ESP,ITA,0,0,1,0,0
sdv-id-YsqaAk,0d22af35-b648-4e8a-84e7-75b92dca365a,1970-01-01,0,Food,509.1,ESP,ESP,1,1,1,0,1
sdv-id-VeBIhn,ce0f3a53-4280-4061-a2cb-c85c3069ae7c,1970-01-01,0,Food,474.13,ESP,PRT,1,1,1,1,1
sdv-id-EoigAq,6f69a1cf-c196-46e9-aea0-32926bf7d125,1970-01-01,0,Travel,2403.7,ESP,USA,1,1,1,1,0
sdv-id-KwGNok,2c281bbd-f45d-4d91-989d-a530b01fb9f3,1970-01-01,0,Food,922.73,ESP,USA,0,1,1,1,0
sdv-id-krZWHR,8e44f2f8-3de8-44cd-ae15-c527fe2a0cbc,1970-01-01,0,Food,688.95,ESP,BRA,1,1,0,1,0
sdv-id-DzgbYI,b7e11681-fe84-40fe-a289-767172349df0,1970-01-01,0,Tech,808.79,ESP,UKR,0,0,1,0,1
sdv-id-RnshbE,71980a55-f224-464c-bd11-b3ff991b749e,1970-01-01,5,Tech,1363.39,ESP,VNM,0,0,0,0,1
sdv-id-UoCaTE,040b7232-5218-43fc-9b71-a8e3a47bfb9a,1970-01-01,0,Retail,154.53,ESP,FRA,1,1,1,1,0
sdv-id-chicLK,1d71f339-c448-42af-87f8-b6f13fdd0e2b,1970-01-01,0,Retail,105.97,ESP,NGA,0,1,1,1,1
sdv-id-jennuX,d9f9b008-4dd5-4c39-b53a-531b100af3a9,1970-01-01,0,Food,487.71,ESP,VNM,0,0,1,0,1
sdv-id-rqIqGp,926730dc-1c0a-4411-9086-af36fa0a5de5,1970-01-01,0,Retail,2337.81,ESP,PRT,1,0,0,0,1
sdv-id-rggFCj,3c825d85-a38f-4713-9719-d16c786b6874,1970-01-01,5,Food,779.54,ESP,ESP,0,1,0,0,1
sdv-id-Fslgyg,727c1301-f2a9-40fe-85d9-b1ba2e528b8b,1970-01-01,0,Gaming,368.47,ESP,BGD,1,0,0,0,0
sdv-id-buailH,1ac0dff3-6717-4ab7-a1f0-e5c51cda8918,1970-01-01,1,Food,237.41,ESP,VNM,1,1,0,1,0
sdv-id-XWsdBy,86b5dd45-d41a-4093-b1bf-8a3c5ae57068,1970-01-01,0,Travel,854.6,ESP,CHN,0,0,0,0,0
sdv-id-XsQddl,07f800a2-6dea-4a22-a439-5bfef8984efa,1970-01-01,1,Gaming,1198.97,ESP,ESP,0,1,1,1,0
sdv-id-Wtelfk,8b5b73df-d701-4ade-84a0-c5990fab3b92,1970-01-01,0,Travel,1105.22,ESP,RUS,1,1,0,0,1
sdv-id-vnlrtp,fa8f3923-7032-48e2-9351-df5f310b82d7,1970-01-01,0,Retail,2171.65,ESP,JPN,0,0,1,1,0
sdv-id-pxbJsn,901b938f-b703-4e19-920f-65b31164d2e6,1970-01-01,1,Food,1354.6,ESP,RUS,0,0,0,0,0
sdv-id-CfZxwA,26b2fc9a-22af-4844-befe-bc1255d63279,1970-01-01,0,Tech,448.62,ESP,JPN,1,0,0,1,1
sdv-id-eiznqe,d47262cf-6442-4305-ba87-fb096f26324b,1970-01-01,0,Retail,1905.49,ESP,BRA,0,1,0,0,0
sdv-id-qoYVrc,49e1cd13-8da0-4495-9cce-5ba931d4ee09,1970-01-01,2,Tech,2040.04,ESP,BGD,0,0,1,0,1
sdv-id-aEAaiY,45708ada-42b4-4955-b3af-2d34d5cd8ed2,1970-01-01,0,Food,262.71,ESP,USA,0,1,0,1,0
sdv-id-EBFrnJ,6f102145-227b-4512-a2a5-aa212b3fde5d,1970-01-01,3,Retail,210.79,ESP,UKR,1,0,1,0,1
sdv-id-AvESLn,35c87983-910b-47f9-a1ae-25a6f1966b21,1970-01-01,2,Food,1328.58,ESP,FRA,0,1,1,1,1
sdv-id-tgaOcy,e43e4288-a2b5-4498-9cb8-5aedf5f62c97,1970-01-01,0,Travel,2088.61,ESP,ITA,0,0,1,0,0
sdv-id-EniKAu,42cc32f8-23c0-490e-a341-0b6f7603ccca,1970-01-01,0,Gaming,2215.03,ESP,GBR,1,0,1,0,0
sdv-id-dKKRFh,5b951652-c11e-416b-a6d6-2330f5b19be4,1970-01-01,1,Travel,2207.41,ESP,FRA,1,1,0,1,0
sdv-id-aZXhxH,a417c093-80a8-423d-97ea-ec838892042f,1970-01-01,1,Gaming,1771.52,ESP,BGD,1,1,0,1,0
sdv-id-YschXH,8ffe38c9-d2d8-4eb3-9a14-0609f287b989,1970-01-01,0,Tech,1153.86,ESP,ARE,0,1,0,1,0
sdv-id-OMdjIx,1e287c97-a9e0-417f-a324-f5db685018bf,1970-01-01,3,Tech,1217.22,ESP,IND,0,0,1,0,0
sdv-id-hnNsZt,c017367b-6ff0-4020-bf5d-49d95b4abe4b,1970-01-01,0,Tech,1243.0,ESP,JPN,1,1,1,0,0
sdv-id-moKYGM,f060470c-b1c3-49d5-91e3-42b1cfc85399,1970-01-01,0,Food,2379.54,ESP,FRA,0,0,1,0,1
sdv-id-seDPHm,a0c4e0f9-16e4-46e7-9fa8-c28aca10c941,1970-01-01,0,Retail,2038.14,ESP,USA,1,1,0,1,0
sdv-id-CjVcHB,2023fd4b-ab89-436b-9f6b-9b3fff594778,1970-01-01,1,Tech,1215.58,ESP,JPN,1,1,1,0,1
sdv-id-pmwmSp,9bafcc20-0e16-4f3f-938c-c0ca17acd7e9,1970-01-01,5,Retail,644.02,ESP,NGA,0,1,1,1,0
sdv-id-NMuGeQ,9030fb0c-45d5-4acb-9294-100f823ca34a,1970-01-01,0,Tech,1342.39,ESP,CHN,1,0,0,1,0
sdv-id-pgFCjN,b495db4e-8245-4fb4-8ab7-706eb77350ca,1970-01-01,0,Food,1812.76,ESP,RUS,1,1,0,0,1
sdv-id-aXShNm,226f93e7-9e5f-492d-b9c2-92597310453d,1970-01-01,0,Retail,1597.8,ESP,USA,0,0,0,1,1
sdv-id-DxRcJj,7799fddb-79e5-46e7-9d3e-e854534064b0,1970-01-01,0,Tech,1422.47,ESP,JPN,0,0,0,1,0
sdv-id-wMJssz,c55f30a1-34a4-40e3-b2d9-ec3e66308af8,1970-01-01,0,Food,1131.62,ESP,BRA,0,1,0,0,1
sdv-id-cHBGCg,fe8ac951-ccbe-4f51-9a73-24eb325d930b,1970-01-01,2,Food,1718.5,ESP,VNM,0,0,0,1,1
sdv-id-jmqrRU,6cdb930c-dc87-485e-8f6e-1e3025d6ad40,1970-01-01,0,Travel,2189.42,ESP,PRT,1,0,0,0,0
sdv-id-JJxTDH,91843738-5efb-4775-81c9-301475c704d6,1970-01-01,0,Gaming,1892.31,ESP,BRA,1,1,1,0,1
sdv-id-StsxrT,472678ac-7eae-4452-8eba-2e783b162773,1970-01-01,0,Food,833.33,ESP,RUS,1,0,1,1,0
sdv-id-tErNjd,bd1eb06f-bf49-4d20-a0a5-25ef99061aac,1970-01-01,0,Food,1545.46,ESP,ARE,0,0,0,0,1
sdv-id-voeyOv,143d9bff-1a89-483c-871a-8d5363e07207,1970-01-01,0,Tech,2072.24,ESP,ESP,0,1,1,1,1
sdv-id-bVNnjo,b27c1721-89d4-4ce2-8f50-b59873bd980f,1970-01-01,0,Retail,62.05,ESP,RUS,1,1,0,1,0
sdv-id-tDLzTn,e6fe01cc-5553-431a-afd9-d09a8a74a19a,1970-01-01,0,Travel,198.93,ESP,FRA,1,0,0,0,1
sdv-id-VFBvJe,0ec0ad4b-d644-4a9d-b362-d476d53ae57f,1970-01-01,0,Food,2488.69,ESP,NGA,0,1,1,1,0
sdv-id-JlzneV,e797f3ae-0cca-4c05-a1f6-19ed2c1882c9,1970-01-01,0,Tech,1547.68,ESP,UKR,1,1,0,1,0
sdv-id-lYgtHZ,1fac9217-e36e-4b7f-917c-e0825572f1b3,1970-01-01,1,Tech,2106.12,ESP,ITA,0,1,1,1,0
sdv-id-nkRsFG,1186da93-da7d-4c53-b020-cf0669b41194,1970-01-01,0,Gaming,1933.23,ESP,BGD,0,0,1,1,0
sdv-id-ZqhaTc,2ecaf629-44e2-4691-92de-d495e4f1e8e8,1970-01-01,0,Food,27.63,ESP,ESP,0,1,1,0,0
sdv-id-oSdGYe,b08647e1-fa64-4958-b9c2-c1a2bcc9245c,1970-01-01,1,Travel,21.2,ESP,ITA,1,0,1,0,1
sdv-id-WoUsYp,8da4f916-6fa8-4369-b3db-49d04e998b76,1970-01-01,0,Tech,2045.36,ESP,DEU,1,1,1,0,1
sdv-id-SoCeHK,7f6bf62c-a1c1-4b96-baab-d9f2850b7073,1970-01-01,1,Retail,1749.58,ESP,BGD,0,0,0,1,1
sdv-id-BeveqA,9b8826ed-ff4a-4185-b886-f504ed758b74,1970-01-01,0,Gaming,150.03,ESP,ESP,0,0,0,1,0
sdv-id-CpssvU,25b85a8e-2fa0-4dbd-811e-6a9de6aa2fe6,1970-01-01,0,Tech,1414.92,ESP,JPN,0,0,1,0,1
sdv-id-bRrNAM,586a346a-dc5b-47d1-bcef-1972bbf483ce,1970-01-01,3,Retail,86.98,ESP,ESP,0,1,1,1,0
sdv-id-DZhGBr,da3465d9-89cd-40e7-825a-2dd465333140,1970-01-01,0,Travel,56.82,ESP,FRA,1,0,0,0,1
sdv-id-xXTJFS,5a8ea2f5-f556-455c-bbf7-f8582dbb3bdf,1970-01-01,0,Tech,2114.03,ESP,BRA,0,1,0,0,1
sdv-id-AvVxYW,53254d59-d6b9-4d4a-8cd2-2b5d225d3bc8,1970-01-01,0,Tech,2214.35,ESP,VNM,0,1,1,0,1
sdv-id-AWNyst,d98d214f-c2ab-4876-b71b-d82d635589f4,1970-01-01,0,Gaming,30.5,ESP,ITA,0,1,0,1,0
sdv-id-tkEmky,c35b1c8c-0a4c-4f7f-9384-ec2b44feacae,1970-01-01,0,Travel,1830.74,ESP,CHN,0,0,1,1,0
sdv-id-YOVMPk,5213e852-3720-46a8-bf79-8afb8c54519f,1970-01-01,0,Travel,2198.76,ESP,FRA,0,0,1,1,0
sdv-id-ZMsPoC,0604f4e7-7e02-4b3f-8a25-cec8c3fa363d,1970-01-01,0,Tech,1211.73,ESP,USA,0,0,1,0,0
sdv-id-ngUTrC,93a69684-0365-49fc-b910-70e02cce4cce,1970-01-01,0,Retail,1811.71,ESP,ARE,0,1,1,0,1
sdv-id-meNDGh,108e04ac-99c6-407f-ac81-4510c42eafc8,1970-01-01,3,Gaming,1103.93,ESP,PRT,0,0,0,1,0
sdv-id-DbdMJZ,02d3fb7e-84be-4e1c-9e5f-feaa0eb54078,1970-01-01,5,Gaming,1654.03,ESP,BRA,1,1,1,0,0
sdv-id-sXnYEQ,5274ee11-b61d-4906-a570-35db3fead90a,1970-01-01,0,Gaming,640.14,ESP,FRA,0,0,0,0,1
sdv-id-wNOfzt,5645b6bb-59c0-45a8-bc45-d65db517e8ef,1970-01-01,0,Food,2036.98,ESP,NGA,1,0,0,1,1
sdv-id-JTKaVi,5de82b8c-c234-40bb-8810-76dd79267133,1970-01-01,0,Retail,1822.05,ESP,BRA,0,1,1,0,1
sdv-id-GAaRiX,fe568d34-12da-4c46-b864-cb10b7c23f92,1970-01-01,0,Food,1350.42,ESP,RUS,1,0,0,0,1
sdv-id-AjgZJz,a3595d1f-7fe4-442e-bdb7-88a61cdcc4c2,1970-01-01,0,Tech,246.51,ESP,DEU,0,1,0,1,0
sdv-id-pMKNew,688b4cfb-7081-45fd-8648-bbe8f84ce7a9,1970-01-01,1,Food,2010.84,ESP,BRA,0,0,0,1,0
sdv-id-YIGTAE,70c23600-2554-4c1a-9f88-dda37134ae6e,1970-01-01,1,Retail,274.54,ESP,CHN,1,0,0,0,1
sdv-id-UmuVqN,df9a7704-adc2-4f16-a4b3-0768fdfd984e,1970-01-01,0,Food,124.32,ESP,ESP,1,0,0,0,1
sdv-id-jRngRR,88cd565c-17c2-4048-8d2a-ac5b59d5d1bd,1970-01-01,0,Gaming,1201.24,ESP,PRT,0,1,0,1,1
sdv-id-EQqpWR,90ae41e4-1a6a-4169-9386-5151b0921979,1970-01-01,2,Food,1868.42,ESP,IND,0,0,1,0,1
sdv-id-bDcUAW,4931b2d4-d3de-487c-860f-b2524df742ae,1970-01-01,0,Travel,744.61,ESP,FRA,1,0,1,0,0
sdv-id-CwNClC,04a624f3-2318-40a3-8fab-07f40022994c,1970-01-01,0,Tech,1873.61,ESP,UKR,1,1,0,0,1
sdv-id-oeFKcp,1d142405-070c-4acd-923b-6c06c5fabf97,1970-01-01,0,Tech,452.43,ESP,ESP,0,1,0,1,1
sdv-id-CWQCTF,c18119a6-c2b6-49f5-a949-20eca11244cb,1970-01-01,0,Travel,2304.2,ESP,PRT,0,1,0,1,1
sdv-id-rChyKX,fef7d9ea-7f8e-4483-a8ca-aa1dc35bec2c,1970-01-01,1,Travel,1054.9,ESP,GBR,0,1,1,0,1
sdv-id-fmjjIw,747c7690-3ec8-448e-ad28-39891271c873,1970-01-01,0,Food,234.66,ESP,DEU,0,0,1,0,1
sdv-id-GSKmFi,6044abd0-8630-4789-99ab-d41c75acb371,1970-01-01,0,Tech,1664.65,ESP,RUS,0,1,1,0,1
sdv-id-tyhjbo,8374c273-cc70-4551-a881-5cd988219541,1970-01-01,4,Food,753.53,ESP,BGD,1,1,1,0,1
sdv-id-XHwijR,58cd9df3-1100-44b8-b5d0-a2af1c06efa6,1970-01-01,0,Retail,934.74,ESP,IND,0,0,1,1,0
sdv-id-mBjRoQ,c8132025-4dac-433c-ba43-82176e77cdd3,1970-01-01,0,Food,955.16,ESP,BRA,0,1,0,1,0
sdv-id-AVTaAG,3c299c68-2138-4e3c-9c69-9e1f458cf41d,1970-01-01,0,Gaming,1659.82,ESP,ESP,1,1,0,1,0
sdv-id-gWgDLF,060615bf-d1b5-4519-844f-376a4bd01f7a,1970-01-01,0,Retail,1337.79,ESP,BGD,0,0,1,1,0
sdv-id-msaHHV,698c206f-e1a4-4e10-ad53-4dd0cf8ebc5a,1970-01-01,0,Tech,1117.3,ESP,JPN,1,0,0,1,0
sdv-id-HBKUma,6d56ccd8-0006-46d1-8715-60e4935f6c60,1970-01-01,1,Tech,1335.8,ESP,USA,1,0,0,1,1
sdv-id-KEteae,9f0fda8d-0537-4ff6-96d7-b3b833094d35,1970-01-01,0,Retail,822.65,ESP,DEU,0,0,1,1,0
sdv-id-YXErmo,b5cbe3f5-6a66-4184-bde1-bf5daf4847f0,1970-01-01,0,Tech,2193.2,ESP,UKR,0,0,1,0,1
sdv-id-bOwAwn,794e0838-7dcf-40fd-a330-98edda252795,1970-01-01,1,Tech,1223.3,ESP,RUS,0,0,1,0,1
sdv-id-kACGkp,89c70e18-9eb8-4096-9ccd-3552b1e0e9ad,1970-01-01,0,Retail,131.66,ESP,FRA,1,1,0,1,0
sdv-id-MDbvqK,55b2f82a-3469-40de-a442-c26ca27589cd,1970-01-01,0,Food,14.13,ESP,IND,0,1,0,1,0
sdv-id-YnYbSJ,c0676073-e9c0-40f0-8571-f9ab41589d90,1970-01-01,5,Retail,2435.37,ESP,ESP,0,0,0,0,1
sdv-id-qqWgwg,347cd0f4-20f6-4e5c-b716-c1dae8b3cb11,1970-01-01,0,Travel,1359.9,ESP,IND,0,1,0,1,1
sdv-id-lRxVBY,592448ee-7ac1-44f9-8472-f9f6ec6494e0,1970-01-01,0,Gaming,2342.83,ESP,FRA,0,1,0,1,0
sdv-id-KChDEA,6c4c450b-623a-40fc-9326-7d25234b4562,1970-01-01,0,Tech,1156.72,ESP,CHN,0,1,0,0,0
sdv-id-SpgwLq,0217ea0e-8964-40ab-8926-ce5f78786140,1970-01-01,0,Food,661.7,ESP,GBR,1,0,0,1,0
sdv-id-lxDhgR,3f71e1ae-3f24-4a6a-9f62-9d0cbc7637a0,1970-01-01,1,Tech,735.7,ESP,ARE,1,0,0,1,1
sdv-id-ggCjbq,fe389c35-e28c-459c-8124-14079870fafa,1970-01-01,1,Travel,2499.11,ESP,VNM,0,0,1,0,1
sdv-id-SXQgSb,ce8437fc-38cd-4ced-ba7b-c404650c5ea2,1970-01-01,0,Travel,265.86,ESP,IND,0,1,0,1,0
sdv-id-ZHmLhb,58c6b1c6-74d0-42c5-ab3c-c270e188d3d7,1970-01-01,1,Gaming,1337.5,ESP,FRA,0,0,0,0,1
sdv-id-xmJpKi,02cd8d8f-1ee5-4544-9677-fc878b8657d5,1970-01-01,1,Gaming,1767.02,ESP,CHN,1,0,0,0,0
sdv-id-fzHkzL,72f444ab-c1d7-4f4a-b302-5d161ecacae9,1970-01-01,0,Retail,1535.79,ESP,UKR,0,0,1,0,1
sdv-id-aYrvTU,6bba1c76-e60a-4da1-91fd-198f3c0657a9,1970-01-01,2,Food,1186.1,ESP,VNM,0,0,0,1,0
sdv-id-QxoJbd,dc237929-fbac-42e8-986f-4fa504e34cb1,1970-01-01,0,Tech,773.93,ESP,CHN,0,0,0,0,1
sdv-id-cWkjiB,ec4c89cd-6f4b-4d1a-a159-2b44d78127e8,1970-01-01,0,Retail,892.42,ESP,PRT,1,0,0,0,1
sdv-id-ZEmwRY,9c0f37d5-75a2-49b1-bdf5-516b3891b7f7,1970-01-01,0,Tech,730.43,ESP,GBR,0,0,0,1,0
sdv-id-CklMIu,655f7974-75c2-452d-8f3f-ba72aba9569e,1970-01-01,0,Food,1670.93,ESP,IND,1,1,1,0,0
sdv-id-RvGdua,4eef48d8-b090-4f13-a432-9c84c3cd8b60,1970-01-01,0,Retail,7.01,ESP,ITA,0,0,1,1,1
sdv-id-yZmjLg,8ee25180-9fb1-49a3-8a2f-2373f777c816,1970-01-01,0,Gaming,271.78,ESP,USA,1,1,0,0,1
sdv-id-Vxbddk,2875ad5d-2d06-4862-8990-779cecc3b699,1970-01-01,0,Retail,1455.33,ESP,DEU,0,0,1,1,1
sdv-id-tSTTpx,7a9f143b-2dc3-46a2-b647-547cd36328f4,1970-01-01,0,Retail,1064.18,ESP,DEU,0,1,1,0,1
sdv-id-AZfScd,a71a0595-97ff-4ccc-9c05-fa819e082083,1970-01-01,0,Gaming,814.77,ESP,FRA,0,0,1,0,1
sdv-id-zibnID,c04f4bd0-bcfe-4408-9ac7-25a740b60c17,1970-01-01,1,Gaming,2293.13,ESP,RUS,1,0,1,0,1
sdv-id-lImOpm,e7574997-8458-4f73-b0a0-c1cd0df6c527,1970-01-01,0,Gaming,1924.33,ESP,BRA,0,1,0,1,0
sdv-id-Zhicdo,665700be-80c4-4989-90f3-0807982d91ca,1970-01-01,0,Gaming,1765.59,ESP,IND,0,1,0,0,0
sdv-id-ZNXovy,a32cceae-d735-4f9d-bcbb-32de5a37fe11,1970-01-01,1,Retail,769.75,ESP,ARE,0,1,0,0,1
sdv-id-cWcMkp,eba67102-4b16-48a8-8c05-75ab2dce3207,1970-01-01,1,Retail,211.94,ESP,BRA,1,1,0,0,1
sdv-id-knMlJr,73137fa5-dc1b-4eb1-8506-536c78b3842a,1970-01-01,0,Tech,93.42,ESP,USA,0,1,0,0,1
sdv-id-MYWSyE,ded21b15-84db-41dd-9b4b-f6366035e48d,1970-01-01,0,Gaming,306.75,ESP,BGD,0,0,1,1,1
sdv-id-UtKCnk,ece57307-8fee-4edb-bddf-56880139bb86,1970-01-01,0,Food,1282.83,ESP,IND,0,1,0,0,1
sdv-id-emCqlo,73b0aaf0-e8e2-4a61-9071-75c2cf13ee0c,1970-01-01,3,Gaming,1929.58,ESP,NGA,0,1,0,0,0
sdv-id-nuqVZm,f0636972-c737-427a-9e34-106afa902bfb,1970-01-01,1,Tech,2486.58,ESP,BGD,0,0,0,0,1
sdv-id-uQrPgn,078d27e5-378a-4ba6-a608-d6d31d62c6b5,1970-01-01,0,Travel,1179.92,ESP,VNM,1,1,0,1,0
sdv-id-uuTiYW,c840789b-7c60-4399-b8f4-0e5ef6babccc,1970-01-01,0,Travel,273.99,ESP,RUS,0,0,0,0,1
sdv-id-jbhYCu,b1063540-067b-4c70-ad3c-919fd0dcb7a3,1970-01-01,0,Food,1851.0,ESP,RUS,0,1,0,0,1
sdv-id-ltwsvV,40032b13-9195-464c-97e0-93ca623bb1c6,1970-01-01,4,Food,1082.62,ESP,ARE,1,1,0,1,1
sdv-id-mJECVq,e2b6a842-d2a8-4922-a518-93471e910b71,1970-01-01,0,Retail,1970.47,ESP,IND,1,1,0,0,0
sdv-id-oVnwQo,e921f231-72ea-4e11-b32d-e5305ade80d4,1970-01-01,4,Tech,1253.11,ESP,FRA,1,1,1,0,1
sdv-id-KTFuyf,78dc340b-4051-491c-9ac1-ad6984f612df,1970-01-01,0,Food,1731.41,ESP,UKR,1,0,0,1,0
sdv-id-YNSBRs,e0ad01a0-936b-4322-a533-f1c5d23eb130,1970-01-01,2,Retail,1496.06,ESP,BGD,1,1,0,0,1
sdv-id-kXuYBC,9a037182-76f3-404d-8f92-b3fb081df5b6,1970-01-01,0,Travel,799.27,ESP,IND,1,1,1,0,1
sdv-id-rimGmB,143d9bff-1a89-483c-871a-8d5363e07207,1970-01-01,0,Retail,954.2,ESP,ESP,0,1,0,0,1
sdv-id-lJEwVB,16558df4-10af-44cc-9122-e28f6c18eb52,1970-01-01,0,Tech,1077.24,ESP,ARE,1,1,1,0,0
sdv-id-DOuwOI,a0a5741e-a6a0-42d0-a293-ff3bf65e166d,1970-01-01,4,Gaming,454.77,ESP,PRT,1,1,0,0,1
sdv-id-SdfLiK,ed343b0f-9cca-4d2a-972a-355cfe5e9b1c,1970-01-01,0,Food,627.09,ESP,JPN,0,0,1,1,0
sdv-id-YKgscI,a3b442bd-4649-4296-af58-42c3ff86cc31,1970-01-01,0,Retail,975.01,ESP,BGD,0,0,1,0,0
sdv-id-iTDwho,f060470c-b1c3-49d5-91e3-42b1cfc85399,1970-01-01,4,Tech,2261.64,ESP,PRT,0,0,0,0,1
sdv-id-DuoEhE,4579609a-3b1d-4abe-8c2f-ded51f74c09c,1970-01-01,1,Tech,711.66,ESP,CHN,0,1,1,0,0
sdv-id-hUTpCK,a9b2a838-edac-4484-b2d0-58ca7b2e329d,1970-01-01,0,Gaming,595.58,ESP,ESP,0,0,0,1,0
sdv-id-VjFQCZ,bca0258e-b63d-45d5-905c-7527dc57546d,1970-01-01,0,Gaming,1353.29,ESP,IND,0,1,1,0,1
sdv-id-HPBYwj,580d7b71-d8f5-4413-9be6-128e18c26797,1970-01-01,0,Gaming,1479.73,ESP,DEU,0,0,1,0,1
sdv-id-aBELct,a4540937-4a27-4bf2-8baa-f744a08dd21b,1970-01-01,0,Food,1222.94,ESP,RUS,0,0,1,1,0
sdv-id-UitCmR,caec1d2d-63a7-4c90-9a7f-624b57161640,1970-01-01,0,Retail,2120.93,ESP,ESP,1,0,0,0,0
sdv-id-xFpWjP,0a15f79a-00ab-4b07-8a43-e10c20e7b702,1970-01-01,5,Retail,1030.1,ESP,FRA,0,1,1,0,1
sdv-id-VLUFvU,dc45d539-c03f-4538-a485-5aa1016b6287,1970-01-01,0,Retail,599.96,ESP,IND,1,1,1,0,0
sdv-id-mmwBjY,472678ac-7eae-4452-8eba-2e783b162773,1970-01-01,0,Gaming,256.16,ESP,FRA,0,1,0,0,1
sdv-id-JOJhrC,599f5901-e65c-4d51-ae40-1311c973c84e,1970-01-01,2,Tech,572.86,ESP,BGD,0,0,1,0,0
sdv-id-YHZNfX,c1de6d58-518e-48fd-a252-439052a3069d,1970-01-01,0,Retail,2155.8,ESP,PRT,0,1,1,1,0
sdv-id-romaic,00476b2e-6ea4-4c5f-bb8b-161ea869959e,1970-01-01,0,Retail,1538.17,ESP,UKR,0,1,1,1,0
sdv-id-ovZuKe,acdcb47b-dcdb-4021-97ea-f79c20ddc8b1,1970-01-01,0,Tech,602.15,ESP,NGA,0,0,0,0,1
sdv-id-pozcho,f094dfd0-c465-4b6c-a90a-a46ec4d99bd4,1970-01-01,4,Travel,404.93,ESP,NGA,0,0,0,1,0
sdv-id-opwmwX,3313f36c-8de5-4a88-aa93-716a22bca104,1970-01-01,4,Gaming,1287.08,ESP,FRA,0,1,1,0,1
sdv-id-cBJqrg,75b77e0c-ba0c-493f-93c1-6428c5f93dca,1970-01-01,2,Travel,2393.57,ESP,VNM,1,1,1,0,1
sdv-id-cVYcUu,b1063540-067b-4c70-ad3c-919fd0dcb7a3,1970-01-01,1,Gaming,410.26,ESP,VNM,1,1,1,1,0
sdv-id-YBOQSH,e6fe01cc-5553-431a-afd9-d09a8a74a19a,1970-01-01,1,Retail,1824.72,ESP,ITA,0,0,0,0,1
sdv-id-ZCBWij,138d994c-2b0a-4edd-8774-44cb5543fc3c,1970-01-01,0,Food,1784.54,ESP,NGA,1,1,0,1,0
sdv-id-Vweqpc,12aa48cf-f18c-4581-bc9b-3b84cb4addc6,1970-01-01,4,Food,1626.91,ESP,BGD,0,1,0,1,1
sdv-id-yeGAJg,2023fd4b-ab89-436b-9f6b-9b3fff594778,1970-01-01,3,Food,994.63,ESP,BRA,0,1,1,0,1
sdv-id-HhDrLh,edafea54-50b9-404a-9edc-c2ff53d47caf,1970-01-01,0,Retail,1789.35,ESP,PRT,0,1,0,0,0
sdv-id-YHdecY,11f20d9b-c90e-4689-8ff1-4c0ec7eb7d43,1970-01-01,0,Gaming,51.32,ESP,VNM,0,1,0,0,0
sdv-id-KRkJxx,cb317618-daaf-463a-8a06-3bf5839818fc,1970-01-01,2,Retail,472.79,ESP,ESP,0,1,1,0,1
sdv-id-fMguXR,bab4eb77-959f-4841-ad19-312dde3b5a64,1970-01-01,0,Gaming,1756.09,ESP,BGD,1,1,1,0,1
sdv-id-ugfPCN,b6658a34-5263-4028-add2-d8c076da3875,1970-01-01,5,Tech,533.89,ESP,CHN,1,1,0,1,0
sdv-id-adRiOr,8374c273-cc70-4551-a881-5cd988219541,1970-01-01,0,Gaming,2425.12,ESP,CHN,1,0,0,1,0
sdv-id-tjisVI,3f0cd8c9-d98c-4dc3-8b67-2fac298604bc,1970-01-01,0,Tech,1714.79,ESP,ESP,0,1,0,0,0
sdv-id-xeflsx,aabb6cac-48d7-4165-8c98-7a1b59afb1d1,1970-01-01,0,Tech,2349.2,ESP,FRA,0,1,0,0,1
sdv-id-ahFTSn,42999aa4-0cdf-442b-ae85-cb217631de9d,1970-01-01,0,Tech,2374.18,ESP,GBR,0,0,1,0,1
sdv-id-poPeiZ,4cc5a9ec-3511-4f3d-a90e-cbd37770b90e,1970-01-01,0,Food,687.34,ESP,RUS,1,1,0,1,0
sdv-id-QXaVAy,b3ada2ba-7972-49c0-80b3-74f88c1ab2c7,1970-01-01,0,Food,1227.53,ESP,JPN,0,1,0,1,0
sdv-id-cwGEJA,9dec2b83-3885-4f7e-af1a-25a829344e15,1970-01-01,1,Retail,1452.17,ESP,RUS,1,1,0,1,1
sdv-id-PMTIXZ,c528ac36-2545-434c-b14c-d65e079e8b0b,1970-01-01,1,Tech,1617.14,ESP,BGD,0,1,1,0,1
sdv-id-dNKFKD,d994f7ba-4b7f-4a4c-8d5d-2f648f2b892b,1970-01-01,0,Travel,388.69,ESP,BGD,0,0,0,0,1
sdv-id-GEVzUq,460f01a5-4480-402d-a067-902bf099e2b6,1970-01-01,4,Retail,1296.49,ESP,ITA,0,0,1,1,0
sdv-id-dnqjBF,dff0b9bf-8db3-42c1-82da-bd76f3102525,1970-01-01,1,Tech,2456.14,ESP,GBR,1,0,0,0,1
sdv-id-bBgmzA,c44b04e8-f51e-4df3-86c3-998e8f14aac7,1970-01-01,1,Travel,2104.92,ESP,USA,1,0,1,1,0
sdv-id-mvCNEJ,0e8fa8e0-284d-42e5-87f7-e1fbda4bd9ca,1970-01-01,0,Gaming,650.17,ESP,PRT,1,0,0,0,0
sdv-id-CFPhGZ,abd13f1a-3d20-4440-80cf-a44d1b7db566,1970-01-01,0,Food,551.33,ESP,NGA,0,0,0,0,0
sdv-id-WymOWG,85197ff4-006e-46e3-afa1-7735b572f3d0,1970-01-01,0,Travel,2437.86,ESP,NGA,0,0,0,0,1
sdv-id-InmOqi,b1fe69b8-0936-412c-a36d-feba6148ca39,1970-01-01,0,Retail,33.4,ESP,NGA,0,0,0,1,0
sdv-id-AHEyYy,5708d618-9def-43a1-9042-26f62dfc60b7,1970-01-01,0,Tech,1520.58,ESP,CHN,1,1,1,1,0
sdv-id-TcGSwo,f27292b6-7621-42ed-9d0b-c9bde9b5c5cf,1970-01-01,0,Food,754.41,ESP,GBR,0,1,1,0,1
sdv-id-SGDMrD,ae8e8200-c5c7-44b4-88c5-3b179733b490,1970-01-01,3,Travel,158.24,ESP,RUS,1,1,1,1,0
sdv-id-QJJbiE,b017c533-7d6c-45c3-9df7-9a27ddfc2a92,1970-01-01,0,Retail,76.83,ESP,VNM,0,1,0,0,0
sdv-id-JlcyRE,8ebc6d7e-c8a6-4b85-8d56-bff669c9520f,1970-01-01,0,Retail,1409.14,ESP,CHN,0,0,0,0,1
sdv-id-CHalML,3f55f644-f278-4488-a5be-290abd4fb6fc,1970-01-01,0,Tech,422.98,ESP,ARE,0,1,0,1,1
sdv-id-IeXzcC,c353ac87-ceb7-438a-b67a-92b701862029,1970-01-01,0,Retail,2357.93,ESP,IND,1,1,1,0,1
sdv-id-TlZGMx,ad4b24ec-5b67-4a25-82c4-5041e1831003,1970-01-01,0,Food,2203.99,ESP,BGD,0,0,0,0,1
sdv-id-kMJIcZ,613c9847-19ec-4e51-9d9d-dee1e09189f1,1970-01-01,4,Gaming,1901.69,ESP,BRA,0,1,1,0,1
sdv-id-zEwMqA,eacb1f6d-7549-49f9-850a-48d446b518de,1970-01-01,0,Gaming,73.26,ESP,RUS,1,1,1,0,1
sdv-id-PJGNmy,69498671-7e55-43ba-a8a2-f417379e03dd,1970-01-01,0,Travel,643.45,ESP,NGA,0,0,0,1,0
sdv-id-wuQLRe,61607459-85c7-404b-8693-da1139c6a1ca,1970-01-01,0,Retail,1642.56,ESP,VNM,1,1,1,1,0
sdv-id-CWyXZZ,dcb9d394-e8ac-44c4-b6b9-824010416cbc,1970-01-01,4,Tech,390.56,ESP,NGA,0,1,1,1,0
sdv-id-CykbRa,d6b1ba8c-4fcf-4f89-9ae0-bb5a797763fe,1970-01-01,0,Travel,1274.25,ESP,BGD,0,1,0,1,0
sdv-id-jboWCk,f5141058-3138-4975-bbf3-3a349c2dfa97,1970-01-01,4,Retail,1955.91,ESP,ESP,0,0,1,1,0
sdv-id-zlrSVY,df552ac3-c66b-4b69-aabc-f7ecd2d3ea0a,1970-01-01,0,Food,1206.5,ESP,GBR,1,0,1,1,1
sdv-id-OHklcO,73cab4e3-bbc3-453b-b5e8-abfe6af01106,1970-01-01,5,Travel,1623.96,ESP,FRA,0,0,1,1,0
sdv-id-yZGzMd,fd508f47-652a-476a-b319-23cb15eb89a8,1970-01-01,5,Gaming,1381.92,ESP,UKR,0,0,0,0,1
sdv-id-QlBNar,2ea756a8-229e-4406-aab7-6dd1152b5e5f,1970-01-01,0,Retail,1689.31,ESP,NGA,1,0,1,0,1
sdv-id-ghFddY,ff49a81c-d42a-4238-a84b-2e1d73fb6c56,1970-01-01,3,Travel,842.32,ESP,BGD,1,1,1,0,1
sdv-id-IOfhgr,0cdddf92-3711-4879-a1a8-d644b002c52e,1970-01-01,3,Food,539.02,ESP,VNM,1,0,0,1,0
sdv-id-fylyCr,a9093889-e42c-4e33-8a39-561f3473d9d3,1970-01-01,1,Food,1557.32,ESP,DEU,0,0,0,0,1
sdv-id-mevdZg,8266557c-efc6-4c4c-91f2-789bea956113,1970-01-01,2,Tech,458.0,ESP,ESP,1,1,0,0,1
sdv-id-SBRpJS,f89617fa-6493-45ef-bf53-76a4bb48bbba,1970-01-01,1,Food,475.65,ESP,ESP,1,1,1,1,0
sdv-id-AfAqez,dea7e1ae-7006-42c6-b286-af002a8be289,1970-01-01,1,Tech,2217.94,ESP,CHN,0,0,1,1,0
sdv-id-KbJdZP,d2524487-6b70-4287-a9fe-ba149adda7c8,1970-01-01,0,Tech,144.5,ESP,ESP,1,1,1,1,1
sdv-id-uzJtsi,58389bc7-6981-4678-9b82-b67ddd7e0ae6,1970-01-01,0,Gaming,364.36,ESP,NGA,1,1,0,1,0
sdv-id-sPJcwX,d48f5ba3-0d87-4c72-bce0-5a63197f9b8d,1970-01-01,0,Tech,2035.95,ESP,GBR,0,0,0,0,1
sdv-id-EgiwRc,fcce5213-6789-4d92-b33c-4c369a690cad,1970-01-01,0,Food,2478.05,ESP,FRA,1,1,1,0,1
sdv-id-BsxPRo,09028dd7-a0d7-43f0-831d-fb91397a0433,1970-01-01,0,Food,901.78,ESP,NGA,1,1,1,0,0
sdv-id-xzCoLq,d25864f2-25d4-40fc-a154-2765d756ba9c,1970-01-01,0,Travel,234.16,ESP,NGA,1,0,0,1,1
sdv-id-bYGDWP,df9a7704-adc2-4f16-a4b3-0768fdfd984e,1970-01-01,1,Gaming,163.63,ESP,PRT,0,1,1,1,0
sdv-id-oamfRj,84681060-743e-4fef-86a6-1b3dc86e0b55,1970-01-01,5,Travel,1150.11,ESP,FRA,1,0,0,0,1
sdv-id-bPHUEo,a3e5721c-7f8e-4198-9265-f22792b28bea,1970-01-01,0,Tech,1551.44,ESP,RUS,1,0,0,0,0
sdv-id-fYJzyH,55af47da-31d1-46cb-a450-dd3c01521e60,1970-01-01,1,Retail,1084.56,ESP,RUS,0,0,0,1,1
sdv-id-wmfWRX,48dc1e26-c7c2-464a-bab8-328f2cae93a2,1970-01-01,0,Food,488.72,ESP,JPN,1,0,0,1,0
sdv-id-IijPhy,00256416-b908-403c-b3e0-72cb05fd35aa,1970-01-01,0,Food,2364.04,ESP,BGD,1,1,0,1,1
sdv-id-Mrjoop,e827a1b9-d4a0-4e53-ad3e-e1dc81392443,1970-01-01,1,Retail,830.7,ESP,PRT,1,1,0,1,0
sdv-id-pwOLql,ed174fdd-2dee-403e-81d9-6e9601a02047,1970-01-01,0,Gaming,1038.0,ESP,DEU,0,0,1,0,0
sdv-id-iZZPTS,3b4f068e-ecad-422d-9b2a-a4e4c0e354e7,1970-01-01,0,Food,512.92,ESP,VNM,0,0,0,0,1
sdv-id-rQXxKb,6f97aebd-e15d-4642-8a84-bd349d345ce9,1970-01-01,0,Food,1785.25,ESP,JPN,0,0,1,0,0
sdv-id-azAIbR,3506e337-683d-41a9-814b-069c45ce5149,1970-01-01,3,Gaming,1306.2,ESP,BGD,0,0,1,1,0
sdv-id-YjrAUK,086c030f-f0fd-4ea9-82c2-7f97af6c9a31,1970-01-01,0,Food,1629.7,ESP,JPN,1,1,1,1,1
sdv-id-zSQkJz,94e74f26-29b0-4b37-8271-0779d864465a,1970-01-01,1,Tech,488.95,ESP,NGA,0,1,1,0,0
sdv-id-ZmGYyf,1186da93-da7d-4c53-b020-cf0669b41194,1970-01-01,5,Tech,1228.83,ESP,CHN,0,1,0,0,1
sdv-id-IqnDVt,c83e0032-5fe8-47f4-b08a-ba2101f268f5,1970-01-01,0,Food,225.66,ESP,IND,0,0,0,0,1
sdv-id-HlRdZw,7c0664aa-3ab5-4e50-b2c9-cc0fca7e2d4e,1970-01-01,3,Gaming,1315.6,ESP,UKR,0,1,0,1,0
sdv-id-tSTuvd,b8ab8e09-c5da-4dcc-8dd7-0974f84716b7,1970-01-01,4,Tech,1305.41,ESP,UKR,1,1,1,0,1
sdv-id-xPvITs,01e1af8f-8946-4e5b-a6fa-3d5c3678a41a,1970-01-01,4,Retail,2020.3,ESP,UKR,0,1,1,0,1
sdv-id-OtseSi,119bd998-f1c3-420d-b7e9-1ea49c0723c4,1970-01-01,0,Travel,1250.77,ESP,IND,1,1,1,0,1
sdv-id-IYpVav,5fa9a39e-ee47-48d4-b9fb-97b9abf1a574,1970-01-01,2,Tech,847.81,ESP,ITA,0,1,1,0,0
sdv-id-ITUCWY,cca8f708-df77-41cc-85d1-cfbdd2ec8e7a,1970-01-01,0,Travel,932.45,ESP,BRA,1,1,0,1,0
sdv-id-hSwpWL,652fd941-e057-4014-b699-febb228c4f0c,1970-01-01,0,Travel,969.76,ESP,DEU,0,1,1,0,1
sdv-id-WnKoKG,0d41de26-91c9-4644-b2e6-3a676e971b5a,1970-01-01,3,Retail,1046.02,ESP,GBR,1,0,0,0,1
sdv-id-pkfMCC,503ba8c3-ce83-4e27-85ef-d6701f4d88ce,1970-01-01,4,Gaming,796.17,ESP,CHN,0,0,1,0,1
sdv-id-mJGtwt,7147f758-cdbe-4548-aa65-66e8fe1ad905,1970-01-01,0,Retail,100.9,ESP,DEU,1,0,0,0,0
sdv-id-fHadrG,c1e96e0e-075e-4b87-a5cb-a86d5b216412,1970-01-01,0,Travel,1072.25,ESP,FRA,1,1,0,0,0
sdv-id-oDyKqT,00b02a82-7054-4f5f-950f-5effdc5136e4,1970-01-01,1,Retail,175.51,ESP,ARE,1,1,1,1,1
sdv-id-lIxkGQ,0a76e404-9bad-46c6-9d7d-08c960cc7abd,1970-01-01,0,Travel,1430.6,ESP,ITA,1,1,0,1,0
sdv-id-ULXREH,6dc5559b-ef2e-45e6-b12e-16087870a04c,1970-01-01,0,Tech,2239.2,ESP,ARE,0,1,0,0,1
sdv-id-zYwONl,c2a663d6-d34c-41f2-a746-cfa4724eb58d,1970-01-01,0,Tech,482.24,ESP,PRT,1,1,1,1,0
sdv-id-vTURBD,01829782-88ea-47d4-9e49-4952ac5d4e57,1970-01-01,4,Food,2496.94,ESP,PRT,1,0,1,1,1
sdv-id-eOfGYa,4e85661e-3bc6-44e2-add5-346eab2f4642,1970-01-01,3,Gaming,387.12,ESP,ARE,1,1,1,1,0
sdv-id-HvGyRp,b993c041-5f54-4332-9f6c-6a8635f4ffba,1970-01-01,0,Tech,1469.77,ESP,BGD,1,0,0,0,1
sdv-id-ozWQbb,7262c8cb-5af7-433a-ad26-54a487330652,1970-01-01,2,Tech,641.85,ESP,JPN,0,0,1,0,1
sdv-id-kLBpyk,b360e8af-91aa-4b5c-ab0c-bd6ca6032997,1970-01-01,0,Food,551.35,ESP,BRA,1,1,0,0,1
sdv-id-KPKzQY,f485e944-3142-40c7-95cc-861a8f31bf2e,1970-01-01,0,Retail,523.57,ESP,USA,0,0,1,0,1
sdv-id-bTtTET,82d29bf8-61e3-478b-b2eb-de4e95c4fab0,1970-01-01,0,Food,175.78,ESP,VNM,0,0,0,0,0
sdv-id-jTZTZU,0de5fd7b-dcec-4307-b9e2-4cc0ca63d3d0,1970-01-01,0,Retail,1711.81,ESP,ARE,0,1,0,1,0
sdv-id-ZCINtE,c01b07c4-0ce3-46ea-b575-dd690b6189c4,1970-01-01,0,Gaming,2286.35,ESP,PRT,0,1,1,1,0
sdv-id-umrgmO,7544d3e6-4f6f-427a-ba31-1b7e379d2349,1970-01-01,0,Travel,1795.37,ESP,ITA,1,1,1,1,0
sdv-id-mEiJey,8bd959db-4776-4cba-9c41-c9cf1fce1d86,1970-01-01,0,Travel,2096.31,ESP,BRA,0,0,1,0,1
sdv-id-RWhoZz,df865633-ab7a-4b66-b4ac-c7e2fa575cea,1970-01-01,0,Gaming,1923.78,ESP,PRT,1,0,0,0,1
sdv-id-vRbpgP,6c27ca62-141f-4b4c-b977-93611204a9d9,1970-01-01,0,Food,1777.37,ESP,FRA,0,1,0,0,1
sdv-id-EGtMNJ,f6d4017d-f849-4b53-bacc-2e3535b6c692,1970-01-01,0,Retail,1592.07,ESP,GBR,1,0,0,1,0
sdv-id-ooEeeb,92a81713-b90e-444b-951c-25d54d4c5280,1970-01-01,0,Food,360.3,ESP,BRA,0,1,1,1,0
sdv-id-DDuaip,3b4f068e-ecad-422d-9b2a-a4e4c0e354e7,1970-01-01,0,Retail,757.17,ESP,ITA,1,1,0,0,0
sdv-id-ueCuND,644c5b7d-95ea-4734-8925-f7fa1484e9d6,1970-01-01,0,Tech,392.72,ESP,PRT,1,0,0,1,0
sdv-id-kKrtVA,232e84ea-dfe3-48d5-90be-629444c1a38c,1970-01-01,0,Tech,1069.5,ESP,CHN,0,1,0,0,1
sdv-id-WHYVsU,9cbf4d7d-e70c-4280-afa9-7de7619987c0,1970-01-01,0,Travel,1860.31,ESP,UKR,0,1,0,1,0
sdv-id-qUzeoC,5b951652-c11e-416b-a6d6-2330f5b19be4,1970-01-01,0,Tech,170.62,ESP,NGA,0,0,1,0,0
sdv-id-AawSCN,2ae2c9d1-365d-495b-a707-9421cfd2be23,1970-01-01,0,Tech,1595.25,ESP,ITA,1,1,0,0,0
sdv-id-UaqVYR,3d76c659-256d-4405-b93d-f0b6b60301aa,1970-01-01,0,Tech,264.65,ESP,PRT,0,0,1,1,0
sdv-id-HOrkwe,ba7e1b86-c1fa-4753-a7ef-0a4b5fb2b838,1970-01-01,0,Retail,248.11,ESP,VNM,1,0,0,1,0
sdv-id-YfZcFb,26d794d3-0db9-4301-afbb-411aa1235a8c,1970-01-01,1,Food,1713.79,ESP,ARE,1,1,0,0,1
sdv-id-kNAIad,95804c2a-c44f-44b8-9b80-b8d18788dfed,1970-01-01,0,Travel,1790.47,ESP,GBR,1,1,0,1,0
sdv-id-BDNmfb,f574175b-3d05-4bf4-b93c-4fbf1b9b71f0,1970-01-01,0,Food,1905.03,ESP,BRA,1,1,0,0,1
sdv-id-RwOOzK,8381863c-fb0c-485d-a886-68a4e0f99296,1970-01-01,0,Travel,386.4,ESP,VNM,1,0,1,0,0
sdv-id-XqnxSv,edc6722f-88a9-44a1-a211-5e1753b5af5a,1970-01-01,0,Gaming,646.33,ESP,BGD,0,1,0,0,1
sdv-id-qkvgNk,7dd12d57-0b84-4c50-96c1-b18366dc3989,1970-01-01,0,Food,1473.96,ESP,JPN,1,0,1,0,1
sdv-id-dJGyNZ,63582706-d545-4254-89bc-6a803a887bed,1970-01-01,4,Food,1544.9,ESP,UKR,1,1,0,0,0
sdv-id-uSWSPx,0cc8fa21-b601-45b2-81c3-63cd7add3695,1970-01-01,1,Gaming,607.22,ESP,CHN,0,1,1,1,0
sdv-id-eGSwLU,77fa7bbc-cc68-453e-9a9f-d637fc7aa2dc,1970-01-01,0,Gaming,1817.95,ESP,IND,1,1,1,1,0
sdv-id-YpWWwY,184cbb24-bcde-4407-844b-f02f5b1f4979,1970-01-01,0,Food,315.64,ESP,CHN,0,1,1,1,1
sdv-id-uBeorZ,8eed7ac9-76f3-46e1-ba33-3fa4fed1aaf9,1970-01-01,0,Travel,616.86,ESP,ITA,1,1,0,0,1
sdv-id-CmEIfG,9fa4a627-d306-48be-8548-867bad5cba24,1970-01-01,0,Travel,26.61,ESP,RUS,0,1,1,0,1
sdv-id-NfNQlV,ee58d695-e15a-48f3-87c6-2bd3caf27c2a,1970-01-01,0,Tech,2176.45,ESP,ARE,1,0,0,1,1
sdv-id-dnTEWU,a3863cd1-00f2-4a96-ab82-1435382afbde,1970-01-01,0,Gaming,1025.34,ESP,VNM,0,1,0,0,0
sdv-id-GCXKAX,1cd4aa85-613c-426a-801e-700629d374d6,1970-01-01,0,Tech,705.32,ESP,PRT,0,1,0,0,0
sdv-id-GACGtN,afca225a-fc7c-4c3e-99dc-e8191841d873,1970-01-01,0,Tech,2476.96,ESP,VNM,0,1,0,1,0
sdv-id-EkupDs,8b2e1eb3-b523-41f3-9e3b-c735071f1a27,1970-01-01,2,Retail,295.6,ESP,BRA,1,0,1,0,1
sdv-id-iuYazc,f0029577-e4f3-44d5-b6f3-1d0290cafac3,1970-01-01,0,Retail,1879.74,ESP,BGD,1,0,1,0,1
sdv-id-pYkUBl,430493f0-d7c7-43b7-ad13-68f305808066,1970-01-01,0,Travel,1079.78,ESP,GBR,1,1,1,1,0
sdv-id-EpVogS,832920b7-c143-4426-b72f-871a45ee432d,1970-01-01,1,Retail,2411.85,ESP,ESP,1,0,1,0,1
sdv-id-kHAwpR,c0cffa73-35b5-4ec5-b3ed-8f33f587d26d,1970-01-01,0,Food,2267.74,ESP,ARE,1,1,1,0,1
sdv-id-QfJvEH,168b1625-746f-4891-8964-fbbf8cd321b0,1970-01-01,0,Gaming,1256.99,ESP,PRT,1,1,0,0,0
sdv-id-qCNmhz,4acafd79-ec60-4353-b12d-2edce6b03b0d,1970-01-01,5,Food,933.98,ESP,RUS,1,0,0,0,1
sdv-id-AMbUsv,c53f777f-51c4-4d6e-8764-a95699685a3c,1970-01-01,0,Retail,714.52,ESP,BRA,1,0,0,1,0
sdv-id-fZmNxA,0ab2e2ca-73a5-4d2e-8e1e-7525e957967a,1970-01-01,1,Tech,235.94,ESP,VNM,0,1,0,0,0
sdv-id-grFpAL,8188de48-719b-4dd6-97b4-e75be9d18ec2,1970-01-01,1,Tech,238.37,ESP,BGD,0,1,0,1,0
sdv-id-cDhREM,4ab047e0-a856-4d84-9727-d487ef8df74d,1970-01-01,5,Retail,1468.41,ESP,VNM,1,0,0,0,0
sdv-id-eHKmto,1c093b82-44cb-4cf6-8e24-1f2927219bbb,1970-01-01,0,Food,1582.89,ESP,DEU,1,1,1,1,1
sdv-id-VbSNoE,e2b5e74d-38c0-40c3-86e2-ac9496203553,1970-01-01,0,Tech,629.45,ESP,GBR,1,0,0,0,0
sdv-id-DMbsJc,bc66d391-069c-4309-89ad-5cbb7322b792,1970-01-01,0,Tech,129.58,ESP,RUS,0,1,1,1,0
sdv-id-MTYnZp,43799d48-ce35-45ea-a25f-c9245c9557ea,1970-01-01,2,Travel,1684.27,ESP,JPN,0,0,1,1,0
sdv-id-Jxrzfe,52ce55e3-69df-45c7-a4a0-053f22a37556,1970-01-01,0,Travel,2038.43,ESP,NGA,0,0,0,0,1
sdv-id-dxMztK,e7718e1b-d1df-4ff0-b5f3-2c8e83fc7a2b,1970-01-01,0,Retail,1757.75,ESP,IND,1,0,0,0,1
sdv-id-xdWJjA,2ccda2af-4d64-4b63-866c-fb2b3754f16f,1970-01-01,0,Food,1426.76,ESP,DEU,1,0,1,0,1
sdv-id-JDfKXP,be1e70bc-03c6-4e18-8528-d3096a56587d,1970-01-01,0,Food,1344.44,ESP,USA,0,1,1,1,1
sdv-id-pFSEty,8a1b0744-0be7-4352-a85c-0862e9e02d8d,1970-01-01,3,Gaming,1904.8,ESP,PRT,0,1,1,1,1
sdv-id-FKBxqu,167b6ea0-2945-4370-a713-72ab34cb7b9a,1970-01-01,0,Tech,1316.44,ESP,UKR,0,0,1,0,0
sdv-id-hymavL,8ace87b7-4250-4956-878c-d79d0856cc4b,1970-01-01,0,Retail,835.43,ESP,BGD,0,0,1,0,1
sdv-id-bwzddd,f4dafcc8-1a0b-4310-b97a-4dc81c31d9b9,1970-01-01,2,Tech,2111.22,ESP,ARE,0,0,0,0,0
sdv-id-rTuQyV,7d296f9c-7d6a-45c4-be26-13aba98cb9cf,1970-01-01,0,Gaming,2081.7,ESP,VNM,1,1,1,0,1
sdv-id-EsQxND,0ea7c6ed-5f1d-4663-a5c5-afe189fdf534,1970-01-01,5,Travel,2416.96,ESP,VNM,0,0,1,0,1
sdv-id-KLRyXC,ba26dbc3-2d3b-4adc-a386-d673412dff6c,1970-01-01,0,Tech,5.03,ESP,FRA,1,0,1,0,0
sdv-id-DQqxCm,62e9ee62-0627-4321-b119-bde0ed67864f,1970-01-01,0,Retail,1747.94,ESP,BGD,0,1,1,0,1
sdv-id-ZalTjg,16b52fab-bb25-467d-8d21-4444795b325e,1970-01-01,0,Food,745.55,ESP,UKR,1,1,1,1,1
sdv-id-kfVuJO,f27292b6-7621-42ed-9d0b-c9bde9b5c5cf,1970-01-01,0,Food,2477.43,ESP,ITA,0,0,0,0,1
sdv-id-NqlmEd,210f2a8a-1c59-4736-bd56-1b27283379b8,1970-01-01,0,Tech,1076.82,ESP,ITA,0,0,1,1,1
sdv-id-TPKGlc,a383889a-db2c-4ac8-9c67-83932ced3c0d,1970-01-01,0,Travel,729.18,ESP,PRT,1,1,0,1,0
sdv-id-oetHwV,15db0b31-f6c8-4ff5-b8b7-5626b805f666,1970-01-01,2,Gaming,758.97,ESP,BGD,0,1,1,0,0
sdv-id-QOGLpa,96ed79ef-b03e-4eb4-96e9-fa04df044782,1970-01-01,0,Retail,217.14,ESP,RUS,0,1,0,0,1
sdv-id-kqvnOx,a97b43bd-00b7-4636-8c81-a3cc9965ef48,1970-01-01,0,Travel,1136.12,ESP,ITA,0,1,1,0,1
sdv-id-XXyZPE,04aa8f68-b9ae-4292-8012-1516f1e7a280,1970-01-01,0,Retail,414.95,ESP,ARE,1,0,1,1,0
sdv-id-RmkPEy,8e9a8e72-93fc-4973-b631-5c550ca3e980,1970-01-01,3,Food,1864.03,ESP,ITA,0,1,0,0,1
sdv-id-RYNuhe,3918d757-1b62-4489-b94e-52be346b544c,1970-01-01,1,Tech,1205.21,ESP,VNM,1,1,1,0,1
sdv-id-jPozRh,daada0b1-2f13-4a6d-aad5-5c0b69fb2fe6,1970-01-01,0,Tech,1354.31,ESP,PRT,0,1,1,1,0
sdv-id-kCewNC,c5188d4d-c5a8-446c-a3f5-aea605981489,1970-01-01,3,Food,1790.94,ESP,BGD,0,0,0,1,0
sdv-id-zBmCXr,fb26699f-1bf5-427f-8ea8-be58e2cae78d,1970-01-01,0,Food,360.22,ESP,USA,1,0,0,0,1
sdv-id-VszlpZ,27921c1c-f14e-4d13-9bd0-e94e601caf82,1970-01-01,0,Gaming,535.43,ESP,PRT,0,0,1,1,0
sdv-id-AEFBAp,5e8f7d7e-3c36-4559-956c-992bcc977171,1970-01-01,0,Travel,1543.1,ESP,BRA,1,0,0,1,0
sdv-id-gYWeIt,2da6b974-47ad-41dd-b768-b54abb0c686a,1970-01-01,0,Tech,1836.24,ESP,JPN,0,0,1,0,1
sdv-id-iOsSvQ,3649f585-6e75-4e7a-9abb-b78f1585665d,1970-01-01,0,Gaming,831.91,ESP,CHN,0,0,0,0,1
sdv-id-uOLAGL,ac58d464-eb16-4eb0-8434-917090f43724,1970-01-01,0,Food,1082.96,ESP,GBR,0,0,1,1,0
sdv-id-sCqgqy,0721a813-9a45-4779-aafb-8006c94e5103,1970-01-01,0,Food,952.93,ESP,ITA,0,1,0,1,0
sdv-id-bZRDOg,49e1cd13-8da0-4495-9cce-5ba931d4ee09,1970-01-01,4,Tech,1948.76,ESP,IND,0,0,0,0,0
sdv-id-weVGuB,3b38102b-7bdf-4546-a4a8-844f7d94a6ce,1970-01-01,5,Food,8.87,ESP,JPN,1,1,1,1,0
sdv-id-YqBHra,7387928a-29a3-4b6d-b9bf-ca38afe9be90,1970-01-01,2,Gaming,1125.86,ESP,GBR,0,0,0,1,0
sdv-id-ASNMdC,c3dd1d6a-18fc-4899-9c86-a6f929f5d43d,1970-01-01,5,Food,2000.67,ESP,GBR,1,0,1,0,0
sdv-id-LATQAA,4c6f9a45-8192-4f8f-9fed-7603fadc9704,1970-01-01,0,Tech,101.44,ESP,BRA,0,1,1,0,1
sdv-id-BtcJXo,2548f600-e2f2-4f04-8bd6-a07d813ee22d,1970-01-01,5,Retail,508.17,ESP,ARE,1,0,1,0,0
sdv-id-PAgZPB,0a349670-be8b-45f3-b7e1-c9a264cc7a90,1970-01-01,0,Travel,2339.85,ESP,VNM,0,0,0,0,1
sdv-id-pgNQKa,cf3b6e13-781f-418a-8ae2-e88e7a1b2bb4,1970-01-01,0,Food,1903.16,ESP,FRA,0,1,0,0,0
sdv-id-PdLVFs,c310d2a2-0700-47c1-b1f9-4a097408f646,1970-01-01,0,Travel,1694.22,ESP,IND,0,0,1,0,1
sdv-id-zfywYg,b1ddfdbb-80cf-4dc7-ab10-862175ecc919,1970-01-01,0,Gaming,1937.33,ESP,CHN,1,1,0,0,1
sdv-id-fEhQnj,b03ac41d-3e90-41e8-835b-d879eca0a912,1970-01-01,1,Travel,1933.11,ESP,FRA,1,0,1,1,1
sdv-id-gmvwDZ,ac17a477-af09-4ba1-8c78-f060746f3431,1970-01-01,0,Retail,231.87,ESP,UKR,1,0,1,0,1
sdv-id-AJQdJz,f0636972-c737-427a-9e34-106afa902bfb,1970-01-01,5,Travel,2208.88,ESP,BGD,0,0,1,1,1
sdv-id-xnzYbp,3d77b36f-0449-464f-9736-466b222b0436,1970-01-01,1,Food,261.59,ESP,CHN,1,1,1,1,1
sdv-id-LoGltG,e1903719-31de-44b2-bc2c-55298dc12eba,1970-01-01,0,Tech,1252.41,ESP,USA,0,0,1,1,0
sdv-id-JjjbNO,efc5a8dc-cf54-488a-8c5d-53779f493777,1970-01-01,0,Tech,762.45,ESP,UKR,0,1,1,1,1
sdv-id-CNbClW,b48b9a8c-7eb3-4efc-b4b3-4dcb8b2c65b5,1970-01-01,0,Travel,2352.27,ESP,BRA,0,1,1,0,1
sdv-id-apIRTl,9b465e04-b4cf-4cd7-b2a1-c14d46a49f8d,1970-01-01,0,Travel,1924.76,ESP,GBR,0,1,1,1,0
sdv-id-NgwRGA,2bacf712-d6a9-49e8-86d8-95e5219b606d,1970-01-01,0,Gaming,1720.51,ESP,ITA,0,1,0,1,1
sdv-id-SLiauC,9313b3a7-e5a1-46e4-a188-6146fc40a3d4,1970-01-01,0,Travel,2384.18,ESP,DEU,1,0,0,0,0
sdv-id-sYXFQF,c6b33fe6-1c76-4df6-ac5a-6c93871c0884,1970-01-01,1,Travel,1008.33,ESP,GBR,0,1,0,1,0
sdv-id-XxxihG,d5963842-567e-4c74-bd92-232a4fbb831a,1970-01-01,0,Gaming,2249.64,ESP,CHN,0,1,0,1,0
sdv-id-NxjBzs,1a4b1606-2101-4bff-8fe5-474558274e80,1970-01-01,0,Food,1083.2,ESP,IND,1,0,0,1,0
sdv-id-FTDifU,b45a6ab3-7b94-434d-a4aa-786d9d17d218,1970-01-01,2,Travel,91.13,ESP,CHN,1,1,1,0,1
sdv-id-LCEHvs,4f612217-eef1-4694-90ca-e32d0aba590e,1970-01-01,0,Travel,673.82,ESP,ARE,0,0,1,1,0
sdv-id-llAdhe,0a7ab509-fb04-4274-8e78-646b7d47af43,1970-01-01,0,Gaming,728.19,ESP,IND,1,0,1,1,1
sdv-id-BpJqHP,9398daad-d527-4a01-8085-fa43a7faaf3a,1970-01-01,0,Retail,1989.26,ESP,VNM,1,1,1,0,0
sdv-id-DYKaLi,a4119211-f42f-4497-a07c-db47a24efba7,1970-01-01,0,Retail,1173.9,ESP,NGA,1,0,1,1,0
sdv-id-rvrbtL,2ba95b90-9654-45e4-ba65-860330b6857a,1970-01-01,4,Food,2299.57,ESP,JPN,0,0,0,0,1
sdv-id-CgEJhK,e6a98352-de8c-4a13-9bdf-d4cea125151b,1970-01-01,0,Travel,1965.26,ESP,PRT,1,1,1,1,0
sdv-id-pKBfGO,7943bf07-bc9b-4872-8eca-3630734264e1,1970-01-01,3,Travel,1415.23,ESP,NGA,1,0,0,1,1
sdv-id-CRinhC,b73e54c3-1ef8-4ca7-898f-3586b74a3db6,1970-01-01,0,Food,138.71,ESP,VNM,1,0,0,1,1
sdv-id-layHXH,2ad98682-f8da-4a79-a72e-dd5f4a0c408d,1970-01-01,0,Tech,1757.63,ESP,ITA,0,0,0,0,1
sdv-id-LTKkeQ,3ca5be29-5217-4bf3-9181-83d1ac2b0cfc,1970-01-01,0,Travel,825.3,ESP,GBR,1,1,1,1,0
sdv-id-YRXLHA,87cef9a2-9b75-459c-bf09-338c422aaaa7,1970-01-01,1,Travel,2401.72,ESP,BRA,0,0,0,0,1
sdv-id-OGgviR,054a4d99-d999-4026-837e-60684ccb8ee7,1970-01-01,0,Retail,1068.49,ESP,UKR,1,1,1,1,0
sdv-id-gwTQMf,b8ab8e09-c5da-4dcc-8dd7-0974f84716b7,1970-01-01,1,Tech,825.88,ESP,UKR,0,1,1,1,0
sdv-id-SKOQZo,dd7edcf9-fbf0-4c30-9a61-73ed594a4f2e,1970-01-01,5,Gaming,825.08,ESP,USA,1,0,1,0,1
sdv-id-etDATu,4eab6bdd-7fb8-4b3e-8234-e83e0786bad1,1970-01-01,0,Travel,15.0,ESP,JPN,1,0,0,1,1
sdv-id-LPEEEu,1a30a775-cce6-4d28-b141-be049bcf4139,1970-01-01,2,Retail,655.08,ESP,UKR,0,1,1,0,1
sdv-id-qfRvuM,436d977b-6431-4bbe-8e44-c9dc81b61c87,1970-01-01,0,Retail,1644.56,ESP,FRA,1,1,1,0,1
sdv-id-fHGFzY,c3a215ff-a660-404f-b0b6-052fb2c68986,1970-01-01,0,Gaming,2039.4,ESP,FRA,0,0,0,1,0
sdv-id-HhAKTr,7147f758-cdbe-4548-aa65-66e8fe1ad905,1970-01-01,0,Retail,655.41,ESP,FRA,1,1,1,1,0
sdv-id-aCdIXq,1ec09c35-7503-4829-888e-5bd8072915c7,1970-01-01,0,Travel,60.48,ESP,IND,0,1,1,0,0
sdv-id-mXoPHB,76c42543-e7fd-4630-8daf-3bea22a6df25,1970-01-01,0,Gaming,734.67,ESP,FRA,1,0,0,1,0
sdv-id-aEKFDY,c7f4f4f9-8222-4ad3-aca3-91d47ba16dd7,1970-01-01,0,Tech,2474.41,ESP,JPN,1,1,0,1,0
sdv-id-lVvmns,3a843b35-c2bd-4805-8c48-52175d549496,1970-01-01,0,Tech,25.08,ESP,IND,0,1,0,0,0
sdv-id-LbwjNR,1cc0b764-b06b-4fca-96b4-05d7712dd406,1970-01-01,3,Gaming,1601.01,ESP,IND,0,0,1,1,1
sdv-id-eFxTKe,fc8e920d-f692-4963-b2ea-685094bfe660,1970-01-01,0,Food,825.89,ESP,BRA,0,1,0,0,0
sdv-id-xdwMcB,de771787-1255-4f58-a7c2-8d0c95f5442f,1970-01-01,0,Retail,2383.46,ESP,RUS,1,1,1,1,1
sdv-id-orPiDk,8df21ad5-2d36-4b7e-b3ff-b402a5d5bbf9,1970-01-01,0,Tech,1391.96,ESP,ITA,1,1,1,0,1
sdv-id-XTtjeA,ae19e2b4-3c02-433f-9e19-6147d2011306,1970-01-01,0,Travel,1592.19,ESP,RUS,0,0,0,0,0
sdv-id-IgrJAe,e8724434-69b6-475e-b6c5-3d2be9fdd358,1970-01-01,0,Retail,2146.27,ESP,BGD,0,0,0,0,0
sdv-id-DCJqFo,5ea9f259-45c8-4249-b0fb-b28e0d9bb3b5,1970-01-01,5,Travel,195.44,ESP,UKR,1,1,1,0,0
sdv-id-dIOzcO,51bfc946-2054-44fa-9eb1-dc0c75f006c0,1970-01-01,0,Travel,632.6,ESP,JPN,1,1,1,0,1
sdv-id-WHeMqg,31116b6a-4b38-457b-afdc-4da3aee51b7a,1970-01-01,0,Gaming,1167.56,ESP,BRA,1,1,1,1,0
sdv-id-VtVpym,2812859a-1337-439e-8d4f-5d272c7f0b79,1970-01-01,0,Retail,946.52,ESP,ITA,0,0,0,1,1
sdv-id-yximht,b819b15d-4f96-4a84-a0d4-4d244d074581,1970-01-01,3,Retail,2223.81,ESP,UKR,1,0,0,0,1
sdv-id-BkYxZz,73393f5d-8185-416a-a9c7-18eeaea4b7d6,1970-01-01,0,Retail,1796.54,ESP,BGD,1,0,0,1,0
sdv-id-xlRgxQ,84681060-743e-4fef-86a6-1b3dc86e0b55,1970-01-01,0,Food,623.05,ESP,DEU,0,0,1,1,0
sdv-id-YMIzGz,8ccc9cea-109f-48ee-b5a4-720058f0dd23,1970-01-01,1,Gaming,591.78,ESP,ARE,0,1,0,1,1
sdv-id-WOvPzb,9b47e639-4d25-41eb-af95-be79c971bf51,1970-01-01,1,Travel,1240.77,ESP,NGA,0,1,0,0,1
sdv-id-htVSRx,25b3cc2e-137d-4405-accc-0672cfde82ad,1970-01-01,0,Travel,1022.02,ESP,GBR,0,1,0,1,1
sdv-id-XprTSr,b9ba04a8-54e0-4a94-8682-ca38fb780253,1970-01-01,1,Retail,416.64,ESP,FRA,0,1,1,0,0
sdv-id-CXfYsw,b95175be-5c89-458a-96b4-4b0c576bd523,1970-01-01,0,Gaming,1020.95,ESP,ESP,1,1,1,0,1
sdv-id-tpWuCU,b1804803-d902-4a2c-a3dc-8702503314b1,1970-01-01,0,Retail,1988.3,ESP,NGA,0,0,1,0,1
sdv-id-YLdVbK,bbff1e4b-7236-4469-b06e-cef93c7ff37d,1970-01-01,0,Travel,1714.27,ESP,JPN,0,0,1,1,1
sdv-id-ZxBDMG,314ce4b2-84c2-41a6-9fc3-86097ad51b22,1970-01-01,0,Retail,474.35,ESP,BRA,0,1,0,1,1
sdv-id-MzyWct,1f0733df-7b68-4323-87a2-ee6fd166eb08,1970-01-01,0,Tech,101.26,ESP,BRA,1,0,1,0,0
sdv-id-KxCZAH,d4980e1d-201c-4f3b-8f3b-5f066de28a01,1970-01-01,0,Food,915.08,ESP,BGD,0,0,1,1,0
sdv-id-HxwtuX,e67ae19a-3c67-46b0-bf18-4a88f02d81dd,1970-01-01,0,Travel,1562.41,ESP,PRT,1,1,1,0,1
sdv-id-ZalWZa,3f0cd8c9-d98c-4dc3-8b67-2fac298604bc,1970-01-01,0,Gaming,696.68,ESP,PRT,1,0,1,0,1
sdv-id-XxiWpr,c8d0f9e5-9919-45ea-98d0-0c2c17d30f32,1970-01-01,5,Tech,2339.55,ESP,BRA,0,0,1,0,1
sdv-id-ryJacR,732fc932-ab96-4697-81e1-f813747ac231,1970-01-01,0,Travel,1936.2,ESP,ITA,1,1,0,0,0
sdv-id-MjaldA,db65e8d6-2660-473f-8abe-fd88626cea12,1970-01-01,3,Gaming,2249.97,ESP,ITA,0,0,1,1,0
sdv-id-SHhZPM,cf3ee4aa-594f-4d27-9dcd-0d40d6415102,1970-01-01,0,Tech,745.5,ESP,FRA,0,1,1,1,0
sdv-id-HsZtow,b8e44b7b-98fd-43b5-9575-cb44d5f8a246,1970-01-01,1,Retail,164.91,ESP,GBR,1,0,1,0,0
sdv-id-uFbcwv,95055ac7-2f0b-4138-8138-aeea89887d52,1970-01-01,0,Food,267.19,ESP,IND,1,1,0,0,0
sdv-id-IhOjAb,c4bbb7a9-d988-48dd-9c7c-737779a28903,1970-01-01,0,Tech,1565.23,ESP,NGA,1,1,1,0,1
sdv-id-HWapcl,72c22a16-79eb-4168-9045-56e5bee3eb79,1970-01-01,1,Travel,1504.83,ESP,CHN,0,0,0,1,0
sdv-id-mVtmPe,318cd979-fab0-415d-8a5d-6ceab565f64e,1970-01-01,3,Tech,19.73,ESP,ESP,0,1,1,1,1
sdv-id-NCHcnR,ee647303-8c0b-4e42-a013-6cf6beb4d307,1970-01-01,0,Travel,728.02,ESP,IND,0,1,1,1,0
sdv-id-xCAInU,d033dd5e-798f-4e3f-afd1-422eeb428215,1970-01-01,0,Gaming,2405.7,ESP,RUS,0,0,1,1,0
sdv-id-rwRpsO,19d6cf82-25b9-4454-8bfe-68af3a87b3e2,1970-01-01,0,Food,1524.83,ESP,ARE,1,1,0,0,0
sdv-id-DxgvdB,cb53f0be-5e7b-4866-9270-54706a7be8b1,1970-01-01,0,Retail,1767.68,ESP,ARE,1,0,1,1,0
sdv-id-TZqmXE,1bd4a24e-66bc-4735-b605-070bea732391,1970-01-01,0,Food,1917.18,ESP,ESP,1,0,0,1,0
sdv-id-jAXsYr,14dd5061-5557-46f8-a67e-ddcedf8f4197,1970-01-01,0,Retail,1267.59,ESP,PRT,0,1,0,0,0
sdv-id-mNREbj,6e28b3e9-5c7e-454d-94a9-922ef67ed93e,1970-01-01,0,Retail,1691.0,ESP,UKR,0,1,0,1,1
sdv-id-alueJn,c5c68438-b92c-4430-b539-8963d3270cc0,1970-01-01,3,Gaming,1820.87,ESP,CHN,0,1,0,1,0
sdv-id-DHDRWE,de1f1619-467b-49e5-b7e8-b762bb7eb979,1970-01-01,0,Gaming,683.65,ESP,BRA,1,0,0,0,1
sdv-id-TbjCXJ,ce5e137f-8772-4818-a5e3-1112c35826a5,1970-01-01,0,Gaming,679.55,ESP,PRT,1,1,1,1,0
sdv-id-IxjVfW,7bb775d4-9172-4023-89b1-85d6fa6d81ee,1970-01-01,0,Travel,1084.91,ESP,VNM,0,1,1,1,0
sdv-id-MvPMhF,65843875-53c7-4de6-b21d-856b426664cf,1970-01-01,0,Travel,2052.73,ESP,BGD,1,0,1,1,1
sdv-id-ndxPBW,ac2c96e7-79e9-490b-be1f-cad10e6884d6,1970-01-01,3,Retail,475.05,ESP,PRT,0,0,1,1,1
sdv-id-RFikoF,61fdf942-424d-4469-86a0-bfb45df0fb26,1970-01-01,5,Retail,2006.11,ESP,VNM,0,1,0,0,1
sdv-id-MkFzZf,0234eddf-0fbd-4e7f-9a40-013bc7bd5595,1970-01-01,3,Travel,2287.53,ESP,VNM,0,1,1,0,1
sdv-id-sXTgYO,b9aa06f5-382b-4b11-99fc-faeb722944a9,1970-01-01,0,Travel,308.38,ESP,PRT,0,0,0,0,1
sdv-id-BQiFVi,849b50bc-05e5-4461-8934-4b060790eeb4,1970-01-01,1,Tech,866.43,ESP,VNM,0,1,0,0,1
sdv-id-whKMXF,84d465df-a8d6-4147-a0f4-1905693f9bc7,1970-01-01,2,Tech,836.66,ESP,GBR,1,0,1,0,1
sdv-id-vUaIYP,1bf384ef-6efe-4368-84c4-2de17e5da21a,1970-01-01,1,Food,1216.96,ESP,ESP,0,1,0,0,1
sdv-id-qmpXeN,65dbb404-5b19-4207-b5a8-457d74f894e2,1970-01-01,4,Travel,1284.97,ESP,ESP,1,0,1,0,1
sdv-id-ayDCws,7ee667de-d93e-4a4d-aa6a-642bfabfa7ef,1970-01-01,0,Retail,1287.88,ESP,CHN,0,1,1,0,0
sdv-id-xTDzMl,9d1c0838-edc8-4ca8-a3bc-d6f3b18d2c8c,1970-01-01,0,Food,233.16,ESP,UKR,1,0,1,1,0
sdv-id-iTVmZp,6b1b8c03-0b7e-4d79-8c1b-0d55933be58a,1970-01-01,0,Food,963.51,ESP,ESP,1,0,0,0,1
sdv-id-uYGKaz,35fad47f-9f05-40b5-a481-2872e704db7d,1970-01-01,0,Food,980.07,ESP,UKR,0,1,0,1,1
sdv-id-wqnnoa,a888e7af-fca3-4bae-b9e3-202eee4bd350,1970-01-01,3,Gaming,154.02,ESP,JPN,0,0,1,1,0
sdv-id-SIvsCx,3c3dbcd8-c705-4c5b-9eda-2838c7b95bd9,1970-01-01,0,Retail,304.03,ESP,BGD,0,0,1,1,0
sdv-id-qFWdof,482702f0-4caa-468b-8523-b4e9022f46bb,1970-01-01,0,Retail,255.4,ESP,VNM,0,1,0,0,1
sdv-id-DwfmIS,0791e8ca-bfc5-4a33-aecd-8622f82066f8,1970-01-01,4,Food,1175.56,ESP,FRA,1,0,1,0,0
sdv-id-xsDqhl,5fa9a39e-ee47-48d4-b9fb-97b9abf1a574,1970-01-01,0,Travel,507.41,ESP,CHN,1,1,0,0,0
sdv-id-ouvWgw,e5278ea2-c80c-4031-8c21-4b4ef80ceb1a,1970-01-01,1,Food,935.82,ESP,UKR,0,0,1,1,1
sdv-id-AaNZaE,070deea0-bb09-4763-8f39-a47fb3288760,1970-01-01,0,Gaming,2367.14,ESP,ARE,0,0,1,0,1
sdv-id-zWkDza,3bbedece-c689-4b88-8337-0bc204595ccb,1970-01-01,3,Food,1002.3,ESP,JPN,1,1,1,1,0
sdv-id-ZquExY,94ad6252-15bc-4a3e-bf76-55d7f97c6c3c,1970-01-01,0,Retail,2049.75,ESP,FRA,1,0,1,0,1
sdv-id-NSlSkR,5a8d9931-5ebb-4417-b523-8331243711ee,1970-01-01,3,Food,1465.19,ESP,UKR,0,0,0,0,0
sdv-id-lBdTTJ,119bd998-f1c3-420d-b7e9-1ea49c0723c4,1970-01-01,5,Travel,1415.02,ESP,DEU,1,1,1,0,0
sdv-id-aWuhhL,c4cb294f-e86e-4e63-8f25-477da55990e7,1970-01-01,2,Tech,1457.76,ESP,IND,0,0,0,1,0
sdv-id-scfmNS,17391cff-8cc9-4052-8f52-ddca3b906d87,1970-01-01,0,Retail,2134.68,ESP,PRT,0,0,0,0,1
sdv-id-QnJXGR,a1d60cf1-8a95-40d8-8794-c44dab583656,1970-01-01,0,Gaming,880.17,ESP,GBR,0,0,0,0,0
sdv-id-OzAoQL,3a843b35-c2bd-4805-8c48-52175d549496,1970-01-01,0,Food,1389.02,ESP,IND,0,1,0,0,0
sdv-id-hdXeGZ,054da197-5273-460c-97a0-3c178620a10a,1970-01-01,1,Gaming,134.11,ESP,NGA,1,1,1,0,0
sdv-id-snNLWv,97d3d50e-6697-4f77-93d6-40ccf4382911,1970-01-01,0,Tech,348.31,ESP,DEU,1,0,1,0,1
sdv-id-popJhk,224a94a5-763a-4eaa-b340-fa855b2955f1,1970-01-01,0,Food,2367.22,ESP,FRA,0,0,0,0,1
sdv-id-OqKVou,e3f9899a-62ba-4966-b388-cf1bd0f383cd,1970-01-01,0,Food,2470.05,ESP,UKR,0,1,1,1,0
sdv-id-kPOIfz,f60ad0a3-8eee-4e95-9987-67113c20fe71,1970-01-01,3,Tech,631.64,ESP,BRA,1,0,0,1,0
sdv-id-iSLSIG,1067308a-95cc-44cd-9a6d-86ba1434faeb,1970-01-01,0,Gaming,1981.55,ESP,ARE,1,0,0,1,1
sdv-id-fZQdIF,a83b9212-38bc-4ce7-b680-4804c34cafdf,1970-01-01,0,Retail,2088.79,ESP,BGD,0,0,0,1,0
sdv-id-pEPZEB,21da5db1-5ef3-41c2-abd7-d3f1650ad9aa,1970-01-01,0,Travel,2095.63,ESP,ESP,1,0,0,1,1
sdv-id-eYEbZY,f5530567-03e7-4d21-9d4d-46d6460d113d,1970-01-01,0,Retail,267.69,ESP,PRT,0,0,1,1,1
sdv-id-mjjvuh,96721e98-5d84-46e0-a0e6-96ffa75743f9,1970-01-01,0,Retail,571.65,ESP,BGD,0,0,0,1,0
sdv-id-vsbuot,d5385b0e-34f3-493c-8ff0-a55c6a702e2f,1970-01-01,4,Travel,709.38,ESP,CHN,1,1,1,1,0
sdv-id-HWscrA,753659ef-d873-4ad9-9a1b-af0e591196dc,1970-01-01,0,Travel,1345.0,ESP,ESP,0,0,0,1,0
sdv-id-zvdxSa,8ccc9cea-109f-48ee-b5a4-720058f0dd23,1970-01-01,0,Travel,291.34,ESP,GBR,1,1,1,0,1
sdv-id-nwwByz,4bb88157-07f6-408e-8426-fe7b060476dd,1970-01-01,0,Tech,1538.14,ESP,FRA,1,0,0,0,1
sdv-id-VrCjiO,7faf15be-67cc-4df3-9af1-cbf08a4e4e3f,1970-01-01,2,Retail,2468.09,ESP,JPN,0,1,0,0,1
sdv-id-hSClmh,09d68cdc-5ed0-458c-9258-1086eecc0487,1970-01-01,2,Retail,1176.07,ESP,RUS,0,1,1,0,0
sdv-id-rRVAQz,0be23972-5d2d-44f9-b297-8c7d37b3b0f6,1970-01-01,0,Tech,356.4,ESP,FRA,0,1,1,0,0
sdv-id-ARaYgF,8f091ace-8d1b-4e2f-a09d-941037694eb6,1970-01-01,0,Food,380.65,ESP,CHN,1,0,0,1,0
sdv-id-fTZkZY,adcd2655-e447-450c-adcc-227088258647,1970-01-01,0,Food,1001.63,ESP,ITA,0,0,0,1,0
sdv-id-UbYNKc,94ab24e9-6794-4589-b7ef-ef05d8fd2048,1970-01-01,0,Retail,883.53,ESP,ESP,1,1,0,0,0
sdv-id-TngbwQ,66f0c1f5-28ca-4d6f-b44a-7cf510ca8162,1970-01-01,3,Gaming,372.08,ESP,DEU,1,1,1,1,0
sdv-id-aivoZg,71dfc82c-b8ad-4f54-bc3c-9c08e523e8a9,1970-01-01,0,Retail,485.45,ESP,BGD,1,0,0,0,0
sdv-id-MLedKo,97e058b9-a7f8-4f02-9418-bc473f59dfa0,1970-01-01,0,Tech,2367.24,ESP,FRA,1,0,0,0,0
sdv-id-xFukVL,02cdc06e-2dbb-4752-94cb-07a90180aceb,1970-01-01,0,Tech,121.26,ESP,DEU,0,1,0,1,0
sdv-id-MyjLNC,7ee667de-d93e-4a4d-aa6a-642bfabfa7ef,1970-01-01,5,Gaming,651.49,ESP,PRT,0,0,1,0,1
sdv-id-zxveif,8768a84f-a76a-4de6-8e9e-1a11fcbb4e59,1970-01-01,0,Retail,78.87,ESP,CHN,1,0,0,0,0
sdv-id-vbSZFi,57e0dffa-55a3-453f-8d34-73edbe320b1a,1970-01-01,1,Travel,2029.63,ESP,NGA,1,0,1,1,0
sdv-id-DzEyIk,f2203acf-8eed-4d34-b384-3346945f4281,1970-01-01,2,Tech,2008.34,ESP,ARE,1,0,0,0,1
sdv-id-bBvnjx,58625813-b28d-4506-b130-5648a6ebe702,1970-01-01,0,Food,2498.74,ESP,NGA,1,0,1,0,1
sdv-id-nzHRnN,b381e8b0-38ca-4da7-81f0-98fca45ccc55,1970-01-01,0,Travel,1498.79,ESP,PRT,1,1,0,1,0
sdv-id-oWXxUe,e0864418-7f3e-459b-9638-613769f35b2d,1970-01-01,2,Gaming,2119.55,ESP,JPN,0,0,0,1,0
sdv-id-IHaXpV,2ad98682-f8da-4a79-a72e-dd5f4a0c408d,1970-01-01,0,Travel,1965.05,ESP,IND,0,1,1,1,0
sdv-id-oTmfnU,e5dc6ce5-5fbb-4fd7-9a58-abba91303877,1970-01-01,0,Gaming,2333.63,ESP,UKR,1,0,0,0,1
sdv-id-lHcDGu,0a677292-755a-4c3d-91ae-757c8607f228,1970-01-01,5,Gaming,1030.38,ESP,IND,0,1,0,1,0
sdv-id-jUOnpK,f543c14d-5095-4881-a88d-37de6c1f0650,1970-01-01,3,Travel,2059.95,ESP,ITA,1,0,1,1,1
sdv-id-JVMIBT,e3082ddc-c9c0-4b7d-aba4-170b4e9d23e9,1970-01-01,1,Tech,1790.41,ESP,DEU,0,0,0,1,0
sdv-id-WDXLQa,260ccfb4-c673-4380-a766-861778dbcde3,1970-01-01,1,Tech,45.79,ESP,CHN,1,1,0,1,0
sdv-id-WaKqKb,f7c12030-7c0e-4e33-910c-798391237a9d,1970-01-01,0,Tech,575.04,ESP,NGA,0,1,1,1,0
sdv-id-fyunxA,9179703b-47a9-4b30-ab57-abeceacf6180,1970-01-01,1,Travel,1165.29,ESP,PRT,1,0,0,1,0
sdv-id-jvuOnY,f8ef0017-bf89-444e-9097-ce4674b0b243,1970-01-01,0,Tech,404.14,ESP,UKR,1,1,1,0,0
sdv-id-tLrvmP,53ab3cce-264a-404f-909e-21ba8a38d5aa,1970-01-01,0,Retail,507.28,ESP,BGD,1,1,0,1,1
sdv-id-ovuRYZ,3e447305-eb55-420d-81d2-31cb66bd5d42,1970-01-01,1,Retail,2295.79,ESP,FRA,0,0,0,1,1
sdv-id-DcFUFK,119bd998-f1c3-420d-b7e9-1ea49c0723c4,1970-01-01,1,Gaming,721.28,ESP,IND,1,1,1,1,0
sdv-id-ReXpmi,6193ab08-09d7-4a75-ad8a-09973b17172b,1970-01-01,0,Retail,450.35,ESP,ESP,1,0,1,1,0
sdv-id-AgfxBM,05ec8e9f-a09f-4700-a4ce-1460ef5a9491,1970-01-01,0,Food,2110.88,ESP,JPN,0,0,0,0,0
sdv-id-bzeZkS,4cb34663-7a21-4151-8166-a8b3f26bcebf,1970-01-01,1,Travel,776.17,ESP,CHN,0,1,0,1,0
sdv-id-kSynWE,bdcac10f-f9e9-4f93-a0ee-5e8ab3e6f4c6,1970-01-01,1,Retail,1880.29,ESP,VNM,1,1,1,0,1
sdv-id-tXeoCF,1802f730-e8ec-4834-9d09-cf19a079f65a,1970-01-01,0,Retail,2365.94,ESP,ESP,0,0,1,0,1
sdv-id-HQXkgK,9a00a4e2-f5ed-4b7f-9787-6a50ab7a63e3,1970-01-01,0,Travel,1995.67,ESP,JPN,0,0,0,0,1
sdv-id-FBJIpe,e3af8541-6eb1-44b8-b2d1-235dd1f92f96,1970-01-01,0,Retail,67.35,ESP,BGD,0,0,1,1,0
sdv-id-GlZBYQ,18209c03-0a8e-4997-a3b3-b81b86174aa0,1970-01-01,0,Retail,1562.69,ESP,BRA,1,1,1,0,0
sdv-id-UcaEbP,1723ecdb-b058-4256-94b3-e8cfbfbbeab3,1970-01-01,1,Tech,1559.4,ESP,FRA,1,1,1,0,1
sdv-id-Fzqwrs,114be8ca-5941-4ea3-8c2b-678e1f50e1aa,1970-01-01,0,Travel,2207.08,ESP,ITA,0,1,1,1,1
sdv-id-OAiTfI,47fefddb-fbb9-4f21-b32a-322878359656,1970-01-01,0,Food,599.37,ESP,JPN,1,0,1,0,1
sdv-id-LLiAZf,e8fb5a96-3b85-46e1-840f-54057a25ed81,1970-01-01,0,Tech,915.0,ESP,ITA,1,1,0,1,0
sdv-id-TYpAbG,69175c82-c4c3-4aeb-adce-d19ff47e2c3e,1970-01-01,0,Gaming,1402.67,ESP,GBR,1,0,0,0,0
sdv-id-UgBaxs,0c46d8be-bd3f-4354-904b-9abba41425de,1970-01-01,0,Retail,308.34,ESP,IND,0,0,0,0,1
sdv-id-JAeylZ,78feec67-356c-4206-81e1-f8363cf61621,1970-01-01,0,Food,859.08,ESP,BGD,0,1,0,1,0
sdv-id-FfZOhk,7ddc44f5-deaf-4631-908a-bb5c018c0313,1970-01-01,0,Travel,946.92,ESP,GBR,1,1,1,1,0
sdv-id-UKutyb,cc2b2f49-c6d5-4a90-9296-ae08a2dcb574,1970-01-01,5,Travel,2378.45,ESP,ITA,0,1,1,1,0
sdv-id-iBhdYO,e7ebff3f-3568-4bea-ae4f-fcf31046eb49,1970-01-01,5,Retail,1953.99,ESP,IND,1,1,0,0,1
sdv-id-wYOhti,669bbff2-5ebd-4c93-a476-8af193563b72,1970-01-01,0,Tech,2442.63,ESP,RUS,0,1,1,0,1
sdv-id-TPIntI,0835d895-ebf5-4cfa-b33b-b643cfb1dce1,1970-01-01,0,Food,688.96,ESP,CHN,1,1,0,1,0
sdv-id-lxhfvc,56ab087a-8bc7-4e81-9a30-45280b599562,1970-01-01,0,Retail,2228.87,ESP,IND,0,1,1,1,0
sdv-id-NKAsuQ,430493f0-d7c7-43b7-ad13-68f305808066,1970-01-01,0,Food,1208.63,ESP,ARE,1,0,1,1,0
sdv-id-hltLed,17b9fa71-cfd8-4503-8340-d816e17c0533,1970-01-01,0,Food,1165.97,ESP,PRT,0,0,0,1,1
sdv-id-ktVxUf,5aa249bf-c827-4447-b8d8-e484d4e384a3,1970-01-01,0,Food,362.48,ESP,JPN,0,0,0,1,1
sdv-id-OtEQhN,564cfbd2-bc92-4d81-839b-058c2faabe0b,1970-01-01,0,Tech,1377.94,ESP,CHN,0,0,0,0,0
sdv-id-YfdxlX,ba2eeeb3-d6aa-4382-a144-6b45af390a9d,1970-01-01,0,Retail,2444.1,ESP,DEU,0,1,1,0,1
sdv-id-shuuaL,4b079752-a934-49ae-bd66-c203ddc8ca37,1970-01-01,0,Retail,256.38,ESP,CHN,0,1,0,0,1
sdv-id-eXcfjb,786c014f-65fa-44a1-9a03-7833d4fdfad6,1970-01-01,2,Food,255.87,ESP,JPN,0,0,0,0,0
sdv-id-piGoxZ,96d0d89d-f231-4c7d-a755-b2d42bfed52a,1970-01-01,1,Food,103.42,ESP,PRT,0,0,1,0,1
sdv-id-HRRYEH,4cb34663-7a21-4151-8166-a8b3f26bcebf,1970-01-01,1,Food,959.34,ESP,BGD,1,1,1,1,0
sdv-id-QgdHvv,fb1eaa6e-d19b-4b23-9602-3639047ad506,1970-01-01,0,Travel,1595.32,ESP,DEU,0,0,0,1,0
sdv-id-XsiLJp,33eadf2f-e4cd-46e1-a139-298b2795bf89,1970-01-01,1,Retail,583.95,ESP,GBR,1,1,1,0,0
sdv-id-CIOcjc,39ba243a-493d-469e-adc9-0caa7000f93b,1970-01-01,0,Food,993.94,ESP,CHN,1,1,0,1,0
sdv-id-papZYc,a3b442bd-4649-4296-af58-42c3ff86cc31,1970-01-01,4,Travel,638.46,ESP,UKR,0,1,1,1,0
sdv-id-rQTXjl,eba332b1-f36c-4c45-a942-b4d7bd2dffff,1970-01-01,0,Travel,468.26,ESP,BGD,0,1,0,1,0
sdv-id-xvkkVm,29fb832c-cbe6-4571-b622-e18ee83bcc84,1970-01-01,0,Travel,679.49,ESP,VNM,0,1,0,1,0
sdv-id-ZzmXYk,ad9f835f-3fc5-4786-870c-15e3b51ee0dd,1970-01-01,0,Gaming,2081.25,ESP,JPN,1,0,0,0,0
sdv-id-GLQpxq,1d34d08e-7a4c-45d4-9c99-e04cf0e98b3b,1970-01-01,0,Gaming,1603.35,ESP,GBR,1,1,1,1,1
sdv-id-XNHStR,3e612d66-05bf-4618-a930-b0c4d5576899,1970-01-01,0,Food,813.76,ESP,JPN,0,1,0,0,1
sdv-id-WrjGNs,433c2de9-a7e1-4fac-ae09-a9321879b203,1970-01-01,5,Food,1508.83,ESP,IND,0,1,0,0,1
sdv-id-pVntev,01218ca8-3d11-4205-b7e1-40711b434750,1970-01-01,0,Tech,1581.38,ESP,NGA,0,1,0,1,1
sdv-id-xKblei,47020de0-bc64-47e9-b16e-c0b6e3d9de7f,1970-01-01,0,Tech,221.38,ESP,RUS,0,0,1,0,0
sdv-id-wMGDhS,0a5a2180-c4c0-4af1-9048-c8afff5f274a,1970-01-01,0,Food,1551.42,ESP,UKR,0,0,1,0,1
sdv-id-UaqdPP,9b34c649-26f8-43c6-9886-8d4d493bafc4,1970-01-01,0,Tech,1887.95,ESP,ESP,1,0,1,1,0
sdv-id-LPkdbn,a77a5aff-cb61-456c-870f-c7e9cb55bdaf,1970-01-01,4,Food,1449.38,ESP,DEU,0,1,1,1,1
sdv-id-yzpqEe,29fb832c-cbe6-4571-b622-e18ee83bcc84,1970-01-01,0,Retail,167.86,ESP,BGD,0,1,0,1,0
sdv-id-tIkSls,5424aae4-3e78-4f27-a93b-da3b4b0653e2,1970-01-01,0,Travel,1626.21,ESP,DEU,1,1,0,0,1
sdv-id-YjgzHO,b24c7782-6554-448c-94ee-da02f9aa5d6d,1970-01-01,0,Travel,194.45,ESP,BGD,1,0,1,1,0
sdv-id-dpUVwR,b9def348-4ea7-4fb3-8dbb-d8ed4ebed7c3,1970-01-01,0,Gaming,1521.55,ESP,USA,0,0,1,1,0
sdv-id-ASNNCj,5287e5f4-85c1-4181-8567-4f45ad3b1b9d,1970-01-01,0,Retail,2373.62,ESP,GBR,1,0,0,0,1
sdv-id-iwgLSB,30bc76c4-e3fa-4893-acd4-e76df40ab6cf,1970-01-01,5,Retail,928.04,ESP,CHN,0,0,1,0,1
sdv-id-bJTiCL,7d7771f8-a948-4c66-ba59-697d93f040c7,1970-01-01,0,Food,287.76,ESP,ARE,1,1,1,0,0
sdv-id-fzexsX,a1cacff1-d9e0-4aa9-b599-b3df889b2b65,1970-01-01,4,Retail,2133.44,ESP,VNM,0,1,0,0,0
sdv-id-OUQrJS,b3054c89-9d41-401d-ad7c-61a73220b757,1970-01-01,0,Tech,710.64,ESP,PRT,1,1,0,0,1
sdv-id-IKLlJk,a1b24627-81d6-4019-997e-8d3c04c4f46a,1970-01-01,5,Gaming,1024.34,ESP,GBR,1,1,0,1,0
sdv-id-vExlxU,2f12b150-605f-41eb-8cc5-7e0d26332018,1970-01-01,0,Travel,1338.58,ESP,VNM,0,0,0,0,1
sdv-id-KfrJmV,6e84e832-3c38-43f0-87fb-b920dd9d2e4d,1970-01-01,0,Retail,1816.7,ESP,UKR,1,0,0,0,0
sdv-id-uhHzVb,56a60db5-0776-449a-a88e-8d5d51856418,1970-01-01,0,Gaming,2158.82,ESP,BRA,0,1,1,0,0
sdv-id-qOGWdJ,72d932a4-1583-467e-9d6d-37c75e4532ec,1970-01-01,1,Food,2250.94,ESP,PRT,0,1,1,1,0
sdv-id-uoTIuH,e4723a97-a717-4558-b200-765502a213b0,1970-01-01,5,Retail,2150.76,ESP,RUS,0,1,0,0,1
sdv-id-YCEWZF,b12067d8-1c6b-4e50-980c-d898aaf76d3b,1970-01-01,0,Tech,1302.84,ESP,NGA,1,1,1,1,1
sdv-id-CgcJjf,b404d9a8-87f3-40bc-b8e0-12589771ae2a,1970-01-01,0,Food,1309.36,ESP,GBR,0,0,0,0,1
sdv-id-IRydDR,0c443b8c-0686-44e7-9abd-385cd2c569ab,1970-01-01,0,Tech,572.55,ESP,PRT,1,0,1,0,1
sdv-id-FOGEbL,16884399-2b91-4ace-b9f1-80276f88e2c0,1970-01-01,3,Gaming,262.06,ESP,FRA,0,1,1,0,1
sdv-id-fsdDXD,aaae3222-3f19-4d0f-94c3-9b6d0e31275c,1970-01-01,0,Retail,997.73,ESP,PRT,1,0,1,0,1
sdv-id-wyWdyI,d2524487-6b70-4287-a9fe-ba149adda7c8,1970-01-01,0,Travel,697.36,ESP,USA,1,0,1,0,1
sdv-id-aZFzdx,a24015d1-c30b-4db6-a095-8a6968607a49,1970-01-01,0,Gaming,1781.21,ESP,CHN,0,1,0,1,0
sdv-id-nUUSFG,095b81d6-b97d-4617-b487-246c21f9c072,1970-01-01,0,Retail,1297.57,ESP,GBR,1,1,1,0,0
sdv-id-MorNhr,9c7ab4e3-ee8b-49a3-848b-e725da6b0060,1970-01-01,0,Retail,538.73,ESP,FRA,0,0,0,0,0
sdv-id-EikSPx,6cbdd931-2f90-4058-b9ca-28265af56a23,1970-01-01,0,Travel,625.86,ESP,ITA,0,0,1,1,0
sdv-id-xeeXto,33f92a87-8372-4123-9ed7-a652de2bfe58,1970-01-01,4,Retail,1819.05,ESP,CHN,0,1,0,1,0
sdv-id-dSkmPr,4239850b-97ae-40f0-8a39-068bcbede473,1970-01-01,0,Food,1990.72,ESP,RUS,1,0,0,1,1
sdv-id-WxPKzA,5d42b9e9-692e-47b6-8b2f-6d5c700b5d5f,1970-01-01,0,Gaming,41.87,ESP,ARE,1,1,0,1,0
sdv-id-RAMZhk,f5dbed2c-3d4c-4f01-a431-91eb5d9e1717,1970-01-01,0,Retail,252.27,ESP,JPN,1,1,1,1,0
sdv-id-oGqHFB,b6658a34-5263-4028-add2-d8c076da3875,1970-01-01,3,Travel,91.21,ESP,GBR,1,0,0,1,0
sdv-id-WqphOO,ddebaa54-9f6c-407f-9234-f67203d11260,1970-01-01,0,Retail,7.32,ESP,BRA,0,0,1,0,0
sdv-id-cSWyif,b588247f-eedc-4fbf-9f38-14683c9c1cd2,1970-01-01,0,Retail,330.32,ESP,NGA,1,0,0,0,1
sdv-id-tdrUnC,8da0365b-f898-47b9-805c-acec877409a9,1970-01-01,0,Retail,1612.19,ESP,UKR,0,0,1,1,1
sdv-id-ZpVQiN,134c9e86-50a6-4568-9a64-8d300963161c,1970-01-01,0,Gaming,1192.51,ESP,GBR,1,0,1,0,1
sdv-id-reYMZl,ca44724a-4502-4c28-9824-a59edb33ce63,1970-01-01,0,Tech,436.2,ESP,ARE,1,1,1,1,0
sdv-id-bQhtzS,e44cbd41-ce36-492a-98e9-d0aac1b6edd4,1970-01-01,1,Travel,2211.8,ESP,NGA,0,0,0,0,1
sdv-id-RwAJBM,31f436ea-cc8a-4d69-89b4-db808a32484a,1970-01-01,0,Food,951.66,ESP,FRA,0,0,1,1,0
sdv-id-tbsShr,9cbf7b8c-7410-4d5d-9db1-4bfc6f3a5115,1970-01-01,2,Retail,2492.32,ESP,FRA,0,0,0,0,1
sdv-id-fvihIT,8574fe6d-6662-4715-990a-74f178652552,1970-01-01,3,Food,222.32,ESP,GBR,1,0,0,0,1
sdv-id-ZudxkN,65c1efd6-cf1f-4a98-97ad-6a67299f3047,1970-01-01,0,Travel,907.65,ESP,DEU,1,0,0,0,1
sdv-id-lBepwE,074b927e-54e2-4fa6-869c-cc0ac8844f88,1970-01-01,0,Gaming,39.08,ESP,PRT,1,1,1,0,0
sdv-id-tCTHGK,8768a84f-a76a-4de6-8e9e-1a11fcbb4e59,1970-01-01,2,Tech,2340.64,ESP,IND,0,0,1,1,0
sdv-id-riIFPU,68c2094d-b8b8-48cf-be15-3187b783e1d5,1970-01-01,0,Tech,757.89,ESP,DEU,0,1,1,1,0
sdv-id-cCqHSd,c0a5c337-4a34-41e7-a546-80ad810775f3,1970-01-01,0,Gaming,2084.81,ESP,CHN,1,0,1,1,0
sdv-id-uMqBKL,dcc8c801-8c57-4243-b69f-ce1ae67d9f00,1970-01-01,0,Travel,110.75,ESP,IND,0,0,1,1,1
sdv-id-uHUSnr,5e1b914d-b549-4451-89b8-ff0a93e7d699,1970-01-01,1,Gaming,887.86,ESP,UKR,1,1,1,1,1
sdv-id-WUpBwp,0f844fef-1931-49ee-a56c-0941fbf24050,1970-01-01,0,Retail,2095.39,ESP,DEU,0,0,1,0,1
sdv-id-XaaNhX,5e44b774-cf9d-439c-ac2b-5781c1a95ee2,1970-01-01,0,Tech,1723.13,ESP,JPN,0,0,0,1,1
sdv-id-FNCPGs,46368d12-9d94-413f-89e2-18a7650495b5,1970-01-01,0,Tech,1262.45,ESP,CHN,1,0,1,0,1
sdv-id-kIXwxs,75175f39-7354-44fb-a44a-0371c5ab4e57,1970-01-01,0,Tech,1763.49,ESP,UKR,0,1,0,1,1
sdv-id-ivPCYa,1bbbefac-7988-4901-a182-74339522eda1,1970-01-01,0,Retail,142.12,ESP,DEU,1,0,0,0,1
sdv-id-PEEzhO,a7890770-55ec-424a-a64b-9b37ae01a122,1970-01-01,0,Travel,2287.11,ESP,RUS,0,1,1,0,1
sdv-id-UirneM,35910434-d342-46c9-8d88-136e67f778de,1970-01-01,0,Travel,934.13,ESP,PRT,1,0,1,0,0
sdv-id-cCCQCR,e9b87e7a-a078-4a1f-b0d3-b5f768a69e71,1970-01-01,0,Travel,1737.22,ESP,BRA,0,0,0,0,1
sdv-id-bNGvDc,cbd725f2-ec66-455e-9309-c42a762e0da3,1970-01-01,0,Tech,1525.29,ESP,JPN,1,1,0,0,0
sdv-id-qgEDys,fcd6bdca-5876-4d09-b1fa-f665711533f3,1970-01-01,0,Travel,423.13,ESP,FRA,0,0,0,1,0
sdv-id-JqXHWM,9a760ea9-b063-49a0-9393-daad0835075f,1970-01-01,0,Travel,917.92,ESP,USA,1,1,0,0,0
sdv-id-bLMpIZ,c236d295-c069-4fb8-93e9-46d9528da2fe,1970-01-01,0,Food,201.19,ESP,ARE,0,0,1,0,1
sdv-id-RKfXaU,d481ba96-3e5b-4677-a37f-9a6313551496,1970-01-01,0,Retail,595.44,ESP,ARE,1,0,0,1,0
sdv-id-aMsZmJ,331bd602-9dd0-4e04-8485-742a6d22313c,1970-01-01,3,Tech,1978.05,ESP,ESP,0,0,0,0,0
sdv-id-KiHASw,38749f3c-c2d4-4b56-8bbe-d98007e67cb0,1970-01-01,0,Food,1112.76,ESP,USA,1,1,1,1,0
sdv-id-zvVVwr,99e95433-1453-417e-b11e-be6f68ffae17,1970-01-01,0,Tech,1817.07,ESP,BRA,0,0,1,0,1
sdv-id-LUpjSM,7bb775d4-9172-4023-89b1-85d6fa6d81ee,1970-01-01,0,Gaming,1332.79,ESP,ARE,1,0,0,1,0
sdv-id-yrncCj,4563abbe-5188-4a26-8ca3-3a5459ae7302,1970-01-01,0,Retail,1760.84,ESP,USA,0,0,0,1,0
sdv-id-lgVnfo,9b5c4b58-9c42-4665-bf3c-03a6357544ee,1970-01-01,0,Food,947.48,ESP,PRT,1,1,1,0,0
sdv-id-YtjsGK,b465c027-2dd1-445b-a454-a82a6d2cdbf9,1970-01-01,0,Food,2153.95,ESP,ESP,1,1,0,0,1
sdv-id-uhUlCH,c7859c05-dc40-4942-a8cf-29368e81b2f0,1970-01-01,3,Gaming,1103.87,ESP,CHN,0,0,0,1,0
sdv-id-RLbEKV,ea725584-5e6e-487a-a939-f79018177e4a,1970-01-01,5,Travel,2226.83,ESP,GBR,0,1,0,1,0
sdv-id-ATRAee,62a40afe-dcb7-4b1f-b85f-a1adfedb5a32,1970-01-01,0,Gaming,31.43,ESP,RUS,0,1,0,1,0
sdv-id-MHRBWm,921b8d2a-c523-4cca-b2f0-89b9964a852c,1970-01-01,0,Travel,1332.15,ESP,NGA,1,0,1,0,1
sdv-id-KyVyUz,78f8ebed-05cb-4465-9e8f-ada4b4c77a96,1970-01-01,0,Tech,1266.26,ESP,NGA,0,0,0,0,1
sdv-id-WBmtNl,4201938b-9714-44b7-b522-f610ef263a84,1970-01-01,0,Gaming,1428.53,ESP,VNM,1,0,1,0,1
sdv-id-AZbmPa,0bb5c276-abe3-47f3-8066-703846dfe43f,1970-01-01,0,Travel,2284.18,ESP,NGA,0,1,0,1,0
sdv-id-HYuoOp,decceaea-622b-4588-8275-da34881e40c6,1970-01-01,0,Travel,2073.7,ESP,RUS,0,0,0,1,0
sdv-id-ieYtty,4a2e25a0-f6ee-4bdc-9670-0f55a03ef56a,1970-01-01,0,Travel,43.43,ESP,RUS,0,0,0,1,1
sdv-id-gVMFLS,0f6206f1-9403-4d3d-a8de-68aba9927ca9,1970-01-01,1,Travel,1768.6,ESP,ARE,0,1,0,1,1
sdv-id-kTFwZM,6c521d13-b719-4b68-a775-ee42a89e22f2,1970-01-01,0,Travel,2016.9,ESP,IND,1,0,1,0,0
sdv-id-zyFHiz,62e9ee62-0627-4321-b119-bde0ed67864f,1970-01-01,0,Travel,2492.68,ESP,ESP,1,0,1,0,1
sdv-id-pOVrbt,f1aab637-72ab-47ff-88b8-547b638b66ac,1970-01-01,0,Travel,1638.61,ESP,ESP,1,0,0,0,1
sdv-id-ygWaRy,e78e4df0-955c-41d2-90c4-9c2be8c451fc,1970-01-01,4,Gaming,1115.09,ESP,NGA,0,0,1,1,0
sdv-id-cYAmcG,9cdc546c-d4f0-4d63-9259-d65486adab8e,1970-01-01,5,Tech,1177.43,ESP,GBR,1,0,1,1,0
sdv-id-DxcoDh,a3863cd1-00f2-4a96-ab82-1435382afbde,1970-01-01,0,Food,1660.56,ESP,FRA,0,0,0,0,1
sdv-id-DqYufn,bd00ff19-608d-4135-8f19-9b9217b4e6d0,1970-01-01,0,Food,1458.28,ESP,DEU,1,1,0,1,0
sdv-id-vSIRRC,20d705c7-e9e2-4867-a68a-4d9bc771f56c,1970-01-01,0,Food,1892.32,ESP,BGD,0,1,1,0,1
sdv-id-qOiuRU,21a1b343-77a4-402c-995d-48ed6a020dca,1970-01-01,0,Tech,1599.3,ESP,FRA,0,1,0,1,0
sdv-id-eeBITe,4223623b-cc3e-4dde-9ad5-cf06364d7c87,1970-01-01,0,Travel,2107.43,ESP,GBR,0,0,1,0,1
sdv-id-DkZKWZ,8cfe8711-725c-4c5f-983c-96861ae38baa,1970-01-01,0,Travel,1481.43,ESP,VNM,0,0,0,1,1
sdv-id-SSbUGY,64dd4384-b34f-41ca-bbde-c3f462171534,1970-01-01,0,Food,1586.6,ESP,ARE,0,0,1,0,1
sdv-id-SiMeZz,c8edabdd-4ef0-4f80-9d91-fe39d8014004,1970-01-01,0,Food,658.22,ESP,NGA,1,0,1,0,1
sdv-id-OIhOXj,1f22b194-32ce-4db1-88fb-27dce88f12a4,1970-01-01,0,Retail,947.3,ESP,RUS,1,1,1,0,0
sdv-id-dimtmc,5628c13e-ea9b-45eb-b1fc-8f26466d19a5,1970-01-01,5,Retail,58.42,ESP,NGA,1,1,0,1,0
sdv-id-cVVNTW,0a23b722-c2af-4a28-8976-ec61a4c31af7,1970-01-01,0,Food,942.01,ESP,VNM,0,1,0,1,0
sdv-id-mWFwGi,6078e100-54dd-47dc-88ec-d5e01351ebdb,1970-01-01,0,Tech,433.49,ESP,IND,1,0,0,1,0
sdv-id-yolUuc,b06f0681-4b98-42c5-97aa-5681428f54aa,1970-01-01,0,Retail,1589.09,ESP,ARE,0,1,0,0,1
sdv-id-EkEIXh,ce8437fc-38cd-4ced-ba7b-c404650c5ea2,1970-01-01,1,Tech,395.43,ESP,USA,1,1,0,1,0
sdv-id-ccTQnL,690e1a7e-75be-4ba7-8ae4-e09624dc1ee5,1970-01-01,0,Tech,500.47,ESP,RUS,1,0,0,1,0
sdv-id-eEosRI,9cbf7b8c-7410-4d5d-9db1-4bfc6f3a5115,1970-01-01,0,Gaming,1839.55,ESP,BRA,1,0,1,1,0
sdv-id-lqFasS,242bba10-c7d0-40d1-8b5f-df7039185b72,1970-01-01,0,Retail,1122.11,ESP,BGD,0,1,0,0,1
sdv-id-rMNnie,ef7b80f1-c2be-4bac-b717-f44b79112e22,1970-01-01,0,Travel,432.88,ESP,FRA,0,1,1,0,0
sdv-id-dWOUBI,cf367c1b-9a6f-4965-9b5e-d35a2268645f,1970-01-01,0,Travel,2442.65,ESP,FRA,1,1,0,1,0
sdv-id-MRYOce,802a63cc-4d5e-42e8-b11c-377f40bc2b56,1970-01-01,1,Retail,15.34,ESP,BGD,0,0,0,1,0
sdv-id-EGBScs,fe7c7d6e-a8cc-4515-b862-abcfdb3437bb,1970-01-01,0,Gaming,194.62,ESP,PRT,1,0,1,1,0
sdv-id-dEfTUJ,18bc2e3b-20f6-48d8-9436-9f5d89cc6b08,1970-01-01,0,Travel,1078.35,ESP,ESP,0,0,1,1,0
sdv-id-bykgzr,e94f03ec-0f40-46a2-9c33-345debc05f02,1970-01-01,0,Tech,760.43,ESP,UKR,1,1,1,0,0
sdv-id-CDBQgp,81f76d1c-2dbc-4134-830f-f46e8026695f,1970-01-01,3,Retail,2240.17,ESP,RUS,1,0,0,0,1
sdv-id-hdfHJr,0d22af35-b648-4e8a-84e7-75b92dca365a,1970-01-01,0,Tech,1274.66,ESP,USA,0,0,0,1,0
sdv-id-LtEkXv,b555d6ee-4057-4cf3-932a-b64900172ca3,1970-01-01,0,Retail,353.69,ESP,UKR,1,1,1,1,0
sdv-id-SLwJhn,3c10316d-3f63-4065-be85-c8c4a9470663,1970-01-01,0,Gaming,753.63,ESP,BGD,1,0,1,0,1
sdv-id-MEukQx,3c71e0be-f357-4560-b1d7-966571818dcf,1970-01-01,0,Travel,403.84,ESP,IND,1,1,0,1,1
sdv-id-yvHqKZ,a3a868d7-86a5-4845-9eef-79951f884ed9,1970-01-01,4,Tech,465.67,ESP,VNM,1,0,1,1,0
sdv-id-FaJMib,9482e11e-5c56-43aa-bd15-d3eec39783ae,1970-01-01,0,Retail,97.54,ESP,ARE,1,1,1,1,1
sdv-id-obUAfJ,9f690cde-7eaa-4a91-9def-d401792cad76,1970-01-01,0,Travel,2451.02,ESP,UKR,1,0,0,1,0
sdv-id-yCVvUb,0a3e4918-6e4f-4ea3-b0ad-16f7db1fb4d4,1970-01-01,0,Retail,1716.11,ESP,UKR,0,0,1,1,0
sdv-id-fFVNts,5e1b914d-b549-4451-89b8-ff0a93e7d699,1970-01-01,4,Retail,891.7,ESP,CHN,1,1,1,0,1
sdv-id-OvREMx,afb144b5-624d-4ff7-81c8-d068931e5f89,1970-01-01,0,Travel,1869.4,ESP,GBR,1,1,1,1,0
sdv-id-VFRlnS,210f2a8a-1c59-4736-bd56-1b27283379b8,1970-01-01,1,Tech,1147.23,ESP,ITA,0,1,1,1,0
sdv-id-FnSWQL,a6b78891-bc3d-4bfc-b216-7340bf95ff33,1970-01-01,4,Food,1223.13,ESP,BRA,0,0,0,1,0
sdv-id-KpVUMN,40d2e1be-e0ef-4416-9305-405880e2ee40,1970-01-01,0,Food,1962.68,ESP,FRA,1,1,0,0,0
sdv-id-sHqwLu,3baeeb8e-ed56-4361-bcc9-3b94835d7e20,1970-01-01,0,Travel,1202.71,ESP,UKR,0,0,1,1,0
sdv-id-fBJAPS,103d24cf-fdfb-4585-961f-e564c4384a7e,1970-01-01,1,Tech,894.99,ESP,UKR,0,0,0,0,0
sdv-id-jXXEQk,6f2337c1-8d25-48e1-a624-054343a21d52,1970-01-01,0,Travel,504.18,ESP,GBR,0,1,1,0,0
sdv-id-kKNlpt,b69f75c5-c82b-41be-a1eb-64e6fd498e20,1970-01-01,0,Tech,1939.02,ESP,UKR,0,1,0,0,1
sdv-id-Diqlox,afc5c20e-4a63-4af5-b6e1-e7ac9fc97264,1970-01-01,0,Tech,53.39,ESP,UKR,0,1,1,1,0
sdv-id-vNKTaq,0c49f33a-1c5d-4fe9-8b07-0a68c8f217a3,1970-01-01,0,Food,2070.76,ESP,IND,0,1,0,0,0
sdv-id-IUQotL,6a107fb7-3338-4ec9-9037-e6698a3a0129,1970-01-01,0,Food,275.91,ESP,NGA,0,1,1,1,0
sdv-id-EBqcwV,d0af7986-2937-47e9-9752-db082e86d47e,1970-01-01,1,Gaming,1168.59,ESP,PRT,1,1,0,1,1
sdv-id-qhNULn,b683d2e6-337e-42df-b09b-2a5cbadcc32a,1970-01-01,0,Food,1635.4,ESP,VNM,1,1,0,0,1
sdv-id-mGXjlN,bfd467e7-7491-450c-b75e-fed82d6b5953,1970-01-01,0,Retail,32.44,ESP,BRA,0,0,0,0,1
sdv-id-NJgISN,0f6206f1-9403-4d3d-a8de-68aba9927ca9,1970-01-01,0,Food,9.72,ESP,NGA,0,0,0,1,0
sdv-id-fzMfpV,085d5d01-6a20-42aa-a8b8-1813e672abf5,1970-01-01,0,Retail,752.78,ESP,ARE,0,0,0,1,0
sdv-id-KTtVwd,f68ae9b7-9b3a-41d1-b9ee-80ab46c937e0,1970-01-01,0,Retail,496.76,ESP,CHN,1,0,0,0,0
sdv-id-fJKTQL,cce3edb7-78fd-480c-9630-899b5edbf93e,1970-01-01,0,Food,2465.12,ESP,ESP,1,0,1,0,1
sdv-id-cTMhnB,b1fe69b8-0936-412c-a36d-feba6148ca39,1970-01-01,0,Food,533.69,ESP,ARE,0,1,0,1,0
sdv-id-KbKkQL,5893ef12-ab3f-4d22-9d5e-6aee0240f59a,1970-01-01,0,Tech,755.64,ESP,DEU,1,1,0,1,0
sdv-id-TiZeYN,cdd9f251-abc9-4bba-ab48-d8393d824b77,1970-01-01,0,Food,1329.54,ESP,UKR,1,0,0,0,0
sdv-id-hVqFWJ,a3b44efe-25c3-4c9d-a856-1badee287a92,1970-01-01,0,Food,2106.16,ESP,UKR,0,0,1,1,0
sdv-id-VjYxUi,c63d04ee-541c-4a86-bba5-cd2fdea45c19,1970-01-01,0,Gaming,517.97,ESP,USA,0,1,0,1,0
sdv-id-xWdqfX,518b2f21-9cf2-4859-ae6e-2e7253f591dc,1970-01-01,0,Retail,1528.67,ESP,ITA,1,0,0,0,1
sdv-id-GgQIgk,adc29178-a041-4612-acd5-8759e95d2761,1970-01-01,0,Tech,60.42,ESP,ITA,1,1,1,1,0
sdv-id-UneHQF,87d4eb62-8e59-4494-ab75-3fd787f0a615,1970-01-01,0,Food,1328.36,ESP,BRA,0,0,1,1,1
sdv-id-gcRgjt,ac78dec5-d639-48aa-9650-e1f322315476,1970-01-01,0,Gaming,1100.31,ESP,IND,0,1,0,1,0
sdv-id-dAwNcJ,2b589b3f-e2a6-4e3c-b940-093a705cd91e,1970-01-01,0,Tech,215.4,ESP,JPN,1,1,0,1,0
sdv-id-IpTihO,8d7248e2-951f-48d0-9e84-f058d5a804eb,1970-01-01,0,Tech,2389.51,ESP,JPN,1,1,0,0,1
sdv-id-aMZKRO,74a40131-6a6d-4c9d-9b8f-2eefd85f18ce,1970-01-01,0,Travel,1029.67,ESP,BRA,0,1,1,0,0
sdv-id-VhrqSZ,2da6b974-47ad-41dd-b768-b54abb0c686a,1970-01-01,0,Gaming,2094.51,ESP,GBR,1,1,1,0,1
sdv-id-RAGeyV,ef7cef26-3c66-4012-be74-1860bf957403,1970-01-01,0,Food,91.82,ESP,DEU,0,0,0,0,1
sdv-id-nKqLwP,1ad95dfa-0869-4c3c-9c66-6748999eff31,1970-01-01,0,Travel,2495.49,ESP,IND,0,0,1,1,0
sdv-id-jJpVEO,23fbe8f2-cf5c-4d7f-8882-5d14341b2c09,1970-01-01,5,Tech,34.17,ESP,PRT,1,0,1,0,1
sdv-id-UkEKeL,4799c04b-f719-45ae-bb00-84fa3822b51b,1970-01-01,0,Retail,2462.25,ESP,BRA,0,0,0,0,1
sdv-id-MYwnzN,53effcdf-ea7e-49ac-ae37-2e39af396095,1970-01-01,0,Gaming,1243.39,ESP,DEU,0,0,0,0,0
sdv-id-efNlnV,dc237929-fbac-42e8-986f-4fa504e34cb1,1970-01-01,5,Tech,1802.86,ESP,NGA,0,0,0,0,1
sdv-id-vdwadY,8916f0b7-79ba-447e-bb4b-caf86b4a3541,1970-01-01,0,Food,2152.15,ESP,NGA,1,1,0,0,1
sdv-id-yaKdVc,ee1db5ee-f480-4b7b-91d5-d62b1c45cd81,1970-01-01,0,Tech,1780.83,ESP,JPN,1,1,0,1,1
sdv-id-cfuFTc,7a99bd76-54ed-4b70-8eb0-c86629c3d598,1970-01-01,0,Tech,510.74,ESP,NGA,1,0,1,0,0
sdv-id-TnBJZn,3d563b0e-d11c-45c8-90b2-81c0ffdba2ee,1970-01-01,0,Food,705.13,ESP,PRT,1,0,0,0,1
sdv-id-hikwnd,cea6e9bc-82ff-4dad-a310-c9fb0d5c4547,1970-01-01,0,Gaming,1703.65,ESP,VNM,0,1,1,0,1
sdv-id-AJloyy,3d3f3799-a072-45e9-bc0e-8cd88573e793,1970-01-01,0,Retail,428.16,ESP,UKR,0,1,0,1,1
sdv-id-xRkoPc,300a491a-faa1-4736-bee6-b06e37f7a96a,1970-01-01,0,Travel,1783.43,ESP,PRT,1,1,1,1,0
sdv-id-FJmjVh,338f0430-a2b6-4ddc-b7bc-e0ef72c1e68e,1970-01-01,0,Food,915.9,ESP,CHN,1,1,0,0,1
sdv-id-wgGLsH,701ae861-a38c-4df1-9531-06900997ed80,1970-01-01,0,Food,1992.64,ESP,CHN,0,0,0,0,1
sdv-id-fXpGtc,c5e3be15-f1dc-4270-8780-2d60968c77f1,1970-01-01,0,Travel,2024.99,ESP,BRA,1,0,1,0,1
sdv-id-dAkImN,7bc4d138-ec73-4598-9711-d5fd30b1b67b,1970-01-01,0,Retail,423.72,ESP,RUS,1,0,1,0,1
sdv-id-OZHyoS,76c42543-e7fd-4630-8daf-3bea22a6df25,1970-01-01,0,Food,2344.59,ESP,JPN,1,1,1,1,0
sdv-id-aYOvKb,acd380ef-b0b7-40ab-b690-72cfac7e5cc6,1970-01-01,5,Tech,1333.48,ESP,PRT,0,0,0,0,1
sdv-id-gBXlWc,7f5085e7-058c-4d44-b2a0-2b53565a4a42,1970-01-01,0,Food,1674.55,ESP,RUS,0,1,0,1,1
sdv-id-VqvGfH,79b8023d-2a31-49ba-a4b1-7e4525807a2c,1970-01-01,0,Tech,284.54,ESP,UKR,0,1,0,1,0
sdv-id-NPIGcW,7f6bd3c6-1b34-4937-88e6-09391d2fed2a,1970-01-01,0,Gaming,367.71,ESP,UKR,0,0,0,1,0
sdv-id-vScxef,0659010a-4ede-49b6-9deb-979d8d0bb6d7,1970-01-01,0,Travel,169.08,ESP,DEU,0,1,0,1,0
sdv-id-BYOMAb,3eae0a11-077b-4a9d-96a0-5dd7763f61f1,1970-01-01,0,Travel,2285.78,ESP,ITA,0,1,0,1,0
sdv-id-YMPJPl,3d9ffe59-9bc0-4a93-92cd-adefb9d276f4,1970-01-01,0,Food,237.47,ESP,ITA,0,0,0,0,1
sdv-id-TSAEpR,fec52f69-ac43-4e12-9480-eabd9d9f2662,1970-01-01,0,Food,125.8,ESP,BRA,0,1,0,1,1
sdv-id-JvnSXt,a5dd2836-e65f-49fa-838c-2eafa8097a77,1970-01-01,0,Travel,571.26,ESP,PRT,0,0,1,1,0
sdv-id-tgzOll,6e6a3d5b-2154-4e4a-a1cf-91fb7e81cdfa,1970-01-01,0,Food,1399.85,ESP,USA,0,1,0,0,0
sdv-id-JJhbDP,a7edc8d8-713f-4f8c-ac8b-e53758ab4778,1970-01-01,0,Gaming,1376.68,ESP,ITA,1,1,0,1,1
sdv-id-yvuUPv,92f77072-4c81-4d72-96fd-ad962681e5bb,1970-01-01,0,Gaming,1771.77,ESP,BGD,1,0,0,1,1
sdv-id-FFcLqK,1eb74b56-53ff-43a2-8a19-35014169b9fc,1970-01-01,4,Travel,1911.88,ESP,VNM,1,1,1,0,0
sdv-id-uAxIWq,d36357b6-6f81-4f4f-b701-f7bb7bc67e1f,1970-01-01,0,Gaming,2158.98,ESP,RUS,1,1,0,1,1
sdv-id-EcgiVn,e47a7b03-768a-46fb-af77-51240911e215,1970-01-01,1,Retail,1866.43,ESP,CHN,1,0,0,0,1
sdv-id-cWfWRJ,aa21e153-7b2c-4fe1-bad9-6cc4c0acea64,1970-01-01,0,Food,2009.52,ESP,CHN,1,1,0,1,1
sdv-id-iZrYcp,d45d91e1-7979-4bb2-9013-8f7ecab5e9f3,1970-01-01,0,Tech,857.21,ESP,UKR,1,1,0,0,0
sdv-id-zSGxzA,edc2735d-b26d-4ebe-bf13-d74a5c7f35ce,1970-01-01,0,Travel,2362.53,ESP,ITA,0,1,1,0,1
sdv-id-ErvObi,318910ec-f6db-42b6-b993-ff63c6b18d94,1970-01-01,0,Tech,1755.59,ESP,FRA,0,0,0,1,1
sdv-id-tAnQmh,0a15f79a-00ab-4b07-8a43-e10c20e7b702,1970-01-01,0,Food,1965.19,ESP,DEU,0,0,0,0,1
sdv-id-iFCFow,105b2fdc-4fb5-41b3-938b-aaf1f8cbb96e,1970-01-01,0,Retail,2231.99,ESP,GBR,0,1,1,0,1
sdv-id-hVzYLW,1cc0b764-b06b-4fca-96b4-05d7712dd406,1970-01-01,0,Retail,1974.34,ESP,BRA,1,0,1,1,0
sdv-id-wYAarD,45358d5a-2249-4a0f-ad58-35f3f87e213c,1970-01-01,2,Gaming,314.34,ESP,BGD,1,1,1,1,0
sdv-id-tWViKJ,edaf3766-1b78-4ede-9a4f-fc0c9165f2ed,1970-01-01,0,Gaming,1929.95,ESP,DEU,1,1,0,1,0
sdv-id-AXwsSA,1dd18fcf-b99b-4d2d-b72a-69289c7871de,1970-01-01,0,Travel,1846.3,ESP,DEU,0,0,0,0,1
sdv-id-BRUpKT,1ff0864c-0228-4f07-bbda-05aeb2709103,1970-01-01,0,Travel,685.14,ESP,BRA,1,0,1,0,1
sdv-id-iEgEsx,00476b2e-6ea4-4c5f-bb8b-161ea869959e,1970-01-01,0,Travel,2466.54,ESP,NGA,1,0,0,0,1
sdv-id-ObrUyl,8baf1516-0b6a-4167-ab6d-ee52058e2844,1970-01-01,0,Tech,160.29,ESP,BGD,0,1,1,0,1
sdv-id-btjmUc,fcce5213-6789-4d92-b33c-4c369a690cad,1970-01-01,0,Travel,1839.69,ESP,RUS,1,1,1,0,1
sdv-id-OAaDaB,dac726b6-6786-4fb3-b3bc-9a7107f4fee5,1970-01-01,0,Tech,242.9,ESP,BRA,0,0,1,0,1
sdv-id-ohAwMW,7ddc44f5-deaf-4631-908a-bb5c018c0313,1970-01-01,5,Retail,1853.86,ESP,ESP,1,1,0,0,1
sdv-id-uJKSel,460f01a5-4480-402d-a067-902bf099e2b6,1970-01-01,0,Retail,2333.91,ESP,BGD,0,0,0,1,0
sdv-id-fPmHbC,747c7690-3ec8-448e-ad28-39891271c873,1970-01-01,1,Gaming,2157.52,ESP,DEU,0,1,0,1,0
sdv-id-AQpnoL,f54ce27a-34be-449b-93b8-fad41ed7cc8a,1970-01-01,0,Tech,781.96,ESP,UKR,0,1,0,1,0
sdv-id-kSKJkZ,d29e8c00-bb99-4a58-aa49-8fca76a6b248,1970-01-01,0,Gaming,1937.68,ESP,RUS,0,0,1,1,0
sdv-id-sNgWYo,a0152b5b-6c17-4150-9447-16cc4352acea,1970-01-01,1,Retail,584.42,ESP,ITA,1,0,0,0,1
sdv-id-jPupPf,87c97761-f6bd-4f6e-93a7-9138b2093314,1970-01-01,0,Travel,2416.67,ESP,JPN,1,0,0,0,1
sdv-id-XLASZi,ae19e2b4-3c02-433f-9e19-6147d2011306,1970-01-01,5,Gaming,1864.71,ESP,ESP,1,1,0,0,1
sdv-id-nwndLM,f1578055-c5a7-4a96-b8c4-535c44ac1bbe,1970-01-01,0,Gaming,184.37,ESP,NGA,0,0,1,0,0
sdv-id-wweVKY,b22ed234-404c-46f1-acc2-e20fc3a02289,1970-01-01,0,Tech,1931.48,ESP,RUS,1,1,0,1,0
sdv-id-axdQmY,0d5348d1-5b15-474d-972d-3274e5c22467,1970-01-01,1,Gaming,517.08,ESP,CHN,1,0,0,0,0
sdv-id-ziCyVf,14dd5061-5557-46f8-a67e-ddcedf8f4197,1970-01-01,0,Food,1873.72,ESP,UKR,1,0,0,0,1
sdv-id-bTCqhM,d52721e7-19bc-443e-bb02-bebb48729a4d,1970-01-01,0,Tech,78.16,ESP,JPN,0,1,1,1,0
sdv-id-AbNaiY,26d794d3-0db9-4301-afbb-411aa1235a8c,1970-01-01,0,Gaming,1989.43,ESP,JPN,1,0,0,1,0
sdv-id-qtFXJn,909cca67-5a04-4fb0-9fcf-d7112aaf1966,1970-01-01,1,Tech,2314.93,ESP,USA,0,0,1,0,1
sdv-id-rUBDFJ,3f0bdbda-ef9e-43f4-9d8e-ddbcb45c25af,1970-01-01,0,Food,1510.45,ESP,JPN,1,0,0,0,0
sdv-id-jGSeAP,6c092d0a-9f4f-4355-baa6-961c20e4dbfe,1970-01-01,0,Gaming,1028.16,ESP,GBR,0,0,1,1,0
sdv-id-FCsIvs,30799b56-576f-4264-9182-e8e7c9070c97,1970-01-01,4,Retail,2450.34,ESP,BRA,0,1,1,0,0
sdv-id-wKwmsn,7e8eed12-a3ea-41a2-acde-9187d1fa82a6,1970-01-01,1,Retail,1692.11,ESP,ESP,1,1,0,1,0
sdv-id-MwuJav,fa926f97-bd87-4f11-a1ca-afcd23a2f59c,1970-01-01,0,Gaming,1477.43,ESP,JPN,1,0,0,1,0
sdv-id-SaQdNI,0d360498-258c-42bf-aa3a-6b2153da2de8,1970-01-01,3,Food,2037.77,ESP,JPN,0,1,1,0,1
sdv-id-ZgZdWk,219c5f3d-dc26-46c0-8056-c9bdbdc27e8f,1970-01-01,0,Travel,876.27,ESP,CHN,0,1,1,1,1
sdv-id-FQyPuh,46707cd6-4ced-4164-a9df-14e9389641dd,1970-01-01,5,Tech,1515.74,ESP,UKR,1,0,0,0,1
sdv-id-ezlWjp,e79bd439-4236-4b0e-9e2f-9c71b6a033e6,1970-01-01,0,Retail,930.11,ESP,NGA,0,1,1,1,0
sdv-id-nTAiCh,eabb42d6-a81c-4995-9e00-801dcb8052e1,1970-01-01,0,Travel,527.98,ESP,ITA,0,1,0,1,0
sdv-id-VvmumC,49b868c2-cfda-4f51-9caa-2701cef1878f,1970-01-01,0,Gaming,697.08,ESP,RUS,0,1,1,1,1
sdv-id-qCxMrh,37df79d8-30bd-473a-9f0b-2be660404c51,1970-01-01,0,Gaming,532.4,ESP,BRA,0,0,0,0,1
sdv-id-kjjGXK,db0f1685-93dd-4e65-8a12-f3d93e98f09d,1970-01-01,0,Tech,746.01,ESP,RUS,1,0,1,1,0
sdv-id-grDyxi,1901ef87-0dbf-4caf-988a-3f87f96d40f8,1970-01-01,4,Food,1646.84,ESP,GBR,0,1,0,1,0
sdv-id-zMMpOJ,291c9094-cb2c-4efb-84c3-b30d435f59e6,1970-01-01,5,Food,870.97,ESP,VNM,0,1,1,1,0
sdv-id-RqWTxL,cb1f999b-4c6d-48a8-978c-20517efa70ae,1970-01-01,1,Travel,1794.63,ESP,ESP,0,1,1,1,1
sdv-id-nHJYSj,6b99cfc8-5d05-49f2-af4b-21094271534a,1970-01-01,0,Tech,209.84,ESP,BRA,0,1,1,1,1
sdv-id-NuKWTb,e35bba6d-bd39-409d-a67f-aa8371497c71,1970-01-01,0,Food,79.54,ESP,NGA,0,1,0,0,1
sdv-id-ZHWsXM,0534a101-8ddc-4719-81f3-8dd4fd034ada,1970-01-01,0,Food,1151.58,ESP,ESP,1,1,1,0,0
sdv-id-OUzlyr,accc1507-42f8-4fc5-92bc-b64dc59498c5,1970-01-01,0,Tech,953.23,ESP,BRA,0,1,0,1,1
sdv-id-qoxDbH,ac783741-696b-4093-8fb3-61e9cf33671c,1970-01-01,0,Gaming,1598.01,ESP,FRA,1,1,1,0,1
sdv-id-XHntfL,9cf2f216-539c-4e4f-ad91-4e296541f574,1970-01-01,0,Travel,2442.1,ESP,BGD,0,1,1,0,1
sdv-id-NSUExc,4b6c14e4-cc58-4b60-ba4e-8355f5e8a7e1,1970-01-01,5,Food,835.59,ESP,FRA,1,0,0,0,1
sdv-id-yajGhY,53ab3cce-264a-404f-909e-21ba8a38d5aa,1970-01-01,0,Tech,1947.54,ESP,NGA,0,1,1,1,1
sdv-id-hMdXiX,b02e1da7-dff6-4376-a24e-ae6510435959,1970-01-01,3,Travel,152.08,ESP,ARE,1,1,1,1,0
sdv-id-DRoLtJ,7922b440-e0f1-444c-afd1-b5881054b2d5,1970-01-01,4,Tech,1122.2,ESP,ITA,1,0,0,1,1
sdv-id-WnzDAc,e32f2e63-b7fd-4d71-a075-e9275110b492,1970-01-01,0,Gaming,756.4,ESP,PRT,0,1,0,1,0
sdv-id-xnnpFy,184cbb24-bcde-4407-844b-f02f5b1f4979,1970-01-01,0,Retail,111.4,ESP,VNM,0,0,0,0,1
sdv-id-EODYwf,60310461-26d3-4222-b3b7-0b634beef160,1970-01-01,0,Retail,619.25,ESP,ITA,1,1,0,1,0
sdv-id-ANrpld,be99919e-c696-4772-a326-55640175105a,1970-01-01,2,Food,1549.6,ESP,VNM,1,1,0,0,0
sdv-id-jfYAab,70d0ebcb-6949-4ce5-a339-5b1a1ce97871,1970-01-01,1,Tech,591.17,ESP,CHN,0,1,1,1,1
sdv-id-dYRWwF,c04f4bd0-bcfe-4408-9ac7-25a740b60c17,1970-01-01,0,Tech,2360.72,ESP,FRA,1,0,1,0,1
sdv-id-JuVKJs,be54eceb-8329-4d1a-acd6-cedf52dfc152,1970-01-01,0,Gaming,2182.46,ESP,DEU,1,0,0,0,1
sdv-id-ftocAd,6961a383-dcee-42eb-8351-c35967396010,1970-01-01,2,Food,1992.03,ESP,BGD,1,0,0,0,1
sdv-id-qpYSls,02106371-0260-4123-b1ef-e72aae13591e,1970-01-01,0,Food,2254.64,ESP,BRA,0,1,0,0,1
sdv-id-Jthtcu,750acc98-2cbf-4769-86a1-a468afb3e3ad,1970-01-01,0,Gaming,1008.42,ESP,BRA,1,1,1,1,0
sdv-id-dDgcKr,4d844cb6-7c99-486e-b9d5-546c9a154b85,1970-01-01,0,Gaming,157.72,ESP,JPN,1,1,0,1,0
sdv-id-OaPDGd,3fffbc75-ff86-4deb-bb19-5b020a4af40d,1970-01-01,1,Tech,1556.93,ESP,IND,0,0,0,1,0
sdv-id-jOcxNP,f8ef0017-bf89-444e-9097-ce4674b0b243,1970-01-01,0,Food,1458.2,ESP,ESP,1,1,1,0,0
sdv-id-GSowBa,282a09a1-961c-4ea6-bb0a-71edd6c8cdd4,1970-01-01,0,Gaming,1365.89,ESP,CHN,1,0,0,0,0
sdv-id-xUGJNS,037e7f60-8000-4fac-9818-48c527d19990,1970-01-01,3,Retail,134.45,ESP,BGD,0,0,0,0,0
sdv-id-DzcmFG,f65e52fd-2e03-49cc-8827-f0b5efa99c7e,1970-01-01,0,Retail,2346.87,ESP,PRT,1,1,0,0,1
sdv-id-iWTcOs,308c523d-cb7e-417c-a17b-c29eec9573e9,1970-01-01,5,Food,854.76,ESP,IND,1,0,0,0,1
sdv-id-MkGwXe,77902ddf-4b58-4ceb-a6e4-86bf8d2eea22,1970-01-01,2,Travel,1485.52,ESP,GBR,0,1,1,0,1
sdv-id-oqtsvE,c8dfd1f1-14d7-4283-ba30-3cce359097e0,1970-01-01,0,Retail,99.54,ESP,IND,1,1,0,1,0
sdv-id-TdSorh,3873335f-ca3f-48a4-8d88-e44e23c43184,1970-01-01,0,Gaming,1287.82,ESP,VNM,1,0,0,0,1
sdv-id-MStxiT,f9e421bc-1120-453d-b285-d65bbf6b8493,1970-01-01,0,Retail,1078.45,ESP,ARE,1,0,1,1,0
sdv-id-rlCgdJ,1d71f339-c448-42af-87f8-b6f13fdd0e2b,1970-01-01,1,Gaming,2166.83,ESP,UKR,0,1,1,1,0
sdv-id-zGdFNR,4187222b-257d-4e52-9a51-65ca3c7c1d85,1970-01-01,4,Tech,534.54,ESP,ITA,1,1,1,1,0
sdv-id-xvVssM,d42a895e-0fcf-401f-9cb9-b73a906d5c8c,1970-01-01,0,Travel,938.08,ESP,BRA,0,0,0,1,0
sdv-id-JZjofG,92004957-b161-4d16-a9a0-02a45acd1e90,1970-01-01,0,Gaming,747.74,ESP,ARE,0,1,1,1,0
sdv-id-vkxswG,36ca9390-96a2-479d-a576-d828f5517659,1970-01-01,0,Gaming,769.34,ESP,ARE,1,1,1,0,1
sdv-id-beVqTh,57059671-b031-4179-ac76-25b80fc06f77,1970-01-01,2,Retail,1266.35,ESP,ARE,1,1,1,0,1
sdv-id-qCHkYB,55e7cbb3-da10-464f-823b-efcb6195b4ec,1970-01-01,0,Food,418.94,ESP,GBR,0,1,0,0,0
sdv-id-UhisqC,21a1b343-77a4-402c-995d-48ed6a020dca,1970-01-01,5,Food,1145.86,ESP,BGD,0,1,1,1,1
sdv-id-pFrhXs,7b4e9ecd-de07-47b1-b8ae-8d5dfe268e77,1970-01-01,0,Tech,1455.11,ESP,ITA,0,1,0,1,0
sdv-id-kBpEfo,f5321352-b544-48e4-9f2d-a344a3596667,1970-01-01,0,Food,1628.41,ESP,VNM,0,1,1,1,0
sdv-id-KUibUk,f28a030b-532d-48fe-b3fe-7e1df36deb13,1970-01-01,0,Travel,1548.4,ESP,IND,1,0,1,0,1
sdv-id-NlXnaM,9edd5a9b-a920-435f-92eb-985f38cfa8b6,1970-01-01,0,Tech,1562.36,ESP,GBR,1,0,1,0,1
sdv-id-tlXLAv,4083ff8f-e10a-4f9f-ae2c-219ab50f2f5c,1970-01-01,0,Retail,1254.9,ESP,PRT,0,0,1,1,0
sdv-id-tPubRA,cac29f1d-c72c-4764-8570-ea72a16700f7,1970-01-01,0,Travel,352.96,ESP,GBR,0,1,0,1,1
sdv-id-UmKFCQ,902f3465-0b57-4720-9cd8-758ba5a1c825,1970-01-01,0,Gaming,2322.43,ESP,FRA,0,1,0,0,1
sdv-id-hEvwgJ,1f0733df-7b68-4323-87a2-ee6fd166eb08,1970-01-01,0,Food,432.56,ESP,CHN,1,1,1,0,1
sdv-id-nUanhM,41d0d034-abfb-4c17-8ad5-433ba84f1cf1,1970-01-01,0,Gaming,1881.25,ESP,FRA,0,1,1,0,1
sdv-id-zjhPGI,693c3019-a31d-44f8-879c-b953b942190f,1970-01-01,0,Travel,2203.2,ESP,UKR,1,0,0,1,0
sdv-id-USAEEw,a4f954fc-c449-41b6-8fef-7811e124c3f2,1970-01-01,0,Tech,755.94,ESP,ESP,0,0,0,1,0
sdv-id-JtpuLn,87cb0e2a-2528-4a1b-833b-66fc797eb3e4,1970-01-01,1,Gaming,893.53,ESP,UKR,0,0,0,1,0
sdv-id-qjSXvB,235aa8e9-838f-4802-bed4-6e351891c896,1970-01-01,0,Food,608.07,ESP,DEU,1,0,0,1,0
sdv-id-rCAvbI,1521e825-1177-4dd5-b61b-7e117c192e61,1970-01-01,2,Food,212.22,ESP,CHN,0,1,1,0,0
sdv-id-OqiJcJ,cd8563ca-193e-438d-b74c-0afa7f4d908c,1970-01-01,0,Food,1405.7,ESP,UKR,1,0,1,1,0
sdv-id-rIcBiJ,c41e63d4-9cb1-4b59-9245-6606596fb6ce,1970-01-01,0,Food,1596.99,ESP,BGD,1,0,1,0,0
sdv-id-JOcCry,2c910cd0-cb5e-4dab-9a45-b8cc117d3f63,1970-01-01,0,Travel,2460.46,ESP,BRA,0,0,1,0,1
sdv-id-XENPxj,28a625e1-4133-4ed1-9821-8c7556c8c3c7,1970-01-01,0,Retail,2281.05,ESP,VNM,1,1,1,1,1
sdv-id-GJnVss,d0a4a31a-fc00-43e7-8c91-ef0e644d852c,1970-01-01,2,Tech,1843.01,ESP,ESP,1,0,0,0,1
sdv-id-BkSHeS,65c1efd6-cf1f-4a98-97ad-6a67299f3047,1970-01-01,0,Food,690.96,ESP,ESP,1,0,1,0,0
sdv-id-fMkBRN,671adde5-86b8-4fef-ad44-3c485e8a10da,1970-01-01,0,Gaming,1367.76,ESP,UKR,0,0,0,0,1
sdv-id-QOlxoQ,e3dc419d-ce1e-4d1f-9de7-df7b5594552b,1970-01-01,0,Retail,356.08,ESP,CHN,0,1,1,1,1
sdv-id-rjOhjR,58e9bf38-04ae-4d5a-862d-7b34ddbd67b1,1970-01-01,2,Gaming,294.95,ESP,CHN,0,0,0,0,0
sdv-id-hXQFLA,96bc3f42-797e-4c89-9bbc-af4503d7f55b,1970-01-01,0,Travel,794.01,ESP,BRA,0,1,1,0,0
sdv-id-eJRIsr,31f436ea-cc8a-4d69-89b4-db808a32484a,1970-01-01,0,Retail,284.74,ESP,ITA,0,0,1,1,1
sdv-id-cyxFLj,df40fe04-54cd-47b4-967f-017d9aa03078,1970-01-01,0,Tech,704.82,ESP,USA,1,1,1,1,0
sdv-id-cOcZzR,f82258a7-d306-4664-8585-7b6b7b98ac6e,1970-01-01,0,Tech,835.1,ESP,PRT,1,1,0,1,0
sdv-id-FUUSgr,b087e0e9-db66-4e25-bbe5-32188cd39b4e,1970-01-01,0,Tech,788.38,ESP,BRA,0,0,1,1,0
sdv-id-NgLVZX,ae22fa57-aae5-4054-ad3e-9fa290ba2411,1970-01-01,0,Travel,2452.27,ESP,CHN,1,0,1,0,1
sdv-id-eXSIHB,9399ad15-a37c-41c5-842b-266b1b02fa24,1970-01-01,0,Gaming,702.76,ESP,VNM,1,0,0,0,1
sdv-id-MuXwTX,3f39562d-6b06-492f-b62a-794159dcbe0f,1970-01-01,0,Tech,1374.61,ESP,VNM,1,0,1,1,1
sdv-id-vJEKVI,eafde7d9-5f73-4a3e-9d28-6aa428a39779,1970-01-01,0,Tech,352.92,ESP,VNM,0,1,0,1,0
sdv-id-kOxgqf,e4cb277f-bc95-4041-8cdf-b034e9a84c51,1970-01-01,0,Gaming,88.96,ESP,BRA,1,0,1,1,0
sdv-id-SFJvFr,eb511a13-fcda-440d-b2f2-6fc6bdc6a804,1970-01-01,0,Retail,1237.47,ESP,USA,0,1,1,0,1
sdv-id-ichwaa,9f690cde-7eaa-4a91-9def-d401792cad76,1970-01-01,0,Tech,1455.23,ESP,USA,1,0,1,0,0
sdv-id-gLtdbv,6a4fd3ab-13c1-446e-a843-0b6dc98e502e,1970-01-01,0,Tech,576.64,ESP,USA,1,0,1,1,0
sdv-id-cPSUMW,01829782-88ea-47d4-9e49-4952ac5d4e57,1970-01-01,1,Tech,2031.13,ESP,FRA,0,1,1,1,0
sdv-id-zuoQuX,ed99b044-54a5-4767-8c65-2ac066ba9945,1970-01-01,0,Food,887.93,ESP,RUS,0,1,1,1,0
sdv-id-xhrPIs,7b6c7129-cd63-4ba8-b03c-664b3abf9c65,1970-01-01,1,Food,1607.04,ESP,ESP,1,1,1,0,0
sdv-id-kMJwPX,0659010a-4ede-49b6-9deb-979d8d0bb6d7,1970-01-01,0,Tech,2410.76,ESP,BGD,1,0,0,1,1
sdv-id-cnIDrw,42a1279b-8bf5-4aed-9904-b887d77b03b3,1970-01-01,2,Food,2076.59,ESP,VNM,0,1,0,1,1
sdv-id-xMGxSB,9398daad-d527-4a01-8085-fa43a7faaf3a,1970-01-01,0,Gaming,1994.01,ESP,USA,1,1,0,0,0
sdv-id-iTZayu,ab16b1fd-14ca-428c-9336-eb2833ba1e1b,1970-01-01,0,Food,987.99,ESP,GBR,1,1,0,0,1
sdv-id-ewnccd,387ae2d2-b4ce-43c1-8333-fe5aec6808bc,1970-01-01,5,Food,2128.27,ESP,JPN,0,1,1,1,0
sdv-id-vmQTKh,0822e8f3-6c03-4199-972a-846916419f82,1970-01-01,0,Tech,1242.33,ESP,UKR,1,0,0,0,1
sdv-id-HmgbOx,2207cb65-b197-4ed1-857a-e3fff8ed08ae,1970-01-01,3,Travel,2257.87,ESP,BGD,0,1,1,0,1
sdv-id-oQfUHr,0e98ddb8-bac9-4cc8-b3f2-72b2a6d5f800,1970-01-01,0,Food,1332.09,ESP,FRA,0,1,1,1,1
sdv-id-kmrFRO,75f8e3a8-7d97-4c0f-bd56-09c4a4461663,1970-01-01,0,Travel,328.46,ESP,ARE,1,0,1,1,0
sdv-id-wJiCth,ff4625af-bd20-463b-b275-b5f3d436a7a8,1970-01-01,0,Tech,1069.05,ESP,VNM,1,1,0,1,1
sdv-id-MOJgPp,f2e2503a-b2d5-45d1-8706-f724bf83f2d4,1970-01-01,0,Travel,118.47,ESP,UKR,0,0,0,0,0
sdv-id-MOIswA,d8253010-3911-4943-910b-f4dc0de4faf4,1970-01-01,0,Gaming,1114.64,ESP,BRA,0,1,0,1,1
sdv-id-xvtLNL,7b31dcdc-40d9-4a8e-9f44-aa88855b6c5b,1970-01-01,0,Retail,441.7,ESP,BRA,0,1,1,0,1
sdv-id-YbbMdf,c24369e7-2387-4af6-94c3-a832b231c60b,1970-01-01,0,Food,251.68,ESP,IND,0,1,0,0,0
sdv-id-vTfNlu,7d883d25-fe54-4772-92fe-2d04640fac70,1970-01-01,1,Gaming,2450.02,ESP,CHN,1,1,1,0,1
sdv-id-uGPZGE,fe28cbd9-cec8-4000-8c12-86042acc8fee,1970-01-01,0,Travel,1862.41,ESP,IND,0,1,0,1,1
sdv-id-JaBkCa,72fcc072-544c-4132-9af9-7493e8e46b31,1970-01-01,0,Tech,2180.21,ESP,RUS,1,0,1,1,0
sdv-id-CFnwQC,85cc2c2d-89c9-4243-af30-681ce61b4afc,1970-01-01,0,Gaming,274.12,ESP,USA,0,1,0,0,0
sdv-id-ihYXdH,40d2e1be-e0ef-4416-9305-405880e2ee40,1970-01-01,0,Tech,163.08,ESP,BRA,1,1,0,1,1
sdv-id-fZSsVc,fdb94388-6d0f-4812-93ad-147a7fe5339c,1970-01-01,0,Travel,397.46,ESP,BRA,1,0,0,1,0
sdv-id-lpbttq,4e4b36aa-d424-4390-9108-61bb3a42168f,1970-01-01,0,Tech,2108.29,ESP,PRT,1,0,1,0,1
sdv-id-dfXcOy,6ad73453-1d2c-4c89-8d75-e6dec19d5186,1970-01-01,0,Gaming,944.5,ESP,ITA,1,1,0,0,1
sdv-id-NHzKHc,737cf8b5-6356-4add-a85a-9f2b4236c0bf,1970-01-01,1,Tech,1195.53,ESP,BRA,1,0,1,1,0
sdv-id-FnkFVR,8916f0b7-79ba-447e-bb4b-caf86b4a3541,1970-01-01,0,Tech,1343.32,ESP,RUS,1,1,0,1,0
sdv-id-VpXBjH,68992584-0ade-4b41-8224-153c320b5ab7,1970-01-01,0,Travel,278.39,ESP,RUS,0,1,0,0,0
sdv-id-VMItOY,3c299c68-2138-4e3c-9c69-9e1f458cf41d,1970-01-01,0,Travel,755.28,ESP,NGA,1,1,1,0,1
sdv-id-Wsknwz,7e7b7dac-bea6-4b61-af92-54fd12e184ce,1970-01-01,0,Gaming,1032.77,ESP,ITA,1,1,0,0,0
sdv-id-MWnbOU,108e04ac-99c6-407f-ac81-4510c42eafc8,1970-01-01,4,Tech,899.11,ESP,ARE,0,0,0,1,0
sdv-id-eyviRl,33304e33-deb0-4e7d-a99f-db02bcdd0b48,1970-01-01,4,Gaming,1117.87,ESP,RUS,0,0,0,1,0
sdv-id-pnLIkF,461de017-1ee9-4d3b-902f-4f5c55e39295,1970-01-01,0,Food,1989.93,ESP,DEU,0,0,1,0,0
sdv-id-EeuSrs,15b25915-7cba-4756-9aac-8b797d49e8f9,1970-01-01,0,Food,1715.23,ESP,IND,0,1,1,0,1
sdv-id-fGUEiO,7f2487bc-8c10-4bc1-b36b-8385522fb6b0,1970-01-01,2,Tech,1232.12,ESP,USA,1,0,0,0,0
sdv-id-VsPnbY,d994f7ba-4b7f-4a4c-8d5d-2f648f2b892b,1970-01-01,0,Retail,403.66,ESP,BRA,0,1,1,1,0
sdv-id-bJHZZQ,81a4dce0-c800-4f5e-b139-c12d3881efd7,1970-01-01,0,Gaming,194.27,ESP,BRA,1,1,0,1,0
sdv-id-yJKgja,b9e8ba00-cd59-455d-950f-1ad2476a4f1d,1970-01-01,0,Retail,2151.14,ESP,PRT,1,0,1,0,1
sdv-id-gfZMdc,57522610-482a-48ff-8796-45b8212232df,1970-01-01,3,Travel,2233.37,ESP,JPN,0,1,0,1,0
sdv-id-LOKYHU,d06eccbc-3a83-49b6-af9e-7a0e936db4a7,1970-01-01,0,Food,744.03,ESP,BGD,0,1,1,1,0
sdv-id-lLQLnb,580d7b71-d8f5-4413-9be6-128e18c26797,1970-01-01,0,Tech,1442.76,ESP,UKR,1,0,1,0,1
sdv-id-pJMyae,8c6d5cde-04a7-483d-8547-6e170f9b0aca,1970-01-01,0,Retail,2042.99,ESP,FRA,1,0,0,0,1
sdv-id-ewHDUq,22f50db1-6563-47d9-904a-3a7335bc040f,1970-01-01,3,Gaming,1924.4,ESP,ARE,1,1,1,1,0
sdv-id-PcDXDa,c8cd015b-5dc8-48f0-8c8d-f318b7609e4c,1970-01-01,0,Tech,1108.68,ESP,ITA,1,0,0,1,1
sdv-id-WxGPse,c651a34f-5a0f-4cdb-a75a-c9d60b9f97a5,1970-01-01,5,Retail,530.32,ESP,NGA,0,1,1,0,1
sdv-id-DavdgJ,b9a693ef-3571-4561-bd12-c52be64f17e3,1970-01-01,1,Food,220.1,ESP,JPN,1,1,1,0,1
sdv-id-pPtCHV,7ee667de-d93e-4a4d-aa6a-642bfabfa7ef,1970-01-01,1,Tech,623.87,ESP,ESP,0,0,1,0,0
sdv-id-chsWkN,ef0ec9cb-756a-4e2d-a581-18d126879443,1970-01-01,1,Retail,1608.14,ESP,JPN,0,1,0,0,0
sdv-id-cujawM,056e3d78-3b8c-4f84-8367-1560fd06875b,1970-01-01,0,Gaming,433.97,ESP,JPN,0,1,0,0,0
sdv-id-BSkyHV,388211e0-59cd-420b-831c-313952b52069,1970-01-01,3,Food,1390.55,ESP,RUS,1,1,1,0,1
sdv-id-zQMkXj,252b473a-d2cd-4683-8c56-4c15e507b981,1970-01-01,0,Travel,1504.55,ESP,USA,1,1,1,0,1
sdv-id-ffEFwn,7efdb8da-e5d6-4b9b-a1dc-de120dbbba59,1970-01-01,0,Food,546.43,ESP,BGD,0,1,1,1,0
sdv-id-cAHudV,b73e54c3-1ef8-4ca7-898f-3586b74a3db6,1970-01-01,0,Food,2328.41,ESP,FRA,0,1,1,0,0
sdv-id-pQmSCF,300a491a-faa1-4736-bee6-b06e37f7a96a,1970-01-01,0,Retail,52.54,ESP,NGA,1,1,0,1,1
sdv-id-LobKdw,adc29178-a041-4612-acd5-8759e95d2761,1970-01-01,0,Retail,1959.88,ESP,CHN,1,0,0,1,0
sdv-id-OWuzyT,d2c07522-9cb1-4954-8e83-2587315eb39f,1970-01-01,0,Food,1507.1,ESP,FRA,1,1,1,1,0
sdv-id-EaquuF,f9834d4b-1c65-46bd-8179-c596d772e63e,1970-01-01,3,Gaming,24.49,ESP,RUS,1,1,1,1,0
sdv-id-HqbUjL,e921f231-72ea-4e11-b32d-e5305ade80d4,1970-01-01,0,Food,1731.8,ESP,ARE,0,1,1,0,1
sdv-id-EUgFVW,7cafd9ae-1c28-4b82-b287-68d148262846,1970-01-01,3,Tech,696.27,ESP,DEU,0,1,1,1,0
sdv-id-exeyRb,83c5c510-0e08-4343-aea7-7ea8bc5ad195,1970-01-01,0,Retail,2442.99,ESP,UKR,0,0,0,0,1
sdv-id-PYQmuR,a3b44efe-25c3-4c9d-a856-1badee287a92,1970-01-01,0,Retail,602.04,ESP,PRT,1,1,0,1,0
sdv-id-hOROEM,21a4344f-bb7b-4e03-9d67-8bb1945ef2e4,1970-01-01,0,Food,102.57,ESP,ESP,0,0,1,1,0
sdv-id-LraUzn,a7b414b4-4e32-4993-a014-ec53f87c318a,1970-01-01,0,Food,1879.74,ESP,ITA,0,0,1,0,0
sdv-id-VpODVn,290a8303-e1c6-47c2-81d8-93a5ffc7aba2,1970-01-01,0,Tech,2420.12,ESP,PRT,1,1,0,1,0
sdv-id-emUqEd,206250f2-44b7-4a0b-ab08-fc4380dd7f64,1970-01-01,0,Tech,864.67,ESP,NGA,1,0,0,1,0
sdv-id-kjwElh,deaeb0c0-a8ac-4ab1-afa9-d02c9e4c4be7,1970-01-01,0,Food,465.19,ESP,USA,0,1,0,1,1
sdv-id-YqBpWl,cf3eb0d7-450c-4845-b95d-b36ffa8a47d6,1970-01-01,0,Gaming,106.43,ESP,NGA,0,1,1,0,1
sdv-id-dPPsiN,179ee93b-a399-4919-a956-8d7dd57e4322,1970-01-01,0,Gaming,2384.65,ESP,CHN,0,0,0,1,1
sdv-id-vYMPlx,5628c13e-ea9b-45eb-b1fc-8f26466d19a5,1970-01-01,2,Travel,1724.15,ESP,NGA,0,1,1,1,0
sdv-id-acfDVQ,161d5c87-53c9-4e59-8f89-e3b2d847dc53,1970-01-01,2,Gaming,608.18,ESP,UKR,1,0,1,0,1
sdv-id-bCtVBV,420079f5-1dc3-426e-bb62-659e0700749a,1970-01-01,0,Food,12.93,ESP,GBR,0,0,1,1,0
sdv-id-tYDRbE,aa1c8b53-3e2e-4201-b4ce-c306c39fcfb3,1970-01-01,2,Gaming,1489.98,ESP,BGD,1,1,0,1,0
sdv-id-bKciBH,7d457a09-402d-45e8-9f47-d9021ba84a91,1970-01-01,4,Travel,1923.38,ESP,PRT,1,1,0,0,0
sdv-id-bVBSqx,300a491a-faa1-4736-bee6-b06e37f7a96a,1970-01-01,1,Travel,232.49,ESP,ITA,1,1,0,1,0
sdv-id-almFrN,26366874-b225-48de-b6e2-887aefe61690,1970-01-01,1,Travel,872.16,ESP,JPN,0,1,1,1,0
sdv-id-sDPvOV,078a4dcb-dac9-4c5a-8a62-46b9e62476fe,1970-01-01,0,Retail,2133.66,ESP,NGA,1,1,0,1,0
sdv-id-laUpVf,16d49f2d-103b-42ed-9540-d6f59f8c9841,1970-01-01,0,Gaming,1714.24,ESP,RUS,1,0,0,1,0
sdv-id-CyYWdO,16236b47-5e48-45f7-913a-19a0a8e15405,1970-01-01,0,Gaming,440.75,ESP,USA,0,1,1,1,0
sdv-id-IIWyaC,6334db06-52ac-4e30-91c8-10ef802643c4,1970-01-01,1,Travel,207.51,ESP,NGA,1,0,0,0,1
sdv-id-ooVYJq,4f15fdac-1a61-4eb4-88f6-3a9e9371fe14,1970-01-01,2,Travel,1893.56,ESP,CHN,1,1,1,0,1
sdv-id-IkimuI,f2ce7eeb-4c56-4b8f-8bb4-32b3d2e76deb,1970-01-01,1,Tech,2020.52,ESP,BGD,0,1,0,1,0
sdv-id-dOowYw,334dd7aa-25c1-4899-a89a-92c5003742ae,1970-01-01,4,Travel,1330.34,ESP,ESP,0,1,1,0,1
sdv-id-unWMfc,5ef36d4d-9d85-4a72-af9a-544a3de372e9,1970-01-01,0,Tech,2261.96,ESP,IND,0,1,0,1,1
sdv-id-QDppdM,e08596db-1d87-4966-8710-d430f071d879,1970-01-01,1,Tech,1191.52,ESP,BRA,0,1,1,1,0
sdv-id-MdUvnc,a1d60cf1-8a95-40d8-8794-c44dab583656,1970-01-01,0,Food,579.29,ESP,UKR,0,0,1,1,1
sdv-id-OTmPoT,81f76d1c-2dbc-4134-830f-f46e8026695f,1970-01-01,0,Retail,1540.26,ESP,NGA,0,0,1,1,1
sdv-id-gjIYry,50d8ae13-5a66-4824-a021-6b00a43ccdd5,1970-01-01,4,Gaming,1383.25,ESP,BRA,0,1,0,0,1
sdv-id-cMuZko,93e7e893-35fa-4528-aad3-136fa33817fa,1970-01-01,0,Gaming,2283.57,ESP,CHN,0,0,1,0,0
sdv-id-GxehEB,25e591c8-2fff-4405-ae83-766e4639e799,1970-01-01,0,Food,617.56,ESP,ESP,1,0,0,0,1
sdv-id-jHqrBj,b15e54f6-d4d3-4795-ae4b-ebc429890880,1970-01-01,0,Food,994.83,ESP,FRA,1,1,1,0,1
sdv-id-IlAoMX,f2a83faa-f11a-41f5-8826-80f934010b60,1970-01-01,2,Retail,816.78,ESP,VNM,0,1,1,1,0
sdv-id-PHAYCV,599f5901-e65c-4d51-ae40-1311c973c84e,1970-01-01,0,Retail,1638.23,ESP,RUS,1,0,0,1,1
sdv-id-dvopoS,da06e439-88d0-44a9-92ea-e3b645c9db9b,1970-01-01,3,Food,1214.99,ESP,DEU,0,0,0,1,0
sdv-id-qqTtGs,249316b4-ca8c-4366-8729-8d477c659dc9,1970-01-01,1,Tech,834.81,ESP,JPN,1,1,1,1,1
sdv-id-YdlEiD,dce683a6-d944-4ec9-a3ff-fc04abc041a3,1970-01-01,0,Retail,2238.19,ESP,UKR,1,0,0,0,0
sdv-id-wqJnRF,5274ee11-b61d-4906-a570-35db3fead90a,1970-01-01,5,Retail,1906.85,ESP,BRA,1,1,1,0,1
sdv-id-PdptkQ,c4502052-86a8-421a-810e-622bf8bc920c,1970-01-01,0,Gaming,275.81,ESP,USA,1,0,0,0,0
sdv-id-WszLII,7fdae666-1b31-4321-aa4e-8b0318b6dfc7,1970-01-01,3,Gaming,715.43,ESP,PRT,0,1,1,1,0
sdv-id-OKijZF,d980a784-1857-48fa-826e-08b6a0b58a0c,1970-01-01,0,Tech,2262.02,ESP,BRA,1,1,0,1,0
sdv-id-TOpiSN,956269f0-e5d7-4875-adad-d6c795a76d79,1970-01-01,3,Retail,1894.49,ESP,ESP,1,1,0,0,1
sdv-id-PXzSzi,76876c62-4c61-445e-ba7e-5d9405d1fb63,1970-01-01,2,Travel,1194.43,ESP,ARE,1,1,1,1,1
sdv-id-aCeqxp,97f9580e-6e20-4c72-8f46-0215122533fd,1970-01-01,0,Food,2416.29,ESP,ARE,1,0,1,0,1
sdv-id-uPHZdF,75eff2a9-06fe-4650-9a0c-00487108f569,1970-01-01,0,Food,1468.76,ESP,ARE,1,0,0,1,0
sdv-id-ofBPJJ,acdfe0ff-c5ed-4982-b60b-36736422a73e,1970-01-01,5,Food,1102.25,ESP,UKR,1,1,0,0,0
sdv-id-ZSuKPO,125d5ccd-a8f5-414f-a373-55f3037825ba,1970-01-01,0,Gaming,1383.97,ESP,DEU,0,0,0,0,1
sdv-id-IghcWN,4d53280e-1ebd-45b6-a605-84a208f548e7,1970-01-01,2,Tech,1013.54,ESP,PRT,0,0,1,0,1
sdv-id-zeAutV,1a82833c-20dd-40ff-90b3-d752bb01b2a5,1970-01-01,0,Travel,182.65,ESP,FRA,1,1,0,0,1
sdv-id-wJClCO,c53acbfc-8bc7-493e-a306-5b371c75725e,1970-01-01,0,Tech,235.5,ESP,ITA,1,1,0,1,0
sdv-id-CkPozk,326acdea-a666-4e73-9e9d-8b00ca0de08e,1970-01-01,0,Gaming,2089.02,ESP,PRT,1,1,1,1,0
sdv-id-zSqhGl,b38adf82-6e02-4a88-a00f-8ed9b2086418,1970-01-01,0,Food,1865.31,ESP,ARE,0,1,1,1,1
sdv-id-LTxPBI,8bcd7eb4-0552-4111-a428-f9e0a8677ad1,1970-01-01,0,Tech,393.93,ESP,GBR,0,1,0,1,0
sdv-id-kIskpL,7a5d7c82-86c5-447c-851a-00393803dcee,1970-01-01,2,Gaming,1988.66,ESP,ARE,0,1,0,1,1
sdv-id-vFChmt,9cf2f216-539c-4e4f-ad91-4e296541f574,1970-01-01,0,Food,816.78,ESP,RUS,1,1,1,0,1
sdv-id-vDMsUk,46bc55db-ae6c-4a9b-aa25-7ecc75fd7d83,1970-01-01,0,Travel,377.36,ESP,FRA,1,0,1,0,1
sdv-id-AXwspr,bca0258e-b63d-45d5-905c-7527dc57546d,1970-01-01,5,Travel,2003.95,ESP,ITA,1,1,1,0,1
sdv-id-YiLqHE,5ab68220-1c24-4102-99e5-e402fe2895ad,1970-01-01,0,Tech,2279.87,ESP,PRT,0,0,1,0,1
sdv-id-ZeWHbp,2b2bf58c-6da5-4dad-b56a-abc050fb35b0,1970-01-01,0,Tech,713.46,ESP,ARE,0,1,0,0,1
sdv-id-JxYhSp,f1b159b6-1e8c-4499-b7d9-f94a87e823e5,1970-01-01,4,Travel,460.59,ESP,JPN,1,0,1,1,0
sdv-id-TXksJf,df9b141e-c7f7-4da1-bff1-5840207e863f,1970-01-01,0,Travel,709.38,ESP,ITA,0,0,1,0,0
sdv-id-OcLPxx,0abf1903-8b43-4eca-805a-adb5fd91aa63,1970-01-01,0,Gaming,1353.27,ESP,BRA,0,0,0,0,1
sdv-id-VBXWLf,3ba4807e-4565-4d2d-bdb2-69e56c9dda26,1970-01-01,0,Retail,168.11,ESP,PRT,1,1,1,0,1
sdv-id-wDUAeg,d147a0bf-2d7f-4e23-a29f-f19c29b50942,1970-01-01,0,Gaming,2097.05,ESP,GBR,1,0,1,0,1
sdv-id-UHQSav,981170c1-d8d2-460e-a14d-c588c35ea18a,1970-01-01,0,Gaming,845.02,ESP,VNM,1,1,0,0,1
sdv-id-jJUZlT,b04fd83c-1773-4d21-a906-222b8a00cf6f,1970-01-01,0,Tech,2124.89,ESP,NGA,0,1,0,0,1
sdv-id-Onrhol,903ce3b1-6158-4ec7-b05c-b0aed795187f,1970-01-01,0,Travel,1612.4,ESP,ESP,1,0,0,0,0
sdv-id-JZppJB,81d9cff9-9de2-48ca-8edc-3a083442853a,1970-01-01,0,Tech,630.82,ESP,IND,1,1,0,0,1
sdv-id-YJKLPh,22bf18f5-1f65-4a87-b33e-e3447dbf4bc1,1970-01-01,0,Retail,1570.67,ESP,ESP,0,1,1,0,1
sdv-id-ltwoFI,2067bdac-88bd-43d1-b540-b30e039f3a25,1970-01-01,0,Travel,806.66,ESP,IND,1,0,1,0,1
sdv-id-ohzjFB,50a6eb22-00c6-4ec8-92fc-bafc4501a390,1970-01-01,2,Food,2334.97,ESP,FRA,0,0,0,0,1
sdv-id-CdYICr,c1581092-f335-4ba3-913a-7052986f9025,1970-01-01,0,Tech,2439.74,ESP,IND,1,1,1,1,0
sdv-id-bklpqE,496d4895-c8d7-425c-823b-576b0ead4e04,1970-01-01,0,Gaming,2493.63,ESP,ITA,1,1,1,0,1
sdv-id-fBGrCS,a021c0ca-3531-468d-8342-bd2bf295456e,1970-01-01,0,Food,23.0,ESP,GBR,0,1,1,0,1
sdv-id-lKUCtY,69eb337c-059e-48d8-8ba2-0d387db4990d,1970-01-01,0,Tech,2118.49,ESP,GBR,1,0,1,1,0
sdv-id-WCaptp,0912fddc-0d36-415b-9f32-04afd414763f,1970-01-01,0,Gaming,115.75,ESP,RUS,1,1,0,1,0
sdv-id-QhXUtZ,051852dc-8caf-4d2a-bc40-47fa1c6386f7,1970-01-01,0,Food,844.46,ESP,PRT,1,0,0,1,0
sdv-id-IgPxoH,c0f2b34e-7365-449b-b770-28e6a53d2350,1970-01-01,0,Food,1936.24,ESP,VNM,0,0,0,1,0
sdv-id-qQVUFS,c8120a8e-7830-4930-9327-f1bc2784378f,1970-01-01,0,Tech,705.9,ESP,VNM,1,1,0,1,0
sdv-id-BYXLPg,1d4dfdb1-4e0e-4e2e-9e72-d97010c49f9e,1970-01-01,1,Retail,869.55,ESP,PRT,0,1,1,0,1
sdv-id-WWvACS,4c80d6c6-11b1-44fc-8f65-4132a9f42e23,1970-01-01,5,Retail,865.36,ESP,FRA,1,0,0,1,0
sdv-id-dGasrO,05028ad9-f568-484d-a62b-2cda00dce949,1970-01-01,4,Retail,1600.48,ESP,ARE,1,1,0,1,0
sdv-id-ENujzR,c75ff368-5f7d-4bb1-880a-fe9f84a6d693,1970-01-01,0,Travel,1927.55,ESP,ESP,0,1,1,1,0
sdv-id-krhSWf,b526b22d-3f6c-41f7-8a05-37f02c2cd22b,1970-01-01,4,Travel,375.4,ESP,CHN,1,1,0,1,0
sdv-id-KnNWVK,00c99370-22d6-40a2-a41f-0d38ca803df8,1970-01-01,0,Retail,14.09,ESP,FRA,1,0,1,1,0
sdv-id-UDTBDD,9273f0c1-70a6-4fb3-86cc-973358cbe1e6,1970-01-01,1,Travel,2395.43,ESP,IND,1,0,0,0,1
sdv-id-CVOQmI,503ba8c3-ce83-4e27-85ef-d6701f4d88ce,1970-01-01,0,Food,1898.73,ESP,RUS,1,1,1,1,0
sdv-id-ewWlkN,81627cf1-4394-42e6-9a58-7e8aa25d6b29,1970-01-01,1,Tech,207.42,ESP,ITA,0,0,1,0,0
sdv-id-WgDqAz,e6b7bbdf-43a8-4d29-a6b5-19bfbfd80514,1970-01-01,3,Travel,446.69,ESP,ITA,1,1,1,1,0
sdv-id-fCGJsc,1f5df912-54e0-4431-8f13-3b65d450afa2,1970-01-01,0,Tech,2275.03,ESP,CHN,1,1,1,0,1
sdv-id-VFXnob,a38bbaa4-4fe8-48d8-822c-a6a893daf60d,1970-01-01,0,Tech,695.31,ESP,CHN,1,1,0,1,0
sdv-id-OIXEth,4059d846-ff17-4b76-b7be-51dffd5eb636,1970-01-01,0,Tech,2233.11,ESP,CHN,1,0,0,0,1
sdv-id-ywAAZN,b9744cde-d259-4960-aee3-560792ea1324,1970-01-01,0,Retail,1306.84,ESP,VNM,1,1,0,1,1
sdv-id-lHdXDs,c4f9eccd-7630-48a7-b0ca-fdd8fc043f08,1970-01-01,0,Retail,769.85,ESP,RUS,1,0,1,0,1
sdv-id-rSbizX,44424098-ba9c-4e3d-a5c3-79458063fce4,1970-01-01,0,Travel,415.25,ESP,USA,0,1,1,0,0
sdv-id-zbGzEw,0143d636-fd54-425b-899d-6cd2e7232e8a,1970-01-01,0,Retail,439.21,ESP,UKR,1,0,1,1,0
sdv-id-YbyEyH,7f37c8f7-5dfe-477c-9ea0-f4f1d8355a00,1970-01-01,0,Travel,1493.25,ESP,UKR,1,0,0,0,1
sdv-id-dSZowD,11365b34-5b86-4d34-bea3-40522af32711,1970-01-01,1,Food,746.55,ESP,ESP,1,1,1,1,1
sdv-id-dpVMyg,247474b3-1d7d-4bb3-8e00-44e207af3b8a,1970-01-01,0,Travel,992.81,ESP,NGA,0,0,1,1,0
sdv-id-FkWqvC,1df1f3f8-aa99-4c56-9a2e-d9053fb65c7e,1970-01-01,3,Tech,22.57,ESP,CHN,0,0,1,1,0
sdv-id-FPHgiW,e49a3cd9-86df-42bd-be84-455fa7553468,1970-01-01,0,Tech,2469.22,ESP,IND,0,0,1,1,0
sdv-id-rsNMSJ,a357ba67-415a-46b4-892c-e47f09251906,1970-01-01,0,Gaming,2286.79,ESP,RUS,0,1,1,0,0
sdv-id-Weoixf,d226a8b3-b674-410d-9218-c9d6c093bfb0,1970-01-01,1,Food,1125.18,ESP,BGD,0,1,1,1,1
sdv-id-EpiYiN,18233383-279b-437c-9255-273fed0940f7,1970-01-01,2,Gaming,171.64,ESP,ITA,0,0,0,1,1
sdv-id-mMqtyA,9d796635-b304-44db-9977-dcb11e13765b,1970-01-01,1,Travel,1716.6,ESP,IND,0,0,1,1,0
sdv-id-OURAqd,1c8739d3-1e8a-43aa-a87b-d62a2fbc8b9b,1970-01-01,0,Tech,318.58,ESP,VNM,0,0,1,1,0
sdv-id-qNtGwc,7f7d7604-ebd9-4165-b3cd-3e912f5b46f7,1970-01-01,0,Retail,2236.05,ESP,ITA,0,1,0,1,0
sdv-id-rUtHvg,4864d025-fe41-4620-85b4-a13e60cd8424,1970-01-01,0,Gaming,2439.05,ESP,CHN,1,1,0,0,1
sdv-id-jZPVYf,44e4b56c-366c-4ff8-91b4-accdbf283a6e,1970-01-01,1,Retail,2026.89,ESP,ARE,0,0,1,0,0
sdv-id-BFnJwh,1d61fac3-6cd5-4859-b2a4-47b2ef04e57d,1970-01-01,0,Travel,2240.71,ESP,BGD,1,1,1,1,0
sdv-id-winkXe,71dfc82c-b8ad-4f54-bc3c-9c08e523e8a9,1970-01-01,0,Travel,397.26,ESP,VNM,1,1,0,0,1
sdv-id-RfzPYX,a6f7b85d-591a-41ea-b8e2-aae3633ad91a,1970-01-01,0,Food,1460.08,ESP,NGA,0,1,1,1,1
sdv-id-ItxkDB,e9f8e115-2d8a-42cc-bbb9-bc20eea21c48,1970-01-01,0,Travel,1056.53,ESP,USA,0,1,0,0,0
sdv-id-JMyNmi,b4c313eb-7e22-4d5c-a362-53032ae72b5d,1970-01-01,5,Tech,1313.44,ESP,VNM,0,0,1,1,0
sdv-id-xfANQP,347cd0f4-20f6-4e5c-b716-c1dae8b3cb11,1970-01-01,0,Food,857.36,ESP,FRA,0,0,1,0,1
sdv-id-fQzMXh,49861a4a-0025-43ed-a2ca-9f04609eee72,1970-01-01,2,Retail,2254.32,ESP,IND,1,1,1,1,1
sdv-id-dbTuCx,4775d7ab-d207-4bc4-b885-8b6d23e7cd20,1970-01-01,1,Travel,1275.4,ESP,CHN,1,0,0,0,0
sdv-id-FWHotw,3c825d85-a38f-4713-9719-d16c786b6874,1970-01-01,0,Travel,566.85,ESP,ITA,1,1,1,1,0
sdv-id-dVthBd,d9d5815d-a686-4a68-a12e-5c861a5b558b,1970-01-01,3,Retail,2056.7,ESP,JPN,0,1,1,1,0
sdv-id-VvVNeX,3d274ad5-a9a5-4c24-82b6-22e9808e08d2,1970-01-01,0,Retail,1285.27,ESP,CHN,1,1,1,1,0
sdv-id-dekQjX,f8e1daa7-cbce-4bde-aede-db07e623a689,1970-01-01,3,Gaming,304.21,ESP,UKR,1,1,1,1,0
sdv-id-ubYwNk,e79bd439-4236-4b0e-9e2f-9c71b6a033e6,1970-01-01,0,Travel,2097.15,ESP,USA,0,0,1,1,0
sdv-id-ItsRqf,6078e100-54dd-47dc-88ec-d5e01351ebdb,1970-01-01,0,Tech,1852.38,ESP,ITA,1,0,1,1,0
sdv-id-kqwelb,291c9094-cb2c-4efb-84c3-b30d435f59e6,1970-01-01,4,Gaming,64.86,ESP,ARE,0,0,0,1,0
sdv-id-gElgOP,be99919e-c696-4772-a326-55640175105a,1970-01-01,1,Retail,669.09,ESP,USA,1,0,0,1,0
sdv-id-IXToFd,721df83c-b464-49f4-b163-b27430c041a9,1970-01-01,0,Food,681.92,ESP,BRA,1,1,1,1,1
sdv-id-ZzBXGr,7799fddb-79e5-46e7-9d3e-e854534064b0,1970-01-01,0,Tech,1168.38,ESP,IND,0,1,1,0,1
sdv-id-ZyhGgU,c96ec149-1355-4472-a65f-5c59913406a4,1970-01-01,0,Travel,819.99,ESP,NGA,0,0,0,0,1
sdv-id-XyhEPL,77fa7bbc-cc68-453e-9a9f-d637fc7aa2dc,1970-01-01,0,Food,208.1,ESP,NGA,1,1,0,1,1
sdv-id-imLORb,30799b56-576f-4264-9182-e8e7c9070c97,1970-01-01,4,Retail,2142.74,ESP,ESP,0,1,0,1,0
sdv-id-iyASBE,21df5609-e959-437f-b95e-6f2b02472360,1970-01-01,0,Retail,1957.66,ESP,DEU,0,1,0,0,1
sdv-id-fFWlLF,ce92b021-8173-4a2a-83b5-b2bd1eec4d0d,1970-01-01,3,Retail,605.79,ESP,DEU,1,0,1,1,1
sdv-id-eriSUW,7150f94f-e2f2-4f57-b850-b4401c8cd498,1970-01-01,0,Gaming,421.06,ESP,USA,1,0,0,1,0
sdv-id-CvZXob,9ef8b5a9-b792-4f65-a7f7-aba406174c62,1970-01-01,0,Food,1828.24,ESP,BGD,0,0,1,1,0
sdv-id-IosRhZ,752e7613-22eb-49b1-9f9c-b7e06328143e,1970-01-01,0,Gaming,200.56,ESP,JPN,0,1,0,1,1
sdv-id-NrVhue,e65664ac-9e54-4175-9b42-9d0e5a239f52,1970-01-01,0,Food,197.22,ESP,ITA,1,1,1,0,1
sdv-id-GsBSrT,ca125168-09bd-4d25-95c7-d0c264051dd8,1970-01-01,0,Food,907.05,ESP,DEU,0,1,1,1,0
sdv-id-ihwmdO,b1ade82a-d05c-478d-b54f-184e57390b03,1970-01-01,4,Gaming,216.53,ESP,FRA,0,1,0,1,1
sdv-id-MOYAsR,136d6cce-a535-49d7-83ff-fdea3bd9b015,1970-01-01,0,Gaming,2317.43,ESP,FRA,1,1,1,1,1
sdv-id-allkCL,ac484366-68bd-40d7-8b88-1c32cbb02a8b,1970-01-01,0,Food,392.22,ESP,IND,1,1,1,1,0
sdv-id-WjuNSt,e877a70d-692f-476c-9a20-4dcc4ae8e236,1970-01-01,1,Travel,1492.07,ESP,CHN,0,1,1,0,1
sdv-id-pwkYHf,7d06cba8-9aff-4070-a2f0-00fdea324e73,1970-01-01,0,Food,2175.59,ESP,FRA,1,1,0,1,1
sdv-id-WIUXYS,ce31ce5c-213b-4241-83c5-9c143824c62b,1970-01-01,0,Food,856.87,ESP,FRA,1,0,1,1,0
sdv-id-IAGyRt,8a693650-a9a2-49cd-bb6f-65df1d9d1d80,1970-01-01,4,Food,376.23,ESP,VNM,0,0,1,1,0
sdv-id-VuQsGl,e8cdea8a-7710-499d-99bd-fac90d993ab9,1970-01-01,4,Tech,2225.5,ESP,CHN,1,1,0,1,0
sdv-id-BCusNc,aa3961be-c93f-4c2c-94b5-e773df973c95,1970-01-01,4,Tech,1442.61,ESP,BRA,1,1,1,1,0
sdv-id-lTrahC,000df764-9d46-4a9a-8a1d-9238fcf9abbb,1970-01-01,0,Travel,904.1,ESP,ITA,0,0,1,0,0
sdv-id-maLCZD,be1e70bc-03c6-4e18-8528-d3096a56587d,1970-01-01,0,Retail,1496.18,ESP,BGD,1,0,1,1,0
sdv-id-wTXlKo,99a8d904-6160-4bd6-bcff-e03f3edb4050,1970-01-01,0,Gaming,1920.24,ESP,DEU,1,1,1,1,0
sdv-id-Yitgva,c651a34f-5a0f-4cdb-a75a-c9d60b9f97a5,1970-01-01,0,Food,1161.3,ESP,PRT,0,1,0,1,0
sdv-id-crmjCg,e08e7b53-aced-408c-9a7f-3ebd9e2c8d55,1970-01-01,0,Food,1186.81,ESP,VNM,0,0,0,1,0
sdv-id-SIQgcv,01829782-88ea-47d4-9e49-4952ac5d4e57,1970-01-01,2,Food,749.2,ESP,ARE,1,1,1,1,0
sdv-id-ExVYMD,f485e944-3142-40c7-95cc-861a8f31bf2e,1970-01-01,4,Retail,1528.61,ESP,VNM,1,0,1,1,0
sdv-id-nQjWkj,a5e0ecfd-b96c-47ff-a5a0-f9e224f6548d,1970-01-01,0,Retail,335.92,ESP,ITA,1,1,1,0,1
sdv-id-PAPqTf,da2a4996-aaef-4529-81aa-db8000401b20,1970-01-01,0,Gaming,963.76,ESP,GBR,0,1,1,0,0
sdv-id-sdFZdp,45d81a45-9a33-46ee-b938-5322537e95ed,1970-01-01,5,Retail,1123.16,ESP,CHN,0,0,0,0,1
sdv-id-MiHzoR,178cb5a0-3b66-4afa-bcf8-b9130ed40264,1970-01-01,0,Tech,1198.51,ESP,UKR,0,0,1,1,1
sdv-id-zCxzII,ba5916c5-9de6-4f2c-97bd-9ee6e63f6d3a,1970-01-01,0,Tech,1116.35,ESP,UKR,0,1,0,1,0
sdv-id-QtAkuA,71f9b0e2-d270-4a52-98ff-d8ad8e1a3a51,1970-01-01,0,Gaming,1642.07,ESP,USA,1,0,0,1,0
sdv-id-IWEZVs,49694032-5808-4790-a2e4-9628d913057d,1970-01-01,0,Retail,1311.07,ESP,ITA,0,0,0,1,0
sdv-id-NjyQGj,11269f9e-03c0-4a01-8e98-6e40723182d4,1970-01-01,0,Travel,488.61,ESP,NGA,1,1,0,1,1
sdv-id-BLHfkh,206ce216-b54a-426d-ba8f-459237ea3bed,1970-01-01,0,Gaming,1451.7,ESP,BRA,0,0,1,1,1
sdv-id-sKRnPV,7daae2b3-1a70-481a-8202-c418b6aedb91,1970-01-01,0,Tech,596.31,ESP,FRA,0,0,0,1,0
sdv-id-tyukWl,ce31ce5c-213b-4241-83c5-9c143824c62b,1970-01-01,1,Gaming,1871.8,ESP,UKR,1,1,0,1,0
sdv-id-eZmTtb,367d9053-bec2-440d-b0b8-1b2952044e75,1970-01-01,0,Tech,1469.98,ESP,NGA,0,0,1,1,0
sdv-id-yuHhSO,a5fb9e9a-4ab7-45e0-b814-af2e81e26ceb,1970-01-01,1,Gaming,1117.29,ESP,BGD,1,0,0,1,0
sdv-id-csnaNb,00476b2e-6ea4-4c5f-bb8b-161ea869959e,1970-01-01,0,Retail,1312.04,ESP,BRA,1,0,1,1,0
sdv-id-NRCZKt,5a8aaeca-1a50-4ec3-aabc-25fa3fe12e47,1970-01-01,4,Travel,2044.41,ESP,BRA,0,1,1,0,1
sdv-id-DZoKuv,88f47eed-6990-4abf-b792-be4734783752,1970-01-01,0,Travel,2145.6,ESP,UKR,1,0,1,1,1
sdv-id-KNqxAO,7b2413e8-005f-4765-975f-310891653dbc,1970-01-01,3,Tech,234.2,ESP,USA,1,0,0,0,1
sdv-id-LQhvCV,72d932a4-1583-467e-9d6d-37c75e4532ec,1970-01-01,0,Gaming,2142.83,ESP,FRA,0,1,0,0,1
sdv-id-IcTmWH,2932a211-214c-4a4d-83a5-34d28e7d3f5a,1970-01-01,0,Retail,256.17,ESP,NGA,0,0,1,0,1
sdv-id-VmsfJr,0769165f-e746-4cb9-8ca9-cf07b1aa0f6a,1970-01-01,0,Food,264.39,ESP,VNM,0,1,1,1,0
sdv-id-arXTWS,72c22a16-79eb-4168-9045-56e5bee3eb79,1970-01-01,2,Travel,14.59,ESP,CHN,0,0,0,1,0
sdv-id-TTxUCV,ec264a0c-c09f-4c91-b2c0-a0cfbf03b8c2,1970-01-01,0,Travel,625.82,ESP,CHN,0,1,1,1,0
sdv-id-UQanOt,334dd7aa-25c1-4899-a89a-92c5003742ae,1970-01-01,0,Tech,145.92,ESP,VNM,0,0,1,1,1
sdv-id-NcoBLR,e05f8184-c115-4e8e-9586-768274dfb5ce,1970-01-01,0,Food,855.76,ESP,PRT,1,1,0,0,0
sdv-id-FpGJmE,96c78cad-304e-461b-a943-b1548d6eb73f,1970-01-01,0,Gaming,2249.42,ESP,USA,1,0,0,0,0
sdv-id-WLIcNN,c2b579c2-910f-445d-96f3-4d9bb918a6e8,1970-01-01,0,Tech,485.51,ESP,GBR,1,0,0,1,1
sdv-id-TyUOIu,453417b5-55c0-4c8e-85c8-7f41dbbd3290,1970-01-01,0,Food,1523.41,ESP,CHN,0,1,0,0,1
sdv-id-gPAOdI,02cdc06e-2dbb-4752-94cb-07a90180aceb,1970-01-01,0,Travel,2081.39,ESP,BRA,0,0,0,0,0
sdv-id-BZFDrX,d85a4e1a-66ed-471c-aa98-979991354949,1970-01-01,1,Gaming,1032.46,ESP,VNM,1,0,1,1,0
sdv-id-pEkRYI,7a14cf98-611e-4047-b90a-474e6185e21b,1970-01-01,0,Food,1764.97,ESP,RUS,0,0,1,1,0
sdv-id-xfVaBy,decceaea-622b-4588-8275-da34881e40c6,1970-01-01,0,Tech,63.05,ESP,BRA,1,1,1,0,1
sdv-id-vNhJla,ae4ed89f-d659-469f-8eca-d2663f29d615,1970-01-01,0,Retail,641.68,ESP,RUS,1,0,0,1,0
sdv-id-ypTrcx,ee58d695-e15a-48f3-87c6-2bd3caf27c2a,1970-01-01,2,Retail,1793.24,ESP,USA,0,0,1,1,0
sdv-id-KCEGDv,15db0b31-f6c8-4ff5-b8b7-5626b805f666,1970-01-01,0,Travel,2233.57,ESP,ITA,1,1,0,1,1
sdv-id-idfQNU,2b945cbb-3d16-4ab9-b01c-9191e81b60ff,1970-01-01,0,Food,209.48,ESP,NGA,0,0,1,1,0
sdv-id-aQNWDI,74300ccc-03fd-4d08-8b73-361fccbeb6db,1970-01-01,0,Food,128.34,ESP,IND,1,0,1,0,0
sdv-id-PAEOHe,470d8b46-2982-435f-83d3-856860fa95f1,1970-01-01,4,Gaming,733.78,ESP,ESP,1,0,1,0,1
sdv-id-lJCKCr,8914bc96-5cb2-4033-b5e0-edd684c62e4b,1970-01-01,1,Gaming,1090.9,ESP,ESP,0,1,0,0,1
sdv-id-YRsbvR,d44260d2-5f11-4839-9203-7fc25366e938,1970-01-01,0,Food,946.09,ESP,IND,0,1,0,1,0
sdv-id-iWPARc,ed8707d5-da36-42b6-bf06-14bbb85a74cd,1970-01-01,5,Travel,2167.53,ESP,NGA,1,0,1,1,0
sdv-id-RvSpHJ,ac783741-696b-4093-8fb3-61e9cf33671c,1970-01-01,0,Travel,860.05,ESP,DEU,1,1,0,1,0
sdv-id-SvcUAO,d123f7c1-b7a1-467e-9a1e-00365cbaa496,1970-01-01,0,Tech,2472.02,ESP,CHN,1,0,0,1,0
sdv-id-cTPnDO,3e628981-9ef1-474f-bd13-452669d75427,1970-01-01,5,Food,219.96,ESP,VNM,1,1,1,0,0
sdv-id-XDRgfJ,e2c07b0f-bc37-4a1e-917e-b16a99222b37,1970-01-01,2,Food,1752.47,ESP,DEU,1,1,0,0,0
sdv-id-NYTklm,e6876705-0431-49ef-a46e-c70f3e97037d,1970-01-01,0,Food,550.1,ESP,ESP,1,1,0,0,1
sdv-id-lDPJJK,322570ff-20ba-4b3f-8f0f-7109fddbeb80,1970-01-01,0,Travel,1864.34,ESP,JPN,0,0,0,0,0
sdv-id-hGkKsX,dd763717-995b-4485-b5b1-27e19a72ebf3,1970-01-01,0,Tech,1871.28,ESP,PRT,0,0,0,0,1
sdv-id-WLSaMm,584220f1-d310-4f4f-803e-3ee26d30a1b9,1970-01-01,0,Gaming,738.06,ESP,USA,0,0,0,0,1
sdv-id-DBIsez,d6521e08-c2f4-4c10-a869-707cbdcbfffc,1970-01-01,0,Gaming,189.16,ESP,JPN,1,1,1,1,0
sdv-id-ulRpfh,fcba6c80-8c7a-4939-bf0d-d3c2ac4dcd33,1970-01-01,0,Travel,1937.24,ESP,USA,0,0,0,0,1
sdv-id-azhdzr,0ef6da2a-fcc9-4df1-8d88-fa936292ac6b,1970-01-01,0,Food,1804.43,ESP,JPN,1,0,1,0,0
sdv-id-yYYWwx,ef7b80f1-c2be-4bac-b717-f44b79112e22,1970-01-01,0,Travel,885.96,ESP,PRT,0,0,0,1,0
sdv-id-bxiDTM,161d5c87-53c9-4e59-8f89-e3b2d847dc53,1970-01-01,0,Retail,810.48,ESP,USA,1,0,1,0,1
sdv-id-vDXdKX,960b9746-9b51-4232-bca7-644d47b76d17,1970-01-01,5,Retail,1641.52,ESP,BGD,1,0,1,0,1
sdv-id-jJcRAS,72d980c1-5a36-43df-9532-94885dd4797b,1970-01-01,0,Gaming,29.61,ESP,IND,0,0,1,1,1
sdv-id-cvAZVs,0c49f33a-1c5d-4fe9-8b07-0a68c8f217a3,1970-01-01,5,Retail,2457.68,ESP,ARE,1,0,0,1,0
sdv-id-xoOzQg,caa78357-c0ea-4a67-946e-8ec2d3422e50,1970-01-01,0,Food,702.81,ESP,IND,1,1,0,1,1
sdv-id-DoMdxn,e82b5b36-4269-428c-8bac-bedfff5a229e,1970-01-01,0,Retail,452.19,ESP,DEU,0,1,1,0,0
sdv-id-XrNUsr,1673aefb-eb9e-44e0-94c3-b22e4c66aa4d,1970-01-01,4,Travel,1090.58,ESP,ITA,1,1,0,0,1
sdv-id-Ndinpn,6e3a0ba8-ac8d-4c7d-b2a6-e468d02b1243,1970-01-01,0,Gaming,555.36,ESP,DEU,1,1,0,1,0
sdv-id-SSEhFT,f66c7331-a172-4ee3-83e1-847c8420e0d8,1970-01-01,0,Travel,1603.92,ESP,BRA,1,0,1,0,1
sdv-id-bitJkf,938df7c1-ab0b-44fc-99b0-6cf925dfa1fb,1970-01-01,0,Tech,1274.3,ESP,JPN,1,0,1,0,0
sdv-id-LWSrSI,753659ef-d873-4ad9-9a1b-af0e591196dc,1970-01-01,0,Food,1461.01,ESP,DEU,0,1,1,1,1
sdv-id-gELfnj,4bd40152-8f7b-46c2-a46e-47a2b3422968,1970-01-01,0,Tech,1003.79,ESP,ARE,0,0,0,0,0
sdv-id-UaHAQN,1af4cf72-da62-4059-a791-63f402088c91,1970-01-01,0,Travel,725.45,ESP,FRA,1,0,0,0,1
sdv-id-iEdLqW,c0bf3b37-623d-4905-8c3e-b36ddc75f4cc,1970-01-01,1,Food,2264.99,ESP,DEU,0,0,0,1,1
sdv-id-HXwLnU,57059671-b031-4179-ac76-25b80fc06f77,1970-01-01,0,Travel,2158.46,ESP,PRT,0,1,0,1,1
sdv-id-yTraMv,4a76a0ea-0b6b-4944-9e49-08c8290a42d2,1970-01-01,0,Travel,607.41,ESP,ARE,1,0,1,0,1
sdv-id-IwGRhU,d9b59f84-edc3-41c3-adea-2d2d086c405f,1970-01-01,5,Tech,2489.92,ESP,ITA,1,0,0,0,1
sdv-id-zxGLOp,7ddc44f5-deaf-4631-908a-bb5c018c0313,1970-01-01,4,Retail,1661.22,ESP,CHN,0,1,0,1,1
sdv-id-XyqWqZ,5b0a31ea-9dc6-4783-b222-534db3099e0d,1970-01-01,0,Gaming,850.66,ESP,DEU,1,0,1,0,1
sdv-id-OJJpnW,c17af08a-1745-46d8-be57-0ddf827050a8,1970-01-01,0,Travel,999.14,ESP,ARE,1,0,0,0,1
sdv-id-rlnDiz,47020de0-bc64-47e9-b16e-c0b6e3d9de7f,1970-01-01,2,Gaming,2320.13,ESP,PRT,1,0,1,0,1
sdv-id-bJwCEu,7ddf8484-f0c4-4ecb-878a-7900d2bd16ec,1970-01-01,0,Tech,1357.7,ESP,FRA,1,0,0,1,1
sdv-id-EurZFd,9c42831c-ce77-4a9d-b782-b24b1584e6bf,1970-01-01,0,Food,2099.28,ESP,IND,0,1,0,1,0
sdv-id-edrXXY,298ce7b4-4c5a-4b5f-a481-b50ca8624894,1970-01-01,0,Tech,2041.05,ESP,BRA,0,0,0,0,0
sdv-id-NtkDzE,74533044-2e07-436d-9f8d-367d6cfaf2dd,1970-01-01,1,Retail,2246.68,ESP,USA,0,1,1,0,1
sdv-id-cLOnYm,6f90d9af-ca07-406e-93ae-0bce0cccf432,1970-01-01,0,Tech,690.22,ESP,BRA,1,0,1,1,0
sdv-id-nLXvke,b1ddfdbb-80cf-4dc7-ab10-862175ecc919,1970-01-01,0,Gaming,763.71,ESP,CHN,1,0,0,0,1
sdv-id-HCGiAk,31dae817-4937-490f-84a5-b18bcdcd0a34,1970-01-01,4,Food,1194.28,ESP,USA,0,1,0,1,1
sdv-id-wKQyFg,f413db19-bade-4d5d-afff-15ccb2dc6c34,1970-01-01,0,Gaming,2121.64,ESP,UKR,0,1,0,0,1
sdv-id-bIzVmA,e7d90c1b-a59c-4eed-ac09-72046fa6681c,1970-01-01,0,Food,297.56,ESP,BRA,0,1,0,1,0
sdv-id-YCxtya,022f8a47-04d4-45db-a3d3-997fd4066625,1970-01-01,0,Travel,118.16,ESP,UKR,1,1,0,1,0
sdv-id-BMenWf,fb26699f-1bf5-427f-8ea8-be58e2cae78d,1970-01-01,0,Retail,2127.66,ESP,ARE,1,1,1,0,1
sdv-id-hLhtfl,61dc1d58-1ca8-4afb-99cb-1e018a40b5cd,1970-01-01,0,Gaming,795.14,ESP,JPN,0,0,1,1,0
sdv-id-Psndme,27aedaae-8c48-43f4-bef3-89ba0a7016c8,1970-01-01,5,Tech,521.4,ESP,ESP,0,1,0,1,0
sdv-id-avPKbI,0cfef683-3e11-4afe-bd41-96fe963a8617,1970-01-01,0,Retail,1446.77,ESP,NGA,1,1,1,0,0
sdv-id-ZSephx,5efa9c5b-7421-4f46-a37e-4b0122bae10e,1970-01-01,0,Food,1739.35,ESP,RUS,0,1,1,1,0
sdv-id-ccSycN,a5ea0d8f-788e-45c1-a8a9-4ed52d427251,1970-01-01,0,Tech,943.63,ESP,ARE,0,0,0,1,0
sdv-id-XTaojK,f877389b-2f8c-4b31-85a1-94110c96ccda,1970-01-01,0,Travel,609.75,ESP,ESP,0,0,1,1,0
sdv-id-dxBEYB,61e5cdd9-741d-40f6-bded-3f17ab76faa9,1970-01-01,1,Food,2009.02,ESP,PRT,0,1,0,1,0
sdv-id-mMhhey,f26692f6-8c69-41d9-ae4e-31cf594e5567,1970-01-01,2,Tech,942.13,ESP,USA,1,0,1,1,0
sdv-id-xLxyjl,49b868c2-cfda-4f51-9caa-2701cef1878f,1970-01-01,0,Retail,1590.21,ESP,BRA,0,1,0,0,1
sdv-id-DLawGD,71fd053b-bad7-4c04-8414-777b66739343,1970-01-01,3,Retail,644.5,ESP,GBR,0,0,1,1,0
sdv-id-CtQZHB,00c818ba-a210-4d25-b92c-5f423f203c22,1970-01-01,0,Tech,1608.13,ESP,ARE,0,1,1,1,0
sdv-id-ACEzqP,d98d214f-c2ab-4876-b71b-d82d635589f4,1970-01-01,0,Retail,1834.37,ESP,FRA,1,0,0,1,1
sdv-id-FzGoAp,a3b442bd-4649-4296-af58-42c3ff86cc31,1970-01-01,0,Travel,1931.39,ESP,BGD,1,0,1,0,1
sdv-id-QghexP,ee350ed7-ce95-4086-ab00-0e3b66ae192a,1970-01-01,0,Food,503.32,ESP,ITA,1,1,1,0,1
sdv-id-JGreDx,8f221604-d46b-4756-b9e4-39ef48d495a4,1970-01-01,0,Retail,2173.36,ESP,PRT,0,0,0,0,1
sdv-id-GHpdzb,15db0b31-f6c8-4ff5-b8b7-5626b805f666,1970-01-01,0,Food,44.93,ESP,IND,0,0,0,0,0
sdv-id-HlOsxT,dc237929-fbac-42e8-986f-4fa504e34cb1,1970-01-01,5,Retail,1084.9,ESP,NGA,0,0,0,1,1
sdv-id-lLpanI,a3b442bd-4649-4296-af58-42c3ff86cc31,1970-01-01,0,Tech,265.77,ESP,ESP,0,1,0,1,0
sdv-id-sOpqar,42c18a62-ef48-48d5-90fd-9d3f85d51695,1970-01-01,1,Gaming,681.49,ESP,NGA,0,1,1,0,1
sdv-id-tPkQUK,f28e4122-5894-47f1-b9b8-6bb2b596ca7c,1970-01-01,0,Travel,2249.8,ESP,NGA,0,1,0,0,1
sdv-id-tkFRXv,4b6c14e4-cc58-4b60-ba4e-8355f5e8a7e1,1970-01-01,0,Food,1157.61,ESP,IND,1,0,1,0,1
sdv-id-PGjDwM,5e1b914d-b549-4451-89b8-ff0a93e7d699,1970-01-01,5,Gaming,1122.1,ESP,PRT,0,1,1,1,0
sdv-id-ysuCjT,f7f2194d-dead-4c99-b8f3-90f48956c35c,1970-01-01,0,Tech,835.42,ESP,PRT,1,1,0,0,1
sdv-id-KqBLWB,3a363b3a-8aa7-4eb9-a3cb-29bd5c1947e1,1970-01-01,1,Gaming,1267.97,ESP,ARE,0,1,1,0,1
sdv-id-aLExMD,d4ec0595-3ff0-4d13-add7-1599e9fedd48,1970-01-01,0,Gaming,382.29,ESP,UKR,1,0,1,0,0
sdv-id-ImMYoM,3918d757-1b62-4489-b94e-52be346b544c,1970-01-01,0,Gaming,924.09,ESP,CHN,1,1,1,1,0
sdv-id-hyIXry,248941f4-79a5-4d6f-a09d-63de44a3521a,1970-01-01,2,Gaming,342.43,ESP,BRA,1,0,1,1,1
sdv-id-DiuKrE,9a7f8712-c216-4949-bc5e-260aeaf2b5ee,1970-01-01,0,Travel,318.65,ESP,BGD,1,0,0,0,0
sdv-id-HEoSXt,62ed5403-88d4-4ff4-904f-3fc56400bb0e,1970-01-01,0,Tech,1574.22,ESP,FRA,1,0,1,0,1
sdv-id-Ibqwub,a8fa71a6-0562-4e16-be65-f35db180e74c,1970-01-01,0,Gaming,1817.0,ESP,FRA,1,0,0,1,0
sdv-id-hSscKf,97e3e23f-0c38-474b-b97a-b7cc256714d6,1970-01-01,0,Tech,1159.85,ESP,BGD,0,0,0,0,1
sdv-id-WrNIDh,d9b59f84-edc3-41c3-adea-2d2d086c405f,1970-01-01,4,Food,615.45,ESP,ARE,0,1,0,0,1
sdv-id-kTYpFc,e52a33e6-fec5-4a89-9db3-c0756fb9de37,1970-01-01,0,Tech,1840.64,ESP,FRA,0,1,1,0,1
sdv-id-CQSoCs,d8c024a9-a99e-4f9b-b68e-af5851ddaa9d,1970-01-01,0,Food,495.43,ESP,ARE,1,0,1,1,0
sdv-id-szcdSx,48924bd6-e399-40dd-8e1f-39bee4edc295,1970-01-01,0,Travel,43.97,ESP,BGD,0,0,0,1,0
sdv-id-yquIRp,377f35c1-076f-432f-bc28-29392bae3b70,1970-01-01,3,Tech,429.75,ESP,ARE,1,1,1,1,1
sdv-id-uLtUWX,964db03f-9340-4fad-9c4a-d56bd6016237,1970-01-01,4,Gaming,621.77,ESP,BGD,1,1,0,0,1
sdv-id-wICcwB,816ce054-282c-4470-af32-f72aa4b5c723,1970-01-01,0,Retail,136.73,ESP,BGD,1,0,0,1,0
sdv-id-tUgsHE,b27c1721-89d4-4ce2-8f50-b59873bd980f,1970-01-01,0,Travel,885.23,ESP,UKR,1,1,0,0,1
sdv-id-nMTveM,cfb30320-e9bd-4511-8ad6-34a7f6a64d7f,1970-01-01,3,Retail,1398.85,ESP,CHN,1,0,1,1,0
sdv-id-SgvpTh,1fac9217-e36e-4b7f-917c-e0825572f1b3,1970-01-01,0,Travel,1707.57,ESP,UKR,0,1,0,0,1
sdv-id-SafUOe,20b6a33c-15d3-44dc-8dc4-aa1006062b52,1970-01-01,3,Tech,1379.68,ESP,GBR,0,0,1,0,1
sdv-id-qRBvFo,65c1efd6-cf1f-4a98-97ad-6a67299f3047,1970-01-01,0,Tech,87.98,ESP,ARE,0,0,0,1,0
sdv-id-yJtire,f2e5cecf-9b6c-4494-a0e0-b67321b6eb84,1970-01-01,0,Food,2105.79,ESP,CHN,0,0,0,0,1
sdv-id-FhearF,1252f53b-91f3-411c-97ad-fb9369a8f894,1970-01-01,0,Retail,1875.92,ESP,ESP,0,1,0,1,0
sdv-id-JpTbWb,580d7b71-d8f5-4413-9be6-128e18c26797,1970-01-01,5,Food,301.97,ESP,NGA,1,1,0,0,1
sdv-id-OWywmR,067ab1d7-7059-4387-b89f-52d2a8737d14,1970-01-01,0,Gaming,2142.49,ESP,ARE,0,0,0,1,0
sdv-id-KRzlJD,38c81b7c-6396-4633-9d6b-59782bf73025,1970-01-01,0,Retail,2371.58,ESP,BRA,1,1,0,0,1
sdv-id-CobCMC,bd54da04-4dcd-4009-88d5-77179055a36f,1970-01-01,0,Retail,1259.56,ESP,ITA,1,0,1,0,0
sdv-id-zrSOtX,378ce7b7-2f14-4369-b22f-deb897cabad1,1970-01-01,2,Retail,1329.28,ESP,ESP,1,0,0,0,1
sdv-id-GpJdYI,ba0d24f5-cff5-4357-98f1-101e84506864,1970-01-01,0,Retail,1425.7,ESP,VNM,1,1,1,0,0
sdv-id-bvIYoM,2d47de92-cbf8-4a9f-bdec-163cfd5dda42,1970-01-01,0,Gaming,2104.25,ESP,VNM,1,1,1,1,0
sdv-id-IEFjLL,58e9bf38-04ae-4d5a-862d-7b34ddbd67b1,1970-01-01,0,Travel,508.65,ESP,PRT,0,0,1,1,0
sdv-id-UBwxmO,adc29178-a041-4612-acd5-8759e95d2761,1970-01-01,5,Retail,2482.8,ESP,PRT,1,0,1,1,1
sdv-id-nCxYnB,e40b50e4-0a08-4989-833c-8f55a1298fa2,1970-01-01,0,Retail,1543.14,ESP,PRT,1,1,1,0,1
sdv-id-lwoECE,83117efc-b0b4-474e-8d72-441d07099bf8,1970-01-01,0,Retail,2138.0,ESP,FRA,0,1,1,0,1
sdv-id-napCwi,0f810db2-bbc1-486b-8bad-b9731ed01243,1970-01-01,0,Gaming,1182.91,ESP,RUS,0,0,1,0,1
sdv-id-QvUJZr,3ff69f41-9508-4801-a3be-7ca05df924fb,1970-01-01,0,Travel,899.89,ESP,PRT,1,1,0,1,0
sdv-id-imrYYl,8f5e248e-b40f-440e-8037-447f0d99c071,1970-01-01,1,Retail,2046.48,ESP,RUS,1,0,0,0,1
sdv-id-RbEoVU,f28a030b-532d-48fe-b3fe-7e1df36deb13,1970-01-01,0,Tech,2258.67,ESP,RUS,1,0,1,0,1
sdv-id-yYWTSP,89fab5cc-95b0-4f8a-964f-10b584d6b400,1970-01-01,0,Gaming,1256.48,ESP,DEU,0,0,1,0,1
sdv-id-rIShVB,c17af08a-1745-46d8-be57-0ddf827050a8,1970-01-01,0,Food,1712.32,ESP,RUS,0,1,1,0,1
sdv-id-GpHKNZ,15fbf5dc-caba-4f3c-9735-773c761e6287,1970-01-01,1,Travel,644.31,ESP,FRA,0,0,1,0,1
sdv-id-otPFnh,ea1458df-5159-4534-8c7f-bca1035fedea,1970-01-01,0,Travel,1969.63,ESP,UKR,0,1,0,1,0
sdv-id-NQLHCg,f4dbca07-e506-4670-b092-947dbe4969ec,1970-01-01,0,Food,1601.84,ESP,BRA,0,0,1,1,1
sdv-id-BfZrjH,2ccd00e7-92ca-40b9-91d9-ee264997dd20,1970-01-01,5,Gaming,427.4,ESP,RUS,1,0,0,0,1
sdv-id-WTVwqz,a6ef8273-6f77-4027-a656-cfbc8ed2de16,1970-01-01,0,Gaming,2323.41,ESP,UKR,1,1,1,0,1
sdv-id-LRgbSg,b88e33d1-6c10-46cd-9249-944e713db204,1970-01-01,0,Food,1280.72,ESP,FRA,1,0,1,1,1
sdv-id-dmVeRQ,bd5bfece-dbd0-4d57-8e07-d8fc83b1c1ec,1970-01-01,0,Travel,1510.46,ESP,RUS,1,0,0,0,1
sdv-id-NTxOaa,872491ca-dc11-4b13-8628-98786a394607,1970-01-01,0,Gaming,2455.65,ESP,USA,1,1,0,0,0
sdv-id-exSale,068055f3-5511-4558-bc42-43526d987038,1970-01-01,0,Food,571.38,ESP,ITA,0,1,0,0,0
sdv-id-bklXNv,a38bbaa4-4fe8-48d8-822c-a6a893daf60d,1970-01-01,1,Food,2058.76,ESP,FRA,1,1,0,1,0
sdv-id-kELhAW,869c2873-72bd-455a-ad59-631055aca899,1970-01-01,0,Food,1364.04,ESP,BGD,0,1,0,0,1
sdv-id-iuXUxS,1a8cf13c-28ce-431e-9827-4fc3f1458426,1970-01-01,0,Travel,1303.53,ESP,GBR,1,0,1,0,0
sdv-id-PfLGur,8271bbba-f96f-4a1b-a4b3-b66b51b795ed,1970-01-01,0,Tech,1995.79,ESP,BGD,0,0,1,0,1
sdv-id-VNqWXk,078a4dcb-dac9-4c5a-8a62-46b9e62476fe,1970-01-01,0,Gaming,1500.48,ESP,UKR,0,0,0,1,0
sdv-id-vftdjP,924d4a86-efed-4e52-b9f7-3374e92af09b,1970-01-01,0,Retail,2224.99,ESP,CHN,1,0,0,0,1
sdv-id-aonjQm,3eb862c6-676c-469f-b8f9-1075a08145d2,1970-01-01,1,Travel,1812.57,ESP,JPN,1,1,1,1,1
sdv-id-XgORMn,c5c68438-b92c-4430-b539-8963d3270cc0,1970-01-01,5,Tech,880.71,ESP,FRA,0,0,0,0,1
sdv-id-Svwkbw,24a0aaad-b436-48fb-b21e-afabf64909e8,1970-01-01,0,Gaming,1025.86,ESP,VNM,0,1,0,1,0
sdv-id-wgNzny,d8e7012f-3968-4c81-bb70-c3b8a81fdec3,1970-01-01,0,Tech,1740.86,ESP,UKR,1,0,0,1,0
sdv-id-rYuLyE,51d05ef3-a918-43fc-a772-fe9f999bc859,1970-01-01,0,Tech,2411.13,ESP,VNM,1,1,0,0,1
sdv-id-hfLsSH,8844bc0c-accf-4130-a487-2e7708d16094,1970-01-01,0,Travel,1765.87,ESP,ESP,0,0,1,1,0
sdv-id-QnZhiP,b81f9c64-1cc1-4f92-af77-e12497a35a49,1970-01-01,5,Gaming,849.75,ESP,CHN,0,1,1,1,0
sdv-id-yBEcxy,6e3a0ba8-ac8d-4c7d-b2a6-e468d02b1243,1970-01-01,3,Retail,1723.56,ESP,ESP,0,1,1,0,0
sdv-id-FYjgxm,0bb5c276-abe3-47f3-8066-703846dfe43f,1970-01-01,0,Food,412.36,ESP,VNM,0,1,0,1,1
sdv-id-sasNdh,83250783-4d2d-44cb-b66c-6b8a2c9266a4,1970-01-01,3,Retail,1435.24,ESP,GBR,0,1,1,0,1
sdv-id-ZQuiYD,3ccfd7d2-b8ec-4c1d-8912-280e2cfaf3c4,1970-01-01,2,Retail,1340.48,ESP,DEU,0,0,0,1,1
sdv-id-imxRoi,8d0fe9b5-b9e8-46d0-9f0b-b32fe6ddbbe3,1970-01-01,0,Food,336.85,ESP,ESP,0,1,1,1,0
sdv-id-CJMeET,18bc2e3b-20f6-48d8-9436-9f5d89cc6b08,1970-01-01,0,Retail,98.98,ESP,BGD,0,1,0,0,0
sdv-id-WNmdLc,6de8370a-ce9e-4ebd-95c3-48530783e43c,1970-01-01,0,Retail,442.52,ESP,FRA,1,0,0,0,0
sdv-id-FpQlGS,47218489-5f27-4ba7-9687-0bf14f19f810,1970-01-01,0,Tech,264.15,ESP,NGA,1,0,0,1,0
sdv-id-JxsXNM,96a402f2-3ae8-4c93-8dcd-cd03969b6662,1970-01-01,0,Gaming,14.03,ESP,ESP,1,0,0,1,0
sdv-id-UzCXXC,56d00a82-1564-4478-8d62-0ba689fc17cf,1970-01-01,5,Tech,1960.23,ESP,BGD,0,0,1,1,0
sdv-id-AIsFSw,cbc72f1a-cf08-4a54-b429-9924c0986750,1970-01-01,0,Travel,588.16,ESP,UKR,0,1,1,1,0
sdv-id-PzRykE,ff2e1955-fc6b-466b-a929-15a385cd74bf,1970-01-01,0,Food,1562.65,ESP,BGD,1,1,1,0,1
sdv-id-RxIkHW,371132b7-81ea-41da-8496-a8834a7a677b,1970-01-01,1,Food,1426.69,ESP,UKR,1,1,1,0,0
sdv-id-gNRPtA,b195fa9f-3afd-499e-8a19-de1f5cd70899,1970-01-01,1,Travel,1328.58,ESP,DEU,0,0,0,1,1
sdv-id-LWVpYZ,0248256f-6b47-438a-a6c1-a108e8d6fcf7,1970-01-01,0,Travel,1937.68,ESP,GBR,1,1,1,1,0
sdv-id-BKfjiy,58c6b1c6-74d0-42c5-ab3c-c270e188d3d7,1970-01-01,0,Retail,540.5,ESP,ITA,0,1,0,1,0
sdv-id-MlMPHl,7fffa983-0811-40e9-ba1d-8ded7dc807a2,1970-01-01,0,Travel,23.41,ESP,RUS,1,1,0,1,1
sdv-id-DGjLLE,7edf1d61-4d55-467c-801f-39a647465064,1970-01-01,0,Travel,2167.35,ESP,DEU,0,1,1,1,1
sdv-id-ZuFQwB,9741c0fa-1b20-457e-9e86-ca3d07d712df,1970-01-01,0,Tech,637.57,ESP,UKR,1,0,1,0,0
sdv-id-XCCQGd,e212f7e1-8f63-42bb-ae41-115540bf6f6b,1970-01-01,0,Gaming,731.66,ESP,JPN,1,0,0,0,0
sdv-id-PRSzOe,e8646e0c-80d4-48b9-af61-5360182047f7,1970-01-01,0,Retail,26.82,ESP,RUS,1,1,1,0,1
sdv-id-IceGKR,f758dce2-0556-4aea-a7b0-32831d7c0098,1970-01-01,0,Tech,1053.91,ESP,ITA,1,0,0,0,1
sdv-id-APsvsX,11269f9e-03c0-4a01-8e98-6e40723182d4,1970-01-01,3,Food,1547.42,ESP,BRA,1,1,0,0,1
sdv-id-ivusAm,693da46c-37f3-4aac-a2ad-828b113c9f25,1970-01-01,0,Gaming,1487.18,ESP,JPN,0,1,1,0,0
sdv-id-ZEVcEe,ee519882-93ef-48c4-a9b1-2582c3545cd8,1970-01-01,0,Gaming,2223.68,ESP,IND,0,0,1,1,1
sdv-id-cBlRLd,f424b79c-27b0-416b-8f8d-4107c4d5ac13,1970-01-01,0,Tech,2378.61,ESP,ARE,1,0,1,0,1
sdv-id-bdwuGB,ed46d087-c77a-4ed5-aadf-f94193c29f31,1970-01-01,1,Retail,964.08,ESP,BRA,1,0,0,0,1
sdv-id-tPOAgV,c76e8e04-1b64-4f32-9aa2-88e1609c6c82,1970-01-01,0,Retail,1424.65,ESP,BGD,0,0,0,0,1
sdv-id-uXgguA,788773ed-4af7-45b7-909e-fb408cebac57,1970-01-01,0,Gaming,224.48,ESP,CHN,0,0,1,0,1
sdv-id-uxgdbG,065262a2-24a0-4b6e-8878-383ae037e953,1970-01-01,1,Food,976.76,ESP,CHN,1,0,1,1,0
sdv-id-ZifXmn,7af1834d-4bd8-44a2-874c-d1a1b60f1d69,1970-01-01,0,Retail,1127.07,ESP,ARE,1,1,0,1,0
sdv-id-LwhWgT,f2d94421-7426-4100-b76c-703e129a98a8,1970-01-01,0,Retail,2197.72,ESP,IND,1,1,1,0,0
sdv-id-wBDMfd,1046e3df-ddfe-4849-8c48-5cfc9a0270da,1970-01-01,1,Tech,83.23,ESP,ITA,0,0,0,0,1
sdv-id-TfXgEV,9787edf2-c313-41be-89a2-7c560128e485,1970-01-01,0,Travel,455.33,ESP,RUS,1,0,1,0,1
sdv-id-MnzUsX,a29a7e5f-57b6-41aa-b206-4a1cae9e2bbf,1970-01-01,0,Tech,1653.42,ESP,USA,0,0,1,1,1
sdv-id-CGDUUC,d5411860-8583-40bb-b2fb-59fd0c00f8ff,1970-01-01,0,Travel,209.14,ESP,FRA,0,1,0,1,0
sdv-id-tknUXk,afd0d2f7-e352-4444-af04-af36567c5d44,1970-01-01,0,Food,1057.01,ESP,CHN,1,1,1,0,1
sdv-id-yuUXXf,ed4c8325-105a-4d40-bf26-32df21c20510,1970-01-01,0,Tech,1077.3,ESP,ARE,1,1,0,1,0
sdv-id-edJLqO,cfd0b040-d591-4d49-b707-371288b04b77,1970-01-01,3,Travel,853.72,ESP,USA,0,1,0,1,0
sdv-id-lIkEIP,2d47de92-cbf8-4a9f-bdec-163cfd5dda42,1970-01-01,0,Food,888.91,ESP,BGD,1,0,0,0,0
sdv-id-eYKXKV,c0ff8a48-8050-4038-817e-dfa06cc72e8c,1970-01-01,3,Retail,2343.79,ESP,VNM,1,1,1,0,1
sdv-id-fWkTGp,9d1c0838-edc8-4ca8-a3bc-d6f3b18d2c8c,1970-01-01,0,Food,126.07,ESP,PRT,0,1,0,0,0
sdv-id-QduEBA,ec4014c6-da60-49f3-8e40-b29426b94955,1970-01-01,1,Gaming,516.02,ESP,ESP,1,0,0,1,0
sdv-id-mWCDWT,702cdd20-2862-48b8-88f4-ef125e9953d2,1970-01-01,0,Travel,208.18,ESP,ITA,0,0,0,1,0
sdv-id-eGMljw,345512f7-01f7-47ec-8e06-30cd996d5c50,1970-01-01,3,Food,1247.33,ESP,IND,1,0,1,0,1
sdv-id-igqXSb,ac672695-a54b-406c-b1a3-3f6de3dbe202,1970-01-01,3,Tech,2468.85,ESP,BGD,1,1,1,1,1
sdv-id-uvjLiQ,28457780-5e20-4957-aab8-bd33911f730b,1970-01-01,1,Retail,2438.22,ESP,DEU,0,0,1,0,1
sdv-id-jaPbPj,db591d88-4b0a-41e0-8d31-5b7cc273973b,1970-01-01,0,Food,788.49,ESP,ARE,1,0,0,0,0
sdv-id-GWsetl,da554d25-5d14-4588-898e-6ba4005d55a8,1970-01-01,0,Retail,192.1,ESP,UKR,0,1,0,1,0
sdv-id-qCUtIa,c4f9eccd-7630-48a7-b0ca-fdd8fc043f08,1970-01-01,0,Food,202.05,ESP,PRT,0,1,0,1,1
sdv-id-SqHtYd,a5135ea0-fa53-434d-a6d5-901d8b621d41,1970-01-01,5,Gaming,2166.05,ESP,ARE,1,0,1,0,1
sdv-id-LAJfRN,3f71e1ae-3f24-4a6a-9f62-9d0cbc7637a0,1970-01-01,0,Retail,2488.81,ESP,BGD,1,0,1,0,1
sdv-id-MREOcd,3fc825ac-869b-400f-8c15-2a1be2789642,1970-01-01,3,Travel,2440.15,ESP,PRT,0,0,0,0,1
sdv-id-lZnRyZ,cbfd0aa6-fc69-4d17-9f44-2e7b57869db0,1970-01-01,5,Gaming,964.86,ESP,FRA,1,0,0,1,0
sdv-id-PoeLAt,e5278ea2-c80c-4031-8c21-4b4ef80ceb1a,1970-01-01,3,Travel,1876.07,ESP,FRA,1,0,1,0,1
sdv-id-YphOkA,25db5946-a091-45b4-9293-8e6eff4d0930,1970-01-01,1,Retail,2375.98,ESP,VNM,1,1,0,1,1
sdv-id-kqFyLw,d4868d2d-741c-4cde-bead-e9ecbf17d94f,1970-01-01,5,Retail,827.32,ESP,JPN,0,0,1,1,1
sdv-id-BAabuk,b5465c93-3a9a-40b6-a950-419df89c591d,1970-01-01,0,Travel,322.43,ESP,VNM,0,0,1,0,0
sdv-id-SqFJZW,8e44f2f8-3de8-44cd-ae15-c527fe2a0cbc,1970-01-01,0,Gaming,448.12,ESP,ITA,1,0,0,1,0
sdv-id-iItOJS,df9a7704-adc2-4f16-a4b3-0768fdfd984e,1970-01-01,3,Gaming,1644.43,ESP,ESP,1,1,0,0,1
sdv-id-XyDZob,21bddb41-0699-4731-9dcf-8766a93b12cd,1970-01-01,2,Tech,2172.46,ESP,PRT,0,0,0,0,1
sdv-id-PxQnUA,28a625e1-4133-4ed1-9821-8c7556c8c3c7,1970-01-01,1,Tech,790.49,ESP,UKR,0,0,1,1,0
sdv-id-qxVHhA,0f810db2-bbc1-486b-8bad-b9731ed01243,1970-01-01,0,Gaming,122.18,ESP,ESP,1,1,1,1,0
sdv-id-dyOyqz,d3e7acd9-7b16-4453-b042-eb9e061285a7,1970-01-01,0,Food,1753.09,ESP,ITA,1,1,0,1,0
sdv-id-cRUTDO,725aa10d-63fe-457c-a5d4-ec1951fc4c23,1970-01-01,4,Travel,1899.71,ESP,RUS,0,0,0,0,1
sdv-id-HroKgG,93e7e893-35fa-4528-aad3-136fa33817fa,1970-01-01,0,Travel,2014.03,ESP,IND,1,1,0,0,0
sdv-id-PJPbuS,96c78cad-304e-461b-a943-b1548d6eb73f,1970-01-01,0,Travel,1722.32,ESP,BGD,0,0,1,0,1
sdv-id-DFZLRb,7b2acbee-4056-40d4-a25a-c0d9fce35a66,1970-01-01,3,Food,620.99,ESP,ARE,0,0,1,1,1
sdv-id-EbeBaA,971965f5-239a-4d42-92ad-d2a6f411d9d1,1970-01-01,0,Gaming,1788.74,ESP,FRA,0,0,1,0,1
sdv-id-fRdzMT,e69cdb5b-2074-45ab-b1cb-e822cbee1876,1970-01-01,0,Food,1091.38,ESP,VNM,1,1,1,1,1
sdv-id-hSRqAG,689998d6-4e44-4af9-b106-c45a71f6aee9,1970-01-01,0,Food,593.75,ESP,VNM,0,1,1,0,0
sdv-id-bBpiTM,c87d01c2-92e8-48b1-9e00-3828d5935e79,1970-01-01,0,Travel,41.1,ESP,BGD,1,0,0,0,1
sdv-id-aKRrUG,1f3afde8-24f6-4d62-8abf-132d3f173407,1970-01-01,0,Tech,358.01,ESP,PRT,1,0,1,1,1
sdv-id-AEEkZW,400b2ed1-109e-49c3-b035-a81d1793d050,1970-01-01,0,Food,2018.07,ESP,ITA,1,1,0,1,0
sdv-id-BNDAjb,19d9d0b5-a962-4996-abbe-3b5a4d15f7d8,1970-01-01,0,Food,1488.4,ESP,FRA,1,0,1,1,0
sdv-id-sIHqlH,e58e1370-2078-4fea-9793-a319b0a6b1c9,1970-01-01,0,Retail,447.25,ESP,ESP,1,0,1,1,0
sdv-id-uMVJNi,bef0e0f1-1791-4e3c-8c75-70cc8e32ebbf,1970-01-01,0,Tech,1498.72,ESP,PRT,0,1,1,1,0
sdv-id-fIORQB,d5897d69-a541-4b63-9261-d4df8d43830e,1970-01-01,0,Food,2386.63,ESP,CHN,1,1,0,1,0
sdv-id-FRtkjj,1eca85b3-1c73-48e6-947f-fd35751a5b9a,1970-01-01,0,Tech,2119.62,ESP,FRA,1,0,1,1,1
sdv-id-UtrMFU,cb317618-daaf-463a-8a06-3bf5839818fc,1970-01-01,0,Retail,148.39,ESP,USA,1,0,0,0,1
sdv-id-wKptoE,2ea4790b-fdd0-4c32-b405-e657d1a37650,1970-01-01,0,Retail,1759.01,ESP,ESP,0,0,0,1,0
sdv-id-htoztb,e5d06bcf-596d-48dc-b94b-5576f8876d7d,1970-01-01,0,Food,2488.36,ESP,VNM,0,1,0,0,0
sdv-id-tzNOrN,42862014-ff41-42a0-a95e-87405dd92744,1970-01-01,0,Food,1143.93,ESP,JPN,1,0,0,0,1
sdv-id-qhGAGe,788773ed-4af7-45b7-909e-fb408cebac57,1970-01-01,0,Gaming,1425.39,ESP,CHN,0,1,0,0,1
sdv-id-mLPtLT,9364ecb5-db29-420a-8886-b7c6a4c755b0,1970-01-01,0,Gaming,47.04,ESP,GBR,1,1,0,1,0
sdv-id-VTICEb,4fca946a-6c6a-48e9-8564-956a97f5f3e4,1970-01-01,0,Retail,1648.13,ESP,JPN,0,0,1,1,0
sdv-id-DFkpSz,fef7d9ea-7f8e-4483-a8ca-aa1dc35bec2c,1970-01-01,0,Tech,628.61,ESP,PRT,0,0,0,0,1
sdv-id-TkCbuu,a83b9212-38bc-4ce7-b680-4804c34cafdf,1970-01-01,3,Retail,194.27,ESP,BRA,1,1,1,1,0
sdv-id-yWHtFF,e52a33e6-fec5-4a89-9db3-c0756fb9de37,1970-01-01,0,Gaming,1069.04,ESP,VNM,0,1,0,1,0
sdv-id-bvRlLO,6208c875-c41c-433d-a513-964e965a693e,1970-01-01,0,Food,2093.0,ESP,NGA,0,0,0,1,1
sdv-id-FcvFBK,19566990-65fd-4adb-8c36-ad4e915d9a63,1970-01-01,0,Tech,1077.05,ESP,ESP,1,0,1,0,1
sdv-id-kXBKlr,df865633-ab7a-4b66-b4ac-c7e2fa575cea,1970-01-01,5,Travel,1441.45,ESP,FRA,1,0,0,0,1
sdv-id-oEHbTq,13d01698-865b-4878-97e5-ae8933d8ae7b,1970-01-01,0,Tech,730.81,ESP,ITA,1,0,1,0,1
sdv-id-zXaOZW,5b385a6a-5299-4a47-ab2f-92d6195535d3,1970-01-01,0,Gaming,2358.48,ESP,BGD,0,0,1,0,1
sdv-id-IBmRmC,a2da43a7-fa1b-4659-adf6-5800997c0dc9,1970-01-01,1,Gaming,1320.97,ESP,ESP,0,1,1,0,1
sdv-id-NnwJoI,571b8409-544b-4325-92a9-e05019a36ee8,1970-01-01,0,Travel,1424.14,ESP,NGA,1,0,1,1,0
sdv-id-xWxFcJ,472678ac-7eae-4452-8eba-2e783b162773,1970-01-01,0,Tech,252.89,ESP,ITA,0,1,1,1,0
sdv-id-JaDxfa,a3ad0476-286f-456a-8207-eff89528688e,1970-01-01,0,Travel,218.0,ESP,VNM,0,1,0,0,1
sdv-id-liQBRe,8545ce6d-46a2-4301-9d13-b149b46ce5f8,1970-01-01,0,Travel,1781.13,ESP,DEU,1,1,0,1,0
sdv-id-SXmqsB,72d980c1-5a36-43df-9532-94885dd4797b,1970-01-01,0,Food,128.43,ESP,BRA,0,1,0,1,1
sdv-id-gUxxoo,242bba10-c7d0-40d1-8b5f-df7039185b72,1970-01-01,4,Gaming,2398.01,ESP,JPN,0,1,0,0,0
sdv-id-tCgpMK,aa97435d-d9ff-44eb-ba5f-9e725166488b,1970-01-01,0,Tech,2459.72,ESP,VNM,0,1,0,0,1
sdv-id-kDuNKg,3506e337-683d-41a9-814b-069c45ce5149,1970-01-01,0,Retail,1587.57,ESP,NGA,1,1,0,1,0
sdv-id-nBGPDC,3a5b6ac5-de70-4b72-b8f5-8a261924c644,1970-01-01,3,Tech,2481.58,ESP,ARE,1,1,0,0,1
sdv-id-gOUayZ,74300ccc-03fd-4d08-8b73-361fccbeb6db,1970-01-01,2,Food,1513.65,ESP,BGD,1,0,0,0,1
sdv-id-FCcFmV,cf3b6e13-781f-418a-8ae2-e88e7a1b2bb4,1970-01-01,0,Retail,2344.17,ESP,BRA,0,1,0,0,1
sdv-id-wlaPQr,6522e8b9-8aad-4665-af30-141d3505c563,1970-01-01,0,Tech,185.9,ESP,UKR,1,1,1,0,1
sdv-id-RxPpSq,ee426792-ce2c-46df-8051-01e5a7b85447,1970-01-01,0,Retail,399.76,ESP,BGD,1,0,1,0,1
sdv-id-xYKBqH,9fa4a627-d306-48be-8548-867bad5cba24,1970-01-01,0,Food,1113.29,ESP,BRA,0,1,1,0,1
sdv-id-FhiaMG,3aa06694-0610-442d-8024-1ac149d83188,1970-01-01,0,Food,2495.31,ESP,ARE,1,0,0,0,1
sdv-id-ouppVs,f66c7331-a172-4ee3-83e1-847c8420e0d8,1970-01-01,3,Food,1150.61,ESP,BRA,0,0,1,0,0
sdv-id-VeVNov,1f0733df-7b68-4323-87a2-ee6fd166eb08,1970-01-01,0,Retail,1167.39,ESP,BGD,0,1,0,1,0
sdv-id-dAXjAt,54ddbff4-0d81-439d-9e95-2d1ddcbc5e3f,1970-01-01,0,Gaming,7.31,ESP,VNM,1,0,0,0,0
sdv-id-AxGxwE,31490475-e5b2-4ed0-90a0-cd0fb4e91064,1970-01-01,0,Tech,712.94,ESP,NGA,0,1,1,0,0
sdv-id-KJAoww,4cc5a9ec-3511-4f3d-a90e-cbd37770b90e,1970-01-01,2,Tech,2287.92,ESP,UKR,0,1,0,0,1
sdv-id-oZpZWy,702cdd20-2862-48b8-88f4-ef125e9953d2,1970-01-01,0,Tech,1157.94,ESP,ARE,0,0,0,0,0
sdv-id-uyJEhX,96721e98-5d84-46e0-a0e6-96ffa75743f9,1970-01-01,0,Gaming,520.46,ESP,BGD,0,1,0,0,0
sdv-id-cUcubx,94e74f26-29b0-4b37-8271-0779d864465a,1970-01-01,0,Travel,1096.82,ESP,ARE,1,1,0,1,0
sdv-id-FQyvJU,c1ed3940-610d-484a-b4a4-ed3c7f0643ea,1970-01-01,0,Tech,1383.86,ESP,ESP,0,1,0,1,0
sdv-id-PFajOE,f0c46591-b2d9-45fa-849e-e02aeea28810,1970-01-01,0,Tech,35.54,ESP,CHN,0,0,1,1,1
sdv-id-SnpMxV,6334fa2a-8b4b-47e7-a451-5ae01754bf08,1970-01-01,0,Tech,1511.14,ESP,BRA,0,0,0,0,0
sdv-id-kNpezh,b798e034-04cd-47c6-8a12-1024a5a2d5ac,1970-01-01,0,Food,2450.0,ESP,CHN,0,0,1,0,1
sdv-id-SVqSlg,727716ec-59fe-4bbc-b1a3-fad2b0946d2a,1970-01-01,1,Travel,1289.4,ESP,BRA,0,1,0,0,0
sdv-id-hKCHSf,599f5901-e65c-4d51-ae40-1311c973c84e,1970-01-01,5,Gaming,2244.94,ESP,DEU,1,1,1,0,1
sdv-id-kPzIqg,520619e0-1096-4c84-954b-a5905a4d52c7,1970-01-01,1,Gaming,670.25,ESP,PRT,1,0,1,1,1
sdv-id-GjXElF,6c521d13-b719-4b68-a775-ee42a89e22f2,1970-01-01,4,Food,2456.26,ESP,FRA,1,0,1,0,1
sdv-id-aekwzi,3bbedece-c689-4b88-8337-0bc204595ccb,1970-01-01,0,Travel,210.06,ESP,JPN,1,0,0,0,1
sdv-id-DDHyhb,aac8fca9-c931-465a-be06-3f4428e69d58,1970-01-01,0,Retail,1165.43,ESP,CHN,0,1,1,0,1
sdv-id-aufptj,d3b68150-0205-416a-981a-b26ce8c35a79,1970-01-01,0,Gaming,349.97,ESP,ARE,1,1,0,0,1
sdv-id-tehtqP,05e6d708-0874-488e-94a3-e5aedb9f658f,1970-01-01,1,Retail,500.9,ESP,BGD,1,0,1,1,0
sdv-id-NZNZSR,2ab7fb10-de72-4c23-be66-f86146576837,1970-01-01,0,Gaming,1536.36,ESP,GBR,0,1,1,1,0
sdv-id-ZOrhjC,87690baa-a104-4dce-bab6-ad91bacf7cfc,1970-01-01,0,Tech,528.42,ESP,CHN,1,0,0,1,0
sdv-id-pJhUPC,ceb380ac-e223-4389-b23e-d1fc9b9f9efe,1970-01-01,0,Tech,516.1,ESP,BGD,1,1,1,0,1
sdv-id-ckYXbs,2638d8be-f838-43a2-90f3-56765a853cd8,1970-01-01,2,Retail,322.21,ESP,BGD,0,1,0,0,0
sdv-id-FRqPCV,c329732b-5114-4ac7-9588-e38e8dbff478,1970-01-01,0,Food,2221.57,ESP,USA,0,0,0,0,0
sdv-id-piOpGu,b3054c89-9d41-401d-ad7c-61a73220b757,1970-01-01,1,Food,2019.81,ESP,ARE,1,0,0,1,0
sdv-id-BaXAlc,2eeaf8b3-f3e5-418a-ab0d-bf1175770452,1970-01-01,0,Tech,2331.23,ESP,BRA,1,1,1,1,1
sdv-id-dfVdqE,103d24cf-fdfb-4585-961f-e564c4384a7e,1970-01-01,0,Travel,2369.49,ESP,BRA,0,0,1,0,1
sdv-id-AmVyqH,61ee411a-1bac-47a7-b386-f7a4c991603f,1970-01-01,0,Tech,653.71,ESP,ARE,1,1,1,0,0
sdv-id-mrBLrq,71594914-b1b6-4ecd-8009-45ce932c3ec9,1970-01-01,0,Travel,1622.75,ESP,BGD,1,1,1,0,1
sdv-id-KsxmgW,607b7b22-2d18-41d7-a02c-98871cecb536,1970-01-01,0,Tech,1853.65,ESP,CHN,1,1,0,1,1
sdv-id-mGfQrJ,973a1f21-3ecb-4673-b58d-66161336b1b5,1970-01-01,0,Tech,1028.83,ESP,JPN,0,0,0,0,0
sdv-id-LtAeES,5a64b5e8-cdc7-43a0-a349-2ba3d084b7df,1970-01-01,0,Food,552.24,ESP,UKR,0,1,0,1,0
sdv-id-MHFXGq,b8cf55d4-b819-4d30-ac55-6b84f69c511b,1970-01-01,3,Travel,2378.95,ESP,PRT,0,1,0,1,0
sdv-id-sIIJfP,c9e116b9-7e2a-40da-95a6-b3ef1d3042ee,1970-01-01,0,Travel,1323.12,ESP,ARE,1,1,1,0,1
sdv-id-vmdzja,a986ee52-b115-47e2-9257-b49cd948bf57,1970-01-01,0,Food,1405.67,ESP,RUS,0,0,0,0,1
sdv-id-vcPHMx,b24c7782-6554-448c-94ee-da02f9aa5d6d,1970-01-01,0,Gaming,2091.87,ESP,ARE,1,1,0,0,0
sdv-id-IlzdfN,9a26a065-1621-4bd0-ae84-a24bf61d6b9c,1970-01-01,0,Retail,104.47,ESP,JPN,1,1,1,0,1
sdv-id-VZtTzV,cad04982-ceb2-4a32-b189-727f6a8d8a70,1970-01-01,0,Food,820.67,ESP,PRT,1,1,1,0,1
sdv-id-vCNjGx,4d3485c5-c5c1-4eb4-b27b-3d901a16342c,1970-01-01,0,Tech,1433.06,ESP,DEU,1,0,1,0,1
sdv-id-jmsdwy,5887f3d2-c0f1-4a3a-9133-577b46510173,1970-01-01,0,Travel,291.74,ESP,DEU,1,0,1,1,1
sdv-id-hMJUZY,6a3eed4f-c754-4e4d-95a7-97311b53b124,1970-01-01,0,Travel,484.04,ESP,FRA,0,1,0,1,1
sdv-id-moibjv,677c25b0-6d23-4155-a057-c558f1ba308e,1970-01-01,0,Tech,977.44,ESP,IND,0,1,0,1,0
sdv-id-nQbrcT,832f52c4-8e03-40cf-8e96-922772e76b51,1970-01-01,0,Retail,719.36,ESP,FRA,0,0,1,0,1
sdv-id-apMWqY,f12c2046-1cdb-46cb-a9c3-d3719f688611,1970-01-01,0,Gaming,2294.45,ESP,PRT,1,0,0,0,1
sdv-id-qhWBxK,3a0e618f-428f-4941-8a0d-72ce2bf6f6c4,1970-01-01,4,Tech,2460.58,ESP,ARE,0,0,1,1,1
sdv-id-EpYWZv,72984bb6-4efa-4dc3-8bae-4fc1d18ad3ca,1970-01-01,0,Travel,74.53,ESP,FRA,0,0,0,1,1
sdv-id-ZSqixw,f485e944-3142-40c7-95cc-861a8f31bf2e,1970-01-01,0,Food,690.34,ESP,DEU,1,1,0,0,1
sdv-id-MUCOse,41e15f65-a761-4e80-b216-880d61c9815e,1970-01-01,5,Gaming,1816.5,ESP,UKR,0,0,1,0,1
sdv-id-EakHql,2b9eebab-64d7-4967-aae0-3e1dc5335386,1970-01-01,2,Gaming,2251.67,ESP,RUS,1,1,1,0,1
sdv-id-gtiuUm,3506e337-683d-41a9-814b-069c45ce5149,1970-01-01,1,Retail,972.19,ESP,VNM,1,1,1,0,1
sdv-id-VbEeUF,80b04e3d-dd2f-4be8-9fda-be67801d04d5,1970-01-01,0,Tech,1042.67,ESP,BGD,0,1,1,1,0
sdv-id-UUfnyC,abac8660-e5c3-45fc-b395-c21379eef2c0,1970-01-01,0,Food,1052.1,ESP,PRT,1,0,1,1,0
sdv-id-Srzduk,61539a40-7efa-48a5-9600-8c5a9a6f5a60,1970-01-01,1,Gaming,904.0,ESP,UKR,0,0,1,0,1
sdv-id-vDqYbl,e4b7405a-4fd7-425d-bd56-02ab7f317011,1970-01-01,0,Retail,374.29,ESP,FRA,0,0,0,1,0
sdv-id-HgbKIH,0a349670-be8b-45f3-b7e1-c9a264cc7a90,1970-01-01,1,Gaming,404.94,ESP,CHN,1,0,1,0,1
sdv-id-BKWKvX,a30bd3b5-58fe-4bd2-b41d-85cdc9257285,1970-01-01,0,Retail,205.39,ESP,ARE,0,0,0,0,1
sdv-id-rawDxb,9b49bd26-df57-459a-8715-a10343dac043,1970-01-01,0,Travel,668.46,ESP,DEU,1,0,1,1,0
sdv-id-sVOgNT,aa31e22b-4cda-4e1c-b065-7d730e0ec75e,1970-01-01,0,Retail,402.89,ESP,VNM,1,1,0,1,0
sdv-id-escrrk,e3acd21a-7387-4600-b739-1bee46e09e7d,1970-01-01,4,Food,615.9,ESP,USA,1,0,1,1,0
sdv-id-wDEyaF,74533044-2e07-436d-9f8d-367d6cfaf2dd,1970-01-01,0,Food,1634.78,ESP,BGD,1,0,0,1,0
sdv-id-aypEGQ,a4df08c5-67ad-4841-a27c-27df377f0ac2,1970-01-01,0,Travel,310.4,ESP,NGA,1,1,0,1,0
sdv-id-BTgCAh,d2e08e57-a6cb-4dda-93a0-181bcbafd542,1970-01-01,0,Food,805.28,ESP,ITA,0,0,0,1,0
sdv-id-FNymuJ,69e83561-4557-4dcb-b15e-ae421461f0d8,1970-01-01,0,Food,2149.63,ESP,NGA,1,0,0,0,0
sdv-id-SkPmGQ,e7ebff3f-3568-4bea-ae4f-fcf31046eb49,1970-01-01,1,Retail,1919.17,ESP,GBR,0,0,1,1,1
sdv-id-EdJOGG,f8c88fae-a217-4f84-bdb0-25ff2451e5a4,1970-01-01,0,Tech,123.99,ESP,BRA,1,1,1,1,0
sdv-id-tUxNFM,a49bed7b-06f4-4c1e-9212-c8d8c7a7a071,1970-01-01,2,Food,1176.39,ESP,DEU,1,0,0,1,0
sdv-id-NHeoIG,2812859a-1337-439e-8d4f-5d272c7f0b79,1970-01-01,0,Gaming,112.68,ESP,NGA,0,0,0,1,0
sdv-id-pqwpnd,d1f379b1-8ebb-4208-a0ee-404f9ea8fcb1,1970-01-01,1,Tech,1333.85,ESP,NGA,1,0,0,0,1
sdv-id-YEPtCM,222db2cf-bc34-4d5d-9f9e-14257a7628e6,1970-01-01,0,Food,1340.43,ESP,ITA,1,1,0,1,1
sdv-id-WMLuSV,17e6ae99-32d8-4c29-9370-7fcbb21534f7,1970-01-01,0,Travel,1640.54,ESP,ITA,1,1,0,0,0
sdv-id-TqVexZ,1578d709-48f9-43d0-9fea-e1e0d9e604b3,1970-01-01,0,Food,2046.58,ESP,DEU,1,1,0,1,0
sdv-id-fmAsjr,00b02a82-7054-4f5f-950f-5effdc5136e4,1970-01-01,1,Gaming,688.33,ESP,BGD,0,0,0,1,0
sdv-id-wgSzCC,214ba540-ea04-4d0b-9b0c-90928127a8f7,1970-01-01,0,Travel,1073.67,ESP,BGD,1,0,1,1,1
sdv-id-IRrVwk,0274ce40-e090-46b6-b186-a5a8d6ee526b,1970-01-01,0,Retail,898.06,ESP,VNM,0,1,1,0,1
sdv-id-XLFAFz,496d4895-c8d7-425c-823b-576b0ead4e04,1970-01-01,1,Retail,1974.09,ESP,UKR,1,0,1,0,1
sdv-id-AIeZRp,4d40e14f-0afc-42bc-8299-e3553e933783,1970-01-01,1,Tech,2088.91,ESP,JPN,0,0,0,0,1
sdv-id-JMmsXa,bf0aabdf-d708-4dc7-831f-9724e80368e2,1970-01-01,0,Retail,1529.4,ESP,NGA,1,1,0,1,1
sdv-id-azuHFt,c0249b51-307c-4f63-8591-a81891fb8925,1970-01-01,0,Travel,10.2,ESP,ESP,1,1,0,1,1
sdv-id-WDNlhj,caa78357-c0ea-4a67-946e-8ec2d3422e50,1970-01-01,0,Tech,1568.79,ESP,ESP,1,1,0,0,1
sdv-id-cOfTHt,9a8cfa3c-5283-4ac7-bc0a-6a5d6e996e3e,1970-01-01,0,Tech,1093.21,ESP,VNM,1,0,1,0,1
sdv-id-jMsOOB,3b23feed-b9a4-4e2b-99e9-e3a418dcceb6,1970-01-01,0,Travel,1488.86,ESP,ARE,0,1,1,0,0
sdv-id-VYPneA,ef19117f-a452-4def-827b-8c898d3f433b,1970-01-01,0,Retail,210.32,ESP,VNM,1,0,1,1,0
sdv-id-rLhsqi,7f8fbd67-133a-4490-9d21-079487ed25ae,1970-01-01,0,Retail,2461.26,ESP,GBR,1,0,0,0,0
sdv-id-TMfgeA,8aa4c43e-ada3-46e9-a233-384e315b3176,1970-01-01,0,Tech,73.69,ESP,NGA,1,1,1,1,0
sdv-id-rRTlhu,d5f0fb6a-4596-4a75-b4df-b83ff659f188,1970-01-01,0,Travel,696.97,ESP,USA,0,0,1,1,0
sdv-id-qRaOTN,753659ef-d873-4ad9-9a1b-af0e591196dc,1970-01-01,4,Travel,168.1,ESP,RUS,1,1,0,0,0
sdv-id-FIpaHS,83f38f4e-faf3-4aec-9e0a-71570d6ed01e,1970-01-01,0,Food,264.12,ESP,USA,0,1,1,0,1
sdv-id-FNDEfp,20333e81-51e7-45ff-aa23-a71c0facc51f,1970-01-01,0,Travel,53.9,ESP,FRA,0,1,1,0,0
sdv-id-kWskHe,913132de-4ac9-4390-b7f6-840c621dd512,1970-01-01,0,Retail,279.87,ESP,JPN,0,0,0,0,1
sdv-id-FfTmfH,3f58282a-899c-4e9a-8119-1db3bd26551f,1970-01-01,1,Food,1352.04,ESP,BGD,1,0,1,1,0
sdv-id-MqfLgk,c4f9eccd-7630-48a7-b0ca-fdd8fc043f08,1970-01-01,0,Retail,234.41,ESP,CHN,1,1,0,1,0
sdv-id-BzxZHw,b72dc421-6067-4542-972b-cbf9d778c1a0,1970-01-01,0,Travel,1844.81,ESP,ESP,1,0,0,0,1
sdv-id-tjtjBc,fe2b7fe8-3460-40ec-b41b-36b58b0b0789,1970-01-01,1,Tech,2099.0,ESP,USA,0,0,0,1,0
sdv-id-LZJewi,95b45992-3d49-44f8-a025-96fbd2067a87,1970-01-01,0,Food,1218.84,ESP,USA,0,0,0,1,0
sdv-id-JxxieO,e7a1550c-f4fd-4fd5-9574-70f1be010fe7,1970-01-01,0,Food,128.94,ESP,BGD,0,0,1,1,0
sdv-id-ZFcCQS,c23dd884-ca5f-4cf2-9726-6a28dd7d8ff7,1970-01-01,0,Gaming,902.73,ESP,BRA,1,0,1,1,0
sdv-id-RhlIqW,2207cb65-b197-4ed1-857a-e3fff8ed08ae,1970-01-01,2,Retail,814.44,ESP,BGD,1,1,1,0,1
sdv-id-LCKose,a53f8a28-abf3-43fc-a181-3d25655238a6,1970-01-01,0,Food,665.68,ESP,ESP,0,1,1,0,0
sdv-id-DDvkKT,2ccd00e7-92ca-40b9-91d9-ee264997dd20,1970-01-01,0,Gaming,1928.81,ESP,JPN,0,0,0,0,1
sdv-id-ivRsfU,ef4bd7a8-746b-402f-bebb-f6dfed84acc9,1970-01-01,0,Gaming,1900.96,ESP,JPN,1,0,1,1,0
sdv-id-WLqXxf,4793acb1-2afc-487e-9ff4-9019ac4a7701,1970-01-01,2,Tech,475.2,ESP,GBR,1,0,1,0,1
sdv-id-qSNmRp,b7eb1786-70f7-4d82-8c6e-f4cdf9d65e8e,1970-01-01,0,Tech,1321.87,ESP,CHN,1,0,1,1,0
sdv-id-uaichx,f66c7331-a172-4ee3-83e1-847c8420e0d8,1970-01-01,0,Travel,751.02,ESP,BGD,1,1,1,1,0
sdv-id-GbvYuv,7af1834d-4bd8-44a2-874c-d1a1b60f1d69,1970-01-01,0,Tech,2193.59,ESP,ESP,1,1,1,1,1
sdv-id-QoITOO,53b3618b-ade0-4648-9ac6-030661f43c2b,1970-01-01,1,Retail,1389.51,ESP,CHN,0,1,1,1,1
sdv-id-jjiish,09795e75-671e-4bb8-b783-b6f6d775e809,1970-01-01,0,Tech,1297.34,ESP,GBR,0,1,1,1,1
sdv-id-FKuUmU,d9996d9d-61eb-4774-a563-7759e10abc64,1970-01-01,0,Food,2352.32,ESP,BRA,1,0,1,1,0
sdv-id-hQOwhM,7fbccd75-be19-44aa-9ab7-12f6764231c3,1970-01-01,0,Retail,1404.5,ESP,NGA,1,0,1,0,1
sdv-id-YIsrPx,50b1d09f-39b9-4307-8643-75ed20f091a1,1970-01-01,0,Food,2208.99,ESP,ITA,0,0,1,1,1
sdv-id-bTPZVq,a173e274-37fc-411b-826f-081a0651a897,1970-01-01,0,Tech,434.49,ESP,ESP,0,1,1,0,0
sdv-id-MyAhUe,6cea8e8a-34c3-4b73-ad0c-082bcb7857a9,1970-01-01,0,Travel,64.85,ESP,NGA,0,1,0,1,0
sdv-id-RIzLSR,d6521e08-c2f4-4c10-a869-707cbdcbfffc,1970-01-01,0,Tech,1589.33,ESP,ITA,1,1,0,0,0
sdv-id-uIKQNu,6f110436-b3c2-4ec5-be66-c4fa35edff38,1970-01-01,0,Gaming,1051.27,ESP,ESP,0,1,0,1,1
sdv-id-ndPnSs,70a50d6c-be7d-4442-9042-efc718aba437,1970-01-01,3,Gaming,1180.45,ESP,IND,1,0,0,1,0
sdv-id-EKgVnd,c43b5ba7-789f-4cfe-811f-1ed9512cd058,1970-01-01,3,Food,2266.07,ESP,ITA,0,1,1,0,1
sdv-id-ZeRYWe,6fa5f03f-e92d-4961-9e0f-d29bb7a2ab33,1970-01-01,0,Food,1295.92,ESP,USA,1,0,1,0,1
sdv-id-oaTPSr,a6f7b85d-591a-41ea-b8e2-aae3633ad91a,1970-01-01,0,Travel,866.98,ESP,RUS,0,1,1,1,1
sdv-id-FrIvDq,d1e38b26-54d6-47a8-bbb7-acd2ac33f5c1,1970-01-01,0,Gaming,1076.04,ESP,UKR,0,0,0,0,1
sdv-id-TWXXPr,7e31c35f-e739-4d6e-8af1-ac836163d267,1970-01-01,0,Tech,2420.46,ESP,RUS,0,1,1,0,1
sdv-id-zTzJZI,af76b6c2-dd6d-4b41-b692-a531c6097cd8,1970-01-01,0,Travel,240.95,ESP,JPN,0,1,0,1,0
sdv-id-MYuEvG,861d3a8f-d24c-49a6-b776-fc5da2d99503,1970-01-01,0,Gaming,633.68,ESP,FRA,1,1,0,1,1
sdv-id-MHFfYW,3664cafa-0f6d-4751-be9e-7b8af8c59ac6,1970-01-01,0,Food,1426.42,ESP,USA,0,1,0,1,0
sdv-id-QUJAgW,d5de293b-b9a8-47ba-a6dc-e997b2c454a4,1970-01-01,5,Gaming,1893.89,ESP,FRA,0,1,1,0,1
sdv-id-IQkOFq,34dbda6b-dd9e-4b6d-a751-82a4f48138b5,1970-01-01,0,Gaming,1636.34,ESP,VNM,0,1,1,1,1
sdv-id-gSyeCv,ed1115d7-50a4-4c85-99d5-7b0242d04d55,1970-01-01,0,Food,216.54,ESP,VNM,1,0,1,1,1
sdv-id-IUcCTc,ed99b044-54a5-4767-8c65-2ac066ba9945,1970-01-01,0,Travel,350.08,ESP,PRT,1,0,0,1,1
sdv-id-uBJdWG,fdecc58d-73fe-41a3-bed0-24cbb6f37bd4,1970-01-01,0,Food,860.31,ESP,JPN,1,1,1,0,0
sdv-id-YKjkMF,9381ebb3-a7f2-407e-b821-947c43a7320c,1970-01-01,0,Gaming,2028.82,ESP,BGD,1,0,0,0,1
sdv-id-UepZzD,09912f46-4ce6-428b-a46a-cc9a98611260,1970-01-01,1,Tech,2159.23,ESP,IND,0,1,0,0,1
sdv-id-kuUEJe,3d274ad5-a9a5-4c24-82b6-22e9808e08d2,1970-01-01,0,Gaming,1424.45,ESP,BGD,0,1,1,1,0
sdv-id-fHAreE,9f044aed-7552-4327-8262-7f7312922f83,1970-01-01,4,Food,264.49,ESP,USA,1,0,0,1,0
sdv-id-oaTDkL,aaceb98c-49e7-429b-b492-c0d2c2ecbc97,1970-01-01,2,Tech,2296.83,ESP,GBR,0,0,1,0,0
sdv-id-gHZujx,1929c52f-dde4-45a0-b0a9-065c7a9b9038,1970-01-01,0,Tech,2116.28,ESP,ITA,1,1,1,1,0
sdv-id-wVMxLA,c9a0a9ef-513c-4c4d-9de6-30e0cbee2346,1970-01-01,0,Gaming,2021.65,ESP,RUS,1,0,0,1,1
sdv-id-xjILJK,4ba99d78-b498-45d0-a5b1-c79954cecee7,1970-01-01,0,Retail,104.79,ESP,CHN,1,1,0,1,0
sdv-id-aeSnas,bbfecb11-f060-46a1-92d1-2566fc829c09,1970-01-01,0,Gaming,399.76,ESP,ARE,0,0,0,1,0
sdv-id-eRZMdv,c1fb0bf5-3e8a-4072-8f49-2a2740898b7c,1970-01-01,0,Retail,2353.41,ESP,UKR,1,0,1,1,0
sdv-id-TWOSlB,65108131-d0c3-4c50-a9f3-18cfc359a437,1970-01-01,0,Food,1618.46,ESP,USA,0,0,0,1,0
sdv-id-KnyMKq,b18848f9-4811-4cd7-9adf-a294f66fdb7a,1970-01-01,0,Gaming,2070.83,ESP,UKR,0,1,0,1,0
sdv-id-LnPZNp,b88e33d1-6c10-46cd-9249-944e713db204,1970-01-01,0,Retail,2432.0,ESP,RUS,0,1,1,1,1
sdv-id-wTyZjg,415137cd-973e-4598-b48a-2d140efeae46,1970-01-01,0,Food,1510.93,ESP,ARE,0,1,0,1,1
sdv-id-mIwAEt,3734a78d-e268-4c9f-bb48-2d28b7ed2c13,1970-01-01,0,Retail,1203.13,ESP,IND,0,0,1,1,0
sdv-id-yQfdkn,c1cfd878-000c-44a5-8f51-a203a2d999ba,1970-01-01,0,Gaming,1828.64,ESP,VNM,1,1,1,0,1
sdv-id-WakvUB,223bd9be-b11c-420e-a9fd-197204105bd1,1970-01-01,0,Tech,135.89,ESP,ESP,1,1,1,1,0
sdv-id-NyrwVW,61ee411a-1bac-47a7-b386-f7a4c991603f,1970-01-01,0,Gaming,1494.48,ESP,DEU,0,1,0,0,0
sdv-id-mRtmmY,0ac22e6d-25ee-42db-95a5-7ad7fd05bd92,1970-01-01,5,Retail,1811.93,ESP,IND,1,0,1,0,1
sdv-id-uuiDOi,bca0258e-b63d-45d5-905c-7527dc57546d,1970-01-01,0,Gaming,2383.36,ESP,GBR,1,0,1,0,1
sdv-id-GkzgnW,ba0d24f5-cff5-4357-98f1-101e84506864,1970-01-01,0,Tech,1034.83,ESP,GBR,0,0,1,0,1
sdv-id-SUUMEu,73b6b143-9d96-46dd-af14-5b3606b63727,1970-01-01,2,Food,428.28,ESP,CHN,0,0,0,0,1
sdv-id-lwppwL,a34b6cf6-2053-4a42-b1af-db65b289f224,1970-01-01,0,Food,1100.94,ESP,PRT,0,0,1,0,0
sdv-id-GDLlrN,e7e0fe25-11d6-4820-a684-9b6434e2b1b8,1970-01-01,0,Gaming,852.56,ESP,UKR,0,1,0,0,1
sdv-id-zhDoZS,b60b4f87-5dd8-4ffc-9f87-8b322b429596,1970-01-01,0,Retail,1484.25,ESP,UKR,1,0,0,1,0
sdv-id-lRphDa,1ff0864c-0228-4f07-bbda-05aeb2709103,1970-01-01,0,Retail,1724.43,ESP,NGA,1,0,1,1,0
sdv-id-cuySIv,4083dcf3-91db-4fbc-86ad-dbe7b807c910,1970-01-01,0,Gaming,2382.74,ESP,CHN,0,1,1,0,1
sdv-id-iSBbjA,490ccf97-2b0c-456b-8ab2-0bf4196dedc0,1970-01-01,1,Travel,1655.39,ESP,VNM,1,1,0,0,1
sdv-id-lhSrTf,3eb0b8d1-e3e7-432d-b23e-ab009fe70bb8,1970-01-01,0,Travel,1952.73,ESP,CHN,0,1,1,0,1
sdv-id-XDAYme,eb078653-af87-4674-adc1-e2f75de470f7,1970-01-01,0,Tech,1467.12,ESP,NGA,1,0,1,1,0
sdv-id-mQGHcR,96bd5e9f-4e7a-481e-a021-8cafba73aa4e,1970-01-01,0,Retail,2222.12,ESP,BRA,1,0,0,1,0
sdv-id-wDDgkd,309b48dd-6332-4992-91ad-3e5189f90de9,1970-01-01,0,Gaming,2372.96,ESP,BGD,1,0,0,1,0
sdv-id-YFilof,6de8370a-ce9e-4ebd-95c3-48530783e43c,1970-01-01,0,Tech,533.52,ESP,UKR,1,0,1,0,1
sdv-id-DXZseZ,f094dfd0-c465-4b6c-a90a-a46ec4d99bd4,1970-01-01,5,Food,167.83,ESP,PRT,0,1,1,1,0
sdv-id-POoWne,f53ca48b-268d-49f4-be5b-8a9233f8457c,1970-01-01,5,Travel,2496.13,ESP,BGD,0,1,0,0,1
sdv-id-RbNmyB,549e87aa-471c-4a45-b37a-31106806afc4,1970-01-01,0,Gaming,418.73,ESP,NGA,1,0,1,0,0
sdv-id-eNyKnU,73393f5d-8185-416a-a9c7-18eeaea4b7d6,1970-01-01,4,Food,1791.88,ESP,PRT,1,0,1,0,1
sdv-id-hDmqnG,520c31d3-ab65-49eb-b9dc-e742ccea7dd0,1970-01-01,0,Gaming,383.88,ESP,PRT,1,1,0,0,0
sdv-id-fmbRzu,35bd0f08-9aa7-484c-a1e8-39c567f77e75,1970-01-01,0,Travel,51.0,ESP,BRA,1,0,0,1,0
sdv-id-UUcoLj,693c3019-a31d-44f8-879c-b953b942190f,1970-01-01,0,Retail,1454.31,ESP,PRT,0,0,0,1,0
sdv-id-PSdGhs,0b2aa744-e14f-443f-bf5e-39fb14b3f352,1970-01-01,4,Gaming,476.33,ESP,PRT,0,1,0,0,0
sdv-id-ZLDSqL,418b6aa2-7016-46ad-9c25-3a40ba7696f5,1970-01-01,0,Tech,1079.54,ESP,BRA,1,1,0,0,0
sdv-id-jfdEtH,f7eefd84-b31c-4349-9799-2f42351b3e63,1970-01-01,2,Retail,1348.0,ESP,RUS,0,0,1,0,1
sdv-id-UDRxxK,00501cd8-8bff-45b3-8f6a-5979ab55db54,1970-01-01,0,Gaming,1191.2,ESP,UKR,0,0,0,0,1
sdv-id-EidigB,afd063d6-35dd-4534-9528-68557858406c,1970-01-01,0,Travel,282.92,ESP,IND,1,0,1,1,1
sdv-id-yEaXlw,21a4344f-bb7b-4e03-9d67-8bb1945ef2e4,1970-01-01,0,Food,2231.98,ESP,USA,1,1,1,0,0
sdv-id-mvmiLu,cb1f999b-4c6d-48a8-978c-20517efa70ae,1970-01-01,0,Travel,1918.98,ESP,UKR,1,1,0,0,0
sdv-id-JDlXuj,01f9214f-2406-425c-894a-de1822b51524,1970-01-01,0,Gaming,1944.7,ESP,UKR,1,1,0,0,1
sdv-id-BVWKVs,fc3a156a-531b-49d8-8b7e-42df9c8a1631,1970-01-01,1,Travel,1456.84,ESP,ARE,0,0,1,0,1
sdv-id-MAPPhh,f122d458-f521-4f35-a358-c4d3fc76627b,1970-01-01,0,Food,638.8,ESP,ITA,0,1,1,1,0
sdv-id-OqLQqJ,5e1885c3-5037-4d6b-9a6b-6a7d1a38aad6,1970-01-01,0,Travel,1419.6,ESP,GBR,0,0,0,0,1
sdv-id-idSFGn,9ab8180f-5647-4889-81c4-f6187925b7d5,1970-01-01,0,Retail,2281.75,ESP,PRT,1,0,1,0,1
sdv-id-eawdXK,5c798b20-da7a-4b4f-b50b-1168505fc360,1970-01-01,0,Gaming,2305.0,ESP,BRA,0,0,1,1,0
sdv-id-megxOQ,afca225a-fc7c-4c3e-99dc-e8191841d873,1970-01-01,0,Retail,312.19,ESP,VNM,1,0,1,1,0
sdv-id-GPvjdh,5efa9c5b-7421-4f46-a37e-4b0122bae10e,1970-01-01,0,Gaming,477.32,ESP,GBR,1,0,0,0,0
sdv-id-wZzLSp,5a8aaeca-1a50-4ec3-aabc-25fa3fe12e47,1970-01-01,1,Travel,1055.75,ESP,ITA,0,1,1,0,0
sdv-id-rRDExf,913132de-4ac9-4390-b7f6-840c621dd512,1970-01-01,0,Gaming,1680.54,ESP,NGA,1,0,1,0,0
sdv-id-AdegRD,5a4a96ae-e987-4fb2-9552-5e11b4693821,1970-01-01,1,Gaming,287.72,ESP,NGA,0,0,1,1,0
sdv-id-ZFIRCQ,99f19675-be32-4a85-85d0-f23a5ecbb693,1970-01-01,0,Gaming,976.76,ESP,VNM,1,1,0,1,0
sdv-id-zsZhdL,ef19117f-a452-4def-827b-8c898d3f433b,1970-01-01,0,Travel,426.68,ESP,GBR,1,1,0,1,0
sdv-id-VkQTFB,084601b2-c9ec-479e-8ee5-76d1969ecc23,1970-01-01,0,Tech,1246.08,ESP,GBR,1,1,0,0,1
sdv-id-ewgSOg,14fe9960-a539-4212-a34a-35ebec2be308,1970-01-01,1,Gaming,1028.36,ESP,ESP,1,0,1,0,1
sdv-id-EVZzCb,45358d5a-2249-4a0f-ad58-35f3f87e213c,1970-01-01,0,Tech,924.9,ESP,IND,1,1,1,0,1
sdv-id-fQpGxJ,a0c4e0f9-16e4-46e7-9fa8-c28aca10c941,1970-01-01,0,Travel,702.66,ESP,BGD,0,0,1,0,1
sdv-id-ejHOga,0b93aded-2c61-4881-8f8e-2c426945349d,1970-01-01,0,Tech,1258.44,ESP,VNM,0,0,1,1,0
sdv-id-Hjgsxr,db2c9f5b-bdcd-40a9-8fc2-ae2d4bf2cc01,1970-01-01,0,Food,287.62,ESP,BGD,1,0,0,0,1
sdv-id-BTvIZW,16884399-2b91-4ace-b9f1-80276f88e2c0,1970-01-01,4,Travel,991.41,ESP,UKR,0,0,1,1,0
sdv-id-GWeTGI,fb7b00c7-eaa6-4c45-8f01-fe855bbaf3ac,1970-01-01,0,Tech,872.4,ESP,DEU,1,0,1,1,0
sdv-id-FOnLoH,cca8f708-df77-41cc-85d1-cfbdd2ec8e7a,1970-01-01,5,Tech,2345.56,ESP,RUS,0,1,0,0,1
sdv-id-UQxWtz,62e32fa7-f4cd-4362-834a-184284d8ec6a,1970-01-01,0,Retail,179.5,ESP,USA,1,1,1,1,0
sdv-id-MvBfrv,a44a0d54-472a-4d93-ac6e-7aa80e81a1fd,1970-01-01,3,Food,1839.67,ESP,FRA,0,0,0,0,1
sdv-id-BCrEqD,5a990478-5e53-4d53-bd6e-2570839d8c61,1970-01-01,0,Travel,2263.37,ESP,BRA,1,0,0,0,1
sdv-id-RTnCvP,dd7c5485-6c70-4048-9093-4c874f8ccb0b,1970-01-01,3,Gaming,1735.76,ESP,RUS,1,0,0,1,1
sdv-id-EHfhkP,7202fae5-767d-4b27-bade-4367e0bd202c,1970-01-01,0,Gaming,1204.51,ESP,ARE,0,0,0,0,1
sdv-id-Ozvdsv,b8e44b7b-98fd-43b5-9575-cb44d5f8a246,1970-01-01,0,Tech,2429.48,ESP,UKR,1,0,1,0,0
sdv-id-lePgVg,39323a07-2ec3-48e0-8d62-00500b3b5efa,1970-01-01,0,Tech,1400.76,ESP,GBR,0,1,1,0,1
sdv-id-SXbdPy,0d360498-258c-42bf-aa3a-6b2153da2de8,1970-01-01,0,Travel,2156.01,ESP,FRA,1,1,0,1,1
sdv-id-wGuGlI,d6b1ba8c-4fcf-4f89-9ae0-bb5a797763fe,1970-01-01,4,Gaming,1262.75,ESP,IND,0,0,0,1,0
sdv-id-PQUoSf,00adad8f-cc5e-479b-a7fc-50e01e7e0e2d,1970-01-01,1,Food,725.86,ESP,FRA,0,1,1,0,1
sdv-id-xoKBDc,b466fab6-962c-44dd-a5d0-7461059c1574,1970-01-01,4,Travel,1878.94,ESP,ITA,0,0,0,0,1
sdv-id-mVBbof,6334db06-52ac-4e30-91c8-10ef802643c4,1970-01-01,0,Tech,2276.59,ESP,JPN,0,1,1,1,0
sdv-id-ayXLcb,702cdd20-2862-48b8-88f4-ef125e9953d2,1970-01-01,0,Food,1968.28,ESP,FRA,0,0,1,1,0
sdv-id-KSFulc,bb815c56-b95b-4efe-97a2-9c6c47bb6bb0,1970-01-01,0,Food,967.91,ESP,JPN,1,0,1,1,0
sdv-id-ENZjtc,78feec67-356c-4206-81e1-f8363cf61621,1970-01-01,0,Retail,2409.85,ESP,USA,1,1,0,0,1
sdv-id-AFkFgz,27d1c679-ddc7-4f59-93a5-5fb678963d04,1970-01-01,0,Retail,2361.78,ESP,BGD,1,0,0,0,1
sdv-id-iALzHH,bcda835f-71a0-4ff8-ab8d-a34058c158e2,1970-01-01,0,Food,570.08,ESP,DEU,1,1,0,1,0
sdv-id-anYuKf,3c91accc-5538-4109-968e-8bf69f3df699,1970-01-01,0,Gaming,877.93,ESP,CHN,1,1,0,1,0
sdv-id-tfPmyQ,c362a810-a261-4b8d-9620-bee66406face,1970-01-01,0,Tech,1897.88,ESP,GBR,0,1,0,1,0
sdv-id-TrqIYi,58d0202b-75d5-4115-9ce8-b890cc6b3a6e,1970-01-01,0,Gaming,1831.23,ESP,BGD,0,0,0,1,1
sdv-id-QzapSs,83250783-4d2d-44cb-b66c-6b8a2c9266a4,1970-01-01,0,Food,2282.94,ESP,PRT,1,0,0,0,1
sdv-id-GpUlEd,f065c817-687a-4850-9d9b-62317d45d8ef,1970-01-01,1,Travel,2319.12,ESP,IND,0,1,0,0,1
sdv-id-NDVdaX,df69a560-9baa-4785-b8f2-17f0b8314c26,1970-01-01,0,Travel,244.8,ESP,PRT,1,0,1,0,1
sdv-id-WpCHCB,2c910cd0-cb5e-4dab-9a45-b8cc117d3f63,1970-01-01,0,Travel,1217.62,ESP,ARE,1,1,1,0,0
sdv-id-CRVpRQ,6f94da50-e3f7-43a7-8de9-2f1b7c0224e5,1970-01-01,0,Gaming,412.19,ESP,JPN,0,1,1,1,0
sdv-id-WtuRFH,294a8a71-bf7c-4627-b25b-7c88efadd4b5,1970-01-01,0,Tech,618.66,ESP,BGD,0,1,0,0,1
sdv-id-cusfdi,caec1d2d-63a7-4c90-9a7f-624b57161640,1970-01-01,4,Travel,1048.24,ESP,DEU,0,1,0,0,0
sdv-id-VGuhLa,281f45ff-53bd-4b05-9308-9f8bba345e82,1970-01-01,0,Travel,1036.85,ESP,DEU,0,1,0,1,0
sdv-id-ntWlaV,42f8bae4-0145-43df-bd0e-be4e877f867c,1970-01-01,0,Retail,1106.96,ESP,DEU,0,1,0,1,0
sdv-id-EIjTHx,d4d8c52e-d4c6-47db-bcb4-8481b4f82d12,1970-01-01,0,Food,767.55,ESP,IND,1,1,0,1,0
sdv-id-yaiwDp,4a7109c6-74f8-4694-bc95-9cad75e7f531,1970-01-01,3,Travel,1031.77,ESP,BRA,0,1,1,0,0
sdv-id-YqjVnP,d2f629ca-bbe2-47ba-b84a-996719ef13bf,1970-01-01,0,Travel,703.31,ESP,GBR,0,1,1,0,1
sdv-id-MuNJqk,51bf4361-edb5-4b91-8a13-b17c8d938a1b,1970-01-01,0,Travel,1597.58,ESP,IND,1,0,1,0,0
sdv-id-DkHUjJ,a310ca23-eddc-40d8-a3b6-83d4d3a35339,1970-01-01,1,Gaming,1203.56,ESP,RUS,1,0,0,0,1
sdv-id-dYqrel,46368d12-9d94-413f-89e2-18a7650495b5,1970-01-01,0,Tech,81.74,ESP,VNM,1,1,1,1,0
sdv-id-MiwuoY,dbc21e42-fd0d-4cb1-8916-7a93ada63c4b,1970-01-01,1,Tech,1798.48,ESP,DEU,1,1,0,0,1
sdv-id-LFGuEF,901919b7-26da-4a1c-87a9-ff3099d6f609,1970-01-01,1,Food,140.16,ESP,FRA,0,0,1,1,0
sdv-id-Xgwbgu,1901ef87-0dbf-4caf-988a-3f87f96d40f8,1970-01-01,0,Food,190.78,ESP,BRA,1,0,0,0,1
sdv-id-zbWyer,d897de9a-8b62-4ce4-b212-a83b1933bad6,1970-01-01,3,Travel,495.22,ESP,PRT,1,1,1,1,0
sdv-id-tSqRjp,56a60db5-0776-449a-a88e-8d5d51856418,1970-01-01,1,Retail,2216.69,ESP,FRA,1,0,1,0,1
sdv-id-eXFnBN,4708cf0f-8b49-4e26-9b9e-b2e618f426dd,1970-01-01,0,Retail,1898.14,ESP,CHN,0,1,1,0,1
sdv-id-rAXFUd,e62e54eb-878a-4369-a2e4-4a013e889897,1970-01-01,0,Retail,2135.3,ESP,PRT,0,0,0,0,0
sdv-id-htnrrh,fdb94388-6d0f-4812-93ad-147a7fe5339c,1970-01-01,0,Tech,469.99,ESP,GBR,0,0,0,0,1
sdv-id-SXsCMP,3347216c-7a7d-4d78-a70c-ada1c783870a,1970-01-01,4,Food,1194.77,ESP,IND,1,1,0,1,0
sdv-id-iFaaVM,db30ddad-ab02-4104-98b4-7298a9caa03d,1970-01-01,0,Food,2098.4,ESP,VNM,0,0,0,1,0
sdv-id-PhkkLT,42a1279b-8bf5-4aed-9904-b887d77b03b3,1970-01-01,0,Gaming,1772.6,ESP,VNM,1,0,1,1,1
sdv-id-btbVwI,f3a2e957-5bd7-4a7c-b3d7-9809cf6de802,1970-01-01,0,Tech,189.47,ESP,UKR,1,1,0,1,0
sdv-id-SEdPGN,1825068b-1199-4084-a30b-54900d536045,1970-01-01,0,Travel,2466.41,ESP,IND,0,1,1,0,1
sdv-id-kBSRUX,4ba9008d-85af-4680-a39f-6cc716f39bed,1970-01-01,2,Food,1419.14,ESP,NGA,0,0,0,0,1
sdv-id-moVADV,693da46c-37f3-4aac-a2ad-828b113c9f25,1970-01-01,5,Retail,1688.44,ESP,VNM,0,0,1,0,0
sdv-id-QjJlsC,680ac07a-2a93-4d62-bc83-5dc0d9441fa5,1970-01-01,0,Tech,2471.71,ESP,ESP,0,1,0,0,0
sdv-id-jXpOEu,51f88167-796c-49ad-ab35-a9b90bfc8c45,1970-01-01,0,Gaming,697.19,ESP,BGD,1,1,1,0,1
sdv-id-rMNbfF,fe1f4ee7-dac2-465c-a03b-fb9017290ea5,1970-01-01,0,Gaming,2474.9,ESP,CHN,0,1,0,0,1
sdv-id-DQEOPP,f2011d1d-eead-49ed-b740-41d4f37ab829,1970-01-01,0,Travel,392.25,ESP,ARE,1,1,1,1,0
sdv-id-KYVEkV,5e8f7d7e-3c36-4559-956c-992bcc977171,1970-01-01,0,Retail,1834.84,ESP,GBR,1,1,0,0,1
sdv-id-kWNytp,cfb0d68d-b189-45a6-86ce-c51b93efb5c4,1970-01-01,0,Travel,1683.73,ESP,UKR,0,1,1,0,1
sdv-id-KycrVg,e212f7e1-8f63-42bb-ae41-115540bf6f6b,1970-01-01,1,Food,467.39,ESP,VNM,1,1,0,1,0
sdv-id-dJviVj,5e8f7d7e-3c36-4559-956c-992bcc977171,1970-01-01,0,Gaming,2034.19,ESP,USA,0,1,0,0,1
sdv-id-HdvPEh,407d0aff-cb51-4911-ad90-e4ee0de4833e,1970-01-01,0,Gaming,17.64,ESP,IND,0,0,0,1,0
sdv-id-czozcU,2fe68a52-19a7-461b-a729-b06fa5db8ca3,1970-01-01,0,Food,2305.73,ESP,JPN,1,0,1,0,1
sdv-id-nbUpeU,d980a784-1857-48fa-826e-08b6a0b58a0c,1970-01-01,0,Retail,903.22,ESP,USA,1,0,0,1,0
sdv-id-MbBwuZ,f21dfe36-2c27-4031-97ef-f6da6cd7f2a3,1970-01-01,1,Tech,1426.83,ESP,DEU,1,1,1,0,1
sdv-id-JUZGpL,b2288b79-5e5f-47a9-a07a-93ea640ac369,1970-01-01,0,Gaming,925.27,ESP,USA,1,1,0,1,0
sdv-id-xgaEGL,a898dac4-f736-4f7e-b51c-586ac0c3d59e,1970-01-01,0,Tech,1026.31,ESP,RUS,1,1,0,0,0
sdv-id-NfTVVh,6fa5f03f-e92d-4961-9e0f-d29bb7a2ab33,1970-01-01,0,Tech,1357.71,ESP,BRA,1,0,1,1,0
sdv-id-gomldP,daea3e48-da75-4fd5-b345-8e147523b4be,1970-01-01,0,Food,248.35,ESP,UKR,1,0,0,1,0
sdv-id-oKlfQJ,d517fa40-ed23-4795-9313-104893b3f363,1970-01-01,1,Retail,1655.99,ESP,ESP,0,1,0,0,0
sdv-id-uBOcPs,83bccfa8-f019-49d0-bc72-873246e53c29,1970-01-01,0,Tech,299.36,ESP,DEU,1,0,1,0,0
sdv-id-gSixFU,3b108cba-bfcb-4a55-82dc-286e060cfba5,1970-01-01,0,Tech,380.99,ESP,DEU,1,0,1,0,0
sdv-id-DuTHlw,06205f4a-6e71-4848-9577-c13108b92ed4,1970-01-01,0,Tech,647.67,ESP,IND,1,1,0,1,1
sdv-id-CHnsfD,b588489e-effb-4197-8d73-a782967197ec,1970-01-01,0,Travel,1584.62,ESP,RUS,0,1,1,1,0
sdv-id-aoFxdU,e9b87e7a-a078-4a1f-b0d3-b5f768a69e71,1970-01-01,3,Tech,1352.04,ESP,IND,0,1,0,1,0
sdv-id-hIgAHz,8d2349a4-2ec1-483f-824a-dee93fa72273,1970-01-01,4,Gaming,251.07,ESP,PRT,1,0,1,0,1
sdv-id-rTIcKG,a7d4cf50-f791-41e5-83f9-cd6b797ebe87,1970-01-01,0,Retail,2244.43,ESP,PRT,0,1,1,1,1
sdv-id-nodrkG,293db7fa-8e8d-4d45-89ad-b07b874f7c5c,1970-01-01,1,Retail,995.84,ESP,ITA,0,0,1,0,0
sdv-id-dYwLVR,107053c4-7ddf-4c34-b232-83b281072c9f,1970-01-01,0,Travel,1315.11,ESP,ESP,0,0,0,0,1
sdv-id-fGoDMm,92a54d04-f2dd-41f5-b3b6-d344f2e3c6f0,1970-01-01,0,Travel,441.75,ESP,GBR,0,1,0,1,0
sdv-id-CFZMzb,6dac527f-7c70-4586-a5e4-61324e66d424,1970-01-01,0,Retail,674.88,ESP,BRA,1,1,1,0,1
sdv-id-tFNRmM,26d0e3c4-01a7-4e0a-b3d0-13fdc6c00a8a,1970-01-01,0,Tech,535.25,ESP,NGA,0,1,1,1,0
sdv-id-hyokXR,27d1c679-ddc7-4f59-93a5-5fb678963d04,1970-01-01,0,Gaming,1880.6,ESP,VNM,1,0,1,1,0
sdv-id-PaFJNk,41241bb4-655c-4508-8592-bfa5b928e23f,1970-01-01,0,Food,106.45,ESP,FRA,1,1,0,1,0
sdv-id-cahQWm,4c4b52aa-0ef9-4903-b69a-deac06f4b0ee,1970-01-01,0,Retail,629.83,ESP,ESP,0,0,1,1,0
sdv-id-jWKLLm,56d00a82-1564-4478-8d62-0ba689fc17cf,1970-01-01,0,Travel,237.75,ESP,JPN,0,0,1,0,1
sdv-id-wDAuTY,5f84e3c5-6daa-4c7e-b575-76022d02223f,1970-01-01,0,Retail,2455.51,ESP,ESP,0,1,0,0,1
sdv-id-COPpUw,4f4b1252-a04e-43d7-a6ef-3a0bdd1e4932,1970-01-01,0,Travel,1177.95,ESP,BGD,1,1,1,1,1
sdv-id-RMyUIx,27921c1c-f14e-4d13-9bd0-e94e601caf82,1970-01-01,0,Travel,2233.69,ESP,BRA,0,1,0,0,1
sdv-id-MltJSj,8df71647-1376-4ff9-978c-d875d231f372,1970-01-01,1,Tech,82.6,ESP,ITA,0,1,0,0,1
sdv-id-GlrkJa,34b55b86-48a8-4587-a2c9-f4fcf686cfa7,1970-01-01,0,Retail,875.0,ESP,GBR,1,0,1,1,0
sdv-id-vGUePC,318c6ee8-f1c8-4a37-a3d3-59b81c84f34f,1970-01-01,1,Travel,2123.93,ESP,USA,1,1,0,1,0
sdv-id-YLisWN,2c910cd0-cb5e-4dab-9a45-b8cc117d3f63,1970-01-01,0,Travel,2000.87,ESP,BGD,0,1,1,0,0
sdv-id-WsTLWo,d5b26840-f4b3-493f-8b38-2c494853338d,1970-01-01,0,Tech,463.04,ESP,ARE,0,0,1,0,1
sdv-id-qwjDnb,3f381a63-a4ac-4176-8882-7b82da6d33da,1970-01-01,5,Travel,231.31,ESP,PRT,0,0,1,1,1
sdv-id-exHksy,8188de48-719b-4dd6-97b4-e75be9d18ec2,1970-01-01,5,Gaming,77.79,ESP,ITA,0,0,0,0,1
sdv-id-XMuWXP,6cbdd931-2f90-4058-b9ca-28265af56a23,1970-01-01,0,Gaming,302.4,ESP,IND,1,0,1,1,0
sdv-id-yzHvbd,23bed01d-43cf-4fde-a493-3b83757750a9,1970-01-01,0,Food,1919.99,ESP,BRA,1,0,1,1,1
sdv-id-uVWADy,57c26cfd-f9d5-4f7f-9e01-4975080d2370,1970-01-01,0,Travel,1282.4,ESP,UKR,0,0,1,1,0
sdv-id-ZGbHER,da970edb-a841-488d-93b3-4dafcca5ac2e,1970-01-01,0,Tech,534.61,ESP,ARE,1,1,0,1,0
sdv-id-uTkqeq,8da4f916-6fa8-4369-b3db-49d04e998b76,1970-01-01,1,Tech,1914.5,ESP,BRA,1,0,0,1,1
sdv-id-kSmFBp,f2203acf-8eed-4d34-b384-3346945f4281,1970-01-01,0,Travel,2190.66,ESP,ITA,1,0,0,0,1
sdv-id-ROIlRF,5401e034-45ae-45d2-bbbf-d6926f125321,1970-01-01,1,Gaming,682.71,ESP,BRA,0,1,1,0,1
sdv-id-SRKMpW,f7c12030-7c0e-4e33-910c-798391237a9d,1970-01-01,4,Tech,664.44,ESP,ESP,1,0,0,1,0
sdv-id-rdvBwS,1b6e6353-8d6e-4e62-88c6-7501b45f252f,1970-01-01,0,Tech,1991.56,ESP,BGD,1,0,0,1,0
sdv-id-CNzEvJ,e5228d31-0d9a-4fce-9d7c-f46d3836613c,1970-01-01,0,Retail,1643.53,ESP,PRT,0,1,0,1,1
sdv-id-osdane,029e435d-b0b6-45da-a8c1-8df945ca17af,1970-01-01,0,Retail,2027.37,ESP,CHN,0,0,1,1,1
sdv-id-znazQj,a8b931bb-7c60-45a9-b61e-8bb724c0c086,1970-01-01,0,Gaming,498.44,ESP,PRT,0,0,1,0,1
sdv-id-nfSalG,be30cae9-5c83-498e-8f5e-7840bdc551bb,1970-01-01,0,Tech,2078.61,ESP,DEU,1,0,0,1,0
sdv-id-wBHtQP,c524a1be-a6bb-451c-85d8-acf312a7186c,1970-01-01,0,Tech,625.83,ESP,USA,0,1,1,0,1
sdv-id-BxneZW,b798e034-04cd-47c6-8a12-1024a5a2d5ac,1970-01-01,0,Travel,1202.44,ESP,ESP,1,1,0,0,0
sdv-id-eduuhW,ed46d087-c77a-4ed5-aadf-f94193c29f31,1970-01-01,0,Travel,1979.86,ESP,ARE,0,1,1,1,1
sdv-id-tYxCbm,41d0d034-abfb-4c17-8ad5-433ba84f1cf1,1970-01-01,0,Travel,2296.66,ESP,CHN,1,0,1,0,1
sdv-id-NKiTjt,ce68210c-1bdd-4bea-aec2-1c06f99773b2,1970-01-01,0,Tech,399.54,ESP,DEU,1,1,0,0,1
sdv-id-dndTUz,92051da0-e264-4336-95ad-86bcf1db9ad8,1970-01-01,0,Tech,501.68,ESP,USA,0,0,1,1,0
sdv-id-SXSPIe,bb21d347-fd3c-402a-a1e3-eda6bc106ec9,1970-01-01,4,Retail,586.04,ESP,PRT,1,0,0,1,0
sdv-id-QTSSoz,78f45889-1e49-476a-90d5-2b99a2a1a620,1970-01-01,1,Food,226.8,ESP,BGD,1,1,1,0,1
sdv-id-mNMvPn,05e6d708-0874-488e-94a3-e5aedb9f658f,1970-01-01,0,Travel,766.17,ESP,FRA,0,0,1,0,1
sdv-id-hExlWh,c2045288-3bde-4b66-b01c-3f0c9b43324c,1970-01-01,0,Food,1537.44,ESP,GBR,0,0,1,0,1
sdv-id-BBerbc,46b3fcbf-fb18-491f-9ebf-e7d37404efd3,1970-01-01,0,Food,730.56,ESP,ESP,0,1,0,1,0
sdv-id-qRJdQo,2f17a43f-6f4e-4891-8e0a-c6f5d3c40794,1970-01-01,1,Food,27.87,ESP,NGA,1,0,0,0,1
sdv-id-XsEOdN,28a5e34d-798b-4f02-aa2f-d9d1b5ad09f5,1970-01-01,0,Travel,939.31,ESP,CHN,0,0,0,1,0
sdv-id-iEfEiR,1feb21c7-60b2-414b-95f0-e5ea4b0a4742,1970-01-01,0,Food,2019.36,ESP,USA,1,0,0,0,1
sdv-id-sbEPsr,9381ebb3-a7f2-407e-b821-947c43a7320c,1970-01-01,2,Retail,202.11,ESP,ARE,1,0,1,0,1
sdv-id-ZjgGBE,7940964f-f2cd-4e4b-8c27-7f182d6d0a43,1970-01-01,0,Tech,199.56,ESP,ARE,0,1,0,0,1
sdv-id-aaVXMz,1bb1ca48-b844-4438-9e51-993207cdabeb,1970-01-01,2,Gaming,1303.35,ESP,ITA,0,0,1,0,1
sdv-id-AtOXJk,bbbbfd67-30a4-44b0-be3c-7c84176350f5,1970-01-01,0,Travel,92.95,ESP,IND,0,1,1,1,0
sdv-id-BJRBhi,3bcdf203-459e-4674-b3e7-f042516c3b0a,1970-01-01,2,Gaming,756.53,ESP,ESP,1,1,1,0,0
sdv-id-snaIVY,565fa125-eb85-405d-9cfa-2010ff51cc96,1970-01-01,0,Food,153.46,ESP,IND,0,0,1,1,0
sdv-id-areOon,c5874243-cbd1-4fdc-a14e-d649926e402e,1970-01-01,4,Travel,313.51,ESP,PRT,0,0,1,1,0
sdv-id-MiWUoM,453417b5-55c0-4c8e-85c8-7f41dbbd3290,1970-01-01,1,Gaming,2309.25,ESP,FRA,0,1,1,0,1
sdv-id-dYaCWw,074b927e-54e2-4fa6-869c-cc0ac8844f88,1970-01-01,0,Travel,1389.21,ESP,JPN,0,0,0,0,0
sdv-id-WiYIBO,d5db677f-08bb-429f-a277-279b2498a9f2,1970-01-01,0,Retail,29.14,ESP,BGD,1,1,0,1,0
sdv-id-wCtKmh,0de5fd7b-dcec-4307-b9e2-4cc0ca63d3d0,1970-01-01,0,Travel,773.41,ESP,GBR,1,1,0,0,1
sdv-id-HshwMf,a59b457f-c0d7-4c73-895f-fa8140d92bce,1970-01-01,3,Travel,2340.02,ESP,VNM,1,1,0,0,1
sdv-id-qJxkxQ,9fff8f80-2e01-42a2-8189-18c699a28e9a,1970-01-01,1,Travel,2274.28,ESP,FRA,1,0,0,0,1
sdv-id-XWwomp,e0f0c823-d077-4d1f-b079-04e00ef92e30,1970-01-01,0,Retail,919.09,ESP,ITA,0,1,1,1,0
sdv-id-nhGTai,1c392667-9355-4e00-a188-966e12acccff,1970-01-01,4,Food,100.84,ESP,ESP,0,0,0,0,1
sdv-id-ETxgDC,bf415c98-5a8e-4f05-a3ce-cf1e296df91f,1970-01-01,2,Tech,1122.4,ESP,ARE,0,0,0,1,0
sdv-id-DnFwQw,05b149a0-9686-4676-b83e-40abb22a55a6,1970-01-01,0,Retail,1572.69,ESP,JPN,1,1,1,0,1
sdv-id-fAFaoD,07ba9437-f24f-4dc4-8094-7fb553850d92,1970-01-01,0,Gaming,604.21,ESP,GBR,0,1,1,0,0
sdv-id-knLihu,af34cf65-a193-44b2-bc19-e71d118405ad,1970-01-01,0,Food,2442.13,ESP,ESP,1,0,0,1,1
sdv-id-mInGQU,32455848-cbcf-4687-95d2-5c83c7e9607b,1970-01-01,0,Food,92.02,ESP,BGD,0,1,0,1,1
sdv-id-FdPAvy,e58e8fb6-3c88-4bee-a4d4-dba98cf7fbd8,1970-01-01,0,Tech,75.32,ESP,ARE,0,1,1,1,0
sdv-id-RnwIAR,d88a0619-23f1-427b-97eb-c00bff68728e,1970-01-01,4,Gaming,2059.29,ESP,USA,0,0,1,1,0
sdv-id-EIDSxN,73137fa5-dc1b-4eb1-8506-536c78b3842a,1970-01-01,0,Tech,1440.81,ESP,JPN,0,0,0,0,0
sdv-id-WVMxTJ,e7e7eec3-ecd5-4fa3-b01a-50979ed0fe5f,1970-01-01,5,Retail,817.43,ESP,DEU,1,1,1,0,0
sdv-id-PnJVND,6dcfcb58-c2ca-45ed-9526-3fef7c65dbfb,1970-01-01,0,Retail,1403.75,ESP,ITA,1,1,1,0,1
sdv-id-UOJPEG,66c09e7b-741a-426d-8bca-fbdb54b0f552,1970-01-01,0,Food,1498.61,ESP,VNM,1,0,0,0,0
sdv-id-zlceed,1149544e-2bc1-43fb-a906-5b41b9be1d00,1970-01-01,0,Retail,2399.7,ESP,BRA,1,0,0,0,1
sdv-id-yvqPzN,c23b4ffa-f69f-4ce8-86bc-b3c014aee34d,1970-01-01,0,Gaming,1270.55,ESP,BRA,0,1,1,1,0
sdv-id-PWXTXy,69175c82-c4c3-4aeb-adce-d19ff47e2c3e,1970-01-01,1,Travel,601.04,ESP,DEU,1,1,0,1,0
sdv-id-fWOVGM,e22f3884-1f90-41b1-95eb-44d98459f302,1970-01-01,2,Gaming,1748.39,ESP,NGA,0,1,0,0,1
sdv-id-uTaZzC,57cb9e5b-0337-4b0b-8ec2-9e07ee0c2303,1970-01-01,0,Travel,84.88,ESP,GBR,0,1,1,1,0
sdv-id-IDDECT,52587a1a-226e-4ecb-b175-7e7df545752a,1970-01-01,0,Travel,964.32,ESP,VNM,1,1,0,1,0
sdv-id-kWRUbd,eb078653-af87-4674-adc1-e2f75de470f7,1970-01-01,0,Food,2371.21,ESP,ARE,0,1,1,1,1
sdv-id-KuYAkS,7f5efb6b-cdf4-4137-9e15-433b68b1211a,1970-01-01,0,Retail,563.2,ESP,VNM,0,0,0,0,1
sdv-id-cKyIgu,4579609a-3b1d-4abe-8c2f-ded51f74c09c,1970-01-01,3,Retail,1198.21,ESP,PRT,0,1,1,1,0
sdv-id-wOZaTw,56d00a82-1564-4478-8d62-0ba689fc17cf,1970-01-01,4,Retail,1604.77,ESP,ITA,0,1,0,1,0
sdv-id-SlhUpI,8c2aa0b1-8982-4bf8-a4e2-89c098be5ff0,1970-01-01,0,Gaming,1148.07,ESP,CHN,1,0,1,0,1
sdv-id-HOVbZp,f747e5cd-9457-4290-a8e6-c1fb81f4d97b,1970-01-01,0,Tech,1897.27,ESP,BRA,1,0,0,0,1
sdv-id-FkvTQb,b3054c89-9d41-401d-ad7c-61a73220b757,1970-01-01,0,Retail,1887.09,ESP,PRT,1,0,1,1,1
sdv-id-BEWDUN,0ebd9eef-0836-42d1-84db-e9aa7999d29e,1970-01-01,0,Gaming,1842.54,ESP,DEU,1,0,1,0,0
sdv-id-jlAgoZ,04a624f3-2318-40a3-8fab-07f40022994c,1970-01-01,0,Gaming,747.99,ESP,FRA,1,0,0,1,1
sdv-id-nZXwat,fa926f97-bd87-4f11-a1ca-afcd23a2f59c,1970-01-01,4,Food,540.87,ESP,DEU,1,0,0,1,0
sdv-id-LOTvza,54d71e4a-1314-4627-9586-ff5070024916,1970-01-01,2,Tech,460.15,ESP,CHN,1,0,0,0,1
sdv-id-mntjhq,4d53280e-1ebd-45b6-a605-84a208f548e7,1970-01-01,5,Travel,520.97,ESP,CHN,0,1,0,1,0
sdv-id-gNfkAE,166ecfe3-6d77-4595-80fa-0eb45c5f48d4,1970-01-01,5,Gaming,697.08,ESP,PRT,0,1,1,0,1
sdv-id-bZTPLt,b62c09bf-a4f7-4a30-97a1-5a60c55e6efb,1970-01-01,0,Travel,1528.43,ESP,ESP,1,1,1,0,1
sdv-id-sqNZkh,ac2c96e7-79e9-490b-be1f-cad10e6884d6,1970-01-01,0,Retail,2000.1,ESP,ITA,1,1,1,1,0
sdv-id-ppVzuZ,926a4bd0-be12-4f8f-b06b-6c129c8b9550,1970-01-01,0,Travel,650.18,ESP,DEU,0,0,0,1,0
sdv-id-qjhtSB,8aedea8a-87e0-413b-a87f-edee201162af,1970-01-01,1,Retail,1835.67,ESP,BGD,0,1,0,1,0
sdv-id-JrJilE,f1578055-c5a7-4a96-b8c4-535c44ac1bbe,1970-01-01,0,Travel,385.62,ESP,UKR,0,0,0,1,0
sdv-id-NTqXsJ,2da6b974-47ad-41dd-b768-b54abb0c686a,1970-01-01,0,Tech,1267.34,ESP,PRT,0,1,0,1,0
sdv-id-wDSOCJ,091a5875-cc18-4d0e-b978-dc84ea89a979,1970-01-01,0,Gaming,916.99,ESP,CHN,0,0,0,0,1
sdv-id-hhYyXH,df40fe04-54cd-47b4-967f-017d9aa03078,1970-01-01,0,Gaming,1017.12,ESP,BGD,1,1,0,0,1
sdv-id-euPOjb,16e5b746-245c-42cb-b17d-8b73e0a1ff32,1970-01-01,0,Retail,1296.69,ESP,JPN,1,1,1,0,1
sdv-id-LUlzFo,bf5023f4-40ef-4935-9f90-bed6fb25664d,1970-01-01,0,Gaming,206.61,ESP,BRA,1,0,0,0,0
sdv-id-hjsKgQ,f53f38c0-f95f-499a-b5ff-b57ff27df93c,1970-01-01,0,Gaming,1305.44,ESP,BRA,0,1,0,0,1
sdv-id-dgaMBr,f9834d4b-1c65-46bd-8179-c596d772e63e,1970-01-01,4,Gaming,246.87,ESP,USA,1,0,0,0,0
sdv-id-KsfxAb,506f6bc0-ee6f-4a9c-b446-023621f66088,1970-01-01,1,Gaming,1476.46,ESP,GBR,1,1,1,0,1
sdv-id-rAMisb,ee350ed7-ce95-4086-ab00-0e3b66ae192a,1970-01-01,0,Travel,992.29,ESP,RUS,1,0,0,1,0
sdv-id-zmspRo,669bbff2-5ebd-4c93-a476-8af193563b72,1970-01-01,0,Travel,446.85,ESP,PRT,0,1,0,1,0
sdv-id-EgBKSi,3657197b-7490-459b-b315-0cf782377592,1970-01-01,2,Gaming,233.99,ESP,IND,1,0,0,1,1
sdv-id-npcDkj,c01d1c62-ba0d-4f1f-a325-85b486daf596,1970-01-01,0,Travel,567.41,ESP,UKR,1,0,1,1,0
sdv-id-brHswb,dfe223fd-605b-4b1b-816d-074a2c2459bf,1970-01-01,0,Gaming,2149.85,ESP,GBR,1,1,0,0,1
sdv-id-MhCRfY,6855a90d-0f2f-4a57-8883-93111216e243,1970-01-01,0,Tech,2148.77,ESP,PRT,0,1,0,1,1
sdv-id-gVQzvJ,2adfedf8-786f-486a-b90a-3610b0b55ce7,1970-01-01,5,Travel,471.27,ESP,ARE,1,0,1,0,1
sdv-id-pnSJpl,d0d74aa0-eecc-4146-9d7d-c0fd74cfb32b,1970-01-01,4,Tech,1339.7,ESP,IND,0,0,1,0,0
sdv-id-hjIPCZ,a9cd1750-3b63-4e00-8d1f-3b9a04ca9bf5,1970-01-01,0,Gaming,1687.32,ESP,BGD,1,0,0,1,1
sdv-id-Yaehnl,69498671-7e55-43ba-a8a2-f417379e03dd,1970-01-01,1,Food,1501.13,ESP,BGD,1,1,0,0,1
sdv-id-XMYfiJ,1825068b-1199-4084-a30b-54900d536045,1970-01-01,0,Food,551.37,ESP,PRT,1,0,1,1,0
sdv-id-yNVjTa,496fe308-24f7-4239-b94d-91565c31d125,1970-01-01,0,Gaming,224.55,ESP,CHN,1,1,0,0,1
sdv-id-ECPNBs,30f6d8b6-90e6-4aa4-bd4a-49aee83f6a2a,1970-01-01,5,Retail,844.94,ESP,VNM,1,0,0,0,1
sdv-id-yTVxCg,cf3eb0d7-450c-4845-b95d-b36ffa8a47d6,1970-01-01,4,Retail,1177.0,ESP,ESP,1,0,0,0,1
sdv-id-WxrOvg,5a990478-5e53-4d53-bd6e-2570839d8c61,1970-01-01,0,Travel,1167.98,ESP,IND,1,0,0,0,0
sdv-id-bqZXYY,b555d6ee-4057-4cf3-932a-b64900172ca3,1970-01-01,0,Travel,625.5,ESP,NGA,1,1,1,1,0
sdv-id-jbePCd,f93ad0a8-e9d7-4f8f-bb02-e930e4260ae1,1970-01-01,0,Gaming,1912.02,ESP,PRT,0,1,1,0,1
sdv-id-hZbiLe,09795e75-671e-4bb8-b783-b6f6d775e809,1970-01-01,4,Tech,1232.62,ESP,UKR,1,1,0,0,1
sdv-id-eavmrV,a97c696b-3567-46ec-b3c4-3cd1b44f8e12,1970-01-01,0,Gaming,355.44,ESP,UKR,0,1,0,1,1
sdv-id-xMBMCH,033e02f7-1e93-4127-acf7-2140bd9bc648,1970-01-01,0,Food,226.69,ESP,PRT,1,0,1,0,1
sdv-id-YnpPkR,aad9e93d-c3d0-4de3-8fbb-a84a80b57013,1970-01-01,0,Gaming,327.96,ESP,ITA,0,1,1,1,0
sdv-id-tJdAoW,4ccb2355-39d1-47ff-b27e-1442fd7fe973,1970-01-01,0,Tech,1176.71,ESP,VNM,1,1,1,1,0
sdv-id-EVdjNt,34fadee1-0696-4d48-98d4-2238331de35c,1970-01-01,1,Gaming,95.76,ESP,PRT,1,0,0,1,1
sdv-id-QeQFSF,10a12a0b-5f96-400d-ad56-e616130cd65b,1970-01-01,0,Gaming,1396.27,ESP,NGA,0,1,1,1,1
sdv-id-NiqydK,246c4e5b-7f25-4908-bd5e-1fbff22af6f6,1970-01-01,1,Retail,63.37,ESP,BGD,1,1,0,1,1
sdv-id-VsxapQ,029e435d-b0b6-45da-a8c1-8df945ca17af,1970-01-01,0,Retail,819.22,ESP,UKR,0,1,0,1,1
sdv-id-JHZdnJ,bcbd6eeb-ceab-4f76-b776-f4e846f90964,1970-01-01,0,Gaming,545.36,ESP,VNM,0,1,1,1,0
sdv-id-jAnfuj,0ec5bad7-b24a-46e3-9e41-1475b040d75a,1970-01-01,0,Tech,2023.26,ESP,BGD,0,1,0,1,1
sdv-id-QnpylD,76b1cd87-3bbe-41b4-8de5-7aa6c5ca18e9,1970-01-01,1,Food,2414.47,ESP,UKR,0,0,1,0,1
sdv-id-kpNIEv,87e3c955-1e49-46e1-a754-251d04fe52e3,1970-01-01,1,Food,1369.22,ESP,RUS,1,1,0,0,1
sdv-id-HteFUG,60e565b6-39b3-442d-becf-bc0b5ea62cb9,1970-01-01,3,Food,142.01,ESP,NGA,1,1,0,0,1
sdv-id-wCOnWv,776ffd03-6d7b-4a17-9aac-72b177e7ad81,1970-01-01,2,Tech,339.32,ESP,ITA,1,1,1,0,1
sdv-id-feZxgv,ab16b1fd-14ca-428c-9336-eb2833ba1e1b,1970-01-01,0,Gaming,1124.37,ESP,ESP,1,1,1,0,1
sdv-id-LTwePL,92779574-c457-4cc3-b5f7-89bca6b07458,1970-01-01,0,Travel,932.8,ESP,NGA,0,0,1,0,1
sdv-id-VvVyCI,c02ac52a-582f-4c69-8be9-e5d7b3d916f2,1970-01-01,0,Food,1135.92,ESP,ITA,1,1,0,0,1
sdv-id-WdRfUI,856b1c79-a4f1-4bc1-9353-db1c3d596f7b,1970-01-01,0,Gaming,2343.36,ESP,DEU,1,0,0,0,1
sdv-id-gfpoAU,98182703-fc80-4953-b2fb-122f7e34be79,1970-01-01,0,Gaming,1210.4,ESP,CHN,1,0,0,0,1
sdv-id-nvHuXM,45f18619-54f9-4429-a7de-02ccdda4f4a7,1970-01-01,0,Food,2305.03,ESP,ESP,1,1,1,1,1
sdv-id-flLXzD,7b6c7129-cd63-4ba8-b03c-664b3abf9c65,1970-01-01,0,Gaming,72.08,ESP,ARE,0,0,0,1,0
sdv-id-swqufi,e74f232b-fb87-4271-9d9b-72b9e5ab686c,1970-01-01,0,Food,2247.94,ESP,FRA,1,1,1,0,1
sdv-id-phKCeP,a6129a1c-889d-4b76-b75c-30b561730c48,1970-01-01,4,Food,1012.51,ESP,VNM,1,1,0,1,0
sdv-id-rslDrR,9e4da214-eb03-4c4e-a83c-dff978a1d988,1970-01-01,0,Retail,1901.37,ESP,USA,1,1,0,1,0
sdv-id-Ruijwf,bece1286-09f6-4439-af77-cc548bb107de,1970-01-01,3,Gaming,262.97,ESP,CHN,0,0,0,1,0
sdv-id-oZsDjY,2c591da8-fff9-4acf-ae42-05eea52fc3ec,1970-01-01,0,Food,2159.77,ESP,ESP,0,1,0,1,1
sdv-id-aWROJo,f5530567-03e7-4d21-9d4d-46d6460d113d,1970-01-01,0,Tech,2133.83,ESP,DEU,1,1,1,1,0
sdv-id-jMFhht,f2f94b2c-8e10-414f-b1b2-f143078b13a9,1970-01-01,0,Gaming,1386.25,ESP,CHN,1,0,0,0,0
sdv-id-VRXYHV,dca02eec-acda-4acc-9165-e21098543881,1970-01-01,0,Food,897.09,ESP,JPN,1,1,0,1,0
sdv-id-WWFMuh,9be950c7-147d-4bfc-9eef-0d1e38c5ef5e,1970-01-01,0,Retail,1288.39,ESP,ESP,1,0,1,1,0
sdv-id-NtaIMz,9f8ceda5-feb9-4a24-933c-8d0086800a0b,1970-01-01,1,Travel,1495.97,ESP,ITA,0,1,0,0,1
sdv-id-DKWHlT,fb26699f-1bf5-427f-8ea8-be58e2cae78d,1970-01-01,0,Tech,1902.61,ESP,RUS,0,0,0,0,0
sdv-id-slNlpm,cab24f24-1744-4e3f-936e-c1bd000b1f5e,1970-01-01,0,Retail,2260.05,ESP,JPN,0,0,0,0,0
sdv-id-LudsmY,3fb860cb-e8da-44dc-8ecb-e1f1f6551ac6,1970-01-01,0,Travel,1810.9,ESP,CHN,0,0,1,1,1
sdv-id-OiSWxS,4051dbda-d617-42cb-aabf-1a086b6de0da,1970-01-01,2,Tech,2276.93,ESP,ARE,0,0,1,0,1
sdv-id-AncpeT,6231ee73-42c2-42eb-81bf-9e733f800385,1970-01-01,0,Travel,2221.57,ESP,CHN,1,0,0,0,1
sdv-id-TCNWeK,975481a3-d6cc-47cd-812e-3882b527ba0a,1970-01-01,2,Gaming,1584.92,ESP,BGD,1,1,1,1,1
sdv-id-yhtlIk,2a038ad4-a667-4982-9c3d-e1b0022b6683,1970-01-01,0,Travel,284.31,ESP,GBR,1,0,0,0,1
sdv-id-hHkdJA,97e3e23f-0c38-474b-b97a-b7cc256714d6,1970-01-01,0,Retail,1974.73,ESP,PRT,1,0,0,1,1
sdv-id-kEzaVO,b1b2b5f8-8b66-4d1f-979a-7954c98e3f5b,1970-01-01,5,Travel,258.34,ESP,BRA,0,1,1,1,0
sdv-id-wnaAsU,42cc32f8-23c0-490e-a341-0b6f7603ccca,1970-01-01,0,Travel,84.43,ESP,ESP,1,1,0,1,0
sdv-id-hoewWr,edc2735d-b26d-4ebe-bf13-d74a5c7f35ce,1970-01-01,0,Gaming,1814.94,ESP,CHN,1,1,0,1,0
sdv-id-FRtmgM,9b61e82e-334b-4922-86e9-c9c4df466896,1970-01-01,0,Retail,751.95,ESP,RUS,0,0,1,1,0
sdv-id-XEQqBg,c4ddfe54-917c-4f11-b81e-d083929614b5,1970-01-01,0,Food,726.16,ESP,DEU,1,1,0,1,0
sdv-id-KRwzdx,2f14f777-5dad-448e-97d5-2b789cf3137e,1970-01-01,0,Gaming,1143.11,ESP,PRT,0,0,0,1,1
sdv-id-uLIUJc,07a76739-609e-4d33-ad92-abbf65c51c9a,1970-01-01,0,Travel,228.86,ESP,VNM,0,0,0,0,1
sdv-id-zbCDHT,4d57d880-d865-469a-b4f3-310340066ff2,1970-01-01,5,Food,722.7,ESP,NGA,1,0,1,1,1
sdv-id-ZxMmoF,eb680076-96f5-49cb-9e87-ad6d6db3bda5,1970-01-01,0,Retail,417.62,ESP,DEU,1,0,0,1,0
sdv-id-JsBNfA,168b1625-746f-4891-8964-fbbf8cd321b0,1970-01-01,0,Gaming,2069.34,ESP,VNM,1,0,1,0,0
sdv-id-BzpSem,8f80d1ef-4615-475c-8fa8-7a6500d35021,1970-01-01,3,Food,596.67,ESP,GBR,0,0,0,0,0
sdv-id-SFUduB,7ef74fdb-17fc-4335-baa0-3208e6f47dcf,1970-01-01,0,Travel,635.94,ESP,JPN,0,1,0,1,1
sdv-id-eSWiJr,a3c595c8-fd54-44ec-afe4-fdbb4d6fc7e3,1970-01-01,3,Food,1615.15,ESP,PRT,1,0,1,1,0
sdv-id-KeSdPG,1d71f339-c448-42af-87f8-b6f13fdd0e2b,1970-01-01,0,Food,411.25,ESP,NGA,1,1,1,0,1
sdv-id-ZNxnMk,ccc42903-8bcf-43a1-bc10-fa52bf5d2fdf,1970-01-01,0,Retail,1201.35,ESP,VNM,0,1,0,1,1
sdv-id-xgNvdU,ad994f15-786b-4196-a7ad-053899c23641,1970-01-01,0,Retail,2115.05,ESP,GBR,0,1,0,1,1
sdv-id-ZisBOq,63d2b7c6-ab1f-4327-a59a-5f4ef8f218d0,1970-01-01,1,Retail,552.38,ESP,ITA,1,1,0,0,0
sdv-id-EkyDoX,a7939a2e-34f4-4404-8ff5-070182226c16,1970-01-01,0,Food,2427.33,ESP,CHN,0,1,0,1,0
sdv-id-negFBK,d8eaea6e-6310-4d7f-a4c1-5b8185e2fbd7,1970-01-01,0,Food,167.71,ESP,PRT,1,1,1,1,0
sdv-id-xsDdzC,ea4d7ed8-d04a-402a-a8db-2a2c3d8a0701,1970-01-01,0,Gaming,1705.38,ESP,FRA,0,1,0,0,1
sdv-id-IuqQSX,730ad7de-27af-4ff9-87f8-9f6211a1e557,1970-01-01,0,Travel,659.28,ESP,USA,1,0,0,0,1
sdv-id-ddguTq,bb21d347-fd3c-402a-a1e3-eda6bc106ec9,1970-01-01,0,Tech,1109.12,ESP,UKR,1,0,1,0,1
sdv-id-xvcEYD,4d3d22c1-d72d-4882-92a9-4f75d2433439,1970-01-01,1,Gaming,1691.21,ESP,ITA,1,1,0,1,1
sdv-id-xnPfkz,87b31442-3a6f-466b-ba8c-178b4e90b61e,1970-01-01,0,Tech,2257.07,ESP,JPN,0,1,0,0,1
sdv-id-UbDLje,c3edfa0e-9d62-4006-898a-52e0c50e6599,1970-01-01,0,Tech,143.94,ESP,GBR,1,1,0,1,0
sdv-id-tUubJF,3b53f64b-7cd6-4da4-82ef-da8b38048786,1970-01-01,0,Food,1594.32,ESP,IND,0,1,0,0,1
sdv-id-pXQTFu,c895d289-f9c7-4c6e-82db-a4db1e57deb0,1970-01-01,1,Retail,384.16,ESP,VNM,0,0,0,0,1
sdv-id-VpJxip,9239b3a0-65d5-4310-84eb-b4a9a4e565b7,1970-01-01,0,Retail,2458.91,ESP,VNM,0,1,0,1,0
sdv-id-sULnOu,816a47ad-35c8-4998-8cc8-1670d3a779d3,1970-01-01,4,Travel,2159.49,ESP,VNM,0,1,1,1,0
sdv-id-kQGXQK,f73f707d-6eef-482a-a9d8-7a6498c8ab51,1970-01-01,0,Food,573.49,ESP,DEU,1,0,0,0,0
sdv-id-CBFpLO,e78e4df0-955c-41d2-90c4-9c2be8c451fc,1970-01-01,1,Food,2265.03,ESP,FRA,1,1,0,0,1
sdv-id-wgwYiu,49861a4a-0025-43ed-a2ca-9f04609eee72,1970-01-01,0,Travel,703.85,ESP,DEU,1,0,1,0,1
sdv-id-NpXVEb,7e45fee4-6ea8-4b32-a38d-9fb071c487bc,1970-01-01,0,Food,873.57,ESP,FRA,1,0,1,0,0
sdv-id-hFUQaZ,c2b2547d-ac3c-4be3-bc35-b2747a57772b,1970-01-01,0,Travel,474.98,ESP,NGA,1,1,1,1,0
sdv-id-AojfVd,686cd27d-fd59-4efd-bd14-01de827aae2c,1970-01-01,0,Food,2317.66,ESP,UKR,1,1,1,0,0
sdv-id-TrqcOx,ed99b044-54a5-4767-8c65-2ac066ba9945,1970-01-01,0,Gaming,1397.96,ESP,JPN,0,1,0,1,0
sdv-id-YdSqzD,8593d3a2-08a6-4a64-bb03-f61b5705a33e,1970-01-01,4,Travel,261.63,ESP,JPN,0,0,0,0,1
sdv-id-SEiQbv,bb1a56bd-afae-421d-a547-20e088be9288,1970-01-01,3,Tech,1596.85,ESP,BGD,0,1,1,1,1
sdv-id-sehRvB,a310ca23-eddc-40d8-a3b6-83d4d3a35339,1970-01-01,0,Retail,1137.19,ESP,ARE,1,1,1,1,0
sdv-id-udWexE,5213e852-3720-46a8-bf79-8afb8c54519f,1970-01-01,1,Food,2055.29,ESP,UKR,1,0,1,0,1
sdv-id-pUGALA,cda42f85-1099-4969-b521-d09594b22af0,1970-01-01,0,Tech,2030.06,ESP,GBR,0,1,1,0,1
sdv-id-ToxGkp,029e435d-b0b6-45da-a8c1-8df945ca17af,1970-01-01,2,Travel,412.76,ESP,CHN,1,0,0,1,1
sdv-id-QkLPpm,624c69b6-b244-45a7-b7e5-848131c681ec,1970-01-01,0,Retail,1134.64,ESP,GBR,1,0,0,1,1
sdv-id-VYgoxd,2b94e8fa-64f8-44b1-aae1-a31fa7b63925,1970-01-01,0,Gaming,582.34,ESP,UKR,0,1,1,1,0
sdv-id-TuyVLx,48ef30ff-3087-47b4-9c54-956f32ce93db,1970-01-01,3,Gaming,1646.16,ESP,UKR,1,1,1,0,1
sdv-id-GJdiJg,faf846f7-65ec-4cf2-9486-1b41c31844cf,1970-01-01,0,Food,1453.77,ESP,CHN,1,1,1,0,1
sdv-id-ZQjhGR,091a5875-cc18-4d0e-b978-dc84ea89a979,1970-01-01,0,Food,656.03,ESP,IND,0,1,1,1,0
sdv-id-FeXBuW,a417c093-80a8-423d-97ea-ec838892042f,1970-01-01,0,Gaming,783.83,ESP,JPN,0,0,0,1,1
sdv-id-XjeIwv,5d822e3a-6c6d-482b-a9e0-8370abf7a5d0,1970-01-01,0,Retail,1020.26,ESP,RUS,0,0,0,1,1
sdv-id-rMNXQo,5421b62c-2d31-417c-a191-9e127e1b5edf,1970-01-01,0,Retail,2309.81,ESP,BRA,0,1,1,0,1
sdv-id-uZyHQu,f9d09e26-165e-45b5-b526-d3b0abeb35d1,1970-01-01,0,Travel,2174.26,ESP,NGA,0,0,1,0,0
sdv-id-VeyBKV,496d4895-c8d7-425c-823b-576b0ead4e04,1970-01-01,0,Gaming,822.19,ESP,PRT,1,0,1,0,1
sdv-id-phLzDu,ea74bb87-24f4-4c35-bec5-9e551b98d67e,1970-01-01,0,Tech,1891.19,ESP,UKR,0,1,0,1,0
sdv-id-eBdeAG,6f97aebd-e15d-4642-8a84-bd349d345ce9,1970-01-01,3,Tech,2396.39,ESP,ITA,1,0,1,1,1
sdv-id-TtlcYN,309d258c-27a0-43d7-bc96-7f79b7e99aca,1970-01-01,1,Travel,1085.98,ESP,DEU,0,0,1,0,1
sdv-id-nIURZa,143a9aff-659b-4105-8b80-f288446f64dd,1970-01-01,0,Tech,2108.76,ESP,VNM,1,0,1,0,1
sdv-id-CYFjha,6dabedd3-e1de-4299-80bd-f93969721c75,1970-01-01,0,Gaming,207.89,ESP,BGD,0,1,1,1,1
sdv-id-UHzrwT,a2f445e8-5563-4bf4-850f-5739e227d70e,1970-01-01,0,Travel,37.58,ESP,FRA,0,1,1,0,0
sdv-id-OlvlLK,afb144b5-624d-4ff7-81c8-d068931e5f89,1970-01-01,3,Gaming,34.71,ESP,NGA,0,0,0,0,1
sdv-id-UNbcJo,26c8fd99-fb0e-4501-86e7-d333944b2371,1970-01-01,0,Gaming,1677.16,ESP,BGD,1,1,0,0,1
sdv-id-MNcMxg,d8528abb-1a87-4c25-a29f-1962ebd795f5,1970-01-01,0,Food,2402.87,ESP,USA,1,0,1,0,1
sdv-id-gySDJe,5fa5e0aa-9b11-4530-bd24-7c11bf6b8cdf,1970-01-01,0,Travel,743.89,ESP,DEU,0,0,0,1,0
sdv-id-gEVTFP,c1fb0bf5-3e8a-4072-8f49-2a2740898b7c,1970-01-01,0,Tech,2314.7,ESP,NGA,0,1,0,1,0
sdv-id-AroJDb,aa31e22b-4cda-4e1c-b065-7d730e0ec75e,1970-01-01,0,Gaming,336.12,ESP,ESP,0,1,1,1,1
sdv-id-RcySbl,98ae4334-6c12-4ce8-ae34-0454cac5b68c,1970-01-01,0,Retail,2083.12,ESP,RUS,1,1,1,0,0
sdv-id-KmpnQq,604a1fe2-9cc8-4772-a1d7-8199d8ed0649,1970-01-01,0,Food,1006.14,ESP,PRT,1,0,1,0,1
sdv-id-PDvTww,e2f7da51-4c40-4716-bcf8-fa8f71c01cb1,1970-01-01,0,Tech,1206.25,ESP,BRA,0,0,1,1,1
sdv-id-GssOrn,2323f3de-92f0-428e-892b-3dc3a937dfd6,1970-01-01,1,Retail,418.05,ESP,GBR,1,0,1,0,1
sdv-id-ofmCqe,61e5cdd9-741d-40f6-bded-3f17ab76faa9,1970-01-01,0,Travel,333.45,ESP,USA,1,1,0,0,0
sdv-id-KUJQXg,d32ab0f6-0cc7-454d-9fcb-995b371400c3,1970-01-01,0,Travel,727.29,ESP,ESP,0,1,1,0,0
sdv-id-NSldNz,c5583a17-f70d-48a0-bd75-e4232d921dab,1970-01-01,3,Food,2414.63,ESP,PRT,0,0,0,1,0
sdv-id-iHCSrz,8fe069b6-eeda-4802-8568-f42689e03e22,1970-01-01,0,Food,1508.24,ESP,JPN,1,0,1,0,1
sdv-id-rNiOQO,f2a83faa-f11a-41f5-8826-80f934010b60,1970-01-01,1,Gaming,1090.83,ESP,PRT,1,0,1,0,0
sdv-id-VRrpgi,55af47da-31d1-46cb-a450-dd3c01521e60,1970-01-01,4,Travel,2270.13,ESP,ITA,0,0,1,0,1
sdv-id-aInLip,24f43c62-b523-40de-9b87-d29c4cfd0fc1,1970-01-01,0,Retail,690.81,ESP,ESP,0,0,0,1,1
sdv-id-PemSkI,10fb6052-d8d9-492e-900e-7426551fbe65,1970-01-01,4,Food,429.01,ESP,CHN,1,1,0,1,1
sdv-id-usYSdA,ac00cd5e-922d-4ba6-b5d5-b1199c09f0fe,1970-01-01,5,Travel,1689.27,ESP,DEU,1,1,1,0,1
sdv-id-oXOPfJ,99f6a893-2900-43a7-aac0-4858b4d7d748,1970-01-01,0,Gaming,2398.12,ESP,NGA,1,0,0,0,1
sdv-id-gbiaXw,a2da43a7-fa1b-4659-adf6-5800997c0dc9,1970-01-01,0,Retail,2070.49,ESP,VNM,0,1,0,0,0
sdv-id-zVtQsG,bc443508-3a93-41f7-8050-8324875cf067,1970-01-01,0,Food,949.18,ESP,DEU,1,1,0,0,1
sdv-id-POmWNH,8f8937fa-753e-4662-b77f-a3a7802aa6eb,1970-01-01,3,Food,503.64,ESP,PRT,0,0,1,1,0
sdv-id-laTmUO,4f418193-e328-4c3a-801c-bac1c5b56b89,1970-01-01,0,Gaming,1998.58,ESP,ITA,0,1,1,1,0
sdv-id-mmHhlp,94e17c88-b37d-4941-aa32-fd19c1e84c4a,1970-01-01,0,Tech,2193.62,ESP,NGA,1,0,0,0,1
sdv-id-zxeLSE,88cfc53d-1888-49ce-9cce-495db0377c52,1970-01-01,0,Retail,200.14,ESP,USA,1,0,1,1,1
sdv-id-ylNEvv,f80aea02-65de-44ed-915f-bbf953cfff73,1970-01-01,1,Travel,839.45,ESP,BRA,1,0,0,1,0
sdv-id-PGOoaf,ac00cd5e-922d-4ba6-b5d5-b1199c09f0fe,1970-01-01,0,Retail,1315.12,ESP,USA,1,1,1,0,1
sdv-id-mrSVjm,8266557c-efc6-4c4c-91f2-789bea956113,1970-01-01,3,Food,500.97,ESP,PRT,1,0,1,1,0
sdv-id-qDWwAN,966be275-c2fe-4954-8dfd-9531302b7831,1970-01-01,0,Tech,677.95,ESP,IND,0,0,1,0,1
sdv-id-qvodpu,2ede3ede-7ce3-4a45-a4fd-f258ce3413ea,1970-01-01,0,Food,1988.36,ESP,JPN,0,1,0,0,1
sdv-id-mAeIhu,8e44f2f8-3de8-44cd-ae15-c527fe2a0cbc,1970-01-01,0,Food,346.04,ESP,BRA,1,1,1,1,0
sdv-id-OIUmsG,f195321d-6c20-4e70-8153-af6cba5c543e,1970-01-01,0,Retail,2000.36,ESP,UKR,1,1,0,1,1
sdv-id-pAnbae,2056dff5-1f58-4eca-bb01-7c93a525e50b,1970-01-01,0,Food,1855.83,ESP,BRA,0,0,1,0,1
sdv-id-kpEMpB,69d99775-acda-4a9c-ac4d-9dd16d91e8b9,1970-01-01,3,Travel,1523.41,ESP,PRT,0,1,0,0,1
sdv-id-vPwFHv,87c97761-f6bd-4f6e-93a7-9138b2093314,1970-01-01,0,Tech,1361.2,ESP,UKR,0,1,0,1,0
sdv-id-vkoCwv,fa372989-2429-4112-acfa-60c983c17063,1970-01-01,1,Travel,474.64,ESP,UKR,0,0,1,1,0
sdv-id-vxqNJO,107aad8b-821a-4ae4-a684-8d4a6b253e7b,1970-01-01,0,Food,1127.07,ESP,DEU,0,1,1,0,1
sdv-id-XslVXx,a3fa4069-1519-4d38-a6fb-a71db3a9dcaa,1970-01-01,1,Travel,720.77,ESP,RUS,1,0,0,1,1
sdv-id-LSXDli,e8920b25-ab35-475a-a433-66c97d3d6b72,1970-01-01,0,Food,2200.59,ESP,USA,0,0,1,0,1
sdv-id-lNJJIY,125d5ccd-a8f5-414f-a373-55f3037825ba,1970-01-01,0,Gaming,824.98,ESP,BRA,0,0,0,1,0
sdv-id-zvyIVZ,e7a1550c-f4fd-4fd5-9574-70f1be010fe7,1970-01-01,0,Food,1625.86,ESP,VNM,1,0,0,1,0
sdv-id-PVtwJb,622c636f-e713-4930-9395-8e5cedd0ce02,1970-01-01,1,Gaming,1288.35,ESP,JPN,1,0,1,0,1
sdv-id-aPhRfr,f4fdc90c-3482-454d-8cd3-da48a8237c27,1970-01-01,0,Food,1703.33,ESP,CHN,0,1,0,1,1
sdv-id-RxLohH,b24c7782-6554-448c-94ee-da02f9aa5d6d,1970-01-01,0,Gaming,436.64,ESP,FRA,1,1,0,1,0
sdv-id-WhQxYy,26366874-b225-48de-b6e2-887aefe61690,1970-01-01,0,Travel,262.7,ESP,ESP,1,0,0,1,1
sdv-id-OmNwrP,e8e4c8de-ddd9-4c67-9ac5-169df15b854e,1970-01-01,5,Retail,2072.03,ESP,FRA,1,0,0,0,1
sdv-id-MJpFSI,9b61e82e-334b-4922-86e9-c9c4df466896,1970-01-01,0,Travel,2043.5,ESP,JPN,0,1,1,1,1
sdv-id-KyKAFq,d91738f8-0ad1-418c-b53f-091e8a9e0964,1970-01-01,5,Travel,1688.92,ESP,IND,0,0,1,1,1
sdv-id-WVyqOm,a433ce4e-3fdf-47a2-ab58-81f84948dcfb,1970-01-01,1,Travel,300.21,ESP,USA,0,1,0,0,1
sdv-id-sLMOac,cc16ab4e-97b0-48b0-8626-67fccedcf5bf,1970-01-01,0,Tech,1605.0,ESP,VNM,1,1,1,0,1
sdv-id-Ussmkw,8331d711-5de2-4a7d-b0da-152821051c60,1970-01-01,5,Tech,1955.15,ESP,UKR,1,1,0,0,1
sdv-id-QrAOqF,7eedcc65-22cb-4720-850c-ddfd1c3dae19,1970-01-01,0,Tech,424.38,ESP,CHN,0,0,0,1,0
sdv-id-FtRUBG,ae133adc-7ff5-488e-b80a-1bb7d653d4bb,1970-01-01,0,Travel,542.2,ESP,IND,0,1,0,1,0
sdv-id-PcGcBU,6bb73dac-9681-4aed-b5ec-c661d3b4a1d1,1970-01-01,0,Gaming,1606.05,ESP,GBR,0,1,1,1,0
sdv-id-sSNVuz,43b9da13-ec85-4f37-bbc1-a987aff8754d,1970-01-01,1,Gaming,272.62,ESP,IND,1,0,1,0,0
sdv-id-eZhvIW,b3ada2ba-7972-49c0-80b3-74f88c1ab2c7,1970-01-01,0,Retail,1970.07,ESP,JPN,1,0,0,0,1
sdv-id-BITQTv,143d9bff-1a89-483c-871a-8d5363e07207,1970-01-01,0,Travel,1139.46,ESP,NGA,1,1,0,0,0
sdv-id-vsXKOP,326acdea-a666-4e73-9e9d-8b00ca0de08e,1970-01-01,0,Retail,2435.25,ESP,CHN,1,0,0,0,1
sdv-id-EECeGK,c651a34f-5a0f-4cdb-a75a-c9d60b9f97a5,1970-01-01,0,Travel,1242.52,ESP,USA,1,0,0,1,1
sdv-id-ZsezNv,d93eeb08-2fe2-4180-b02d-c72b13664d76,1970-01-01,2,Gaming,95.97,ESP,DEU,0,0,1,1,0
sdv-id-PfPfHU,ae133adc-7ff5-488e-b80a-1bb7d653d4bb,1970-01-01,0,Gaming,1113.64,ESP,NGA,0,1,0,0,0
sdv-id-xekpHW,1e786fa2-de5c-45a3-b553-f9c6a9729e19,1970-01-01,0,Gaming,1840.95,ESP,ESP,0,1,0,1,0
sdv-id-hPgmNN,fb04c6b1-022b-4960-8f00-ba6af189d0b1,1970-01-01,1,Food,567.89,ESP,RUS,1,0,1,1,0
sdv-id-ghwtWB,caec1d2d-63a7-4c90-9a7f-624b57161640,1970-01-01,3,Food,1449.58,ESP,FRA,0,0,1,0,1
sdv-id-aLHtzp,20770cc9-4e38-4d81-8b43-0603c88fa1b8,1970-01-01,5,Retail,1723.14,ESP,ITA,1,0,0,1,1
sdv-id-sfSqux,35c87983-910b-47f9-a1ae-25a6f1966b21,1970-01-01,4,Food,2486.8,ESP,JPN,1,0,0,1,0
sdv-id-XPUFAA,e6a98352-de8c-4a13-9bdf-d4cea125151b,1970-01-01,0,Food,596.63,ESP,ESP,1,1,0,1,0
sdv-id-zqHZcw,78612769-242e-4cff-a490-7a6336a8d53d,1970-01-01,0,Retail,2452.18,ESP,PRT,0,1,1,1,0
sdv-id-SAouSm,3b289bee-3ebc-4752-8b4f-e656b6819b33,1970-01-01,1,Tech,1995.95,ESP,ITA,1,0,1,0,1
sdv-id-nPuiei,2a35ce30-303c-404b-8007-93365bf7dda1,1970-01-01,2,Tech,957.02,ESP,UKR,0,0,0,0,1
sdv-id-eZgkrL,c0398710-8976-4334-a281-7efdae849217,1970-01-01,0,Food,1145.6,ESP,JPN,0,1,1,1,1
sdv-id-PCntdU,0ca37885-d760-4ffe-aa8b-73eb3cde0596,1970-01-01,0,Tech,1170.16,ESP,ITA,0,1,0,1,1
sdv-id-KsMFyL,7a5653b3-4354-47e1-8eaf-b35b5f91b1af,1970-01-01,0,Gaming,539.33,ESP,UKR,0,1,1,0,1
sdv-id-GMpCrO,04d07f29-13e6-45fd-9c99-d366c8b62c18,1970-01-01,0,Gaming,491.93,ESP,VNM,1,1,0,1,0
sdv-id-fgxeFb,e8780458-ab48-406d-ae8a-457fc712cf67,1970-01-01,3,Tech,1639.35,ESP,DEU,0,0,0,0,1
sdv-id-kdxCuI,66c09e7b-741a-426d-8bca-fbdb54b0f552,1970-01-01,5,Food,1578.23,ESP,ARE,1,1,0,1,1
sdv-id-vKzste,9b0707e5-f68e-4e81-adf9-568bde0bde18,1970-01-01,0,Tech,2152.62,ESP,ARE,0,1,0,1,1
sdv-id-mkqFoD,dae13a7f-ff97-49f7-a34b-20fdff7ca58f,1970-01-01,0,Tech,988.02,ESP,BRA,1,0,0,1,1
sdv-id-UyKkHk,98182703-fc80-4953-b2fb-122f7e34be79,1970-01-01,0,Tech,1202.36,ESP,FRA,0,1,1,1,0
sdv-id-SoLNKW,9399ad15-a37c-41c5-842b-266b1b02fa24,1970-01-01,0,Travel,51.32,ESP,PRT,0,1,0,1,0
sdv-id-RXwVMb,e43e4288-a2b5-4498-9cb8-5aedf5f62c97,1970-01-01,0,Travel,1781.49,ESP,BGD,1,0,0,0,1
sdv-id-YGOxok,20244fcf-2544-4d8c-b93a-db044d246ef6,1970-01-01,2,Food,2005.0,ESP,BGD,1,0,1,1,0
sdv-id-FiiSOx,94866e3c-fd26-4a93-bf23-82b50d1b293b,1970-01-01,0,Travel,948.35,ESP,ITA,0,0,1,1,0
sdv-id-GfUZJf,1dc06c56-5fa2-4598-a30e-8584e09187e7,1970-01-01,4,Tech,993.42,ESP,DEU,0,0,1,1,1
sdv-id-TNFDCM,ce7ae7f6-3982-4cff-8f77-a665ac3c5640,1970-01-01,0,Tech,1526.1,ESP,GBR,1,0,0,1,1
sdv-id-JlNcuN,c4502052-86a8-421a-810e-622bf8bc920c,1970-01-01,0,Food,816.94,ESP,RUS,1,0,0,1,1
sdv-id-KCBVXx,388211e0-59cd-420b-831c-313952b52069,1970-01-01,0,Gaming,1488.56,ESP,JPN,1,0,1,1,0
sdv-id-vCoyUG,db00ab4c-91e5-4e86-aefe-02c34276bfe1,1970-01-01,0,Retail,679.81,ESP,CHN,1,1,1,0,1
sdv-id-ENiEOb,82330e6e-b89c-46e9-9d39-b50542696d14,1970-01-01,4,Food,2234.49,ESP,DEU,0,0,0,0,1
sdv-id-XFIbvE,91843738-5efb-4775-81c9-301475c704d6,1970-01-01,0,Tech,791.98,ESP,FRA,0,1,0,0,1
sdv-id-GiruXJ,ec2597eb-9482-40ec-9966-80b38231f16b,1970-01-01,0,Travel,1959.56,ESP,ESP,0,1,0,0,0
sdv-id-TEfLlg,20244fcf-2544-4d8c-b93a-db044d246ef6,1970-01-01,0,Gaming,1137.65,ESP,ITA,0,1,0,1,0
sdv-id-gFawCO,60310461-26d3-4222-b3b7-0b634beef160,1970-01-01,0,Gaming,1468.07,ESP,NGA,1,1,0,0,1
sdv-id-BrQrwu,0977c513-752a-4d25-b190-1b7ec6b469ef,1970-01-01,0,Tech,2234.23,ESP,BRA,1,1,0,0,0
sdv-id-TMLpjy,5cff7279-0c12-4a1d-a300-df89da07aa8b,1970-01-01,0,Tech,862.55,ESP,ESP,1,0,0,0,1
sdv-id-QsYgSK,628cdff8-67d9-48e4-993b-f230105a1242,1970-01-01,0,Travel,1670.15,ESP,BRA,1,0,0,1,0
sdv-id-FtTxZu,b588247f-eedc-4fbf-9f38-14683c9c1cd2,1970-01-01,0,Tech,528.77,ESP,USA,0,0,1,0,1
sdv-id-XPjjEr,c75ff368-5f7d-4bb1-880a-fe9f84a6d693,1970-01-01,5,Retail,1423.32,ESP,VNM,1,0,0,1,0
sdv-id-VKISkQ,a8fa71a6-0562-4e16-be65-f35db180e74c,1970-01-01,0,Retail,1334.05,ESP,PRT,0,1,1,0,1
sdv-id-RCjoLN,9ab8180f-5647-4889-81c4-f6187925b7d5,1970-01-01,0,Tech,2242.57,ESP,ESP,0,1,1,1,0
sdv-id-dUuchc,0478c8cd-ca37-473b-a082-6fe9bf0c6693,1970-01-01,0,Retail,2123.22,ESP,ESP,1,1,1,0,1
sdv-id-kbhlDh,e4598034-ad0c-49fa-9a2b-8246a40d080d,1970-01-01,0,Retail,628.7,ESP,BRA,1,0,0,1,0
sdv-id-FsNgiS,105f86aa-974e-4f83-95d9-a3852bb24cbc,1970-01-01,0,Food,2153.35,ESP,VNM,1,0,0,1,0
sdv-id-vDMaqX,12aa48cf-f18c-4581-bc9b-3b84cb4addc6,1970-01-01,0,Tech,1530.15,ESP,BRA,0,0,0,1,1
sdv-id-gUPvRz,61682935-b8b9-4656-9997-fbb0f7b9a2e2,1970-01-01,1,Retail,67.64,ESP,VNM,0,0,1,0,0
sdv-id-VhUpKJ,bf337a15-1e08-4f20-bdd1-51b0f64ab6ec,1970-01-01,0,Food,2496.91,ESP,BGD,0,0,1,1,1
sdv-id-VqsXbW,d1453eb7-8e59-4579-a4cf-d9b9050e1961,1970-01-01,0,Tech,1440.71,ESP,JPN,0,1,0,1,0
sdv-id-ZmASIB,19a6f80e-f08c-46c2-b6ff-3521c2250530,1970-01-01,0,Retail,2228.24,ESP,ESP,0,1,1,1,0
sdv-id-qzgFgL,b34efd5b-6e73-4276-b065-42ee2e519870,1970-01-01,2,Food,1721.12,ESP,JPN,1,1,1,0,1
sdv-id-hNArMa,d72476da-45a0-4d54-b3a1-b80fd3bacc13,1970-01-01,0,Gaming,1263.51,ESP,ESP,1,0,1,1,0
sdv-id-bHZcWH,275b7c2c-12be-46cb-b637-8db328542b64,1970-01-01,1,Travel,2355.49,ESP,ARE,1,0,1,0,1
sdv-id-sbHtUu,3f71e1ae-3f24-4a6a-9f62-9d0cbc7637a0,1970-01-01,1,Retail,147.28,ESP,IND,1,0,1,0,0
sdv-id-nhKrwq,9cbf7b8c-7410-4d5d-9db1-4bfc6f3a5115,1970-01-01,5,Food,1336.22,ESP,ITA,1,0,0,0,1
sdv-id-vUibuh,893e2de8-8509-43a2-a14b-1e1c4b403399,1970-01-01,0,Gaming,887.31,ESP,UKR,0,0,1,0,1
sdv-id-CmvViU,3c48c936-4305-4a31-b9e3-89054a4a15ea,1970-01-01,5,Gaming,50.86,ESP,IND,0,0,1,1,0
sdv-id-UQBvqf,a6276167-1d12-4daf-8a25-71593d170879,1970-01-01,0,Food,39.33,ESP,IND,1,0,1,1,0
sdv-id-MJmuzj,fb8985bc-027d-4094-8c53-32b310d5d5b8,1970-01-01,0,Gaming,1455.29,ESP,BRA,0,1,0,0,1
sdv-id-rfeHJA,25074181-8d1f-4540-b4ef-f5453e652603,1970-01-01,3,Retail,1526.58,ESP,BGD,1,0,0,1,0
sdv-id-CGWdAI,0f6206f1-9403-4d3d-a8de-68aba9927ca9,1970-01-01,3,Travel,1581.68,ESP,VNM,1,0,1,0,1
sdv-id-EMJakx,ba554e35-ddc8-427b-a623-b91a72f68fe1,1970-01-01,3,Tech,1862.03,ESP,ARE,0,0,0,0,1
sdv-id-kJuTAM,883d9b03-de04-4086-83a2-9acd4cb50736,1970-01-01,3,Food,2466.19,ESP,BGD,1,1,0,0,1
sdv-id-cziMBh,b6799210-efe8-4716-b8e0-0f782cdaa0b2,1970-01-01,0,Travel,1036.4,ESP,BRA,1,1,0,1,0
sdv-id-TOlRVW,6fc1aaeb-340c-48c9-9b96-4db13c7686e5,1970-01-01,0,Travel,2436.66,ESP,BRA,1,1,1,0,0
sdv-id-aYjLWJ,515ea371-f0b1-4781-a9c6-49ec2b48a034,1970-01-01,0,Gaming,222.16,ESP,NGA,1,0,0,1,0
sdv-id-wWaDvW,55e7cbb3-da10-464f-823b-efcb6195b4ec,1970-01-01,0,Travel,2215.74,ESP,FRA,0,1,1,0,0
sdv-id-nEjoGU,7262c8cb-5af7-433a-ad26-54a487330652,1970-01-01,0,Tech,2484.21,ESP,NGA,0,0,1,0,1
sdv-id-ZPZtmb,7495d544-b1c8-4db9-9e31-db00d4145ed2,1970-01-01,0,Tech,129.49,ESP,CHN,1,0,0,0,1
sdv-id-DssoDW,4a5ed287-85a6-4296-a9df-cc0c68db76b3,1970-01-01,5,Gaming,814.76,ESP,BGD,1,1,0,0,1
sdv-id-AruWVB,a5dd2836-e65f-49fa-838c-2eafa8097a77,1970-01-01,0,Retail,1523.55,ESP,GBR,0,1,1,1,0
sdv-id-pfCyKE,ae570403-58bb-4712-8db5-975fd2c447bd,1970-01-01,0,Gaming,1155.61,ESP,IND,1,0,0,1,0
sdv-id-FnFCaQ,49e2b4f4-67b2-4af7-8938-3fb32018925e,1970-01-01,0,Tech,1497.89,ESP,BRA,1,1,0,0,0
sdv-id-bTSdQq,421becca-0f60-40f3-bef7-24105528dc45,1970-01-01,0,Food,879.88,ESP,BGD,0,1,0,0,0
sdv-id-lsbkBx,e6b0aca0-26fd-4253-9247-15af7ee6990b,1970-01-01,0,Tech,826.33,ESP,UKR,1,0,0,1,0
sdv-id-yghCna,9f690cde-7eaa-4a91-9def-d401792cad76,1970-01-01,0,Food,780.41,ESP,VNM,0,0,0,1,0
sdv-id-cHlfgc,cd72da7f-9af7-4848-b3ce-9813449a1d03,1970-01-01,0,Retail,1825.87,ESP,GBR,1,1,1,1,0
sdv-id-QcSxlt,4083ff8f-e10a-4f9f-ae2c-219ab50f2f5c,1970-01-01,0,Travel,427.44,ESP,BRA,0,1,0,0,1
sdv-id-PhJimD,bdedcb7a-d5ba-404c-8603-c9eed463c183,1970-01-01,0,Retail,655.2,ESP,BGD,0,0,0,1,1
sdv-id-UqohYn,2e9b8fb5-01c9-4e2a-a726-f649e650cae5,1970-01-01,3,Tech,766.63,ESP,BGD,0,0,1,0,1
sdv-id-iWZOZL,e78e4df0-955c-41d2-90c4-9c2be8c451fc,1970-01-01,0,Food,1638.76,ESP,ESP,0,0,0,0,1
sdv-id-irMpoA,7e7d5e88-4dcd-4534-95d0-3545d5a76023,1970-01-01,5,Gaming,692.64,ESP,IND,1,0,1,0,1
sdv-id-eYyCIt,831448cb-053f-449f-a290-8eda384ec60d,1970-01-01,0,Food,504.6,ESP,NGA,0,0,1,1,1
sdv-id-mkzJow,a9736b18-29d5-439a-b526-0cb129bd44d4,1970-01-01,0,Retail,1841.16,ESP,JPN,1,0,0,0,1
sdv-id-oBpUPh,53b3618b-ade0-4648-9ac6-030661f43c2b,1970-01-01,0,Tech,292.46,ESP,ESP,1,1,0,1,0
sdv-id-kzZzDi,37c20000-f4d7-48cd-a3c7-8964b776cbf6,1970-01-01,0,Food,429.29,ESP,ARE,1,0,1,1,0
sdv-id-WEBnQk,4aef9e25-c969-4ed6-8bae-c9a5274c51a1,1970-01-01,0,Travel,1708.6,ESP,CHN,1,0,0,0,1
sdv-id-XxmGZH,be7a38c6-bc8e-4e55-9b97-151da89e4fa6,1970-01-01,0,Tech,2257.59,ESP,NGA,1,1,1,1,0
sdv-id-vygchY,a4bbf962-606e-4e1c-8f15-84494f40c22f,1970-01-01,2,Gaming,401.59,ESP,FRA,0,0,1,0,0
sdv-id-jescAL,b8e44b7b-98fd-43b5-9575-cb44d5f8a246,1970-01-01,3,Travel,1367.33,ESP,UKR,0,0,0,0,0
sdv-id-yzNKGh,3f0bdbda-ef9e-43f4-9d8e-ddbcb45c25af,1970-01-01,0,Gaming,260.07,ESP,BRA,1,1,0,0,1
sdv-id-RMIxii,2207cb65-b197-4ed1-857a-e3fff8ed08ae,1970-01-01,0,Tech,2061.52,ESP,GBR,1,0,1,1,0
sdv-id-DgBbfe,028ccae1-e0b8-4731-b454-4a6a372cba50,1970-01-01,4,Retail,1165.8,ESP,BGD,0,0,0,1,0
sdv-id-AcpbCL,97a6e2bc-ec7c-46e6-be6d-39b86364d40f,1970-01-01,2,Food,581.32,ESP,UKR,1,0,0,0,0
sdv-id-NlOdli,db591d88-4b0a-41e0-8d31-5b7cc273973b,1970-01-01,0,Food,1036.0,ESP,VNM,0,1,1,0,1
sdv-id-awyEnl,598336e3-75d6-4ed4-ab1f-a9f2d10bd1d0,1970-01-01,0,Tech,1578.39,ESP,GBR,1,0,1,1,0
sdv-id-pMeHVq,19a6f80e-f08c-46c2-b6ff-3521c2250530,1970-01-01,1,Travel,195.49,ESP,DEU,1,0,0,0,1
sdv-id-QJGNIy,3b4f068e-ecad-422d-9b2a-a4e4c0e354e7,1970-01-01,0,Gaming,2447.35,ESP,ITA,1,0,0,0,1
sdv-id-ljnwwm,5d2d904f-78c5-4073-8bc5-72073e9aec86,1970-01-01,1,Food,40.37,ESP,NGA,0,1,1,1,1
sdv-id-tlTXiV,08cd3d26-6d60-4651-818e-dbdfb4c0b8de,1970-01-01,0,Tech,968.48,ESP,GBR,0,0,0,0,1
sdv-id-VViZuP,70c7556a-6576-496d-9f61-dbe1b7146c44,1970-01-01,0,Travel,311.84,ESP,BGD,0,1,0,0,1
sdv-id-BoOiGy,613c9847-19ec-4e51-9d9d-dee1e09189f1,1970-01-01,0,Retail,1868.64,ESP,UKR,0,1,0,0,1
sdv-id-GRYEFp,f644404d-df36-4764-9b7a-ec0490de2fee,1970-01-01,0,Gaming,693.18,ESP,JPN,0,0,0,1,0
sdv-id-hwBrcv,dbc21e42-fd0d-4cb1-8916-7a93ada63c4b,1970-01-01,1,Retail,2085.02,ESP,USA,1,1,0,1,0
sdv-id-RJqEiP,e73e2bc5-7882-4064-876c-108d214c87b1,1970-01-01,1,Retail,718.79,ESP,GBR,0,1,1,1,0
sdv-id-SFvXTY,12dc3274-6265-455d-bfc1-1afd234b4f71,1970-01-01,0,Travel,1636.53,ESP,ITA,1,1,0,0,1
sdv-id-qJSsMf,d42cb1ae-19f7-48cb-a016-c7438bc83a02,1970-01-01,4,Travel,505.29,ESP,GBR,0,0,1,1,0
sdv-id-RadpXZ,94b58d54-67a2-4ab3-9af6-009939dd843f,1970-01-01,0,Gaming,62.91,ESP,VNM,1,0,1,1,0
sdv-id-urCnbC,1ff0864c-0228-4f07-bbda-05aeb2709103,1970-01-01,0,Tech,1131.38,ESP,DEU,0,1,1,1,0
sdv-id-hYPExm,0c1fdc0a-b29c-4d64-aaac-2c7ff2a05e81,1970-01-01,1,Travel,2132.29,ESP,PRT,0,0,0,0,0
sdv-id-aUulWr,3338efe5-21d4-4860-aae2-d4fab8888244,1970-01-01,1,Retail,2370.28,ESP,ARE,1,1,0,0,1
sdv-id-LxQEvz,5e4c4fd1-4623-43a9-b2f8-dbabb462e3e8,1970-01-01,1,Retail,2487.68,ESP,GBR,0,0,0,0,1
sdv-id-IFftJP,dc160e3d-eb15-4f5b-81a0-578257ec95f3,1970-01-01,0,Gaming,471.23,ESP,DEU,0,1,1,1,0
sdv-id-qqluHo,ca9d2704-e860-4cb1-8494-205c34ef2552,1970-01-01,0,Gaming,1688.7,ESP,ITA,0,1,0,1,0
sdv-id-UhZzPt,a9d51bcf-f067-4d81-990d-e23b73901c46,1970-01-01,0,Travel,307.53,ESP,GBR,0,0,0,0,0
sdv-id-PjrKTe,535830aa-928b-4e4d-83c5-0ab302a48d6e,1970-01-01,1,Travel,2415.99,ESP,VNM,1,1,0,1,1
sdv-id-bEfpLE,339b7663-33a3-410e-954b-cec5d9187ff5,1970-01-01,0,Gaming,1981.05,ESP,IND,1,1,0,0,0
sdv-id-xyXzNp,a34321bf-7aee-47df-9bd5-5037f7444596,1970-01-01,1,Food,2074.98,ESP,JPN,1,0,0,0,1
sdv-id-WpBuHo,9267e7e6-28f5-45c2-80eb-f7252f1ef8dc,1970-01-01,3,Gaming,2447.21,ESP,ITA,1,1,0,0,1
sdv-id-NUoNHQ,c5384872-deaa-443e-9edb-be71de2a2ddf,1970-01-01,0,Travel,299.01,ESP,RUS,1,0,1,0,1
sdv-id-OoWGPV,a8702d97-10e6-4176-b858-3966757256f6,1970-01-01,0,Gaming,967.71,ESP,GBR,1,1,0,0,1
sdv-id-cpcAne,ef4bd7a8-746b-402f-bebb-f6dfed84acc9,1970-01-01,0,Food,416.74,ESP,FRA,0,0,1,0,1
sdv-id-OdIqPd,fd67eb3e-836d-4c1f-ba49-c96a11680e55,1970-01-01,0,Food,1037.42,ESP,ARE,1,1,1,0,1
sdv-id-NifrgX,6f339c5e-0392-4cfa-9d9f-2c8c6640464a,1970-01-01,3,Food,1550.18,ESP,UKR,1,1,1,0,1
sdv-id-VFBgjQ,7f695b97-e581-4601-84cd-c4e87225539d,1970-01-01,2,Retail,2150.49,ESP,UKR,1,1,0,0,1
sdv-id-evfUHl,6924e248-2759-4511-a604-bfbe83aa622f,1970-01-01,0,Travel,236.14,ESP,IND,1,1,1,1,0
sdv-id-YiEjmg,bdf71fc7-f5a7-423e-9e8e-36b58e9a6a6a,1970-01-01,0,Travel,773.15,ESP,FRA,1,0,0,1,0
sdv-id-ZflNqf,a3900bc0-cd0f-44a6-b7d2-b94f14780c9d,1970-01-01,4,Food,2250.64,ESP,JPN,1,0,0,1,1
sdv-id-yRgpwG,f01f7382-e4fa-42c2-b398-e4fc59dd9452,1970-01-01,0,Retail,1071.95,ESP,ARE,1,0,1,1,1
sdv-id-sXdTMX,6e66a273-c4ca-40d7-8a66-de6724d4d5a3,1970-01-01,0,Gaming,431.66,ESP,BRA,0,1,1,0,1
sdv-id-PuFoGq,a2da43a7-fa1b-4659-adf6-5800997c0dc9,1970-01-01,0,Travel,974.55,ESP,IND,1,1,0,1,0
sdv-id-iCxfCw,7c0664aa-3ab5-4e50-b2c9-cc0fca7e2d4e,1970-01-01,0,Travel,1420.56,ESP,USA,0,0,1,0,1
sdv-id-UNkSlm,e1f217be-39f9-4c64-8684-833e19dd3b90,1970-01-01,0,Gaming,1035.94,ESP,GBR,1,1,1,1,0
sdv-id-eALpiX,88f68352-d38b-4a4e-93fd-b67487f766a9,1970-01-01,1,Gaming,1725.91,ESP,NGA,1,0,1,0,1
sdv-id-ytrlzr,baed6f49-245f-4841-947f-0413b0c46ddc,1970-01-01,0,Retail,2323.47,ESP,JPN,1,0,0,0,1
sdv-id-nePqIH,b1af6608-abfc-4586-a55b-116e680c40c1,1970-01-01,0,Food,652.49,ESP,PRT,1,1,0,0,1
sdv-id-UgsYJV,e43e4288-a2b5-4498-9cb8-5aedf5f62c97,1970-01-01,0,Travel,2425.57,ESP,ESP,1,0,1,0,1
sdv-id-rIBwfB,acdf286c-04d4-45cb-b204-11c9e8f2b844,1970-01-01,0,Travel,1067.6,ESP,ARE,1,1,0,0,1
sdv-id-UkCqqb,6c521d13-b719-4b68-a775-ee42a89e22f2,1970-01-01,3,Travel,442.49,ESP,ITA,0,1,0,1,1
sdv-id-EuiFBh,d72476da-45a0-4d54-b3a1-b80fd3bacc13,1970-01-01,0,Travel,55.38,ESP,GBR,1,0,0,0,1
sdv-id-JAYQlI,945b3711-0a85-4722-b0c9-5ec44f2fcfd6,1970-01-01,0,Tech,1242.02,ESP,UKR,0,1,1,0,0
sdv-id-ChSUNW,95309450-1c62-44f4-a44d-8dc2b2908892,1970-01-01,5,Tech,1845.51,ESP,BRA,0,0,0,0,0
sdv-id-pEpGfh,6de8370a-ce9e-4ebd-95c3-48530783e43c,1970-01-01,0,Gaming,1843.29,ESP,UKR,1,0,0,0,1
sdv-id-nHXbow,5d844714-9c12-46f0-9cd1-a96075d4a3be,1970-01-01,0,Gaming,2449.75,ESP,GBR,0,1,0,0,1
sdv-id-BJREVo,17d821b8-bb93-4d40-98df-f535c62dbaea,1970-01-01,0,Travel,1547.26,ESP,BRA,1,0,1,0,1
sdv-id-nFreLi,1bf384ef-6efe-4368-84c4-2de17e5da21a,1970-01-01,0,Retail,1999.26,ESP,NGA,1,0,1,0,1
sdv-id-EcJVEr,f3abbd8b-b2f2-4eb7-95ff-01293b0b4957,1970-01-01,0,Food,1775.86,ESP,ITA,0,0,1,0,1
sdv-id-bQuOrb,548e1f6b-69ce-4e4e-99a6-92c90d700ea4,1970-01-01,0,Travel,898.1,ESP,USA,1,1,0,0,1
sdv-id-alSzAp,a173e274-37fc-411b-826f-081a0651a897,1970-01-01,0,Gaming,314.68,ESP,DEU,1,1,1,0,0
sdv-id-oMdjzs,81f76d1c-2dbc-4134-830f-f46e8026695f,1970-01-01,0,Retail,1093.17,ESP,ARE,1,0,1,0,1
sdv-id-CLfdbL,c99689e6-0a5f-4cff-82bb-ba8c2e169e20,1970-01-01,0,Gaming,2191.71,ESP,USA,1,1,1,0,1
sdv-id-LCZZdY,7b6ef5d2-31b5-4390-a81a-1d16129226f9,1970-01-01,0,Food,2075.88,ESP,GBR,1,1,1,0,1
sdv-id-ANXAdT,3cd7e0ea-bf81-4a17-a905-8f29731da6ec,1970-01-01,5,Retail,1777.99,ESP,USA,1,1,1,0,1
sdv-id-OqFpOd,06339f7f-8ec4-4aab-aefb-4b37a50ee5e7,1970-01-01,0,Gaming,190.49,ESP,ESP,0,0,1,0,1
sdv-id-sMfjWQ,d450281c-6c6f-4633-a260-772317a0df49,1970-01-01,0,Tech,1574.62,ESP,ESP,0,0,0,0,1
sdv-id-gflKEa,b641d449-31f0-4021-9b6f-be204b3a9a83,1970-01-01,4,Retail,299.3,ESP,USA,0,1,1,1,1
sdv-id-SHulUE,644c5b7d-95ea-4734-8925-f7fa1484e9d6,1970-01-01,5,Food,1565.48,ESP,VNM,0,0,1,1,0
sdv-id-IXqCvW,1674eb65-0f9c-4300-baa1-c5678cf9eea9,1970-01-01,0,Gaming,516.01,ESP,BRA,0,0,1,1,0
sdv-id-QtxlzX,48d0e602-fa4f-4ba8-8437-6d895a4eb9f3,1970-01-01,0,Tech,1714.79,ESP,ITA,0,0,0,0,1
sdv-id-LwRwEf,422491e9-81e0-4a64-b8c5-2ae10d09a714,1970-01-01,0,Retail,1406.9,ESP,UKR,1,1,0,1,0
sdv-id-SPXqkI,288d6c65-daf2-471c-8736-591d74f9bd90,1970-01-01,5,Food,2437.36,ESP,GBR,0,0,0,0,0
sdv-id-AEjBrb,608e149e-44b9-4602-8d31-812e30c36756,1970-01-01,2,Food,1050.43,ESP,UKR,0,1,0,0,1
sdv-id-aEUAoT,567b9583-e679-4a4b-b3ce-cf7c90d5e87e,1970-01-01,0,Food,928.54,ESP,CHN,1,1,1,0,1
sdv-id-wTRAHq,948841cb-a40c-40ee-907f-8c452f3214c2,1970-01-01,0,Food,2387.5,ESP,VNM,1,1,1,0,1
sdv-id-zVAGIJ,89fab5cc-95b0-4f8a-964f-10b584d6b400,1970-01-01,3,Food,970.41,ESP,IND,1,0,1,0,1
sdv-id-dlSzzD,44a524d9-016d-46d9-9f15-e6676812a17c,1970-01-01,0,Food,774.0,ESP,ESP,1,1,1,0,1
sdv-id-NHRdRH,37663e35-cdba-4cac-be85-f617f17e993d,1970-01-01,0,Tech,2334.77,ESP,CHN,0,0,1,1,0
sdv-id-pPromG,356d9896-2f50-40fb-a958-c74502bb657d,1970-01-01,4,Tech,1146.2,ESP,CHN,1,0,1,0,1
sdv-id-SFMhSJ,a6129a1c-889d-4b76-b75c-30b561730c48,1970-01-01,5,Gaming,901.88,ESP,PRT,0,0,1,0,1
sdv-id-WNmNuE,e3f9899a-62ba-4966-b388-cf1bd0f383cd,1970-01-01,0,Food,2491.94,ESP,CHN,1,1,1,0,1
sdv-id-NdxEgv,136d6cce-a535-49d7-83ff-fdea3bd9b015,1970-01-01,0,Retail,2489.67,ESP,DEU,0,0,1,0,1
sdv-id-sGQdBn,eaecf4e0-e819-49ce-8dd7-cac28a1055c5,1970-01-01,1,Food,1747.97,ESP,GBR,0,1,1,0,1
sdv-id-mGGmDd,6334db06-52ac-4e30-91c8-10ef802643c4,1970-01-01,0,Gaming,1670.09,ESP,BRA,0,1,1,0,1
sdv-id-axBYdx,31a9b14c-7f49-40d9-9cc8-1f380c71aae2,1970-01-01,0,Travel,366.02,ESP,FRA,1,1,1,0,1
sdv-id-eDMUAO,4bfaa29e-032d-496d-a537-68573749af64,1970-01-01,0,Travel,1273.62,ESP,IND,0,1,1,1,0
sdv-id-UoHdMZ,db1df2c3-2713-4873-b3e4-613a6672cf51,1970-01-01,3,Retail,1684.45,ESP,IND,1,1,0,1,1
sdv-id-Aotafa,a3bdd4d6-0a01-48b6-8ab6-3e0f3cfbc642,1970-01-01,1,Retail,1007.01,ESP,IND,0,1,1,1,1
sdv-id-gdLwgB,de8a774b-cf36-458b-8737-819096da1dac,1970-01-01,0,Retail,947.66,ESP,UKR,0,1,0,1,1
sdv-id-jakVtE,e1529522-c1af-4792-a08b-a0ef5ddc46f0,1970-01-01,0,Tech,1099.31,ESP,UKR,0,0,1,1,0
sdv-id-XErCrC,c8a738ab-0df8-4e12-a56b-61e04ba8a4ca,1970-01-01,0,Retail,2456.91,ESP,JPN,0,0,1,0,1
sdv-id-MUODdx,86879aa9-14f5-43d0-8991-2032df85c777,1970-01-01,0,Gaming,519.61,ESP,GBR,1,0,1,1,0
sdv-id-ddxfUN,5e1b914d-b549-4451-89b8-ff0a93e7d699,1970-01-01,1,Food,437.99,ESP,UKR,0,1,1,1,0
sdv-id-BHtgMY,4da9b236-d15f-4acd-97df-c472e2fba2a1,1970-01-01,0,Gaming,2075.87,ESP,GBR,1,1,0,1,0
sdv-id-tAkWDs,ff4625af-bd20-463b-b275-b5f3d436a7a8,1970-01-01,5,Retail,1371.06,ESP,RUS,0,0,0,0,1
sdv-id-yoCYJP,a986ee52-b115-47e2-9257-b49cd948bf57,1970-01-01,0,Travel,1527.33,ESP,DEU,0,1,0,1,1
sdv-id-qktGoB,366eb16f-508e-4ad7-b7c9-3acfe059a0ee,1970-01-01,0,Food,265.45,ESP,GBR,1,0,0,1,0
sdv-id-gYLqHL,dc994976-008e-4990-89f2-79a8138cf37a,1970-01-01,5,Food,2366.4,ESP,JPN,0,1,1,0,1
sdv-id-NAPxqZ,357cc20c-b7bf-4181-9262-d5ac8f7e91de,1970-01-01,3,Food,2436.65,ESP,ESP,1,0,0,0,1
sdv-id-RvwOyc,5a8ea2f5-f556-455c-bbf7-f8582dbb3bdf,1970-01-01,1,Food,2404.26,ESP,PRT,1,0,0,0,1
sdv-id-JpYcUc,3150c323-8782-4633-a01d-9aeb52060f1c,1970-01-01,0,Travel,2145.0,ESP,ITA,0,1,1,0,1
sdv-id-uWhXrE,fafb6c18-f190-4cec-82d4-54e1017f040e,1970-01-01,1,Travel,1882.78,ESP,VNM,1,1,1,0,1
sdv-id-ZwdPIn,b4a4cb80-2737-4316-b69b-8391e4ee8f51,1970-01-01,0,Gaming,1108.09,ESP,JPN,1,1,0,1,0
sdv-id-DozHQq,4e8d2654-cd37-40e6-a7eb-e3a50af9da16,1970-01-01,2,Retail,2113.9,ESP,USA,1,0,0,1,1
sdv-id-FqKTlD,e1f217be-39f9-4c64-8684-833e19dd3b90,1970-01-01,0,Food,624.03,ESP,GBR,0,1,0,0,1
sdv-id-GviFfv,d25864f2-25d4-40fc-a154-2765d756ba9c,1970-01-01,0,Gaming,1873.17,ESP,NGA,1,1,1,0,0
sdv-id-vTxllL,13d01698-865b-4878-97e5-ae8933d8ae7b,1970-01-01,2,Retail,368.14,ESP,CHN,1,0,1,0,1
sdv-id-tMfjeq,daea3e48-da75-4fd5-b345-8e147523b4be,1970-01-01,0,Retail,711.25,ESP,CHN,0,1,1,1,0
sdv-id-VWjTtA,0dd4c0e6-0b09-4fcc-ac34-4cf0ab8e77a1,1970-01-01,0,Gaming,1953.08,ESP,DEU,1,1,1,0,1
sdv-id-tUtcLu,0cfef683-3e11-4afe-bd41-96fe963a8617,1970-01-01,0,Retail,2006.26,ESP,DEU,1,1,0,0,1
sdv-id-FjxZul,75f8e3a8-7d97-4c0f-bd56-09c4a4461663,1970-01-01,0,Food,1738.34,ESP,NGA,0,0,0,0,1
sdv-id-elTBkG,f2f4f240-f69e-463d-b9ef-20ea120e5c83,1970-01-01,0,Travel,625.93,ESP,BGD,0,1,1,1,1
sdv-id-kCCZFI,d0d0d99d-b7a4-4237-a77f-172590ea31de,1970-01-01,0,Food,166.32,ESP,IND,1,1,1,1,0
sdv-id-hNsQcA,c69aa024-7706-4602-9e5e-a4cd1426512f,1970-01-01,1,Travel,2217.03,ESP,ITA,1,0,0,1,1
sdv-id-saszWG,2c6fc084-c04a-4f68-9aab-1efb0838f528,1970-01-01,0,Gaming,416.61,ESP,GBR,1,0,0,0,0
sdv-id-NXjQhr,a86de251-7c98-456f-a288-109db8a9b014,1970-01-01,0,Gaming,483.64,ESP,PRT,1,0,1,0,1
sdv-id-rLgTPs,e170cfb3-357f-480b-b62e-329e32c21a25,1970-01-01,5,Gaming,607.35,ESP,BRA,0,1,0,1,0
sdv-id-rAaUuW,adf792ff-e9c7-413a-8b5a-4d7791fda27f,1970-01-01,5,Retail,966.71,ESP,USA,0,1,1,1,0
sdv-id-hiLbYS,00684d9c-d2bf-4c31-805f-6a69570078c1,1970-01-01,0,Food,2423.53,ESP,IND,0,1,1,0,1
sdv-id-VrAPBi,0d7f241e-c6a6-4eb4-b7b6-78c463bd994c,1970-01-01,0,Tech,1931.63,ESP,USA,0,1,1,1,0
sdv-id-XMrGMw,6d9b1eb1-18eb-4ed7-a16d-41c8575c9669,1970-01-01,0,Tech,238.75,ESP,BRA,0,0,0,1,1
sdv-id-CEgwSh,c16d83ed-ad81-48bd-8029-13ec9ef2b93e,1970-01-01,0,Food,1854.08,ESP,PRT,1,1,0,1,0
sdv-id-hshBbi,2e2d0681-a8b2-4070-9b18-72ac78c4c27f,1970-01-01,1,Retail,1014.19,ESP,VNM,1,1,0,1,0
sdv-id-JAhDdj,d9996d9d-61eb-4774-a563-7759e10abc64,1970-01-01,0,Gaming,616.52,ESP,GBR,1,0,1,1,1
sdv-id-vqGNWN,b78a2037-bd46-4bd5-82c5-2802aca65492,1970-01-01,1,Gaming,2200.13,ESP,BRA,0,1,0,0,1
sdv-id-uYRcAI,7afac8ce-dc4f-47fe-be61-8f4bebb511e6,1970-01-01,0,Food,1072.47,ESP,USA,1,0,1,0,1
sdv-id-NwJPPW,c3ad6ffd-b447-4e70-ae4a-e0717da5b648,1970-01-01,0,Gaming,85.34,ESP,CHN,0,0,1,1,0
sdv-id-rehXwB,62ed5403-88d4-4ff4-904f-3fc56400bb0e,1970-01-01,0,Travel,1936.27,ESP,UKR,0,0,1,1,0
sdv-id-xWLQjZ,a3fd17f0-2ae6-4af6-9e46-222e2514c7ce,1970-01-01,0,Gaming,162.6,ESP,UKR,1,0,1,1,0
sdv-id-lparFx,b9046b52-13eb-4599-b2d4-d3a598dd6c3c,1970-01-01,2,Retail,1309.13,ESP,USA,1,1,1,1,1
sdv-id-sYfLmI,2c8296ea-4482-4bb7-b17d-db7c6ded13fe,1970-01-01,0,Retail,855.3,ESP,JPN,0,1,1,1,0
sdv-id-BtZjTU,f8c88fae-a217-4f84-bdb0-25ff2451e5a4,1970-01-01,0,Tech,823.34,ESP,DEU,1,1,1,0,0
sdv-id-vUWpmj,b3338169-dcfc-4b72-abbb-ae74db9b4d43,1970-01-01,5,Food,134.62,ESP,DEU,0,1,0,1,0
sdv-id-JGTkrU,4d2c0893-724d-4d1e-a2ca-eb651fc08d8f,1970-01-01,0,Tech,1246.96,ESP,RUS,1,0,1,1,0
sdv-id-NKElCh,52587a1a-226e-4ecb-b175-7e7df545752a,1970-01-01,0,Travel,1916.01,ESP,IND,0,1,0,0,1
sdv-id-QwjBig,3a314e67-b598-4577-8e58-3dde807ab658,1970-01-01,0,Travel,1437.98,ESP,RUS,1,0,1,0,1
sdv-id-SlhtKw,f93ad0a8-e9d7-4f8f-bb02-e930e4260ae1,1970-01-01,0,Travel,242.63,ESP,NGA,0,1,0,1,1
sdv-id-yZYrNG,2b0ee2c8-44b9-4f9c-8a49-d83b4f5c6a32,1970-01-01,0,Food,2287.58,ESP,FRA,0,0,1,1,0
sdv-id-COruBw,c227e0f2-0510-4943-be3e-b6f738b595b9,1970-01-01,0,Retail,1004.09,ESP,BGD,0,0,1,1,0
sdv-id-SAHPiJ,2fd2908f-eea1-43a7-889d-c47e27189112,1970-01-01,0,Gaming,2450.37,ESP,ITA,0,0,0,0,1
sdv-id-kfYDlu,033e02f7-1e93-4127-acf7-2140bd9bc648,1970-01-01,0,Gaming,1127.51,ESP,ESP,0,0,0,0,0
sdv-id-FAbXSG,421becca-0f60-40f3-bef7-24105528dc45,1970-01-01,3,Gaming,1367.74,ESP,UKR,1,0,0,0,1
sdv-id-oBJglM,bf415c98-5a8e-4f05-a3ce-cf1e296df91f,1970-01-01,0,Tech,1706.21,ESP,ITA,1,1,1,0,1
sdv-id-lyhHxc,eb67146a-77a6-417c-972b-61082a405f12,1970-01-01,4,Travel,200.61,ESP,BRA,0,0,1,0,1
sdv-id-uyZJyY,ba2eeeb3-d6aa-4382-a144-6b45af390a9d,1970-01-01,2,Travel,1809.52,ESP,ESP,0,1,0,0,1
sdv-id-yuxLtp,09028dd7-a0d7-43f0-831d-fb91397a0433,1970-01-01,0,Gaming,479.17,ESP,GBR,0,0,0,0,1
sdv-id-uxdoHQ,b67e2215-809f-4b4f-96dd-12af4906c7ee,1970-01-01,2,Gaming,2118.34,ESP,VNM,0,1,0,1,0
sdv-id-PaiTMh,ed1115d7-50a4-4c85-99d5-7b0242d04d55,1970-01-01,4,Food,2251.98,ESP,RUS,0,0,0,1,1
sdv-id-xCCbDa,771ad655-cdfc-4ee0-a61e-de900267deb3,1970-01-01,0,Tech,780.54,ESP,JPN,1,0,1,1,0
sdv-id-mjbiVD,1e856ded-e7b9-4323-ad44-f50ec4e3a5ed,1970-01-01,0,Food,1390.12,ESP,JPN,1,0,1,0,0
sdv-id-hsSMzj,17841919-3c29-49ed-b6bf-1f51f0abe316,1970-01-01,1,Travel,1013.29,ESP,PRT,0,0,0,0,1
sdv-id-dVchIp,37bbf154-2119-41c1-b966-83556f72bb3c,1970-01-01,1,Retail,2053.79,ESP,GBR,1,1,0,1,1
sdv-id-MlIOwu,febec0db-9a3a-4103-ae3c-453214348f62,1970-01-01,0,Retail,1595.48,ESP,ESP,0,1,1,1,0
sdv-id-bHLLrG,50f15b8c-b6be-4014-be1b-b73f0bd515d8,1970-01-01,0,Gaming,834.68,ESP,JPN,0,1,0,1,0
sdv-id-knroMs,4a6d2157-9be4-40f8-a6ad-f94882053ed3,1970-01-01,0,Retail,391.97,ESP,NGA,1,1,0,1,0
sdv-id-kbPLXY,a8b931bb-7c60-45a9-b61e-8bb724c0c086,1970-01-01,0,Food,2145.85,ESP,CHN,0,0,0,0,1
sdv-id-TtWcil,7ee667de-d93e-4a4d-aa6a-642bfabfa7ef,1970-01-01,0,Travel,1993.59,ESP,JPN,0,0,1,1,0
sdv-id-Pxwttd,8498a96b-0d86-40ca-a29d-a816d1138946,1970-01-01,0,Travel,339.61,ESP,JPN,0,0,1,1,0
sdv-id-joDoMK,471c10ae-cdb4-4dab-8a27-cd6942264ba4,1970-01-01,0,Tech,82.65,ESP,JPN,0,0,1,1,0
sdv-id-cUzodK,27d54ab0-86d6-4946-9397-abdfaa399b2c,1970-01-01,0,Food,1237.2,ESP,ITA,1,0,1,0,0
sdv-id-iOZGGG,d17b6fc6-e66e-40e2-88fd-5890a479dce2,1970-01-01,0,Tech,2078.4,ESP,JPN,1,0,0,0,0
sdv-id-vbWtHQ,f12c2046-1cdb-46cb-a9c3-d3719f688611,1970-01-01,0,Retail,2322.92,ESP,GBR,0,1,0,1,0
sdv-id-kCHlrH,8b73aba7-ed5e-4fa2-9fb3-0a4dc0712a38,1970-01-01,0,Gaming,509.25,ESP,FRA,0,1,1,0,1
sdv-id-vYJprd,9a037182-76f3-404d-8f92-b3fb081df5b6,1970-01-01,5,Travel,181.77,ESP,ARE,1,0,1,1,0
sdv-id-ieKuDo,dfb44eef-7038-4338-8c2d-189b2422262e,1970-01-01,2,Tech,521.76,ESP,RUS,1,1,1,1,1
sdv-id-FlyVpW,3db87d15-32d8-4ff9-b9c0-48829b40bb90,1970-01-01,0,Travel,1746.55,ESP,ESP,0,1,0,1,0
sdv-id-wzzNmS,b366ffd1-ae4d-4a19-a2c2-aa2466e9a80e,1970-01-01,4,Retail,664.14,ESP,PRT,0,1,1,0,1
sdv-id-puQsyx,1f8fa9dd-7daf-4db1-988a-2b6722c2ca83,1970-01-01,0,Tech,713.18,ESP,DEU,0,0,0,1,1
sdv-id-Fvhczu,ecf60826-3c1e-4ac4-9af0-9b921da9c3c5,1970-01-01,0,Retail,1601.85,ESP,ITA,0,0,1,1,0
sdv-id-UOdSnE,05e3d107-1d0f-4e16-a554-674f8240252d,1970-01-01,0,Travel,780.09,ESP,IND,1,1,1,0,1
sdv-id-WKbhob,d17b6fc6-e66e-40e2-88fd-5890a479dce2,1970-01-01,0,Gaming,885.08,ESP,VNM,1,1,1,1,0
sdv-id-bCnIml,74b565f8-d8cf-4b88-9a37-a5048d2e304b,1970-01-01,0,Food,254.04,ESP,CHN,1,0,0,0,1
sdv-id-fJAVGX,644c5b7d-95ea-4734-8925-f7fa1484e9d6,1970-01-01,0,Gaming,1904.88,ESP,BRA,0,0,0,1,0
sdv-id-LoNWyi,2c591da8-fff9-4acf-ae42-05eea52fc3ec,1970-01-01,0,Gaming,1760.18,ESP,NGA,1,1,0,0,1
sdv-id-UVzJQd,9b050a6c-235d-4722-aa78-98aa95b2868b,1970-01-01,1,Retail,1790.31,ESP,FRA,1,1,0,0,1
sdv-id-ZyyYpq,05ec8e9f-a09f-4700-a4ce-1460ef5a9491,1970-01-01,0,Travel,2431.37,ESP,FRA,0,0,1,1,0
sdv-id-LIyMfN,c1de6d58-518e-48fd-a252-439052a3069d,1970-01-01,0,Travel,2258.37,ESP,JPN,0,1,0,1,0
sdv-id-rddFdG,f0a0eebb-3800-41ac-8b3d-36ba70cc6d61,1970-01-01,0,Retail,1139.79,ESP,JPN,1,0,0,0,1
sdv-id-wIsZMr,5892e71a-ab87-4ea4-854f-87ad7750bfbb,1970-01-01,4,Travel,1625.84,ESP,BRA,0,0,0,0,1
sdv-id-wJVEdK,c342adc9-df09-451f-9173-bd6d16a00e13,1970-01-01,0,Gaming,964.19,ESP,USA,1,0,1,1,1
sdv-id-KSSThi,4212173f-5e99-4f0d-8840-42f9db66cc53,1970-01-01,0,Tech,1158.59,ESP,GBR,0,0,0,1,0
sdv-id-nIwChn,2a07a49f-c880-4bae-9e82-328501e780a0,1970-01-01,0,Food,2194.12,ESP,BGD,0,1,1,1,0
sdv-id-vsvGuP,a2491260-107e-428c-a940-53afd488edff,1970-01-01,0,Gaming,2219.15,ESP,NGA,0,0,0,1,0
sdv-id-sQTrHM,499441c5-ad8f-4932-aeb6-87c3b8a6ebf6,1970-01-01,0,Tech,918.11,ESP,PRT,1,1,0,0,1
sdv-id-iPnDRJ,ee4401c9-71af-45ff-9bbd-cdb6f117bec0,1970-01-01,0,Retail,1499.63,ESP,PRT,0,0,1,0,1
sdv-id-jOSOdH,e08596db-1d87-4966-8710-d430f071d879,1970-01-01,0,Tech,2305.39,ESP,BGD,0,0,1,0,1
sdv-id-nJiuoW,c24369e7-2387-4af6-94c3-a832b231c60b,1970-01-01,0,Retail,838.88,ESP,IND,1,0,1,0,1
sdv-id-eJQeoG,aeb00fb9-26cb-4e99-a945-e93a4a454398,1970-01-01,3,Gaming,1674.82,ESP,GBR,1,0,1,1,0
sdv-id-HwIZWM,97c75839-1dd2-4b24-8420-c72d8fb8b736,1970-01-01,0,Gaming,1573.67,ESP,IND,0,0,0,1,1
sdv-id-riPMyv,1c96c12a-19be-4adf-a7d8-8614b991f5ea,1970-01-01,0,Retail,421.43,ESP,BGD,0,1,1,1,0
sdv-id-jsHvOP,da0eb3c3-f8f0-41ae-a924-e01a5f5cc473,1970-01-01,4,Tech,534.2,ESP,BRA,1,1,0,0,1
sdv-id-dbGLUq,b67af865-cfc3-445b-9464-cda8dbf7fa26,1970-01-01,4,Food,1642.54,ESP,CHN,1,1,1,1,1
sdv-id-RdenBc,48f975a1-0cf2-4534-80b0-7a66790915e4,1970-01-01,0,Gaming,654.55,ESP,CHN,0,0,1,0,1
sdv-id-hoGTiu,c01d1c62-ba0d-4f1f-a325-85b486daf596,1970-01-01,0,Tech,1867.46,ESP,DEU,1,0,1,0,1
sdv-id-RRLdCH,63d2b7c6-ab1f-4327-a59a-5f4ef8f218d0,1970-01-01,4,Gaming,780.73,ESP,FRA,0,0,0,0,1
sdv-id-wkyrNp,1c453357-e829-4a67-96c8-e3d7abf0263e,1970-01-01,0,Travel,593.64,ESP,BGD,0,0,1,0,1
sdv-id-IVpoJb,5b0a31ea-9dc6-4783-b222-534db3099e0d,1970-01-01,0,Gaming,1107.3,ESP,NGA,1,1,0,0,0
sdv-id-NAeIRO,fb87ebc5-d986-4b5f-93fc-03bc3ef3d085,1970-01-01,5,Gaming,961.73,ESP,VNM,1,1,0,1,0
sdv-id-nolpPy,e172b725-db52-4a58-8500-0bc6b20dcb6e,1970-01-01,0,Food,1213.6,ESP,UKR,0,0,0,0,1
sdv-id-CROiyU,f22d1294-fd28-44d7-85ce-245c9558fa31,1970-01-01,1,Tech,792.45,ESP,ESP,1,0,0,0,1
sdv-id-UCZQpT,fec52f69-ac43-4e12-9480-eabd9d9f2662,1970-01-01,0,Tech,632.04,ESP,RUS,1,0,1,1,0
sdv-id-HKzwBb,0a2c827e-9832-4856-9434-0a033f07f814,1970-01-01,5,Gaming,26.44,ESP,BRA,0,1,0,1,0
sdv-id-UyhtxI,d69cd777-4114-42dc-ac06-2d4a708183ae,1970-01-01,0,Travel,1345.16,ESP,RUS,0,1,0,0,1
sdv-id-Vfuxyg,f00c9f5f-ea55-4e32-a006-b5386692e257,1970-01-01,0,Retail,2183.27,ESP,RUS,0,1,0,1,0
sdv-id-ziNNOg,ce58de20-8f77-43e0-9982-aa44557368cf,1970-01-01,1,Tech,911.71,ESP,UKR,0,1,0,0,1
sdv-id-GDPKSz,6c092d0a-9f4f-4355-baa6-961c20e4dbfe,1970-01-01,3,Gaming,224.07,ESP,USA,1,0,1,1,1
sdv-id-nqSQmx,2b0ee2c8-44b9-4f9c-8a49-d83b4f5c6a32,1970-01-01,0,Food,95.56,ESP,BRA,1,1,1,0,0
sdv-id-QByZxp,afb144b5-624d-4ff7-81c8-d068931e5f89,1970-01-01,0,Tech,1051.43,ESP,BRA,0,1,0,0,1
sdv-id-ZtwDTb,84a2576c-1fc9-45f8-94d6-07350e2f8958,1970-01-01,0,Tech,191.98,ESP,VNM,0,0,1,1,1
sdv-id-ByKWhE,ecf26429-b8d7-4d2f-8dda-4ff2b27b7bb4,1970-01-01,0,Tech,1480.99,ESP,USA,0,0,1,1,1
sdv-id-LkndpF,d7eaa90f-2e8a-4175-a721-837f624a7cab,1970-01-01,0,Travel,1056.45,ESP,VNM,0,0,1,1,0
sdv-id-wDwDOz,bbc10bbe-ed1c-4d70-b6d2-58239b354089,1970-01-01,5,Gaming,781.15,ESP,UKR,1,1,0,0,0
sdv-id-PFaNGq,d30a8e78-a636-4100-9310-ff3b1cb37f3e,1970-01-01,0,Retail,533.58,ESP,IND,1,0,0,1,0
sdv-id-SroDjk,6c8c5d0e-3eb3-46fd-b291-bc95b8bf9cae,1970-01-01,0,Retail,833.39,ESP,FRA,0,0,0,0,0
sdv-id-aLCqLE,c67e7ffb-2c5b-4c64-9996-379f6c65ae6b,1970-01-01,5,Gaming,572.67,ESP,JPN,0,0,1,1,1
sdv-id-UjRWFk,e60c1638-d4a5-481e-ab38-2a0a231d260b,1970-01-01,5,Gaming,1476.09,ESP,VNM,1,1,1,0,1
sdv-id-SNUaqH,25dbbe8d-a534-4425-aa69-b7f7b28d7cb8,1970-01-01,1,Gaming,1940.98,ESP,DEU,0,0,0,1,0
sdv-id-AYRYFx,1067308a-95cc-44cd-9a6d-86ba1434faeb,1970-01-01,0,Travel,2213.23,ESP,GBR,1,0,1,0,1
sdv-id-zRBkPS,659e2deb-ec28-4a93-b5a4-f270eadeae69,1970-01-01,0,Tech,999.82,ESP,UKR,0,1,1,1,0
sdv-id-hzgYTh,2dc69c90-e5df-47af-a403-c4bc14860c2d,1970-01-01,0,Tech,44.55,ESP,ITA,0,0,1,1,0
sdv-id-JnVBvP,58578862-3105-45b6-a40b-1814281269bc,1970-01-01,3,Gaming,2191.21,ESP,BRA,1,1,0,0,1
sdv-id-ocnAQa,eba332b1-f36c-4c45-a942-b4d7bd2dffff,1970-01-01,0,Tech,854.98,ESP,VNM,1,1,0,0,1
sdv-id-QJWoBY,676e34be-78be-4228-8455-da792a4150de,1970-01-01,1,Tech,1811.1,ESP,VNM,0,1,1,0,1
sdv-id-QkBOLy,4212173f-5e99-4f0d-8840-42f9db66cc53,1970-01-01,2,Retail,1247.61,ESP,JPN,0,1,0,1,1
sdv-id-OdugDK,677c8f55-0321-4d27-b238-9612be3842e3,1970-01-01,0,Retail,256.47,ESP,BRA,0,1,0,1,0
sdv-id-VSGFKz,ceb380ac-e223-4389-b23e-d1fc9b9f9efe,1970-01-01,0,Food,2411.91,ESP,GBR,0,0,1,0,1
sdv-id-sWFRYo,25f934bf-9bb9-4155-9275-eb9414aeaf5c,1970-01-01,2,Food,833.87,ESP,BRA,0,0,0,0,0
sdv-id-LHPGFJ,11269f9e-03c0-4a01-8e98-6e40723182d4,1970-01-01,0,Retail,2128.51,ESP,DEU,1,0,0,1,0
sdv-id-koaAuR,304c9c7b-2e62-4a6f-9c71-14398098f50d,1970-01-01,0,Food,2049.26,ESP,DEU,0,1,1,0,1
sdv-id-PZMELV,6f90d9af-ca07-406e-93ae-0bce0cccf432,1970-01-01,0,Retail,2264.07,ESP,ESP,1,1,1,1,0
sdv-id-GjLaZE,72cdfdd0-2e61-4bd7-969d-7aeb640e50e7,1970-01-01,4,Gaming,2065.18,ESP,DEU,1,0,1,0,1
sdv-id-qTXYZA,9341dd73-a5d8-4541-ae82-2ce612b1d17e,1970-01-01,0,Food,710.27,ESP,RUS,0,1,1,0,0
sdv-id-KdkLrp,945b3711-0a85-4722-b0c9-5ec44f2fcfd6,1970-01-01,0,Gaming,209.7,ESP,BRA,0,1,1,1,1
sdv-id-obFZzk,15183e2c-3cca-4de2-b5c1-accc137d97fc,1970-01-01,0,Retail,1980.4,ESP,USA,1,1,0,0,1
sdv-id-upOtlf,ff3d782f-4cdd-4af2-957a-d46184255121,1970-01-01,3,Travel,596.67,ESP,ITA,0,0,1,1,1
sdv-id-ueBfyi,880bcb0e-c8ab-46ac-a0b4-659a09fe4cdd,1970-01-01,0,Gaming,1030.26,ESP,NGA,0,1,0,0,1
sdv-id-EXulZT,e7718e1b-d1df-4ff0-b5f3-2c8e83fc7a2b,1970-01-01,3,Gaming,1528.79,ESP,DEU,1,1,0,0,1
sdv-id-RkNioc,7ea7ccb8-b0ad-494d-b510-0bca0e7d25c3,1970-01-01,0,Retail,296.47,ESP,IND,0,0,1,0,1
sdv-id-ACLRng,0279d6d8-e869-48cd-8f0c-b156ffc6ce15,1970-01-01,0,Retail,1010.54,ESP,RUS,1,1,0,1,0
sdv-id-PpPCpO,bece1286-09f6-4439-af77-cc548bb107de,1970-01-01,0,Tech,1846.68,ESP,ITA,1,1,1,0,1
sdv-id-MPjddS,ef80a189-43cb-4d06-b869-2e433fa7d954,1970-01-01,2,Gaming,179.17,ESP,DEU,1,0,1,0,0
sdv-id-ytKyoJ,c1fb0bf5-3e8a-4072-8f49-2a2740898b7c,1970-01-01,0,Food,1313.26,ESP,JPN,0,1,1,1,0
sdv-id-rrltsH,944bad04-9161-4c6c-9f41-dfcfcdccb9d9,1970-01-01,1,Food,1105.49,ESP,GBR,0,0,0,1,0
sdv-id-GdUwek,ea855d66-8900-4547-81f5-9debea4ee2dd,1970-01-01,5,Travel,88.72,ESP,GBR,0,1,1,1,0
sdv-id-hbHsVw,e83f4e25-8e36-4254-901d-c98b7c7519b7,1970-01-01,0,Retail,1413.27,ESP,CHN,0,0,1,0,1
sdv-id-uffgkI,223bd9be-b11c-420e-a9fd-197204105bd1,1970-01-01,5,Gaming,1359.96,ESP,CHN,1,0,1,0,1
sdv-id-LYNSgt,7fffa983-0811-40e9-ba1d-8ded7dc807a2,1970-01-01,0,Gaming,677.52,ESP,FRA,0,1,0,0,1
sdv-id-HBpKtU,d15a1b21-d2f7-473b-991d-49fa18acf173,1970-01-01,0,Retail,782.38,ESP,JPN,0,0,1,1,0
sdv-id-PDnZnq,05e3d107-1d0f-4e16-a554-674f8240252d,1970-01-01,0,Gaming,2428.01,ESP,JPN,0,1,0,0,0
sdv-id-sgMcOV,da0eb3c3-f8f0-41ae-a924-e01a5f5cc473,1970-01-01,0,Retail,1366.82,ESP,FRA,1,1,0,0,1
sdv-id-iNYsiP,080ccf78-8a17-4298-a10c-f398835f9963,1970-01-01,1,Travel,304.88,ESP,ARE,0,0,1,1,0
sdv-id-cwEQzo,0df473bb-c577-43a5-ac26-257766d6089e,1970-01-01,5,Tech,411.5,ESP,BGD,0,1,1,1,0
sdv-id-zHGvLi,4d53280e-1ebd-45b6-a605-84a208f548e7,1970-01-01,0,Gaming,1350.07,ESP,CHN,0,1,1,1,0
sdv-id-nBYgwj,1c8739d3-1e8a-43aa-a87b-d62a2fbc8b9b,1970-01-01,0,Food,1269.64,ESP,FRA,1,0,1,0,1
sdv-id-JTfJMQ,9f8cc29f-fd35-4c5f-9347-9a3b479bc637,1970-01-01,0,Gaming,1713.54,ESP,ESP,0,0,0,0,0
sdv-id-Nyfjyw,c6b33fe6-1c76-4df6-ac5a-6c93871c0884,1970-01-01,0,Travel,2343.78,ESP,VNM,0,0,1,0,1
sdv-id-vxbMVy,8f5e248e-b40f-440e-8037-447f0d99c071,1970-01-01,0,Tech,125.75,ESP,RUS,1,1,1,1,0
sdv-id-COmqKy,ca125168-09bd-4d25-95c7-d0c264051dd8,1970-01-01,0,Tech,239.85,ESP,ESP,0,1,0,1,0
sdv-id-sGRfPw,a3e5721c-7f8e-4198-9265-f22792b28bea,1970-01-01,0,Food,508.55,ESP,NGA,0,1,0,0,1
sdv-id-nrCaYw,cda42f85-1099-4969-b521-d09594b22af0,1970-01-01,0,Travel,2228.59,ESP,USA,0,1,0,0,0
sdv-id-ibOGWZ,53badc3e-cc5b-4684-9f82-3a9481140235,1970-01-01,4,Tech,2061.52,ESP,CHN,0,1,1,1,0
sdv-id-KuZpau,bc5e3e2f-cebc-4bd7-b837-8be20bb68d75,1970-01-01,1,Gaming,2206.9,ESP,BGD,1,1,0,1,1
sdv-id-dxmLRh,32389b8d-2689-4cec-b687-6db2ac9ca563,1970-01-01,0,Travel,2285.65,ESP,BRA,1,0,0,0,0
sdv-id-EoqAPV,6bbe2bd6-5a13-41e7-90fd-7164819f2393,1970-01-01,5,Food,300.95,ESP,ESP,0,1,1,1,0
sdv-id-nphdjR,895d603d-8172-413b-ac52-75582c77a125,1970-01-01,0,Food,346.94,ESP,JPN,1,0,1,0,1
sdv-id-Ptmfwj,45876487-9555-46a4-845b-44d9bafd2834,1970-01-01,0,Travel,1910.55,ESP,NGA,1,1,1,1,0
sdv-id-pAGSzd,9ce505e9-a3e0-48c8-a925-89659d20b9fe,1970-01-01,0,Gaming,144.51,ESP,ITA,1,1,1,1,0
sdv-id-ZzcQch,e35bba6d-bd39-409d-a67f-aa8371497c71,1970-01-01,0,Gaming,2006.16,ESP,IND,1,1,1,0,0
sdv-id-HWWHZt,6d268b37-8f52-42d3-94bb-bcf828fea761,1970-01-01,3,Food,64.94,ESP,USA,1,1,0,0,1
sdv-id-cfhFsw,7d06cba8-9aff-4070-a2f0-00fdea324e73,1970-01-01,0,Gaming,1338.02,ESP,ITA,0,1,0,0,1
sdv-id-unnxsP,ea855d66-8900-4547-81f5-9debea4ee2dd,1970-01-01,0,Retail,328.09,ESP,ITA,0,1,1,0,1
sdv-id-lCKKwt,09943e76-1d4e-4772-801f-b5a69ca5b74f,1970-01-01,3,Retail,1582.05,ESP,JPN,1,1,0,0,1
sdv-id-AZhODy,7b189d5d-9b24-4a55-8fe8-8b776009a05a,1970-01-01,0,Tech,1818.95,ESP,UKR,0,0,0,1,0
sdv-id-ocJHjA,c1192634-cad3-4250-aa5f-09cb81a603db,1970-01-01,0,Food,1150.11,ESP,ARE,0,1,1,1,1
sdv-id-xjdBhW,580d7b71-d8f5-4413-9be6-128e18c26797,1970-01-01,0,Gaming,1544.16,ESP,NGA,0,1,0,0,1
sdv-id-cHiaQX,78fd3b16-8262-4a03-be45-43f40a8fc854,1970-01-01,0,Gaming,1438.64,ESP,VNM,0,0,0,1,0
sdv-id-GqYpub,c4829b71-ae84-481c-ae0f-b5b38bae591e,1970-01-01,0,Retail,1638.93,ESP,ESP,1,1,0,1,0
sdv-id-brmypD,276a7d9a-ff44-4459-80f6-2c584ac2ee89,1970-01-01,1,Food,1498.05,ESP,GBR,1,1,0,0,0
sdv-id-PsOywL,1f8fa9dd-7daf-4db1-988a-2b6722c2ca83,1970-01-01,0,Food,1359.34,ESP,ARE,0,0,1,1,0
sdv-id-dHfXHF,62f32fae-a63f-4f12-a226-a768de0e9c53,1970-01-01,0,Travel,1400.44,ESP,GBR,0,1,1,1,1
sdv-id-xMZcNQ,f73f707d-6eef-482a-a9d8-7a6498c8ab51,1970-01-01,0,Gaming,1838.51,ESP,USA,0,0,1,0,1
sdv-id-qgLUZd,dc406c3b-2e50-478b-945f-d39a376788ab,1970-01-01,0,Travel,205.21,ESP,UKR,0,0,0,0,0
sdv-id-KUynng,7381c6eb-dac9-44a4-b43b-f88cc6f43468,1970-01-01,1,Tech,714.77,ESP,IND,0,0,1,1,0
sdv-id-TKBcgO,c5c68438-b92c-4430-b539-8963d3270cc0,1970-01-01,0,Gaming,493.35,ESP,CHN,0,0,1,1,0
sdv-id-HmPesy,111ac671-f593-4884-980f-65609cf540d9,1970-01-01,0,Retail,701.92,ESP,ARE,0,0,0,0,1
sdv-id-uUJmuR,8dba2c36-fb01-40d9-92d9-3182f3c01d85,1970-01-01,0,Food,2261.69,ESP,VNM,0,1,0,1,0
sdv-id-zkBaBV,6d56ccd8-0006-46d1-8715-60e4935f6c60,1970-01-01,0,Tech,562.96,ESP,GBR,1,1,0,0,1
sdv-id-hmkSPZ,af70de70-2b69-495e-8567-1b58926bffa5,1970-01-01,0,Travel,2452.66,ESP,FRA,1,1,1,0,0
sdv-id-bAzLKL,1d6a62d5-9c19-4073-add8-b2daec6092bb,1970-01-01,0,Food,1409.69,ESP,ESP,1,1,1,1,0
sdv-id-GsqwwY,cda42f85-1099-4969-b521-d09594b22af0,1970-01-01,2,Gaming,1567.39,ESP,PRT,1,1,0,0,0
sdv-id-ISfWsQ,2a038ad4-a667-4982-9c3d-e1b0022b6683,1970-01-01,0,Food,2407.27,ESP,FRA,0,0,1,0,1
sdv-id-oVABfN,92a54d04-f2dd-41f5-b3b6-d344f2e3c6f0,1970-01-01,0,Food,1035.53,ESP,IND,0,0,0,1,0
sdv-id-KRbKLX,171dabf9-daf4-41a7-ba34-d2e8dd3f7d7e,1970-01-01,0,Travel,1408.12,ESP,USA,1,0,1,1,0
sdv-id-kRMUyv,34da1f50-b1a7-4e09-861a-1396716728ee,1970-01-01,0,Travel,1987.5,ESP,RUS,1,0,1,1,1
sdv-id-bmEjDZ,b0d515ab-c891-455d-94c1-76b90ac013d5,1970-01-01,0,Gaming,392.59,ESP,ARE,0,0,0,0,1
sdv-id-lOHoym,ef2adff8-cea4-49c4-9eca-df24f0d1fa72,1970-01-01,2,Tech,2189.25,ESP,BRA,0,1,0,1,0
sdv-id-VQLTla,453417b5-55c0-4c8e-85c8-7f41dbbd3290,1970-01-01,0,Tech,54.41,ESP,BRA,1,0,0,0,1
sdv-id-OGYnAf,352ded78-0f94-4b38-8d81-bc5e85c65764,1970-01-01,3,Retail,104.79,ESP,NGA,0,1,1,1,0
sdv-id-mPMJbn,2f515686-a88d-40f3-a0b2-a35f64f682b5,1970-01-01,0,Tech,1165.99,ESP,ITA,0,1,0,1,1
sdv-id-DrLMtU,727c1301-f2a9-40fe-85d9-b1ba2e528b8b,1970-01-01,1,Tech,686.91,ESP,PRT,0,0,1,1,0
sdv-id-mbkJER,8e6b2439-6a1e-4d9a-b05f-052bd682a0b4,1970-01-01,0,Food,791.2,ESP,JPN,1,1,0,0,0
sdv-id-rbvBoZ,12c33d13-4eb7-4327-a650-d90216fd7c70,1970-01-01,0,Food,2264.17,ESP,ARE,0,1,0,1,0
sdv-id-SQeDWw,856b1c79-a4f1-4bc1-9353-db1c3d596f7b,1970-01-01,4,Food,179.72,ESP,USA,1,1,0,1,0
sdv-id-ahSYJP,b893dae9-43ab-4168-a245-ed74e9d56e55,1970-01-01,0,Gaming,1577.43,ESP,CHN,1,1,1,0,1
sdv-id-jguMCZ,97e3e23f-0c38-474b-b97a-b7cc256714d6,1970-01-01,4,Travel,2061.7,ESP,PRT,0,1,0,0,1
sdv-id-Qnxbrj,2a07a49f-c880-4bae-9e82-328501e780a0,1970-01-01,1,Gaming,1683.47,ESP,JPN,0,0,0,0,0
sdv-id-PaLwCn,f2a83faa-f11a-41f5-8826-80f934010b60,1970-01-01,0,Tech,1592.83,ESP,BGD,1,0,1,1,0
sdv-id-tWSooA,9bfe7b18-b091-4536-9182-45136fb90ec6,1970-01-01,0,Travel,642.21,ESP,NGA,0,0,0,0,1
sdv-id-UFtlaw,7092d401-4367-4d58-8b6c-03c8721e5419,1970-01-01,0,Tech,2232.1,ESP,FRA,0,1,0,0,1
sdv-id-csWtjm,88f68352-d38b-4a4e-93fd-b67487f766a9,1970-01-01,0,Travel,1218.81,ESP,VNM,1,0,1,1,0
sdv-id-wWvwqe,17f13397-2905-4e7d-abf2-3fc073939a80,1970-01-01,1,Food,53.11,ESP,JPN,0,1,1,1,0
sdv-id-YZvrFu,e8a44238-5fe8-4710-bfec-5325edc72f12,1970-01-01,0,Retail,104.66,ESP,NGA,1,0,0,1,0
sdv-id-tXnHXj,09795e75-671e-4bb8-b783-b6f6d775e809,1970-01-01,0,Travel,138.38,ESP,ESP,1,0,1,0,1
sdv-id-hRYThM,702cdd20-2862-48b8-88f4-ef125e9953d2,1970-01-01,0,Retail,34.11,ESP,UKR,1,0,1,1,0
sdv-id-bUJOsc,eae6c3da-5f2d-48b8-ba76-9378d39a3c87,1970-01-01,0,Retail,457.9,ESP,ITA,0,1,1,0,1
sdv-id-UnKnYi,d8485a54-531c-4812-bf31-950afdd084a1,1970-01-01,2,Food,2352.53,ESP,UKR,1,0,1,0,1
sdv-id-HMmLBi,43ef2016-2c9b-462e-840a-3aae52e2afd9,1970-01-01,0,Retail,392.27,ESP,ITA,1,1,0,1,0
sdv-id-OLMNRV,4bd40152-8f7b-46c2-a46e-47a2b3422968,1970-01-01,0,Travel,511.76,ESP,RUS,1,0,0,1,0
sdv-id-CrNMeB,7eedcc65-22cb-4720-850c-ddfd1c3dae19,1970-01-01,0,Retail,1633.25,ESP,BRA,0,1,1,1,0
sdv-id-bgeCej,f31d40e2-0967-4567-aba4-39e6d4ec494f,1970-01-01,2,Retail,838.49,ESP,CHN,0,0,0,0,1
sdv-id-scQvlN,b5878d33-1d5b-48b0-8027-b28302bfaf1c,1970-01-01,3,Tech,932.39,ESP,USA,1,0,0,0,0
sdv-id-AZIzyt,a04f4370-2c92-4a23-8c56-32d4af27966d,1970-01-01,0,Travel,12.68,ESP,ITA,1,0,1,0,0
sdv-id-aYlQSz,a701d096-0cb7-421f-8c28-5c294a22c21e,1970-01-01,0,Retail,1337.13,ESP,PRT,1,1,1,0,1
sdv-id-oZIQsy,a2491260-107e-428c-a940-53afd488edff,1970-01-01,0,Food,552.92,ESP,JPN,0,0,0,0,0
sdv-id-yPlEaL,bdce7f65-1a0a-4680-ba42-156e972ec23e,1970-01-01,0,Tech,2370.7,ESP,IND,0,0,1,0,0
sdv-id-sEdBXq,cf1643a0-8860-4b56-a34f-2452efe9e8c9,1970-01-01,0,Travel,412.22,ESP,BRA,0,1,1,1,0
sdv-id-QlYlpK,03edd1f8-74f9-4d17-a912-b4bf86a4bae4,1970-01-01,0,Food,2089.18,ESP,FRA,0,1,1,1,1
sdv-id-koDDbE,ef5e0d74-fe2e-4c0f-9c68-a6142644b6f9,1970-01-01,0,Travel,830.82,ESP,CHN,1,1,0,0,1
sdv-id-yMUNSC,2b39e995-c13e-40d3-823a-0b12d6baf0f2,1970-01-01,0,Tech,933.95,ESP,USA,1,0,1,1,0
sdv-id-LMDQAp,eba332b1-f36c-4c45-a942-b4d7bd2dffff,1970-01-01,0,Gaming,1783.53,ESP,BGD,1,1,0,1,0
sdv-id-HJFfvk,e8646e0c-80d4-48b9-af61-5360182047f7,1970-01-01,0,Travel,1003.72,ESP,JPN,1,0,0,1,0
sdv-id-viCSYb,072a5087-67d9-483b-bfdf-c5c0876cacdd,1970-01-01,3,Travel,2494.86,ESP,CHN,0,0,0,0,1
sdv-id-ceValU,b73e54c3-1ef8-4ca7-898f-3586b74a3db6,1970-01-01,0,Retail,2443.53,ESP,USA,0,0,0,0,1
sdv-id-CVFUnO,35b86d0a-864f-46dd-a9ec-09d586eced99,1970-01-01,0,Retail,1496.21,ESP,ARE,0,1,0,1,1
sdv-id-asXdwn,73b4daf3-4ad1-4634-a642-6f0b8869372a,1970-01-01,0,Tech,1829.5,ESP,RUS,1,1,0,1,0
sdv-id-wqkaTS,bbaae0a4-660f-4b0b-b4cd-510f57e69df9,1970-01-01,5,Gaming,183.31,ESP,DEU,1,0,0,1,0
sdv-id-JOLJDA,49560c36-8560-4e8a-a7fb-19979d2cd944,1970-01-01,0,Tech,2134.53,ESP,PRT,1,1,0,1,0
sdv-id-DCxgOi,da06e439-88d0-44a9-92ea-e3b645c9db9b,1970-01-01,2,Gaming,1882.95,ESP,ESP,0,1,0,1,0
sdv-id-ziSahL,8eda75d9-bc41-4770-baed-b7ab965ea5d5,1970-01-01,0,Retail,744.22,ESP,BGD,0,0,0,0,1
sdv-id-IZAnjv,167b6ea0-2945-4370-a713-72ab34cb7b9a,1970-01-01,0,Travel,2025.07,ESP,JPN,0,0,0,1,0
sdv-id-HbrMFX,23b590e1-f34e-4435-8f5d-0e9fc586e43c,1970-01-01,3,Gaming,383.7,ESP,BGD,0,1,1,1,0
sdv-id-biISiL,f53ba020-be2d-48c8-9fe3-f82439d3a9cf,1970-01-01,0,Food,149.29,ESP,ITA,0,1,1,1,1
sdv-id-FwhoAz,b1b2b9c6-7120-421e-86cd-6214237befd1,1970-01-01,1,Retail,1237.94,ESP,JPN,0,0,1,1,0
sdv-id-EVmVdO,db30ddad-ab02-4104-98b4-7298a9caa03d,1970-01-01,0,Travel,590.13,ESP,ESP,1,1,1,1,0
sdv-id-WXtUfA,6d256249-5b6e-4edf-845a-bdcea0a7f916,1970-01-01,1,Retail,1228.38,ESP,CHN,1,0,1,1,1
sdv-id-foymDW,2f840b62-904c-4647-99aa-be5aa4739bb0,1970-01-01,0,Gaming,1148.6,ESP,IND,0,1,1,0,1
sdv-id-UbNUOc,3bb7a577-6529-480c-8ac0-8318b23b0c42,1970-01-01,0,Food,2009.25,ESP,GBR,1,0,0,1,0
sdv-id-VsJtTS,0ef473a2-900d-4f16-80e0-32006197337c,1970-01-01,1,Food,572.05,ESP,JPN,0,1,0,1,0
sdv-id-rLsgcO,bab2b77d-fa74-4cc8-a43a-fb7ac40d4874,1970-01-01,0,Tech,1065.36,ESP,JPN,1,1,1,0,0
sdv-id-xJdPGJ,764da243-14fa-40f5-a612-19b573aca6e1,1970-01-01,0,Gaming,1762.27,ESP,IND,0,0,0,1,0
sdv-id-YbFLHQ,80ed319c-ef01-4e79-a9b2-4a990a8260b6,1970-01-01,0,Retail,1041.36,ESP,VNM,0,0,1,1,1
sdv-id-pUirld,022f8a47-04d4-45db-a3d3-997fd4066625,1970-01-01,0,Retail,1079.01,ESP,DEU,1,0,1,0,1
sdv-id-GgsyEg,ef5eecaf-7b88-4ce4-aaec-3c2ba4d34b17,1970-01-01,2,Tech,934.4,ESP,FRA,1,0,0,0,1
sdv-id-RHtVRv,a3bdd4d6-0a01-48b6-8ab6-3e0f3cfbc642,1970-01-01,5,Food,104.52,ESP,GBR,1,0,1,0,0
sdv-id-IiITZn,e17ee03a-8a5d-490b-ae0b-c459ce3036f3,1970-01-01,0,Retail,2273.28,ESP,ESP,0,0,0,0,0
sdv-id-OzyOCi,3baeeb8e-ed56-4361-bcc9-3b94835d7e20,1970-01-01,0,Tech,556.94,ESP,UKR,0,0,1,1,1
sdv-id-dcWSbW,d897de9a-8b62-4ce4-b212-a83b1933bad6,1970-01-01,0,Food,1737.23,ESP,BRA,0,0,0,0,1
sdv-id-wchWac,151248e1-1504-4b41-99c4-d7d61537846c,1970-01-01,1,Food,865.85,ESP,BGD,1,1,1,0,1
sdv-id-XxafpE,9b02c535-2649-4478-9396-6f0a6b77af9e,1970-01-01,0,Travel,1050.43,ESP,BRA,0,0,0,1,0
sdv-id-EQHQOJ,09a0a0f6-73b0-4091-b634-c1694f76e388,1970-01-01,1,Retail,1524.74,ESP,ITA,1,0,1,0,1
sdv-id-zRhEyr,4c819260-79ec-433c-bc53-090ee1b41171,1970-01-01,0,Retail,2043.03,ESP,JPN,1,1,1,1,1
sdv-id-LIYtNs,bdcac10f-f9e9-4f93-a0ee-5e8ab3e6f4c6,1970-01-01,0,Travel,1369.03,ESP,UKR,0,1,1,1,0
sdv-id-yHDtym,3f7dd313-6f43-4da3-a84f-3d7569f876b9,1970-01-01,0,Gaming,1278.97,ESP,ITA,1,1,0,1,0
sdv-id-GtqOgJ,fce12a25-0804-4cea-9175-fc6351f7c017,1970-01-01,0,Retail,2491.02,ESP,ITA,0,1,0,0,1
sdv-id-qHAksX,148f0e3c-8ce9-4fdf-8bf4-a93a3210888f,1970-01-01,0,Retail,984.26,ESP,CHN,1,0,0,1,0
sdv-id-oJJADJ,e51728b2-3832-4fc1-b50b-0860095ee97c,1970-01-01,0,Food,356.02,ESP,ITA,1,0,1,1,1
sdv-id-rrborG,a0624c48-d713-4c2e-a001-965b66f89b87,1970-01-01,0,Travel,297.55,ESP,IND,1,1,1,0,1
sdv-id-YIamPe,84c86c46-2359-4fa4-b4ad-af890ff1aa9f,1970-01-01,0,Gaming,1097.16,ESP,BGD,0,0,1,0,1
sdv-id-eQXHGI,52150ed8-7ddc-4413-805d-b774132a5e58,1970-01-01,4,Food,515.91,ESP,FRA,1,1,0,1,0
sdv-id-nFBgJI,be2721cd-d79b-47a1-b6cc-ece57a0e1bfe,1970-01-01,5,Food,296.94,ESP,NGA,1,0,0,0,1
sdv-id-UYiIBS,84aa6e12-208a-4c4f-b366-da877f7ac78c,1970-01-01,4,Food,1531.57,ESP,IND,0,1,0,0,1
sdv-id-mYmXtO,cb0568b6-6d9e-4e0f-b155-fedf9c026b25,1970-01-01,0,Tech,759.18,ESP,ESP,1,0,0,1,0
sdv-id-KkyQah,66383fa3-dec6-4e8f-b21b-76e3482202f9,1970-01-01,0,Retail,1774.5,ESP,BRA,1,1,0,0,1
sdv-id-nOBYyX,2947fd26-274a-47a7-8b61-8d75aa964dfb,1970-01-01,0,Tech,245.2,ESP,VNM,1,1,0,1,0
sdv-id-cWLShz,18246315-ad49-4072-bf84-3004c4ac41b5,1970-01-01,1,Retail,1409.47,ESP,JPN,1,0,0,0,1
sdv-id-azhkFr,984f5419-76b4-4117-a10f-0001d832c732,1970-01-01,0,Food,210.01,ESP,ESP,0,1,1,0,0
sdv-id-gdgOzL,02106371-0260-4123-b1ef-e72aae13591e,1970-01-01,0,Tech,763.1,ESP,UKR,1,0,1,0,0
sdv-id-NXSPjx,e88081f9-cd6b-4aa0-8e9f-bfeb9a87e44d,1970-01-01,4,Gaming,6.03,ESP,VNM,1,1,0,1,0
sdv-id-BKzcRI,b3ebf780-c91d-45c7-be29-d9a105ddffbf,1970-01-01,0,Food,2303.14,ESP,ARE,1,1,0,1,0
sdv-id-TMaWoH,83239ba9-771a-43fe-8a88-57a5957e8c66,1970-01-01,0,Gaming,376.49,ESP,RUS,1,0,0,0,0
sdv-id-IJgkiU,e7e0fe25-11d6-4820-a684-9b6434e2b1b8,1970-01-01,4,Travel,1882.86,ESP,USA,0,0,0,0,0
sdv-id-qQXYsE,9398daad-d527-4a01-8085-fa43a7faaf3a,1970-01-01,0,Retail,1787.08,ESP,DEU,1,1,1,0,1
sdv-id-oXxlGF,ca4e5cc5-995d-455b-b662-8c4e445d9a87,1970-01-01,0,Gaming,2169.49,ESP,IND,1,1,0,1,1
sdv-id-AJWQih,302cba2f-e45c-4d39-86c2-236ca2d43fa4,1970-01-01,0,Gaming,2267.58,ESP,GBR,0,1,0,0,1
sdv-id-TMVheT,ebc8f6b7-ee22-4f70-8359-9c6d1224cbd2,1970-01-01,3,Food,502.61,ESP,ITA,1,0,0,0,1
sdv-id-iBFFMc,cf3ee4aa-594f-4d27-9dcd-0d40d6415102,1970-01-01,0,Food,102.61,ESP,RUS,1,1,1,1,0
sdv-id-NdaWDI,f122d458-f521-4f35-a358-c4d3fc76627b,1970-01-01,2,Travel,15.6,ESP,BGD,1,1,1,1,0
sdv-id-nwkGwh,73cd050a-3bc8-4160-bd97-7c5f75aec072,1970-01-01,3,Travel,1898.14,ESP,ESP,1,0,1,0,1
sdv-id-BdKXAt,bfb5ab4e-ea57-453c-9dc6-1cb849a7102d,1970-01-01,0,Tech,643.09,ESP,PRT,0,1,1,0,0
sdv-id-LkeIQm,ed11b850-273b-4ecb-a7b9-86cb76df7b9a,1970-01-01,0,Retail,1268.09,ESP,ESP,1,0,1,0,1
sdv-id-RwMMIb,89131a4a-c5c6-4d8a-a022-7afc4ba82162,1970-01-01,0,Gaming,520.52,ESP,FRA,1,1,0,1,1
sdv-id-TPfCDa,2ad98682-f8da-4a79-a72e-dd5f4a0c408d,1970-01-01,0,Tech,1345.77,ESP,CHN,0,0,0,0,1
sdv-id-IrsXkp,307a1acb-ad5c-4c49-ba09-8a2748708a92,1970-01-01,1,Gaming,1185.71,ESP,DEU,1,0,0,0,1
sdv-id-TFxYhR,6c847a07-0f28-4fc1-aed3-252a9f16723f,1970-01-01,0,Retail,2319.58,ESP,CHN,0,0,1,0,0
sdv-id-WgIlSR,501ba851-5ee6-4495-b400-29c3ea11905b,1970-01-01,5,Tech,108.48,ESP,BRA,0,1,0,1,0
sdv-id-lPXQFm,967bdaf2-897c-4965-b3f8-5398d4d92be8,1970-01-01,0,Tech,1481.81,ESP,ITA,1,1,0,0,0
sdv-id-rgCfrv,53b3618b-ade0-4648-9ac6-030661f43c2b,1970-01-01,5,Food,1179.98,ESP,ESP,1,0,0,0,1
sdv-id-KlyZkg,6e18b184-229f-485b-a8d9-1a2086181db2,1970-01-01,0,Food,2116.59,ESP,VNM,1,1,0,0,0
sdv-id-gYPHdj,98ec5b6a-9c7c-4745-981d-0820e90052ed,1970-01-01,5,Tech,2453.11,ESP,DEU,0,1,0,0,1
sdv-id-YtktCj,471994c9-3d3a-49ab-833c-518f52eddbdb,1970-01-01,0,Tech,787.83,ESP,DEU,0,0,0,1,0
sdv-id-mRWaoG,7028eb2d-5e94-42d6-89b3-889d46aaf714,1970-01-01,0,Tech,1277.82,ESP,DEU,1,1,0,0,0
sdv-id-xVCqOO,da2cf852-0a19-4939-9fc7-ab262cb941fc,1970-01-01,3,Tech,786.66,ESP,BRA,0,0,0,1,1
sdv-id-aMwoPt,46bc55db-ae6c-4a9b-aa25-7ecc75fd7d83,1970-01-01,0,Tech,1286.89,ESP,ITA,0,0,1,0,0
sdv-id-vuYSsB,1f27e8b5-62e0-4868-b701-74857b18c0a5,1970-01-01,0,Gaming,569.09,ESP,RUS,0,1,0,0,0
sdv-id-BqqkSi,3d3d6472-5d0d-472e-b383-f5ed92ffeec1,1970-01-01,0,Retail,894.42,ESP,FRA,1,0,0,1,1
sdv-id-XZchXF,d8528abb-1a87-4c25-a29f-1962ebd795f5,1970-01-01,1,Tech,1870.4,ESP,ESP,0,0,1,1,0
sdv-id-dFVImi,430b1057-42fb-4cf1-9c05-dceef49c66f4,1970-01-01,0,Retail,1125.1,ESP,GBR,1,0,1,0,0
sdv-id-lrckfO,65938379-99d8-4fd2-9cd9-8e6b3a0d3859,1970-01-01,1,Gaming,2005.56,ESP,USA,1,0,0,1,0
sdv-id-lYNAMS,232e84ea-dfe3-48d5-90be-629444c1a38c,1970-01-01,1,Food,1577.91,ESP,IND,1,0,0,1,0
sdv-id-YinMvb,14fe9960-a539-4212-a34a-35ebec2be308,1970-01-01,0,Food,665.56,ESP,ITA,0,0,1,0,1
sdv-id-TjyJGR,dcc8c801-8c57-4243-b69f-ce1ae67d9f00,1970-01-01,1,Travel,618.4,ESP,ESP,1,0,0,1,0
sdv-id-oFjjQh,80fa3363-7497-47d9-8346-93d1ca67d562,1970-01-01,0,Food,1318.88,ESP,BRA,1,0,0,1,0
sdv-id-XMhMfV,87d4eb62-8e59-4494-ab75-3fd787f0a615,1970-01-01,0,Gaming,744.31,ESP,ESP,0,0,1,0,1
sdv-id-KedBfk,d872f72e-e5b4-41ae-bb41-c943ebd8a3b1,1970-01-01,0,Travel,988.05,ESP,UKR,0,1,0,1,1
sdv-id-VPoMJI,5905fd87-84c1-4470-9a04-23dfe634727d,1970-01-01,0,Gaming,2173.43,ESP,VNM,0,1,1,0,1
sdv-id-SZGigg,503ba8c3-ce83-4e27-85ef-d6701f4d88ce,1970-01-01,0,Food,472.45,ESP,BGD,1,1,0,0,1
sdv-id-qAXZYf,098c60b3-efc9-409e-99af-6e09b91e3d6e,1970-01-01,0,Retail,1397.54,ESP,FRA,1,0,1,0,1
sdv-id-ZNYcYW,1e245a97-273e-46f4-85d4-bf0f0a4fee3b,1970-01-01,0,Retail,108.05,ESP,UKR,0,1,1,0,1
sdv-id-dwvkqS,46556f9a-7692-4681-ae65-4dcc8087d4bc,1970-01-01,0,Gaming,655.19,ESP,BRA,1,0,1,1,1
sdv-id-UARXKo,7daae2b3-1a70-481a-8202-c418b6aedb91,1970-01-01,5,Food,1879.43,ESP,ESP,0,0,0,1,0
sdv-id-UptvHM,bfe46ba0-6706-42f2-9c3d-7f9635c65a81,1970-01-01,0,Food,1000.69,ESP,VNM,0,0,0,0,1
sdv-id-FXaBSc,747c7690-3ec8-448e-ad28-39891271c873,1970-01-01,0,Gaming,926.03,ESP,ARE,0,1,0,0,1
sdv-id-YzvBok,948841cb-a40c-40ee-907f-8c452f3214c2,1970-01-01,5,Food,1225.01,ESP,ESP,0,1,1,1,0
sdv-id-pLnQEc,1ad4ac13-5040-49fa-890d-58e579c9f246,1970-01-01,0,Travel,2402.29,ESP,VNM,1,1,1,1,0
sdv-id-Mgrhqc,f2d94421-7426-4100-b76c-703e129a98a8,1970-01-01,4,Retail,1966.04,ESP,IND,1,1,0,1,0
sdv-id-thLmLc,aeb00fb9-26cb-4e99-a945-e93a4a454398,1970-01-01,1,Gaming,2124.38,ESP,IND,1,1,1,1,0
sdv-id-ElDbZs,53badc3e-cc5b-4684-9f82-3a9481140235,1970-01-01,4,Travel,1494.99,ESP,DEU,0,1,0,0,0
sdv-id-mUlhgX,926730dc-1c0a-4411-9086-af36fa0a5de5,1970-01-01,4,Tech,2274.88,ESP,NGA,0,0,1,1,0
sdv-id-RUybMg,7544d3e6-4f6f-427a-ba31-1b7e379d2349,1970-01-01,0,Travel,1144.77,ESP,DEU,1,0,0,1,0
sdv-id-iiJWGQ,09624ec9-e803-42eb-b677-7be4970c9eb4,1970-01-01,0,Food,219.6,ESP,GBR,0,0,1,0,0
sdv-id-WqYgfL,7a8d03aa-782a-45e0-88ca-765192f5df7b,1970-01-01,3,Retail,293.97,ESP,PRT,1,1,0,1,1
sdv-id-BRWbAx,57059671-b031-4179-ac76-25b80fc06f77,1970-01-01,0,Retail,1123.85,ESP,NGA,0,0,1,1,1
sdv-id-WrERNT,6acf86f6-e1b7-4af2-94ae-e54d8fd38455,1970-01-01,0,Food,1526.25,ESP,IND,1,1,0,1,0
sdv-id-pOIhqN,42f8bae4-0145-43df-bd0e-be4e877f867c,1970-01-01,1,Food,1637.61,ESP,ESP,0,1,1,1,0
sdv-id-highDF,93608edf-382b-4b86-b2a3-2efdff138c80,1970-01-01,0,Food,18.64,ESP,GBR,0,0,0,0,1
sdv-id-mDECjp,29ca6e42-d09a-42dc-a3dd-65b3998549bc,1970-01-01,1,Tech,987.65,ESP,UKR,1,0,0,0,1
sdv-id-fUvrAF,d20e0734-564d-46aa-83ba-33a0fd42269c,1970-01-01,1,Food,2291.98,ESP,GBR,0,0,0,0,0
sdv-id-XHxqxq,4cc7cda2-1f2f-487d-ad11-3faf0e3f4912,1970-01-01,5,Travel,592.3,ESP,FRA,1,0,0,1,1
sdv-id-YEadDh,cac4d0eb-3373-430e-bc31-a5971f119c0f,1970-01-01,0,Gaming,511.08,ESP,FRA,1,1,0,1,0
sdv-id-bjyQhi,b1804803-d902-4a2c-a3dc-8702503314b1,1970-01-01,4,Food,89.86,ESP,USA,1,0,1,0,0
sdv-id-gIYGZs,4059d846-ff17-4b76-b7be-51dffd5eb636,1970-01-01,2,Tech,1674.57,ESP,NGA,1,1,1,0,1
sdv-id-tknIVx,c68da4b2-f613-4da0-96f4-01e5c1e9c4fa,1970-01-01,1,Tech,2194.07,ESP,DEU,0,1,0,0,1
sdv-id-vaXnbZ,7508e10c-1035-4dda-acf0-c77d7801792b,1970-01-01,0,Food,1270.57,ESP,ITA,0,0,0,1,0
sdv-id-qTpUAa,dae13a7f-ff97-49f7-a34b-20fdff7ca58f,1970-01-01,0,Gaming,1732.52,ESP,BGD,0,0,0,1,0
sdv-id-VgznFs,aad9e93d-c3d0-4de3-8fbb-a84a80b57013,1970-01-01,3,Food,1552.03,ESP,CHN,0,1,1,0,1
sdv-id-aFiZNC,6088825e-e382-4da1-acce-4c234e55f3fe,1970-01-01,0,Gaming,1893.03,ESP,ESP,1,1,0,1,1
sdv-id-DgPMwG,60ee64ba-a4b0-418e-8ced-470739034b65,1970-01-01,0,Gaming,80.68,ESP,UKR,0,0,0,1,0
sdv-id-sCXcRv,3ca0cbd6-78e8-4f15-8775-3db0b795e838,1970-01-01,0,Gaming,1334.97,ESP,CHN,0,1,1,1,1
sdv-id-aXvVnh,973a1f21-3ecb-4673-b58d-66161336b1b5,1970-01-01,2,Travel,1982.15,ESP,ITA,1,1,0,1,1
sdv-id-YHfUmj,5b385a6a-5299-4a47-ab2f-92d6195535d3,1970-01-01,1,Retail,857.8,ESP,RUS,1,1,1,1,0
sdv-id-Vivlal,fc3e058b-e0f3-4ab0-9cec-4eb5edd96831,1970-01-01,5,Food,1805.53,ESP,GBR,0,0,1,0,1
sdv-id-BsLUvD,ff33c8fc-187c-4e97-838f-e1188cb2214e,1970-01-01,2,Food,1641.94,ESP,UKR,0,1,0,1,0
sdv-id-cmfIrc,4b045067-1481-496b-877c-bc8ca5f604d7,1970-01-01,5,Retail,291.85,ESP,UKR,0,1,1,0,1
sdv-id-VQgMWZ,e52a33e6-fec5-4a89-9db3-c0756fb9de37,1970-01-01,0,Food,2042.6,ESP,JPN,0,1,0,0,0
sdv-id-iEvatA,f413db19-bade-4d5d-afff-15ccb2dc6c34,1970-01-01,0,Gaming,1382.58,ESP,VNM,0,0,0,1,0
sdv-id-DTTgSl,41241bb4-655c-4508-8592-bfa5b928e23f,1970-01-01,0,Travel,2355.11,ESP,USA,1,0,0,0,1
sdv-id-xXyLCf,8a0b3c33-36d8-493a-bc44-1fe7ab4220a7,1970-01-01,0,Travel,2286.37,ESP,CHN,1,0,0,1,0
sdv-id-kCJBHq,7fbccd75-be19-44aa-9ab7-12f6764231c3,1970-01-01,4,Gaming,649.26,ESP,VNM,0,0,1,0,0
sdv-id-fDVNUX,35fad47f-9f05-40b5-a481-2872e704db7d,1970-01-01,0,Food,1677.13,ESP,JPN,1,1,0,1,0
sdv-id-uZTpxd,a71a0595-97ff-4ccc-9c05-fa819e082083,1970-01-01,0,Gaming,2238.0,ESP,ARE,1,0,0,0,1
sdv-id-guRJJF,9a37ef9d-5983-4e94-906a-8dd30b31324f,1970-01-01,0,Travel,8.73,ESP,JPN,0,1,0,1,0
sdv-id-OnGYXU,dbd165a3-b716-407d-b5a0-987556dbc7ac,1970-01-01,0,Tech,2244.55,ESP,USA,1,0,1,0,1
sdv-id-NcxUoF,82d29bf8-61e3-478b-b2eb-de4e95c4fab0,1970-01-01,0,Travel,970.08,ESP,GBR,1,1,0,0,0
sdv-id-CrYTja,7e7b7dac-bea6-4b61-af92-54fd12e184ce,1970-01-01,0,Gaming,1542.16,ESP,NGA,1,0,0,1,1
sdv-id-HBrbPT,3f46057b-7165-436b-b997-c779c56f05e6,1970-01-01,0,Gaming,1368.91,ESP,VNM,1,1,1,1,0
sdv-id-TucnyJ,8471b4b0-ae1b-4f69-b740-d83173318749,1970-01-01,3,Food,98.15,ESP,VNM,0,0,0,0,1
sdv-id-yMdHbl,1046e3df-ddfe-4849-8c48-5cfc9a0270da,1970-01-01,0,Retail,60.05,ESP,RUS,0,1,0,1,1
sdv-id-FMmkwc,01e1af8f-8946-4e5b-a6fa-3d5c3678a41a,1970-01-01,1,Tech,2398.91,ESP,FRA,0,0,1,0,1
sdv-id-tBUbZP,28a5e34d-798b-4f02-aa2f-d9d1b5ad09f5,1970-01-01,0,Food,2480.14,ESP,GBR,0,1,0,1,0
sdv-id-KQUsvQ,7f37c8f7-5dfe-477c-9ea0-f4f1d8355a00,1970-01-01,0,Gaming,886.33,ESP,RUS,1,0,0,0,1
sdv-id-vIiNSH,945d91a5-e33d-4982-96c3-4b19b4a35c95,1970-01-01,0,Retail,1198.23,ESP,ITA,0,0,0,1,0
sdv-id-zHVveQ,628cdff8-67d9-48e4-993b-f230105a1242,1970-01-01,0,Travel,1725.02,ESP,VNM,1,1,1,1,0
sdv-id-TwDZax,1af01dd6-4cd6-4378-aa9f-07d46aa364bd,1970-01-01,0,Gaming,706.41,ESP,DEU,0,0,1,1,0
sdv-id-nkYPum,92779574-c457-4cc3-b5f7-89bca6b07458,1970-01-01,2,Travel,682.94,ESP,FRA,0,0,1,1,0
sdv-id-ZbLgAv,c1ff9427-9477-49d7-9265-80c067dfc9af,1970-01-01,3,Food,1432.14,ESP,FRA,1,1,0,0,1
sdv-id-MFQsho,a9736b18-29d5-439a-b526-0cb129bd44d4,1970-01-01,0,Travel,1426.28,ESP,CHN,1,1,1,0,1
sdv-id-DKctgG,ae8d67b5-953d-4f7d-9906-de77b496c0e4,1970-01-01,1,Gaming,134.43,ESP,ARE,0,1,0,1,0
sdv-id-bmnJgJ,ff69af1c-020a-48a8-b7a3-79871a8645c4,1970-01-01,5,Retail,348.27,ESP,GBR,0,1,0,1,0
sdv-id-CpzDzG,1673aefb-eb9e-44e0-94c3-b22e4c66aa4d,1970-01-01,0,Tech,444.95,ESP,DEU,0,1,0,1,0
sdv-id-xwhezE,b7eb1786-70f7-4d82-8c6e-f4cdf9d65e8e,1970-01-01,0,Gaming,2067.01,ESP,GBR,1,1,0,0,1
sdv-id-jzKPGa,fc8ade6a-9051-485e-8b7c-e5c690968629,1970-01-01,0,Travel,1263.33,ESP,UKR,1,0,0,0,0
sdv-id-TrWNcU,076c1833-ca50-4117-95f9-6dfa933ac61c,1970-01-01,1,Tech,472.44,ESP,ITA,1,0,1,0,1
sdv-id-xFiNnl,390fecf5-e841-4a39-b901-2b9c6057153a,1970-01-01,0,Gaming,750.17,ESP,BGD,1,0,0,1,0
sdv-id-NhaXQb,640933ec-c68b-451f-84a2-092d2777fe38,1970-01-01,0,Tech,1037.56,ESP,CHN,1,0,1,0,1
sdv-id-GfwJxt,d7f3b054-e266-416f-a3e4-92f3911cdbb8,1970-01-01,1,Tech,1265.22,ESP,GBR,0,1,1,0,1
sdv-id-JtLthg,48c08d33-46f4-4ccb-b835-de289fd60efb,1970-01-01,0,Food,940.32,ESP,IND,0,1,0,0,0
sdv-id-RRXpTW,d43f46de-333a-41ae-a86e-677bfe3f4d89,1970-01-01,0,Gaming,176.73,ESP,RUS,1,0,1,1,0
sdv-id-AfyzEC,a035d595-5653-4c44-9fd8-7a1b8038593f,1970-01-01,4,Food,195.48,ESP,BGD,0,0,0,1,0
sdv-id-XGMRKG,27d6b2e2-9e59-4f5d-91f1-df713a84be76,1970-01-01,0,Gaming,2310.09,ESP,PRT,0,1,1,0,1
sdv-id-JXMcsv,cba88a28-1727-40d8-bdf1-02c2b9b4c225,1970-01-01,1,Food,688.47,ESP,ESP,0,0,1,1,1
sdv-id-iRVYLp,6bb17a8b-26c1-48f2-ab1c-0430df114270,1970-01-01,1,Food,938.56,ESP,BGD,0,1,1,0,0
sdv-id-AJQXCW,f1eedba3-1343-4e61-9ca3-c4480279b6a6,1970-01-01,0,Food,51.47,ESP,RUS,1,1,1,1,0
sdv-id-yTaQyA,1bd4a24e-66bc-4735-b605-070bea732391,1970-01-01,3,Travel,1663.35,ESP,ARE,0,1,0,0,1
sdv-id-swXrYJ,fb7b00c7-eaa6-4c45-8f01-fe855bbaf3ac,1970-01-01,0,Gaming,74.04,ESP,RUS,0,1,0,0,0
sdv-id-xSoDSv,1d4dfdb1-4e0e-4e2e-9e72-d97010c49f9e,1970-01-01,0,Travel,549.99,ESP,VNM,1,1,0,1,0
sdv-id-cMFcOW,d0d0d99d-b7a4-4237-a77f-172590ea31de,1970-01-01,0,Tech,911.23,ESP,IND,0,0,0,0,1
sdv-id-qStCfS,f5141058-3138-4975-bbf3-3a349c2dfa97,1970-01-01,5,Food,1524.64,ESP,ESP,1,0,1,1,0
sdv-id-PDPdbw,c90394ea-7d54-4c82-a88f-3435c3b534db,1970-01-01,4,Tech,1929.35,ESP,ESP,0,0,1,1,1
sdv-id-ZUQYFS,d5385b0e-34f3-493c-8ff0-a55c6a702e2f,1970-01-01,0,Gaming,1755.22,ESP,ITA,1,1,0,1,1
sdv-id-tGVwGm,61fdf942-424d-4469-86a0-bfb45df0fb26,1970-01-01,0,Gaming,1433.5,ESP,IND,0,0,1,1,0
sdv-id-IAEUoc,50b1d09f-39b9-4307-8643-75ed20f091a1,1970-01-01,0,Travel,1052.04,ESP,RUS,0,1,0,1,0
sdv-id-spsAVO,9cf2f216-539c-4e4f-ad91-4e296541f574,1970-01-01,0,Gaming,2335.72,ESP,IND,0,1,0,0,0
sdv-id-cXwKrY,fa8f3923-7032-48e2-9351-df5f310b82d7,1970-01-01,2,Tech,2465.99,ESP,VNM,1,1,1,1,0
sdv-id-iclAQX,9fb83bc9-2b62-4afd-902d-58d99d46df41,1970-01-01,0,Retail,1340.61,ESP,IND,0,1,0,0,0
sdv-id-IncGZv,1b799e6b-f52e-44a6-ac6c-2e1b708df094,1970-01-01,0,Tech,1045.94,ESP,BRA,1,1,1,0,0
sdv-id-NlLdpa,e7718e1b-d1df-4ff0-b5f3-2c8e83fc7a2b,1970-01-01,1,Travel,407.86,ESP,PRT,0,1,0,1,0
sdv-id-tFNyLC,38617ce9-64f7-4c10-8698-3234624695b9,1970-01-01,0,Tech,1099.17,ESP,DEU,0,0,0,0,0
sdv-id-JKtLbW,30de0010-fe31-4408-a671-cd819c2b05eb,1970-01-01,0,Food,401.73,ESP,JPN,1,1,1,1,1
sdv-id-xPxbhh,ce0f3a53-4280-4061-a2cb-c85c3069ae7c,1970-01-01,0,Travel,1066.64,ESP,ITA,1,0,1,1,0
sdv-id-VHIAHI,0c880714-8372-47e0-a570-46ea5b11f51f,1970-01-01,0,Travel,1529.41,ESP,CHN,0,0,1,0,0
sdv-id-hNVvTs,5a0fdf61-5571-4266-96c0-2601db4d2d18,1970-01-01,0,Tech,976.5,ESP,ARE,1,1,0,1,0
sdv-id-nrZfCl,6abb6c41-f928-42a9-bb51-cd747d52903f,1970-01-01,0,Tech,799.54,ESP,VNM,0,1,0,1,0
sdv-id-srVvuj,e5228d31-0d9a-4fce-9d7c-f46d3836613c,1970-01-01,0,Tech,1299.43,ESP,CHN,0,1,1,0,1
sdv-id-siiZWE,584aa3d5-e924-45d6-8970-9b550199c165,1970-01-01,0,Retail,1944.58,ESP,UKR,1,0,1,1,1
sdv-id-ISgkHc,88f68352-d38b-4a4e-93fd-b67487f766a9,1970-01-01,0,Travel,1825.8,ESP,BRA,1,0,1,1,0
sdv-id-kcvOUL,5421b62c-2d31-417c-a191-9e127e1b5edf,1970-01-01,0,Food,1651.45,ESP,VNM,0,0,0,0,1
sdv-id-MeVHlQ,2de1bda4-6a92-447b-9154-00a60283a43b,1970-01-01,0,Travel,1028.12,ESP,PRT,1,1,1,0,1
sdv-id-FrvEVP,d5897d69-a541-4b63-9261-d4df8d43830e,1970-01-01,0,Food,449.37,ESP,BGD,0,1,1,0,1
sdv-id-xWuVen,b9da5f8c-4e35-4a80-a027-9a186576a410,1970-01-01,2,Tech,592.58,ESP,PRT,0,1,1,0,1
sdv-id-fqSeoL,6c8c5d0e-3eb3-46fd-b291-bc95b8bf9cae,1970-01-01,0,Food,286.42,ESP,GBR,0,1,1,0,0
sdv-id-ayIwBN,83599af6-5d01-455f-a7fd-64c4a334058a,1970-01-01,0,Tech,2185.29,ESP,ESP,1,1,0,0,1
sdv-id-IXxwGZ,6426f2e5-b5ea-4220-8f57-cd9e1b309e97,1970-01-01,3,Gaming,1398.2,ESP,BRA,1,0,1,0,1
sdv-id-wZZOhE,5716dc2e-343a-4a2a-b6e5-ae787bf7e1d3,1970-01-01,3,Food,1633.7,ESP,RUS,1,1,0,0,0
sdv-id-QRVORS,4acafd79-ec60-4353-b12d-2edce6b03b0d,1970-01-01,1,Travel,2238.28,ESP,GBR,1,0,1,0,1
sdv-id-yXcIPG,309b48dd-6332-4992-91ad-3e5189f90de9,1970-01-01,0,Travel,1431.69,ESP,GBR,0,0,1,0,1
sdv-id-VviDfI,e28b40c6-852f-48aa-8e2d-df52fd8190c8,1970-01-01,5,Tech,1610.76,ESP,NGA,0,1,0,0,0
sdv-id-lobZek,5675c8f3-104c-4350-8e8b-76a2082f2fb9,1970-01-01,0,Travel,2041.19,ESP,USA,1,1,1,0,1
sdv-id-ksnrLp,a1b24627-81d6-4019-997e-8d3c04c4f46a,1970-01-01,0,Travel,1440.94,ESP,RUS,1,1,1,0,0
sdv-id-KEsidy,e172b725-db52-4a58-8500-0bc6b20dcb6e,1970-01-01,0,Gaming,953.77,ESP,VNM,1,0,1,0,1
sdv-id-ueFXkr,a4dab893-e198-46da-8459-e2fd23509275,1970-01-01,1,Gaming,1144.29,ESP,RUS,0,0,0,0,1
sdv-id-UpsGaU,9ad75b94-6634-43e9-9317-d8c91060573a,1970-01-01,0,Retail,2021.15,ESP,UKR,0,0,1,1,0
sdv-id-wYhYlP,1a85fd69-344c-46cc-bf48-e5f018cc0e29,1970-01-01,0,Food,1424.96,ESP,PRT,1,1,0,1,0
sdv-id-KXZMDX,e8e4c8de-ddd9-4c67-9ac5-169df15b854e,1970-01-01,0,Gaming,339.24,ESP,CHN,1,0,1,1,0
